frame_index,file,acquisition_order,X,Y,R,reference_file,success,fail_reason,n_ref_edges,n_mov_edges,n_used_edges,ncc_dx_ref_to_frame_px,ncc_dy_ref_to_frame_px,ncc_peak,ncc_fit_ok,ncc_edge_peak,init_align_dx_px,init_align_dy_px,refined_align_dx_px,refined_align_dy_px,refined_shift_norm_px,before_fit_chamfer_px,before_holdout_chamfer_px,init_fit_chamfer_px,init_holdout_chamfer_px,refined_fit_chamfer_px,refined_holdout_chamfer_px,holdout_improvement_pct,gradient_corr_before,gradient_corr_refined,gradient_corr_gain
0,10_0_0.txt,9,10.0,0.0,0,6_16_0.txt,True,ok,9072,9072,8000,-1.3692861691585798,2.2516141370719644,0.9482821822166443,True,False,1.3692861691585798,-2.2516141370719644,1.1192861691585798,-2.0016141370719644,2.29330780363126,0.7437531448897392,0.7220018573940785,0.17093104308796625,0.16437202569695433,0.12866782615274483,0.1233371060058248,82.91734228344156,0.5840864181518555,0.9491842985153198,0.36509788036346436
1,12_0_0.txt,10,12.0,0.0,0,6_16_0.txt,True,ok,9072,9072,8000,-1.282373497517445,2.3047176437656742,0.9508817195892334,True,False,1.282373497517445,-2.3047176437656742,1.032373497517445,-2.0547176437656742,2.299491168493231,0.7433252347829064,0.749401176382913,0.1601863855573394,0.16656862631713912,0.1141587302482552,0.11354679423622499,84.84832986461615,0.5673073530197144,0.9489542841911316,0.38164693117141724
2,14_0_0.txt,11,14.0,0.0,0,6_16_0.txt,True,ok,9072,9072,8000,-1.1913192645619621,2.3419480897158147,0.9523933529853821,True,False,1.1913192645619621,-2.3419480897158147,0.9413192645619621,-2.0919480897158147,2.293976627583882,0.7541829696580296,0.7682779606075347,0.15889493154877732,0.1574129237201978,0.12761236677864193,0.12679241328983964,83.49654424687968,0.5511050224304199,0.9503816962242126,0.3992766737937927
3,16_0_0.txt,12,16.0,0.0,0,6_16_0.txt,True,ok,9072,9072,8000,-1.1068104970930215,2.3968508606647627,0.9503874778747559,True,False,1.1068104970930215,-2.3968508606647627,1.1068104970930215,-2.1468508606647627,2.4153670723954845,0.7850701874267907,0.781233435888561,0.159840820636495,0.1546243247860055,0.1460386495341758,0.13985568614388302,82.09809261622122,0.5310069918632507,0.958327054977417,0.42732006311416626
4,18_0_0.txt,13,18.0,0.0,0,6_16_0.txt,True,ok,9072,9072,8000,-1.009308126533487,2.435732902992752,0.9476515650749207,True,False,1.009308126533487,-2.435732902992752,1.009308126533487,-2.185732902992752,2.407515569526324,0.7872857078219822,0.7834135856014738,0.15279306875167106,0.14364943998045518,0.14415713848420567,0.13534046253022533,82.72426403911335,0.5105522871017456,0.9568862915039062,0.44633400440216064
5,20_0_0.txt,14,20.0,0.0,0,6_16_0.txt,True,ok,9072,9072,8000,-0.9362802010394101,2.534275003879905,0.944662868976593,True,False,0.9362802010394101,-2.534275003879905,0.9362802010394101,-2.784275003879905,2.937483261584454,0.8114792192025353,0.8015676374424209,0.1554403048016125,0.1604179798966896,0.15177164218762937,0.15946633408557262,80.10569206681231,0.4894747734069824,0.9538362622261047,0.4643614888191223
6,24_0_0.txt,15,24.0,0.0,0,6_16_0.txt,True,ok,9072,9072,8000,-0.7654112325108505,2.63539212577753,0.949476957321167,True,False,0.7654112325108505,-2.63539212577753,1.0154112325108504,-2.88539212577753,3.058847444807959,0.8467160842239154,0.8520315914752663,0.16296503250069622,0.1634255187762,0.12686278428040268,0.1274422374243059,85.04254552303118,0.4465118646621704,0.9458678364753723,0.4993559718132019
7,28_0_0.txt,16,28.0,0.0,0,6_16_0.txt,True,ok,9072,9072,8000,-0.6171016865469282,2.756274742321563,0.9475520849227905,True,False,0.6171016865469282,-2.756274742321563,0.8671016865469282,-3.006274742321563,3.1288261634570094,0.8960011060686263,0.8748850853355963,0.16723805184986287,0.16678029505525108,0.13502165028930718,0.1356268781550583,84.4977494269395,0.4074978232383728,0.945109486579895,0.5376116633415222
8,32_0_0.txt,17,32.0,0.0,0,6_16_0.txt,True,ok,9072,9072,8000,-0.4017016854963249,2.8981989766165586,0.9481440186500549,True,False,0.4017016854963249,-2.8981989766165586,0.1517016854963249,-2.8981989766165586,2.902166554394095,0.9357392623718572,0.9361350309044617,0.15770469283433783,0.1557340859421856,0.14535317600118422,0.14132355834280333,84.90350711411138,0.3749547302722931,0.9559293985366821,0.580974668264389
9,36_0_0.txt,18,36.0,0.0,0,6_16_0.txt,True,ok,9072,9072,8000,-0.24221620984620554,3.0222784916474885,0.9601716995239258,True,False,0.24221620984620554,-3.0222784916474885,-0.007783790153794462,-3.0222784916474885,3.0222885150931864,1.00660611107935,0.9966449701380309,0.1162849666975234,0.12116061163598474,0.08664971327088233,0.0878293451366759,91.18749928326916,0.34824031591415405,0.9589146971702576,0.6106743812561035
10,40_0_0.txt,19,40.0,0.0,0,6_16_0.txt,True,ok,9072,9072,8000,-0.07685044700109846,3.124619321528131,0.9649243354797363,True,False,0.07685044700109846,-3.124619321528131,0.07685044700109846,-3.124619321528131,3.1255642523664724,1.058343595282024,1.052044747023013,0.0929772823971538,0.09324933731497084,0.0929772823971538,0.09324933731497084,91.1363715679547,0.3307710587978363,0.9729536175727844,0.6421825587749481
11,0_2_0.txt,20,0.0,2.0,0,6_16_0.txt,True,ok,9072,9072,8000,-1.6173499405313692,1.7210469052996824,0.9464839696884155,True,False,1.6173499405313692,-1.7210469052996824,1.8673499405313692,-1.9710469052996824,2.715146718557574,0.6008337788923207,0.6044819361004504,0.1708421987134106,0.1704643848313566,0.14193326725615155,0.13761927928723372,77.23351665807849,0.6306290030479431,0.9452618360519409,0.3146328330039978
12,2_2_0.txt,21,2.0,2.0,0,6_16_0.txt,True,ok,9072,9072,8000,-1.5375490845579398,1.781935154845036,0.9422652721405029,True,False,1.5375490845579398,-1.781935154845036,1.0375490845579398,-2.031935154845036,2.281505769521993,0.5962291283504146,0.6017261525436565,0.1746171992831948,0.17021591811314096,0.15980454971695587,0.15795889435628835,73.74903954422554,0.6303605437278748,0.9155617952346802,0.2852012515068054
13,4_2_0.txt,22,4.0,2.0,0,6_16_0.txt,True,ok,9072,9072,8000,-1.4127159129470308,1.8715275315986617,0.9465282559394836,True,False,1.4127159129470308,-1.8715275315986617,1.1627159129470308,-1.8715275315986617,2.203298344698699,0.6045143517082956,0.6061171210451921,0.1638844039317962,0.15659598431322377,0.15312784245989472,0.1443248704856429,76.18861677479623,0.629051148891449,0.9560762047767639,0.32702505588531494
14,6_2_0.txt,23,6.0,2.0,0,6_16_0.txt,True,ok,9072,9072,8000,-1.3140072914894256,1.9220182383461843,0.954791784286499,True,False,1.3140072914894256,-1.9220182383461843,1.0640072914894256,-1.9220182383461843,2.1968763335422485,0.6238059122977558,0.6154804609797679,0.1415557921409292,0.14491362845017822,0.1171427600944495,0.12256765935855812,80.08585696393259,0.623658299446106,0.9576619863510132,0.3340036869049072
15,8_2_0.txt,24,8.0,2.0,0,6_16_0.txt,True,ok,9072,9072,8000,-1.2302868451678968,1.9733416843246292,0.9598045945167542,True,False,1.2302868451678968,-1.9733416843246292,0.9802868451678968,-1.9733416843246292,2.203415462844534,0.6220823686433918,0.6398987500497763,0.11805665098824446,0.11404252122291857,0.08845922492452572,0.08653106818371109,86.47738127680667,0.6112374067306519,0.9596004486083984,0.3483630418777466
16,10_2_0.txt,25,10.0,2.0,0,6_16_0.txt,True,ok,9072,9072,8000,-1.1350410528984034,2.013538608997338,0.9639062881469727,True,False,1.1350410528984034,-2.013538608997338,1.1350410528984034,-2.013538608997338,2.311418595081309,0.6503225095789626,0.6421500826791295,0.08085665656842297,0.08450965994145226,0.08085665656842297,0.08450965994145226,86.83957812652339,0.600661039352417,0.9726204872131348,0.3719594478607178
17,12_2_0.txt,26,12.0,2.0,0,6_16_0.txt,True,ok,9072,9072,8000,-1.050887239951521,2.068508903903587,0.9653053879737854,True,False,1.050887239951521,-2.068508903903587,1.050887239951521,-2.068508903903587,2.320149365153318,0.6631757575206331,0.6582760220068521,0.06457460778145398,0.0710947756243587,0.06457460778145398,0.0710947756243587,89.19985336734342,0.5836327075958252,0.973125696182251,0.3894929885864258
18,14_2_0.txt,27,14.0,2.0,0,6_16_0.txt,True,ok,9072,9072,8000,-0.9609297966892827,2.1068993228302353,0.9647972583770752,True,False,0.9609297966892827,-2.1068993228302353,0.9609297966892827,-2.1068993228302353,2.3156879821573133,0.6639994880416407,0.6781697308371056,0.07771953371079952,0.07849933176473847,0.07771953371079952,0.07849933176473847,88.42482520300014,0.5661083459854126,0.9727510809898376,0.40664273500442505
19,16_2_0.txt,28,16.0,2.0,0,6_16_0.txt,True,ok,9072,9072,8000,-0.8813032655143582,2.160999706669403,0.9615570306777954,True,False,0.8813032655143582,-2.160999706669403,0.8813032655143582,-1.9109997066694029,2.104427552731815,0.6885815146188127,0.6864202743136334,0.11681305447925801,0.11266992489199154,0.11246329262490676,0.11039880439221438,83.91673315555771,0.5464005470275879,0.9617827534675598,0.4153822064399719
20,18_2_0.txt,29,18.0,2.0,0,6_16_0.txt,True,ok,9072,9072,8000,-0.7817138873053794,2.2027846832832854,0.9564791321754456,True,False,0.7817138873053794,-2.2027846832832854,1.0317138873053793,-1.9527846832832854,2.2085745548938522,0.6876455260171559,0.7017885488795524,0.14192808927483588,0.1441125402022036,0.10837257039620217,0.10949758476893592,84.39735374084468,0.5248075723648071,0.9472594857215881,0.422451913356781
21,20_2_0.txt,30,20.0,2.0,0,6_16_0.txt,True,ok,9072,9072,8000,-0.6974141591720375,2.2589586167397533,0.9492430090904236,True,False,0.6974141591720375,-2.2589586167397533,0.9474141591720375,-2.0089586167397533,2.2211502229188738,0.7180163003346235,0.7238799559163794,0.16175517093799674,0.16344788526544976,0.11584659982304314,0.11970993433887746,83.4627366926698,0.5046744346618652,0.9431082606315613,0.43843382596969604
22,24_2_0.txt,31,24.0,2.0,0,6_16_0.txt,True,ok,9072,9072,8000,-0.5016808033692396,2.421370404635292,0.9305614829063416,True,False,0.5016808033692396,-2.421370404635292,0.0016808033692395918,-2.171370404635292,2.17137105516906,0.7611429307293318,0.742255794608698,0.17387873119336456,0.1762649447374465,0.16206854351166947,0.1699272135624481,77.10665045706645,0.46451225876808167,0.919330358505249,0.45481809973716736
23,28_2_0.txt,32,28.0,2.0,0,6_16_0.txt,True,ok,9072,9072,8000,-0.3312086252462211,2.5160889517527547,0.9347147345542908,True,False,0.3312086252462211,-2.5160889517527547,0.08120862524622108,-2.0160889517527547,2.017723841905503,0.7917056145974505,0.7751449518761063,0.16972507101491424,0.17649492168811473,0.15070457264311263,0.14113453667901113,81.79249747580513,0.4254242479801178,0.9217570424079895,0.4963327944278717
24,32_2_0.txt,33,32.0,2.0,0,6_16_0.txt,True,ok,9072,9072,8000,-0.17900629447527855,2.6583005604343097,0.9497458338737488,True,False,0.17900629447527855,-2.6583005604343097,-0.07099370552472145,-2.9083005604343097,2.909166935060044,0.8312365994901026,0.8532608768304992,0.16111753439189308,0.16565663208991863,0.1439566928800657,0.1446417570943122,83.04835472691603,0.39222636818885803,0.9439119696617126,0.5516856014728546
25,36_2_0.txt,34,36.0,2.0,0,6_16_0.txt,True,ok,9072,9072,8000,-0.008372943504426945,2.7662704757700354,0.9600852727890015,True,False,0.008372943504426945,-2.7662704757700354,0.008372943504426945,-3.0162704757700354,3.0162820970832493,0.8891839299255642,0.9043033041923604,0.11389511758104952,0.1157606412208099,0.0894984391609199,0.08621830990022511,90.46577519948052,0.3667106330394745,0.9573881030082703,0.5906774699687958
26,40_2_0.txt,35,40.0,2.0,0,6_16_0.txt,True,ok,9072,9072,8000,0.14448284496337557,2.8824914220230564,0.9630745649337769,True,False,-0.14448284496337557,-2.8824914220230564,-0.14448284496337557,-2.8824914220230564,2.8861102006897124,0.9443389182674332,0.9611686544972815,0.10898720939566314,0.10754341984045368,0.10898720939566314,0.10754341984045368,88.81118112443004,0.34919172525405884,0.9720862507820129,0.6228945255279541
27,0_4_0.txt,36,0.0,4.0,0,6_16_0.txt,True,ok,9072,9072,8000,-1.3627970381683905,1.5008967241863929,0.9328955411911011,True,False,1.3627970381683905,-1.5008967241863929,1.1127970381683905,-1.0008967241863929,1.4967002039965767,0.5087841911811846,0.51198243007236,0.1744519981454348,0.175344419896874,0.1503127501951611,0.15312422636901768,70.09189820295666,0.6571612358093262,0.9220680594444275,0.2649068236351013
28,2_4_0.txt,37,2.0,4.0,0,6_16_0.txt,True,ok,9072,9072,8000,-1.2908203126262412,1.5614323412992488,0.93660968542099,True,False,1.2908203126262412,-1.5614323412992488,1.0408203126262412,-1.8114323412992488,2.0891610876809534,0.49975262425642814,0.4953851362937703,0.172215581903282,0.1759351311022198,0.15287983408232744,0.1564732520143962,68.41381774490598,0.6592965126037598,0.9418143033981323,0.28251779079437256
29,4_4_0.txt,38,4.0,4.0,0,6_16_0.txt,True,ok,9072,9072,8000,-1.1886438949752884,1.610283101850336,0.9444047808647156,True,False,1.1886438949752884,-1.610283101850336,0.9386438949752884,-1.860283101850336,2.0836759778344347,0.5032793911501158,0.4994451132896194,0.16706890920614517,0.16517600628506401,0.15041463405975986,0.14989670035497768,69.98735269073396,0.6586362719535828,0.9435990452766418,0.2849627733230591
30,6_4_0.txt,39,6.0,4.0,0,6_16_0.txt,True,ok,9072,9072,8000,-1.103422529296787,1.6679963391390744,0.9512109160423279,True,False,1.103422529296787,-1.6679963391390744,1.103422529296787,-1.9179963391390744,2.2127474404257277,0.5155785465304971,0.5165190534809124,0.15771944137585586,0.14778518636274457,0.14317402903725035,0.13047530971781382,74.73949724825873,0.6517298221588135,0.9543342590332031,0.30260443687438965
31,8_4_0.txt,40,8.0,4.0,0,6_16_0.txt,True,ok,9072,9072,8000,-1.0084734430963451,1.7126451397758984,0.955042839050293,True,False,1.0084734430963451,-1.7126451397758984,1.0084734430963451,-1.9626451397758984,2.2065798490234956,0.5250326749553611,0.5237321118756154,0.12604608629761985,0.13135854630494584,0.09780429938323632,0.10701052922539751,79.56769753105914,0.6429733037948608,0.9551483988761902,0.31217509508132935
32,10_4_0.txt,41,10.0,4.0,0,6_16_0.txt,True,ok,9072,9072,8000,-0.926683988007326,1.7647392017058785,0.9580598473548889,True,False,0.926683988007326,-1.7647392017058785,0.926683988007326,-2.0147392017058783,2.2176377667508285,0.5368834880172367,0.5447487842268333,0.12548264867299366,0.12472732609165897,0.0997055808872407,0.09708477276978045,82.17806526955839,0.6289644837379456,0.958224356174469,0.32925987243652344
33,12_4_0.txt,42,12.0,4.0,0,6_16_0.txt,True,ok,9072,9072,8000,-0.8301358434343716,1.7952322740301785,0.9571985006332397,True,False,0.8301358434343716,-1.7952322740301785,1.0801358434343715,-2.0452322740301785,2.312935039080505,0.5548591483546509,0.557372936924053,0.13509825667230319,0.1296109120397671,0.11233949955779951,0.10701591798353317,80.79994364740479,0.6146263480186462,0.9497047662734985,0.3350784182548523
34,14_4_0.txt,43,14.0,4.0,0,6_16_0.txt,True,ok,9072,9072,8000,-0.7502787781404376,1.8512054600909778,0.9556394219398499,True,False,0.7502787781404376,-1.8512054600909778,1.0002787781404376,-2.101205460090978,2.3271489035973323,0.5650200730126499,0.5740667986123651,0.13922735530888086,0.14120221673014338,0.11126652958733595,0.1149466645636964,79.97677886239971,0.5962916016578674,0.948758602142334,0.35246700048446655
35,16_4_0.txt,44,16.0,4.0,0,6_16_0.txt,True,ok,9072,9072,8000,-0.6550193754030292,1.8875573007360456,0.9507535099983215,True,False,0.6550193754030292,-1.8875573007360456,0.9050193754030292,-1.8875573007360456,2.0933066267073333,0.5756856891752586,0.5811200994712642,0.1566006225720364,0.15113155700180597,0.14097334813689893,0.133361880711127,77.05089174639336,0.5775595903396606,0.9549901485443115,0.3774305582046509
36,18_4_0.txt,45,18.0,4.0,0,6_16_0.txt,True,ok,9072,9072,8000,-0.5704900863236162,1.9427326734442847,0.9450809955596924,True,False,0.5704900863236162,-1.9427326734442847,0.8204900863236162,-1.9427326734442847,2.108889333801874,0.5977479925244433,0.5944262080801991,0.1577674461139678,0.15380481331803492,0.1537344941481562,0.14931007686255246,74.88164639564349,0.5566566586494446,0.9535030722618103,0.3968464136123657
37,20_4_0.txt,46,20.0,4.0,0,6_16_0.txt,True,ok,9072,9072,8000,-0.42877439311224674,2.018093730709783,0.9449188113212585,True,False,0.42877439311224674,-2.018093730709783,0.17877439311224674,-2.018093730709783,2.0259966904125934,0.606925421476938,0.617916657014257,0.14957758633776916,0.15085487395013095,0.14544918973610718,0.14095084189389046,77.18934417871854,0.5369250178337097,0.9544594883918762,0.4175344705581665
38,24_4_0.txt,47,24.0,4.0,0,6_16_0.txt,True,ok,9072,9072,8000,-0.2705847205291837,2.1400140968535992,0.9553326964378357,True,False,0.2705847205291837,-2.1400140968535992,0.020584720529183698,-2.1400140968535992,2.140113096416026,0.658845015061342,0.6583897920347296,0.14335514571985425,0.14499217033127088,0.11719342766024919,0.12143796899794981,81.55530804591454,0.493039608001709,0.9578506946563721,0.4648110866546631
39,28_4_0.txt,48,28.0,4.0,0,6_16_0.txt,True,ok,9072,9072,8000,-0.11095931961996106,2.243597901192264,0.9576811790466309,True,False,0.11095931961996106,-2.243597901192264,0.11095931961996106,-1.9935979011922642,1.9966833905876828,0.6909167014197464,0.6911929248369063,0.12799030009063825,0.12985503656943667,0.09523018949949147,0.09862734299790187,85.73085177033981,0.45445817708969116,0.9617351293563843,0.5072769522666931
40,32_4_0.txt,49,32.0,4.0,0,6_16_0.txt,True,ok,9072,9072,8000,0.04465020237740714,2.3584550389851215,0.9515305161476135,True,False,-0.04465020237740714,-2.3584550389851215,-0.04465020237740714,-2.1084550389851215,2.1089277588371997,0.7603017259564587,0.7621201234104891,0.15156939747911943,0.1412715953287988,0.13644711787304276,0.12565581088176067,83.51233525766901,0.4209173619747162,0.9574272036552429,0.5365098416805267
41,36_4_0.txt,50,36.0,4.0,0,6_16_0.txt,True,ok,9072,9072,8000,0.20159268725557442,2.501477026679638,0.9384596943855286,True,False,-0.20159268725557442,-2.501477026679638,0.048407312744425585,-3.001477026679638,3.001867353767114,0.7984889542007577,0.8012747961051776,0.1706163589677901,0.17000547538704952,0.15875175654232906,0.16582548587103912,79.30479197934582,0.39643868803977966,0.9127558469772339,0.5163171589374542
42,40_4_0.txt,51,40.0,4.0,0,6_16_0.txt,True,ok,9072,9072,8000,0.35440709299310164,2.619047824903402,0.9418324828147888,True,False,-0.35440709299310164,-2.619047824903402,-0.10440709299310164,-2.869047824903402,2.8709469278707003,0.8768924727634345,0.8611340188488052,0.1710207081232632,0.17301961615324313,0.14225645857750863,0.14724813323627467,82.90067167092978,0.3756066560745239,0.9460521340370178,0.5704454779624939
43,0_6_0.txt,52,0.0,6.0,0,6_16_0.txt,True,ok,9072,9072,8000,-1.1391903978314004,1.2225443166034131,0.9559197425842285,True,False,1.1391903978314004,-1.2225443166034131,1.1391903978314004,-0.9725443166034131,1.4978642162321871,0.40406726446931723,0.4032447294278241,0.13263456575467722,0.1303769720599832,0.10798657092513811,0.10561299879274588,73.80920540670097,0.6960772275924683,0.9609847664833069,0.2649075388908386
44,2_6_0.txt,53,2.0,6.0,0,6_16_0.txt,True,ok,9072,9072,8000,-1.0614407765200449,1.2743074395984244,0.9547346234321594,True,False,1.0614407765200449,-1.2743074395984244,1.0614407765200449,-1.0243074395984244,1.4750804225113137,0.39553361176839424,0.3970802778378462,0.1321438188216492,0.12888038923386286,0.10203180787083183,0.09653136508728472,75.6897105006296,0.6985556483268738,0.9591348171234131,0.2605791687965393
45,4_6_0.txt,54,4.0,6.0,0,6_16_0.txt,True,ok,9072,9072,8000,-0.9707380512175621,1.3165887769392504,0.9518083930015564,True,False,0.9707380512175621,-1.3165887769392504,0.9707380512175621,-1.0665887769392504,1.4422010897147581,0.3962254513481629,0.4158339342709708,0.13795019227415276,0.1360619393550907,0.11298913779457997,0.11543539700156555,72.24002480606978,0.6985808610916138,0.9568706750869751,0.25828981399536133
46,6_6_0.txt,55,6.0,6.0,0,6_16_0.txt,True,ok,9072,9072,8000,-0.8841658289307681,1.3697678626154526,0.9464588165283203,True,False,0.8841658289307681,-1.3697678626154526,0.8841658289307681,-1.1197678626154526,1.4267548069641158,0.4223934972914378,0.4145557596779188,0.15847695449844013,0.15555223367265164,0.14727819230731207,0.14207559422463764,65.728230543698,0.6933313608169556,0.955781877040863,0.26245051622390747
47,8_6_0.txt,56,8.0,6.0,0,6_16_0.txt,True,ok,9072,9072,8000,-0.7845355660299278,1.4161079638009735,0.9399381875991821,True,False,0.7845355660299278,-1.4161079638009735,1.0345355660299278,-1.1661079638009735,1.5588686989675928,0.4332795362607588,0.4220161502643507,0.17044878085253548,0.16925488184091528,0.15523810120439713,0.14864980919780454,64.77627476941572,0.6850380897521973,0.9437065124511719,0.2586684226989746
48,10_6_0.txt,57,10.0,6.0,0,6_16_0.txt,True,ok,9072,9072,8000,-0.7058673153783894,1.4894098988529698,0.9335203170776367,True,False,0.7058673153783894,-1.4894098988529698,0.9558673153783894,-1.9894098988529698,2.207132544788118,0.4426380191835668,0.45483088339420147,0.17019311200260634,0.1764699582170591,0.14732621735919468,0.14912242060951986,67.21365543678888,0.6717987060546875,0.914667010307312,0.2428683042526245
49,12_6_0.txt,58,12.0,6.0,0,6_16_0.txt,True,ok,9072,9072,8000,-0.610945663713661,1.5191574169320128,0.9316373467445374,True,False,0.610945663713661,-1.5191574169320128,0.860945663713661,-2.019157416932013,2.195045354934361,0.46059426684104526,0.4525658542203884,0.17526787308239836,0.17200090255096423,0.1533836893073748,0.15783847826796302,65.12364404074118,0.6599071025848389,0.9195230007171631,0.2596158981323242
50,18_6_0.txt,59,18.0,6.0,0,6_16_0.txt,True,ok,9072,9072,8000,-0.5264182581482038,1.5699779072141744,0.9296280741691589,True,False,0.5264182581482038,-1.5699779072141744,0.7764182581482038,-1.8199779072141744,1.9786725081057697,0.4767082278717242,0.474720206168768,0.17670279820648846,0.17259233437547186,0.1644081843908558,0.16591013168378152,65.05096485722397,0.6414734721183777,0.9464637041091919,0.3049902319908142
51,20_6_0.txt,60,20.0,6.0,0,6_16_0.txt,True,ok,9072,9072,8000,-0.4317478496271938,1.6616148965104018,0.9338353872299194,True,False,0.4317478496271938,-1.6616148965104018,0.1817478496271938,-1.9116148965104018,1.920235348441587,0.48696284685588725,0.4773656281473086,0.173121547495858,0.17202421944355575,0.1525185819080922,0.1524312848930969,68.06823199971602,0.6244688630104065,0.9418208003044128,0.31735193729400635
52,24_6_0.txt,61,24.0,6.0,0,6_16_0.txt,True,ok,9072,9072,8000,-0.23208687889164648,1.7728296300414177,0.9519189596176147,True,False,0.23208687889164648,-1.7728296300414177,-0.017913121108353525,-2.022829630041418,2.022908943101825,0.5172763872981496,0.5191906008605226,0.14957254536561243,0.15094858660922245,0.10600377347114223,0.10879946783697494,79.04440726456772,0.5831871032714844,0.9434046149253845,0.36021751165390015
53,28_6_0.txt,62,28.0,6.0,0,6_16_0.txt,True,ok,9072,9072,8000,-0.07988239077188423,1.8980788819686238,0.961868941783905,True,False,0.07988239077188423,-1.8980788819686238,0.07988239077188423,-1.8980788819686238,1.8997591001310385,0.5622683838733369,0.5679358138196373,0.08674881306611101,0.09128163546243079,0.08674881306611101,0.09128163546243079,83.92747327404508,0.5374109745025635,0.9728220105171204,0.4354110360145569
54,32_6_0.txt,63,32.0,6.0,0,6_16_0.txt,True,ok,9072,9072,8000,0.08162592005696805,2.0006874924679425,0.9633916616439819,True,False,-0.08162592005696805,-2.0006874924679425,-0.08162592005696805,-2.0006874924679425,2.002351925447375,0.5977785534858179,0.6105474875609795,0.06039191832242935,0.058312083530483304,0.06039191832242935,0.058312083530483304,90.44921407122172,0.4994502365589142,0.9731959104537964,0.4737456738948822
55,36_6_0.txt,64,36.0,6.0,0,6_16_0.txt,True,ok,9072,9072,8000,0.23441884961156817,2.118106462195391,0.9563921093940735,True,False,-0.23441884961156817,-2.118106462195391,0.01558115038843183,-2.118106462195391,2.1181637702126106,0.6590355143630644,0.6479447958436585,0.13386531855084735,0.13284724140016763,0.10751698568182814,0.10593211112139758,83.65105919502474,0.46500489115715027,0.9594423174858093,0.49443742632865906
56,40_6_0.txt,65,40.0,6.0,0,6_16_0.txt,True,ok,9072,9072,8000,0.40991386687915293,2.2340279134695535,0.941819429397583,True,False,-0.40991386687915293,-2.2340279134695535,-0.15991386687915293,-1.9840279134695535,1.9904620584795365,0.729478225814363,0.7121544151242154,0.16794117642994383,0.17230170919652926,0.14470880028433353,0.13829626753141103,80.58057851016916,0.43999040126800537,0.9444697499275208,0.5044793486595154
57,0_8_0.txt,66,0.0,8.0,0,6_16_0.txt,True,ok,9072,9072,8000,-1.093730247654879,0.8584882877599351,0.9581171274185181,True,False,1.093730247654879,-0.8584882877599351,1.093730247654879,-0.8584882877599351,1.3904128864679686,0.3610480121974109,0.3418925630977186,0.10816283543924474,0.10181409495825894,0.10816283543924474,0.10181409495825894,70.22044175638919,0.735536515712738,0.971225380897522,0.23568886518478394
58,2_8_0.txt,67,2.0,8.0,0,6_16_0.txt,True,ok,9072,9072,8000,-1.0252893161978,0.9164329794837516,0.9609288573265076,True,False,1.0252893161978,-0.9164329794837516,1.0252893161978,-0.9164329794837516,1.375160931598487,0.3285600630149015,0.32743337054036553,0.06521561508342916,0.06642318275170282,0.06521561508342916,0.06642318275170282,79.71398497285594,0.7442477345466614,0.9725361466407776,0.2282884120941162
59,4_8_0.txt,68,4.0,8.0,0,6_16_0.txt,True,ok,9072,9072,8000,-0.940216201859735,0.962842985399446,0.960960328578949,True,False,0.940216201859735,-0.962842985399446,0.940216201859735,-0.962842985399446,1.345761167805218,0.30652312395916864,0.3185851892807486,0.056955934600150304,0.06357560580662372,0.056955934600150304,0.06357560580662372,80.04439379302136,0.7531405687332153,0.9727510213851929,0.21961045265197754
60,6_8_0.txt,69,6.0,8.0,0,6_16_0.txt,True,ok,9072,9072,8000,-0.8513438933844016,1.0028952923259884,0.958972692489624,True,False,0.8513438933844016,-1.0028952923259884,0.8513438933844016,-1.0028952923259884,1.3155171576883904,0.2985437058628058,0.3010570146876966,0.08578849464201863,0.08445756866388596,0.08578849464201863,0.08445756866388596,71.94632094804416,0.7601895332336426,0.9722511768341064,0.21206164360046387
61,8_8_0.txt,70,8.0,8.0,0,6_16_0.txt,True,ok,9072,9072,8000,-0.7683244643709642,1.0574242310127915,0.9548484683036804,True,False,0.7683244643709642,-1.0574242310127915,1.0183244643709641,-1.0574242310127915,1.4680363480068892,0.30619586860768844,0.3074105680782898,0.12272167281164738,0.12307524296811201,0.0963707192595779,0.09468157446861616,69.20028642460231,0.7581621408462524,0.9579759240150452,0.19981378316879272
62,10_8_0.txt,71,10.0,8.0,0,6_16_0.txt,True,ok,9072,9072,8000,-0.6695324643864595,1.098434626920684,0.9484416246414185,True,False,0.6695324643864595,-1.098434626920684,0.9195324643864595,-1.098434626920684,1.4325147757279915,0.3157238960583405,0.32324494936611664,0.1501764333375443,0.14523780914793666,0.12882151508505144,0.12255131825033044,62.087166871236946,0.757684051990509,0.9561886191368103,0.19850456714630127
63,12_8_0.txt,72,12.0,8.0,0,6_16_0.txt,True,ok,9072,9072,8000,-0.5847023321917326,1.1555465373098306,0.9406009316444397,True,False,0.5847023321917326,-1.1555465373098306,0.8347023321917326,-1.1555465373098306,1.4254879105958975,0.33169900782009826,0.3387952018978108,0.1616338360703398,0.164974781337725,0.14985553752409556,0.15607093178728432,53.933547195169766,0.7482046484947205,0.9551647901535034,0.20696014165878296
64,14_8_0.txt,73,14.0,8.0,0,6_16_0.txt,True,ok,9072,9072,8000,-0.4497906519045149,1.2397752421107262,0.9388041496276855,True,False,0.4497906519045149,-1.2397752421107262,0.1997906519045149,-0.9897752421107262,1.0097382504806767,0.35105256121069156,0.35003479425772516,0.17023770262855834,0.17516634642422238,0.14684392134117957,0.15439829066848032,55.890587678321126,0.7378990650177002,0.9487500786781311,0.2108510136604309
65,16_8_0.txt,74,16.0,8.0,0,6_16_0.txt,True,ok,9072,9072,8000,-0.3681880280018408,1.290735667892731,0.9431095719337463,True,False,0.3681880280018408,-1.290735667892731,0.1181880280018408,-1.040735667892731,1.047425004660044,0.37908480876181455,0.36767505332751715,0.17062343782416664,0.167677529324426,0.13722086541164755,0.13476634910063226,63.34634403912488,0.723158061504364,0.9486247897148132,0.22546672821044922
66,18_8_0.txt,75,18.0,8.0,0,6_16_0.txt,True,ok,9072,9072,8000,-0.27017774140114315,1.3290547591148196,0.9467334151268005,True,False,0.27017774140114315,-1.3290547591148196,0.020177741401143146,-1.0790547591148196,1.0792433990608388,0.3916853138252029,0.38301702730475884,0.16411325407284494,0.16287553649076206,0.1191047898939538,0.11664587717932497,69.54551133140298,0.7069649696350098,0.9486990571022034,0.2417340874671936
67,20_8_0.txt,76,20.0,8.0,0,6_16_0.txt,True,ok,9072,9072,8000,-0.19231519115329293,1.377767099969975,0.9468406438827515,True,False,0.19231519115329293,-1.377767099969975,-0.05768480884670707,-1.127767099969975,1.1292414130496493,0.4027596679918781,0.4068735244995928,0.1610228270645914,0.1627306514462006,0.13719088906057458,0.1365562122315386,66.43767558985637,0.6876757740974426,0.9500021934509277,0.2623264193534851
68,24_8_0.txt,77,24.0,8.0,0,6_16_0.txt,True,ok,9072,9072,8000,-0.026004605395089652,1.4861406458369661,0.9401670098304749,True,False,0.026004605395089652,-1.4861406458369661,0.026004605395089652,-1.9861406458369661,1.986310878122414,0.44758683245815345,0.43336195872400046,0.15511416136028636,0.15174760339192903,0.1491432311755902,0.15613839424769999,63.97044292779252,0.6445429921150208,0.9231989979743958,0.278656005859375
69,28_8_0.txt,78,28.0,8.0,0,6_16_0.txt,True,ok,9072,9072,8000,0.111525879092941,1.6482262396222365,0.9493578672409058,True,False,-0.111525879092941,-1.6482262396222365,-0.111525879092941,-1.8982262396222365,1.9014996393630554,0.4817779579551077,0.48699314857260856,0.15278221772845457,0.1490063202423019,0.1356852207548169,0.12879476140001872,73.55306501179328,0.5975578427314758,0.9565772414207458,0.35901939868927
70,32_8_0.txt,79,32.0,8.0,0,6_16_0.txt,True,ok,9072,9072,8000,0.2746486238839626,1.7473505528966875,0.9495063424110413,True,False,-0.2746486238839626,-1.7473505528966875,-0.024648623883962606,-1.9973505528966875,1.9975026372488414,0.5302773910146932,0.5278887751223061,0.1570470602892101,0.15783070750379577,0.10490130093219974,0.1019894070380625,80.67975455351696,0.560212254524231,0.9454082250595093,0.3851959705352783
71,36_8_0.txt,80,36.0,8.0,0,6_16_0.txt,True,ok,9072,9072,8000,0.4266748412758825,1.8666595393892635,0.9430336952209473,True,False,-0.4266748412758825,-1.8666595393892635,-0.1766748412758825,-1.8666595393892635,1.8750018228078595,0.5814667312909715,0.5825164352470092,0.16487101902727627,0.16470085326507022,0.16198084314580724,0.15871161515556792,72.75413953114162,0.5225633978843689,0.9542065858840942,0.43164318799972534
72,40_8_0.txt,81,40.0,8.0,0,6_16_0.txt,True,ok,9072,9072,8000,0.6478931220090539,2.0108156206077226,0.9489156007766724,True,False,-0.6478931220090539,-2.0108156206077226,-0.8978931220090539,-2.0108156206077226,2.2021788116842798,0.647774974429907,0.6465709159759253,0.1400691107579638,0.1434252722238579,0.12352849716300754,0.12418087867837133,80.79392753215099,0.49663659930229187,0.9531673192977905,0.45653071999549866
73,0_10_0.txt,82,0.0,10.0,0,6_16_0.txt,True,ok,9072,9072,8000,-0.9027494594499188,0.606440419110205,0.9442465305328369,True,False,0.9027494594499188,-0.606440419110205,0.9027494594499188,-0.856440419110205,1.244366014492032,0.28826524163602474,0.26984038240596114,0.15711340542858324,0.15536644994587873,0.143338166019107,0.14125352048204576,47.65293496006946,0.8014236688613892,0.9560577869415283,0.15463411808013916
74,2_10_0.txt,83,2.0,10.0,0,6_16_0.txt,True,ok,9072,9072,8000,-0.8250166467622877,0.6650791825250126,0.9462711811065674,True,False,0.8250166467622877,-0.6650791825250126,1.0750166467622877,-0.9150791825250126,1.4117473928102997,0.25967209588551704,0.2436512806053458,0.15494159039329555,0.15555394226668967,0.1280612315760883,0.13354382763041625,45.190590708725274,0.8121142983436584,0.9466480612754822,0.13453376293182373
75,4_10_0.txt,84,4.0,10.0,0,6_16_0.txt,True,ok,9072,9072,8000,-0.741914583328253,0.707663754653478,0.9459260702133179,True,False,0.741914583328253,-0.707663754653478,0.991914583328253,-0.957663754653478,1.3787727904177174,0.2401245111620938,0.23533326112068526,0.15588117473233426,0.15918840481630356,0.10380274579885497,0.10577519955469492,55.05301755859723,0.8217936158180237,0.9451594352722168,0.12336581945419312
76,6_10_0.txt,85,6.0,10.0,0,6_16_0.txt,True,ok,9072,9072,8000,-0.6489937882590027,0.7438643828689151,0.9422396421432495,True,False,0.6489937882590027,-0.7438643828689151,0.8989937882590027,-0.9938643828689151,1.3401329198492522,0.22249442635585337,0.22765863991822646,0.16585331526529343,0.16565735421969438,0.1268305541055698,0.1272830326537046,44.09040100589906,0.8291542530059814,0.9456354975700378,0.1164812445640564
77,8_10_0.txt,86,8.0,10.0,0,6_16_0.txt,True,ok,9072,9072,8000,-0.564474931551836,0.7989940587865457,0.9376322627067566,True,False,0.564474931551836,-0.7989940587865457,0.814474931551836,-1.0489940587865458,1.3280654914181902,0.23951219330881976,0.23654608403734761,0.1669907846310032,0.1752839373457564,0.1506132408966615,0.16114534685063678,31.87570721940424,0.829194962978363,0.9470676779747009,0.11787271499633789
78,10_10_0.txt,87,10.0,10.0,0,6_16_0.txt,True,ok,9072,9072,8000,-0.4303647982104645,0.8792535796867949,0.9410507082939148,True,False,0.4303647982104645,-0.8792535796867949,0.18036479821046453,-0.8792535796867949,0.8975624311576017,0.24891435605370232,0.24952691193458118,0.16470227772641635,0.16367734030151457,0.15625735088051687,0.15594556719484892,37.50350774359225,0.8275176882743835,0.9564391374588013,0.12892144918441772
79,12_10_0.txt,88,12.0,10.0,0,6_16_0.txt,True,ok,9072,9072,8000,-0.33985799810063033,0.933224379515945,0.9490107893943787,True,False,0.33985799810063033,-0.933224379515945,0.08985799810063033,-0.933224379515945,0.9375405070425349,0.26566599923110723,0.2602842712474619,0.14404197392318507,0.14853897082434764,0.12596052170406274,0.12747111817039952,51.026192416672,0.8192370533943176,0.9573339223861694,0.1380968689918518
80,14_10_0.txt,89,14.0,10.0,0,6_16_0.txt,True,ok,9072,9072,8000,-0.2440751913499262,0.9782331013989571,0.955826997756958,True,False,0.2440751913499262,-0.9782331013989571,-0.005924808650073804,-0.9782331013989571,0.9782510434597872,0.28261841450768393,0.27999137802864843,0.12214742486706637,0.1174853608112816,0.08872488152333889,0.09030346107638983,67.74777076630193,0.8096099495887756,0.9588704109191895,0.14926046133041382
81,16_10_0.txt,90,16.0,10.0,0,6_16_0.txt,True,ok,9072,9072,8000,-0.166711704514833,1.0304325089900044,0.9593308568000793,True,False,0.166711704514833,-1.0304325089900044,-0.083288295485167,-1.0304325089900044,1.0337930623428753,0.2976200576850888,0.3013255212888705,0.09991066807318598,0.09768196714899512,0.09491801023588267,0.09108538868140938,69.77176433917494,0.7935205698013306,0.9623517990112305,0.1688312292098999
82,18_10_0.txt,91,18.0,10.0,0,6_16_0.txt,True,ok,9072,9072,8000,-0.07531921693265274,1.0737798253177517,0.9614859223365784,True,False,0.07531921693265274,-1.0737798253177517,0.07531921693265274,-1.0737798253177517,1.0764181797511456,0.31237577382056464,0.31914518395093594,0.07659317205797435,0.07719339295996784,0.07659317205797435,0.07719339295996784,75.81245250066651,0.776772141456604,0.974416971206665,0.19764482975006104
83,20_10_0.txt,92,20.0,10.0,0,6_16_0.txt,True,ok,9072,9072,8000,0.005231152303345245,1.1244308698028922,0.9608863592147827,True,False,-0.005231152303345245,-1.1244308698028922,-0.005231152303345245,-1.1244308698028922,1.1244430380949093,0.3395342712474619,0.3288700576850888,0.07585899111869518,0.07096185488504284,0.07585899111869518,0.07096185488504284,78.42252487668162,0.7580384612083435,0.9740092754364014,0.21597081422805786
84,24_10_0.txt,93,24.0,10.0,0,6_16_0.txt,True,ok,9072,9072,8000,0.17305314662807408,1.2290800594816516,0.953515887260437,True,False,-0.17305314662807408,-1.2290800594816516,0.07694685337192592,-0.9790800594816516,0.98209906889195,0.3721114357137372,0.37044722215136416,0.14391692013731375,0.13741668002274407,0.11533179902482732,0.11077091947003086,70.09805639066987,0.7136341333389282,0.9489228129386902,0.23528867959976196
85,28_10_0.txt,94,28.0,10.0,0,6_16_0.txt,True,ok,9072,9072,8000,0.33480161193791874,1.3635563702001048,0.9378800392150879,True,False,-0.33480161193791874,-1.3635563702001048,-0.08480161193791874,-1.1135563702001048,1.11678068706461,0.4245006655015925,0.41695791942517896,0.16963363820780888,0.17517456379559548,0.14087071084686636,0.1521575694862424,63.507691688406375,0.6646923422813416,0.9436942934989929,0.27900195121765137
86,32_10_0.txt,95,32.0,10.0,0,6_16_0.txt,True,ok,9072,9072,8000,0.5126378806466347,1.4455702620656412,0.9183339476585388,True,False,-0.5126378806466347,-1.4455702620656412,-0.7626378806466347,-1.9455702620656412,2.0897033716849287,0.4617450918574459,0.4558114681647015,0.1748895814643019,0.17189012030676354,0.17334364294846286,0.18170884151232325,60.13508781515231,0.6261641979217529,0.915672242641449,0.28950804471969604
87,36_10_0.txt,96,36.0,10.0,0,6_16_0.txt,True,ok,9072,9072,8000,0.6551929042992791,1.6454275461395946,0.9358190894126892,True,False,-0.6551929042992791,-1.6454275461395946,-0.9051929042992791,-1.8954275461395946,2.10048084415415,0.522970899785318,0.5196233005578054,0.17183700551143882,0.1738338011370782,0.14646874665848278,0.14532213295228855,72.03317618815628,0.5873998403549194,0.939046323299408,0.3516464829444885
88,40_10_0.txt,97,40.0,10.0,0,6_16_0.txt,True,ok,9072,9072,8000,0.8375853584576296,1.7641996659740724,0.9516330361366272,True,False,-0.8375853584576296,-1.7641996659740724,-1.0875853584576296,-2.0141996659740724,2.2890701619525506,0.5880963758056529,0.5764739608603447,0.1411389705059885,0.1415789765643799,0.11524629219286125,0.11476293150628977,80.0922610042933,0.561479389667511,0.9435129165649414,0.3820335268974304
89,0_12_0.txt,98,0.0,12.0,0,6_16_0.txt,True,ok,9072,9072,8000,-0.6769749944822757,0.31995823847822175,0.9364171028137207,True,False,0.6769749944822757,-0.31995823847822175,0.9269749944822757,-0.06995823847822175,0.9296110990765928,0.21059619407771255,0.2102677669529664,0.1685070649704001,0.16920629670034598,0.13728401070972132,0.13563481281375137,35.49424394463144,0.8714214563369751,0.9415255784988403,0.07010412216186523
90,2_12_0.txt,99,2.0,12.0,0,6_16_0.txt,True,ok,9072,9072,8000,-0.5944105293498224,0.38967428795301623,0.927120566368103,True,False,0.5944105293498224,-0.38967428795301623,0.8444105293498224,-0.13967428795301623,0.8558843664841819,0.18934619407771253,0.19178389072852786,0.1722282071493196,0.1729748126255027,0.15537972822192123,0.15220722367132936,20.636074754171975,0.8818789720535278,0.9430558085441589,0.061176836490631104
91,4_12_0.txt,100,4.0,12.0,0,6_16_0.txt,True,ok,9072,9072,8000,-0.5155044670094507,0.5021783965776001,0.9271331429481506,True,False,0.5155044670094507,-0.5021783965776001,0.01550446700945074,-0.0021783965776001057,0.015656752820953846,0.16568198051533947,0.17478553390593274,0.17148205280561102,0.17517855392810924,0.16572176443874842,0.17467856841830148,0.06119813536103209,0.892101526260376,0.8950803875923157,0.0029788613319396973
92,6_12_0.txt,101,6.0,12.0,0,6_16_0.txt,True,ok,9072,9072,8000,-0.42301272846166726,0.5407886148163876,0.9305685758590698,True,False,0.42301272846166726,-0.5407886148163876,0.17301272846166726,-0.040788614816387625,0.17775577433206002,0.14662132034355965,0.15766421356237312,0.17205906587911005,0.17216658034091278,0.15440801556683054,0.16342226957622866,-3.652100805727617,0.8994284272193909,0.9256939888000488,0.02626556158065796
93,8_12_0.txt,102,8.0,12.0,0,6_16_0.txt,True,ok,9072,9072,8000,-0.34599359882372277,0.5838222163474989,0.9329453110694885,True,False,0.34599359882372277,-0.5838222163474989,0.09599359882372277,-0.8338222163474989,0.8393296488804534,0.15551776695296637,0.16687132034355967,0.1735638224760255,0.17210055835911736,0.15756019600714394,0.15306994916452046,8.270666972985252,0.8992897868156433,0.944507896900177,0.04521811008453369
94,10_12_0.txt,103,10.0,12.0,0,6_16_0.txt,True,ok,9072,9072,8000,-0.2459325652739837,0.635952578604829,0.9415233731269836,True,False,0.2459325652739837,-0.635952578604829,-0.004067434726016311,-0.885952578604829,0.8859619154127316,0.1790177669529664,0.17645710678118656,0.17004953498245878,0.16479643971567556,0.13728744267301574,0.12938610966414527,26.675602913183372,0.8973732590675354,0.9434472918510437,0.0460740327835083
95,12_12_0.txt,104,12.0,12.0,0,6_16_0.txt,True,ok,9072,9072,8000,-0.15503925224986662,0.6931516413000232,0.9486638307571411,True,False,0.15503925224986662,-0.6931516413000232,-0.09496074775013338,-0.9431516413000232,0.9479201243249307,0.18295710678118654,0.20511967716615476,0.15095425998977147,0.15564504022084283,0.13285512686646825,0.13639890166183635,33.502770896354306,0.8873997926712036,0.9469683170318604,0.05956852436065674
96,14_12_0.txt,105,14.0,12.0,0,6_16_0.txt,True,ok,9072,9072,8000,-0.060524012183782894,0.7344554765662958,0.953435480594635,True,False,0.060524012183782894,-0.7344554765662958,0.060524012183782894,-0.9844554765662958,0.9863142204146685,0.20970710678118656,0.21376612377556148,0.13058661302602434,0.13490567999506692,0.10192278811655922,0.10657932646413074,50.142087725728196,0.8772779107093811,0.9580137133598328,0.08073580265045166
97,16_12_0.txt,106,16.0,12.0,0,6_16_0.txt,True,ok,9072,9072,8000,0.018786240038610565,0.7884518886822262,0.9568822979927063,True,False,-0.018786240038610565,-0.7884518886822262,-0.018786240038610565,-1.0384518886822263,1.0386218021601854,0.23162132034355967,0.22216421356237312,0.10902691635520555,0.10257066815690598,0.08677441742720624,0.08153493160496499,63.29970056942864,0.8600237965583801,0.9605632424354553,0.1005394458770752
98,18_12_0.txt,107,18.0,12.0,0,6_16_0.txt,True,ok,9072,9072,8000,0.11219299578370841,0.8235208225939833,0.957403838634491,True,False,-0.11219299578370841,-0.8235208225939833,-0.11219299578370841,-1.0735208225939834,1.079367511483362,0.24818198051533946,0.24772090675297667,0.11606841127724167,0.11604805142803258,0.10645926094469323,0.10669586856392241,56.92900128517702,0.8448357582092285,0.9629066586494446,0.11807090044021606
99,20_12_0.txt,108,20.0,12.0,0,6_16_0.txt,True,ok,9072,9072,8000,0.1922737338910164,0.8789303996174574,0.956248939037323,True,False,-0.1922737338910164,-0.8789303996174574,0.0577262661089836,-0.8789303996174574,0.8808240284929724,0.2669423881554251,0.2681568542494924,0.12489664999787783,0.11879292302599777,0.11029012504802757,0.10798280754973832,59.731475873717024,0.8229262232780457,0.9616497755050659,0.13872355222702026
100,24_12_0.txt,109,24.0,12.0,0,6_16_0.txt,True,ok,9072,9072,8000,0.3607237768858606,0.9810933317772734,0.9472902417182922,True,False,-0.3607237768858606,-0.9810933317772734,-0.1107237768858606,-0.9810933317772734,0.9873215689053394,0.3171941738241592,0.29672211504067714,0.14671064459061706,0.14672572835449876,0.13238110390483301,0.13118193745753853,55.78963251877771,0.7770804762840271,0.955656111240387,0.17857563495635986
101,28_12_0.txt,110,28.0,12.0,0,6_16_0.txt,True,ok,9072,9072,8000,0.5607417104157423,1.1391666723477574,0.9369736909866333,True,False,-0.5607417104157423,-1.1391666723477574,-0.8107417104157423,-1.1391666723477574,1.3982141568428301,0.3559888527117067,0.34997694903661614,0.16608819558111557,0.16682897295823226,0.16596500394377348,0.159786066511231,54.34383122914947,0.7273399829864502,0.9529914855957031,0.22565150260925293
102,32_12_0.txt,111,32.0,12.0,0,6_16_0.txt,True,ok,9072,9072,8000,0.7255984928996239,1.2435497556095958,0.945600688457489,True,False,-0.7255984928996239,-1.2435497556095958,-0.9755984928996239,-0.9935497556095958,1.3924559369042544,0.38698327906756014,0.39817645382624656,0.15303379761433472,0.16070503641376765,0.09887106788443789,0.10865647457215978,72.71147665110944,0.6846636533737183,0.9440024495124817,0.2593387961387634
103,36_12_0.txt,112,36.0,12.0,0,6_16_0.txt,True,ok,9072,9072,8000,0.8783229499538904,1.3584918794196619,0.9442642331123352,True,False,-0.8783229499538904,-1.3584918794196619,-0.8783229499538904,-1.1084918794196619,1.4142861984602122,0.4433691550792876,0.46143669850873853,0.15027801166458504,0.16083463414081609,0.13063046071536757,0.1430320028229825,69.00289827722192,0.645622193813324,0.955920398235321,0.31029820442199707
104,40_12_0.txt,113,40.0,12.0,0,6_16_0.txt,True,ok,9072,9072,8000,1.045132588722268,1.4685775323057395,0.9354925751686096,True,False,-1.045132588722268,-1.4685775323057395,-1.045132588722268,-1.9685775323057395,2.2288112591038893,0.5275922328766994,0.512720361407919,0.1558503532609132,0.15313240295866648,0.15499241746547138,0.15481078299660975,69.80600057085645,0.6143137812614441,0.921694815158844,0.3073810338973999
105,0_14_0.txt,114,0.0,14.0,0,6_16_0.txt,True,ok,9072,9072,8000,-0.44524525093544415,0.10187529048480908,0.9453558325767517,True,False,0.44524525093544415,-0.10187529048480908,0.9452452509354441,-0.10187529048480908,0.9507192851874705,0.15336677598134976,0.142,0.16494440829401058,0.1636964927937275,0.16298303928412275,0.17076602628796428,-20.25776499152415,0.9277493357658386,0.9264864325523376,-0.0012629032135009766
106,2_14_0.txt,115,2.0,14.0,0,6_16_0.txt,True,ok,9072,9072,8000,-0.3718470056654965,0.16338907452286175,0.9502831697463989,True,False,0.3718470056654965,-0.16338907452286175,0.1218470056654965,0.08661092547713825,0.1494929603749084,0.11835355339059328,0.12485355339059327,0.15973978897048,0.16472724665061908,0.14447457914974854,0.14903667416237223,-19.369189033910963,0.9388768672943115,0.9513872265815735,0.012510359287261963
107,4_14_0.txt,116,4.0,14.0,0,6_16_0.txt,True,ok,9072,9072,8000,-0.28742443061871065,0.21174617583563893,0.9544447064399719,True,False,0.28742443061871065,-0.21174617583563893,0.03742443061871065,0.03825382416436107,0.053515820748004435,0.09560355339059327,0.1041341577643114,0.1532421213782766,0.15682776558025535,0.10933239917136661,0.11713563190682198,-12.485311661075746,0.9479479193687439,0.9507126212120056,0.0027647018432617188
108,6_14_0.txt,117,6.0,14.0,0,6_16_0.txt,True,ok,9072,9072,8000,-0.19963790404687023,0.2522587358704956,0.9569501876831055,True,False,0.19963790404687023,-0.2522587358704956,-0.050362095953129765,-0.0022587358704955762,0.05041272256608358,0.08610355339059328,0.08817705098312484,0.14666645520624888,0.14552110742642957,0.10041701243494765,0.1024745447333204,-16.214529280335984,0.9535545110702515,0.9513123035430908,-0.0022422075271606445
109,8_14_0.txt,118,8.0,14.0,0,6_16_0.txt,True,ok,9072,9072,8000,-0.12104622475104347,0.30516498755110255,0.9566707611083984,True,False,0.12104622475104347,-0.30516498755110255,0.12104622475104347,-0.05516498755110255,0.1330239240813224,0.09560355339059327,0.093,0.14610954332176115,0.14289229280624613,0.12077404747338208,0.11810664607642136,-26.996393630560608,0.9528115391731262,0.9622938632965088,0.009482324123382568
110,10_14_0.txt,119,10.0,14.0,0,6_16_0.txt,True,ok,9072,9072,8000,-0.024429475888312624,0.3455823044311229,0.9548510313034058,True,False,0.024429475888312624,-0.3455823044311229,0.024429475888312624,-0.09558230443112292,0.09865483370084564,0.11275,0.10680901699437494,0.14096055988631423,0.13952425386969372,0.12362997820865113,0.1190395929254129,-11.450883338512591,0.9480884075164795,0.9598049521446228,0.01171654462814331
111,12_14_0.txt,120,12.0,14.0,0,6_16_0.txt,True,ok,9072,9072,8000,0.056718665561742196,0.3991305068918365,0.9501428008079529,True,False,-0.056718665561742196,-0.3991305068918365,-0.056718665561742196,-0.1491305068918365,0.15955223316807837,0.11560355339059328,0.13812132034355967,0.14625391093435886,0.15899123338736723,0.13328597091543565,0.1513031662545073,-9.543672097949406,0.937576413154602,0.9585906267166138,0.02101421356201172
112,14_14_0.txt,121,14.0,14.0,0,6_16_0.txt,True,ok,9072,9072,8000,0.15662886988222474,0.44392097643623757,0.9441413283348083,True,False,-0.15662886988222474,-0.44392097643623757,0.09337113011777526,-0.19392097643623757,0.2152289781638484,0.14470710678118656,0.15387132034355966,0.1648708203299892,0.17216598926657523,0.16397839172733109,0.1728042919649925,-12.304418769631548,0.924255907535553,0.948283314704895,0.02402740716934204
113,16_14_0.txt,122,16.0,14.0,0,6_16_0.txt,True,ok,9072,9072,8000,0.22519048326530375,0.5277516813991749,0.9361670613288879,True,False,-0.22519048326530375,-0.5277516813991749,0.024809516734696252,-0.7777516813991749,0.7781472804295168,0.1723256547935111,0.16310355339059326,0.1712068713978166,0.17047613559750668,0.1504756912233603,0.15146079257355358,7.138263131004947,0.9069676399230957,0.9491705894470215,0.04220294952392578
114,18_14_0.txt,123,18.0,14.0,0,6_16_0.txt,True,ok,9072,9072,8000,0.3204546211388905,0.5619307909700177,0.9348109364509583,True,False,-0.3204546211388905,-0.5619307909700177,-0.0704546211388905,-0.8119307909700177,0.81498187891819,0.18786854801232458,0.1821642135623731,0.17521027248781632,0.16988882314808312,0.15006740009990466,0.14250879942437156,21.76904747782611,0.8873383402824402,0.9478666186332703,0.06052827835083008
115,20_14_0.txt,124,20.0,14.0,0,6_16_0.txt,True,ok,9072,9072,8000,0.402150406520282,0.6144987959371694,0.9338233470916748,True,False,-0.402150406520282,-0.6144987959371694,-0.152150406520282,-0.8644987959371694,0.8777858021072696,0.20612895565241024,0.21027817459305204,0.17717322624779447,0.17425737216041068,0.1559138956655176,0.15199882161035633,27.715359949021245,0.864197850227356,0.9474708437919617,0.08327299356460571
116,24_14_0.txt,125,24.0,14.0,0,6_16_0.txt,True,ok,9072,9072,8000,0.6047477037962532,0.7521293090959429,0.9345623850822449,True,False,-0.6047477037962532,-0.7521293090959429,-0.8547477037962532,-1.0021293090959429,1.3171396240695514,0.25209062043356595,0.2397695526217005,0.17004155398026782,0.171319212914783,0.13667792705551562,0.1417972885746597,40.86101132349268,0.8152695894241333,0.9399960041046143,0.12472641468048096
117,28_14_0.txt,126,28.0,14.0,0,6_16_0.txt,True,ok,9072,9072,8000,0.7779635195293103,0.8688739823255613,0.9489933848381042,True,False,-0.7779635195293103,-0.8688739823255613,-1.0279635195293104,-0.8688739823255613,1.345975852177656,0.28031727983645294,0.29320331880577405,0.13087719821508972,0.13112612037280902,0.10794856560179075,0.1077702946506789,63.24383533937114,0.7655351758003235,0.956369936466217,0.19083476066589355
118,32_14_0.txt,127,32.0,14.0,0,6_16_0.txt,True,ok,9072,9072,8000,0.9301395486010612,0.9908740329023334,0.9563446640968323,True,False,-0.9301395486010612,-0.9908740329023334,-0.9301395486010612,-0.9908740329023334,1.3590404441928579,0.3389669172643939,0.33709966987890516,0.05812499416380299,0.05895573467877741,0.05812499416380299,0.05895573467877741,82.51088922752258,0.718905508518219,0.9695671796798706,0.2506616711616516
119,36_14_0.txt,128,36.0,14.0,0,6_16_0.txt,True,ok,9072,9072,8000,1.0946257514769229,1.0952384028090558,0.9547353982925415,True,False,-1.0946257514769229,-1.0952384028090558,-1.0946257514769229,-1.0952384028090558,1.5484678539718382,0.3938694656273392,0.40225143163858934,0.09107040844071815,0.09165610681252068,0.09107040844071815,0.09165610681252068,77.21422483466239,0.6780523061752319,0.9688042998313904,0.29075199365615845
120,40_14_0.txt,129,40.0,14.0,0,6_16_0.txt,True,ok,9072,9072,8000,1.245753999739486,1.2197810917727205,0.9450573921203613,True,False,-1.245753999739486,-1.2197810917727205,-0.995753999739486,-0.9697810917727205,1.3899645297478185,0.4689045336763198,0.4600181867085114,0.14937893226042012,0.1495780505351487,0.10534386252743817,0.10333957854665042,77.5357623823401,0.6445468068122864,0.9397517442703247,0.29520493745803833
121,0_16_0.txt,130,0.0,16.0,0,6_16_0.txt,True,ok,9072,9072,8000,-0.24120243758247129,-0.14936431467075023,0.9578266143798828,True,False,0.24120243758247129,0.14936431467075023,-0.008797562417528715,0.14936431467075023,0.14962317869084724,0.0885,0.08060355339059327,0.1419650428837795,0.1348887133950615,0.1150983052687559,0.10640784321117265,-32.013836530922504,0.9550467133522034,0.9619958996772766,0.006949186325073242
122,2_16_0.txt,131,2.0,16.0,0,6_16_0.txt,True,ok,9072,9072,8000,-0.16956988022396893,-0.0925474660261574,0.962735116481781,True,False,0.16956988022396893,0.0925474660261574,-0.08043011977603107,0.0925474660261574,0.12261336646161161,0.059,0.06920710678118655,0.10767045306843497,0.11475238592592146,0.09937561265897293,0.10946286520754725,-58.167087599309866,0.9657320976257324,0.9646928310394287,-0.001039266586303711
123,4_16_0.txt,132,4.0,16.0,0,6_16_0.txt,True,ok,9072,9072,8000,-0.07645853789910231,-0.05618525466241408,0.9658955335617065,True,False,0.07645853789910231,0.05618525466241408,0.07645853789910231,0.05618525466241408,0.09488251081811014,0.0395,0.03860355339059328,0.07017897268467661,0.0686681304196939,0.07017897268467661,0.0686681304196939,-77.88033584604314,0.9733009338378906,0.976345419883728,0.0030444860458374023
124,6_16_0.txt,133,6.0,16.0,0,6_16_0.txt,True,ok,9072,9072,8000,-3.3429565133072866e-17,2.440386150658546e-16,0.9999998807907104,True,False,3.3429565133072866e-17,-2.440386150658546e-16,3.3429565133072866e-17,-2.440386150658546e-16,2.4631764343677603e-16,0.0,0.0,0.0,0.0,0.0,0.0,,1.0000001192092896,1.0000001192092896,0.0
125,8_16_0.txt,134,8.0,16.0,0,6_16_0.txt,True,ok,9072,9072,8000,0.09301885182714792,0.03425337323514656,0.9658859968185425,True,False,-0.09301885182714792,-0.03425337323514656,-0.09301885182714792,-0.03425337323514656,0.09912517527463523,0.03731282905000403,0.04576776695296637,0.0669314639878105,0.0740235698943086,0.0669314639878105,0.0740235698943086,-61.7373422880333,0.9730673432350159,0.9763739109039307,0.003306567668914795
126,10_16_0.txt,135,10.0,16.0,0,6_16_0.txt,True,ok,9072,9072,8000,0.17459130127172873,0.0887045650635666,0.9625990986824036,True,False,-0.17459130127172873,-0.0887045650635666,0.07540869872827127,-0.0887045650635666,0.1164258206198595,0.05816421356237309,0.06725,0.10824413501871537,0.11249145399844472,0.09784101228772667,0.1047077168222021,-55.69920717056074,0.9654972553253174,0.964591383934021,-0.0009058713912963867
127,12_16_0.txt,136,12.0,16.0,0,6_16_0.txt,True,ok,9072,9072,8000,0.2668541079999118,0.12737073833953064,0.9569221138954163,True,False,-0.2668541079999118,-0.12737073833953064,-0.016854107999911827,-0.12737073833953064,0.12848099447634218,0.0887649946217313,0.09326776695296637,0.1411917538390246,0.14237801622796564,0.11084875689377414,0.1137706810099628,-21.982850803467574,0.9526922702789307,0.9608244895935059,0.008132219314575195
128,14_16_0.txt,137,14.0,16.0,0,6_16_0.txt,True,ok,9072,9072,8000,0.3504634264594785,0.18834054879499784,0.9493441581726074,True,False,-0.3504634264594785,-0.18834054879499784,-0.10046342645947848,0.06165945120500216,0.11787615526000618,0.11511854801232459,0.11697032937194303,0.16518298153498,0.16014440429842786,0.13913672475334277,0.13949103052408976,-19.253345077395874,0.9364540576934814,0.9457875490188599,0.009333491325378418
129,18_16_0.txt,138,18.0,16.0,0,6_16_0.txt,True,ok,9072,9072,8000,0.4527013124186534,0.23618110245033058,0.9397310018539429,True,False,-0.4527013124186534,-0.23618110245033058,-0.2027013124186534,0.013818897549669418,0.2031718090329778,0.1428685480123246,0.14395710678118656,0.1725171875069102,0.17048965856602913,0.15166768599539368,0.1510207112800083,-4.906742471254543,0.9157981276512146,0.9448505640029907,0.029052436351776123
130,20_16_0.txt,139,20.0,16.0,0,6_16_0.txt,True,ok,9072,9072,8000,0.5468875419007634,0.3038081779095015,0.9290416836738586,True,False,-0.5468875419007634,-0.3038081779095015,-0.7968875419007634,-0.05380817790950149,0.7987021187192266,0.1636819198894424,0.1724748737341529,0.17463489254584336,0.1731936704587385,0.1564760586930659,0.15028412382451542,12.86607691265313,0.8942995071411133,0.9453431367874146,0.05104362964630127
131,24_16_0.txt,140,24.0,16.0,0,6_16_0.txt,True,ok,9072,9072,8000,0.7271660960719847,0.4326332623471119,0.9310323596000671,True,False,-0.7271660960719847,-0.4326332623471119,-0.9771660960719847,-0.1826332623471119,0.9940867607146331,0.2201812270463149,0.21870002346427572,0.17467393729321332,0.17283819347536558,0.14598496790948645,0.14236925345910298,34.90204015348048,0.8428585529327393,0.9443421363830566,0.10148358345031738
132,28_16_0.txt,141,28.0,16.0,0,6_16_0.txt,True,ok,9072,9072,8000,0.8639876011393592,0.5841618338887496,0.9349421858787537,True,False,-0.8639876011393592,-0.5841618338887496,-0.8639876011393592,-0.8341618338887496,1.2009581758076284,0.2734753967444162,0.26119722215136415,0.1655964212375831,0.16316733337812162,0.15912287928088376,0.1582242682284796,39.423449099015144,0.7915094494819641,0.9516555666923523,0.16014611721038818
133,32_16_0.txt,142,32.0,16.0,0,6_16_0.txt,True,ok,9072,9072,8000,1.03339406361302,0.6966875638190634,0.9450522065162659,True,False,-1.03339406361302,-0.6966875638190634,-1.03339406361302,-0.9466875638190634,1.4014708823947446,0.3126946968344225,0.31764875528840414,0.13415856746403068,0.13255529810626918,0.10561900217996831,0.10765954805130354,66.1073603283741,0.738734781742096,0.9513832330703735,0.2126484513282776
134,36_16_0.txt,143,36.0,16.0,0,6_16_0.txt,True,ok,9072,9072,8000,1.183780670220423,0.8138940523650948,0.9477372765541077,True,False,-1.183780670220423,-0.8138940523650948,-0.933780670220423,-1.0638940523650948,1.4155623952108665,0.378424334593632,0.37032625931090973,0.13749705392040762,0.13647614096676944,0.11777756393780056,0.11734526959238586,68.31300329316699,0.6950793862342834,0.9458168745040894,0.2507374882698059
135,40_16_0.txt,144,40.0,16.0,0,6_16_0.txt,True,ok,9072,9072,8000,1.3464303128394426,0.91444162405223,0.9408791065216064,True,False,-1.3464303128394426,-0.91444162405223,-1.0964303128394426,-0.91444162405223,1.427712476205373,0.43415038309867326,0.44438607397352237,0.1521938586611361,0.15736103313427766,0.13379852612689944,0.1441409813235594,67.5640192693915,0.6549768447875977,0.9497628808021545,0.2947860360145569
136,0_18_0.txt,145,0.0,18.0,0,6_16_0.txt,True,ok,9072,9072,8000,-0.14229940701444793,-0.4520156100109917,0.9430336952209473,True,False,0.14229940701444793,0.4520156100109917,0.14229940701444793,0.20201561001099172,0.24710205973398242,0.14720710678118656,0.1440021688782242,0.16482432459136287,0.16809172501140174,0.16389209251395834,0.1654559499262379,-14.89823466905985,0.9230306148529053,0.957258403301239,0.03422778844833374
137,2_18_0.txt,146,2.0,18.0,0,6_16_0.txt,True,ok,9072,9072,8000,-0.06472108096818466,-0.3844648351695728,0.950119137763977,True,False,0.06472108096818466,0.3844648351695728,0.06472108096818466,0.1344648351695728,0.14923005802743192,0.1215,0.1337193290716828,0.14875269562790977,0.16136566439030678,0.13806491221542674,0.14994963087417532,-12.137588421335824,0.9387017488479614,0.9582059979438782,0.019504249095916748
138,4_18_0.txt,147,4.0,18.0,0,6_16_0.txt,True,ok,9072,9072,8000,0.015182820232962855,-0.33386442942221844,0.9548680782318115,True,False,-0.015182820232962855,0.33386442942221844,-0.015182820232962855,0.08386442942221844,0.0852276982708129,0.09685849460005255,0.1155,0.13181977987763122,0.1440634102905084,0.1078640599847965,0.12468526445477542,-7.952609917554468,0.9491246938705444,0.9593102931976318,0.010185599327087402
139,6_18_0.txt,148,6.0,18.0,0,6_16_0.txt,True,ok,9072,9072,8000,0.10803266768277571,-0.2942178328965887,0.9564110636711121,True,False,-0.10803266768277571,0.2942178328965887,-0.10803266768277571,0.044217832896588705,0.11673163252832411,0.09031282905000403,0.0939748737341529,0.1427672932794995,0.14390758245331503,0.11437136422149709,0.11716313297930026,-24.67495653225883,0.9533106684684753,0.961602509021759,0.008291840553283691
140,8_18_0.txt,149,8.0,18.0,0,6_16_0.txt,True,ok,9072,9072,8000,0.1862623017593145,-0.24215558813306098,0.9569622874259949,True,False,-0.1862623017593145,0.24215558813306098,0.06373769824068551,-0.007844411866939016,0.0642186030255942,0.07757842712474619,0.08735572226881749,0.13907968074346883,0.14611370089882555,0.09802205291836506,0.10679486139698688,-22.252851471309263,0.9549457430839539,0.9516320824623108,-0.0033136606216430664
141,10_18_0.txt,150,10.0,18.0,0,6_16_0.txt,True,ok,9072,9072,8000,0.28094313644695734,-0.20812179922129448,0.9538240432739258,True,False,-0.28094313644695734,0.20812179922129448,-0.030943136446957342,-0.04187820077870552,0.05206977428063801,0.09685572226881749,0.10178389072852786,0.15429046558725343,0.1547829172024725,0.11113753071765288,0.11519299234439163,-13.174090241478147,0.9484480023384094,0.9504992365837097,0.002051234245300293
142,12_18_0.txt,151,12.0,18.0,0,6_16_0.txt,True,ok,9072,9072,8000,0.3605190468296128,-0.14941923333015508,0.9501763582229614,True,False,-0.3605190468296128,0.14941923333015508,-0.11051904682961278,-0.10058076666984492,0.14943543868848488,0.12561854801232458,0.11886554628610305,0.16711101548906185,0.16019961722701676,0.15310237379006758,0.1466082642953862,-23.339578941157527,0.9397555589675903,0.9510211944580078,0.01126563549041748
143,14_18_0.txt,152,14.0,18.0,0,6_16_0.txt,True,ok,9072,9072,8000,0.4570262527044372,-0.11577949999797384,0.9426332116127014,True,False,-0.4570262527044372,0.11577949999797384,-0.2070262527044372,0.11577949999797384,0.23720194334916886,0.14075,0.15936854801232458,0.16205760255295576,0.17173512613942846,0.159201795283095,0.17307931235134266,-8.603180809526966,0.9228208065032959,0.9557029604911804,0.03288215398788452
144,16_18_0.txt,153,16.0,18.0,0,6_16_0.txt,True,ok,9072,9072,8000,0.5372232117925215,-0.05697408003656728,0.9354093670845032,True,False,-0.5372232117925215,0.05697408003656728,-0.7872232117925215,0.05697408003656728,0.7892822251773737,0.17285355339059327,0.16897210140291788,0.15766123359898745,0.1607904307292338,0.1471453742997469,0.15316128778728672,9.357055682186205,0.9072423577308655,0.958693265914917,0.051450908184051514
145,18_18_0.txt,154,18.0,18.0,0,6_16_0.txt,True,ok,9072,9072,8000,0.6856098259418676,0.01970690370911651,0.94231116771698,True,False,-0.6856098259418676,-0.01970690370911651,-0.9356098259418676,-0.01970690370911651,0.9358173478049935,0.20035355339059327,0.2038685480123246,0.13625541588254514,0.13666356957666856,0.11225530099884727,0.11154263252915524,45.28698339362672,0.8826094269752502,0.9525500535964966,0.06994062662124634
146,20_18_0.txt,155,20.0,18.0,0,6_16_0.txt,True,ok,9072,9072,8000,0.7661545549025255,0.07137073119275465,0.9467551708221436,True,False,-0.7661545549025255,-0.07137073119275465,-1.0161545549025255,-0.07137073119275465,1.0186578722614075,0.23305788784054476,0.21403333139004102,0.1278848959064017,0.12805655916952155,0.09935668967185735,0.10508748203244293,50.90134730420186,0.8602961897850037,0.9545872211456299,0.09429103136062622
147,24_18_0.txt,156,24.0,18.0,0,6_16_0.txt,True,ok,9072,9072,8000,0.9399003509157106,0.16546094202361022,0.9494737386703491,True,False,-0.9399003509157106,-0.16546094202361022,-0.9399003509157106,0.08453905797638978,0.9436946126660951,0.27450609665440995,0.2782612534513989,0.10423774748560498,0.10229554853022411,0.09870080420590521,0.09581375766073251,65.56697834415982,0.8050556778907776,0.9582511186599731,0.15319544076919556
148,28_18_0.txt,157,28.0,18.0,0,6_16_0.txt,True,ok,9072,9072,8000,1.1019967795515453,0.26815353877514875,0.9434792995452881,True,False,-1.1019967795515453,-0.26815353877514875,-1.1019967795515453,-0.018153538775148748,1.1021462938793734,0.3329325461450385,0.3224472221513641,0.13918357661907016,0.14191959601086246,0.11430844885304776,0.11676140749638662,63.78898639059258,0.7488402128219604,0.9528432488441467,0.20400303602218628
149,32_18_0.txt,158,32.0,18.0,0,6_16_0.txt,True,ok,9072,9072,8000,1.2621475242376319,0.3987843049609737,0.92874675989151,True,False,-1.2621475242376319,-0.3987843049609737,-1.0121475242376319,-0.14878430496097372,1.0230246234686082,0.37807768747653864,0.3728678549651004,0.1683827688211469,0.17191252082367003,0.1382206619063118,0.14533003272183978,61.023716368512815,0.6990921497344971,0.9366327524185181,0.237540602684021
150,36_18_0.txt,159,36.0,18.0,0,6_16_0.txt,True,ok,9072,9072,8000,1.4283893848496463,0.506264619264108,0.9182653427124023,True,False,-1.4283893848496463,-0.506264619264108,-1.1783893848496463,-1.006264619264108,1.5495709168376477,0.43497866008339714,0.43313308455222344,0.17593718760880922,0.17618709922386738,0.16698409986625443,0.1608845194098613,62.8556383366131,0.6499801278114319,0.9143131971359253,0.2643330693244934
151,40_18_0.txt,160,40.0,18.0,0,6_16_0.txt,True,ok,9072,9072,8000,1.5667308085291234,0.6835573081165591,0.9267596006393433,True,False,-1.5667308085291234,-0.6835573081165591,-1.8167308085291234,-0.9335573081165591,2.0425572398825738,0.4956199507576414,0.5090921207050422,0.17465301535079886,0.17707496635181905,0.14867800534953465,0.15050573069628434,70.43644468748626,0.612963080406189,0.9380675554275513,0.3251044750213623
152,0_20_0.txt,161,0.0,20.0,0,6_16_0.txt,True,ok,9072,9072,8000,0.08291160381721284,-0.7517384212597841,0.9507833123207092,True,False,-0.08291160381721284,0.7517384212597841,-0.08291160381721284,1.001738421259784,1.0051637670925007,0.2207699358311906,0.20782842712474622,0.13313515134411402,0.1297876298080231,0.10288427883031108,0.1024564491776058,50.701426847585346,0.8708664178848267,0.9562777876853943,0.08541136980056763
153,2_20_0.txt,162,2.0,20.0,0,6_16_0.txt,True,ok,9072,9072,8000,0.15661743891339325,-0.6923674747630233,0.9452610015869141,True,False,-0.15661743891339325,0.6923674747630233,0.09338256108660675,0.9423674747630233,0.9469829777806628,0.1847065033281757,0.2068267839473413,0.15708088865532427,0.15759216833565198,0.13951032430094631,0.1360458410021162,34.22232923335797,0.8856269121170044,0.944355845451355,0.058728933334350586
154,4_20_0.txt,163,4.0,20.0,0,6_16_0.txt,True,ok,9072,9072,8000,0.25831677224856364,-0.6514561485572743,0.9380871653556824,True,False,-0.25831677224856364,0.6514561485572743,-0.008316772248563642,0.9014561485572743,0.9014945127244808,0.18176499462173132,0.1795327615746977,0.1681164428755891,0.1702696495362266,0.1323670450589623,0.13751290862072443,23.405117030124988,0.8896653652191162,0.9398911595344543,0.050225794315338135
155,6_20_0.txt,164,6.0,20.0,0,6_16_0.txt,True,ok,9072,9072,8000,0.3457814175250639,-0.587347236070562,0.9290090203285217,True,False,-0.3457814175250639,0.587347236070562,-0.09578141752506392,0.837347236070562,0.8428074950414953,0.16532565479351116,0.16096204799064584,0.17741742794707607,0.17379328729869964,0.1601663919135728,0.15817055669093238,1.7342543379391397,0.8958985805511475,0.9413557052612305,0.04545712471008301
156,8_20_0.txt,165,8.0,20.0,0,6_16_0.txt,True,ok,9072,9072,8000,0.44037084890468897,-0.5555828726913761,0.926568865776062,True,False,-0.44037084890468897,0.5555828726913761,-0.19037084890468897,0.8055828726913761,0.8277709978528975,0.1589292081841044,0.15857842712474618,0.1750082090366292,0.17394280189622996,0.16599233048461956,0.17463843937823004,-10.127488678425472,0.8929129242897034,0.9392653703689575,0.04635244607925415
157,10_20_0.txt,166,10.0,20.0,0,6_16_0.txt,True,ok,9072,9072,8000,0.5150683109189796,-0.5059648544947344,0.9248847365379333,True,False,-0.5150683109189796,0.5059648544947344,-0.7650683109189796,0.005964854494734384,0.7650915630573663,0.17138631496529097,0.17104265519120865,0.17648976528313995,0.17984691446342965,0.1683210864427194,0.17925090453841022,-4.79894874060834,0.8893606662750244,0.9179787039756775,0.028618037700653076
158,12_20_0.txt,167,12.0,20.0,0,6_16_0.txt,True,ok,9072,9072,8000,0.6081326026909856,-0.3956615665475982,0.9221398830413818,True,False,-0.6081326026909856,0.3956615665475982,-0.8581326026909856,0.1456615665475982,0.8704072930360276,0.20663172798364532,0.1929292081841044,0.1769990421383914,0.17712074381948398,0.15541215726429886,0.15982569899989352,17.158370936049018,0.8748193383216858,0.9404506087303162,0.06563127040863037
159,14_20_0.txt,168,14.0,20.0,0,6_16_0.txt,True,ok,9072,9072,8000,0.6977806309966438,-0.33196555611425765,0.931315541267395,True,False,-0.6977806309966438,0.33196555611425765,-0.9477806309966438,0.08196555611425765,0.9513182836892792,0.2239705535004503,0.22576040764008565,0.17914894527055542,0.17075161732120528,0.14815882065165312,0.13536899968092617,40.038644908572415,0.8613359928131104,0.9381726384162903,0.07683664560317993
160,16_20_0.txt,169,16.0,20.0,0,6_16_0.txt,True,ok,9072,9072,8000,0.798844527711109,-0.28756902351158004,0.9384586215019226,True,False,-0.798844527711109,0.28756902351158004,-1.048844527711109,0.037569023511580035,1.0495171627168147,0.24732106781186547,0.24722792206135785,0.15635276798620365,0.1536681535357053,0.12097508166155543,0.11634479178944125,52.94027033056307,0.839541494846344,0.9398937225341797,0.1003522276878357
161,18_20_0.txt,170,18.0,20.0,0,6_16_0.txt,True,ok,9072,9072,8000,0.8780729975208771,-0.22842488905357006,0.94451504945755,True,False,-0.8780729975208771,0.22842488905357006,-0.8780729975208771,-0.021575110946429943,0.878338018297995,0.26902817459305195,0.2740975992275126,0.13236494697953077,0.13732943500917405,0.11088596785497669,0.11318710976620892,58.70554500104947,0.8198843598365784,0.9552862048149109,0.13540184497833252
162,20_20_0.txt,171,20.0,20.0,0,6_16_0.txt,True,ok,9072,9072,8000,0.977623990581717,-0.19168163919297235,0.9476123452186584,True,False,-0.977623990581717,0.19168163919297235,-0.977623990581717,-0.05831836080702765,0.9793618831505235,0.29434595605010777,0.3021575787729259,0.10441423646705075,0.10300330994035121,0.0902408213580229,0.08651045754377307,71.3690922812211,0.7907404899597168,0.9555385708808899,0.1647980809211731
163,24_20_0.txt,172,24.0,20.0,0,6_16_0.txt,True,ok,9072,9072,8000,1.1191799159329423,-0.07536351956295191,0.9488762617111206,True,False,-1.1191799159329423,0.07536351956295191,-1.1191799159329423,0.07536351956295191,1.1217144664791407,0.34004875184561856,0.3454461610060637,0.09289424744489296,0.0936408485470356,0.09289424744489296,0.0936408485470356,72.89278066535182,0.7447484135627747,0.9676793813705444,0.22293096780776978
164,28_20_0.txt,173,28.0,20.0,0,6_16_0.txt,True,ok,9072,9072,8000,1.2853864510402015,0.03190965886063919,0.941107988357544,True,False,-1.2853864510402015,-0.03190965886063919,-1.0353864510402015,-0.03190965886063919,1.0358780475163214,0.39505750338889206,0.39371823673380196,0.13582092566227832,0.1358755370215453,0.11278654935099579,0.10662583959112705,72.91823704289874,0.6878931522369385,0.9494494795799255,0.26155632734298706
165,32_20_0.txt,174,32.0,20.0,0,6_16_0.txt,True,ok,9072,9072,8000,1.4457432010960825,0.15643412920612337,0.9265760183334351,True,False,-1.4457432010960825,-0.15643412920612337,-1.1957432010960825,-0.15643412920612337,1.2059326016606335,0.4425231239591687,0.4387288635589202,0.16878859522631331,0.16757994057110806,0.16292030148199171,0.16342812082231306,62.749630945955516,0.6377426981925964,0.9495107531547546,0.3117680549621582
166,36_20_0.txt,175,36.0,20.0,0,6_16_0.txt,True,ok,9072,9072,8000,1.6343514680918683,0.2976390332165305,0.9310283660888672,True,False,-1.6343514680918683,-0.2976390332165305,-1.8843514680918683,-0.04763903321653051,1.8849535625011522,0.4946077202587716,0.4903117127178347,0.1706666019842526,0.17399775241501123,0.1368884780586647,0.1364120244467442,72.17850993389449,0.5905954837799072,0.9402843117713928,0.3496888279914856
167,40_20_0.txt,176,40.0,20.0,0,6_16_0.txt,True,ok,9072,9072,8000,1.7830119305739385,0.4204294561000238,0.9301548600196838,True,False,-1.7830119305739385,-0.4204294561000238,-2.0330119305739385,-0.1704294561000238,2.0401430610039393,0.5452648293160469,0.5732668555581454,0.1702159165086259,0.17297073019867726,0.14721289569051782,0.14626885403050927,74.4850321255537,0.5541919469833374,0.9398002028465271,0.3856082558631897
168,0_24_0.txt,177,0.0,24.0,0,6_16_0.txt,True,ok,9072,9072,8000,0.1981116967465701,-0.9187096485995461,0.9519767165184021,True,False,-0.1981116967465701,0.9187096485995461,0.05188830325342991,0.9187096485995461,0.9201737957823084,0.25874785789254845,0.27377386360737627,0.11775617579790512,0.12676070986769974,0.10179967826202604,0.11182160389766921,59.155486055442296,0.8215967416763306,0.9583647847175598,0.13676804304122925
169,2_24_0.txt,178,2.0,24.0,0,6_16_0.txt,True,ok,9072,9072,8000,0.2732197993348881,-0.8609173045602266,0.9464162588119507,True,False,-0.2732197993348881,0.8609173045602266,-0.023219799334888103,0.8609173045602266,0.8612303782219938,0.24535141128314172,0.24494543648263004,0.14933943329701535,0.14447669751976805,0.12255579851072285,0.11700139700372121,52.23368980298671,0.8369251489639282,0.9558160901069641,0.11889094114303589
170,4_24_0.txt,179,4.0,24.0,0,6_16_0.txt,True,ok,9072,9072,8000,0.3711157897898319,-0.8173797852544091,0.9385431408882141,True,False,-0.3711157897898319,0.8173797852544091,-0.1211157897898319,1.0673797852544091,1.0742293239835539,0.22681892570441392,0.2341068777137681,0.16859608068899062,0.16337314579559706,0.15470238159941527,0.14448495712524853,38.282480832577775,0.8414937853813171,0.9399720430374146,0.09847825765609741
171,6_24_0.txt,180,6.0,24.0,0,6_16_0.txt,True,ok,9072,9072,8000,0.46022941517035704,-0.7496659715584149,0.9288333654403687,True,False,-0.46022941517035704,0.7496659715584149,-0.21022941517035704,0.9996659715584149,1.021532408538613,0.2101068777137681,0.21508911076080173,0.1736797921109871,0.17292321015825912,0.15186461487957542,0.14952317029716017,30.4831519511728,0.848858654499054,0.939621090888977,0.0907624363899231
172,8_24_0.txt,181,8.0,24.0,0,6_16_0.txt,True,ok,9072,9072,8000,0.5826902032784238,-0.6704922458067184,0.9262052774429321,True,False,-0.5826902032784238,0.6704922458067184,-0.8326902032784238,0.9204922458067184,1.241240890893528,0.2104028192597865,0.2080743921350403,0.17856000666898442,0.1765832089013573,0.156248583015848,0.15363420066655778,26.163811370478896,0.8443382978439331,0.9424140453338623,0.0980757474899292
173,10_24_0.txt,182,10.0,24.0,0,6_16_0.txt,True,ok,9072,9072,8000,0.6602490199974647,-0.6210412953390931,0.9284283518791199,True,False,-0.6602490199974647,0.6210412953390931,-0.9102490199974647,0.8710412953390931,1.2598675393041723,0.22431980515339467,0.21381703282215958,0.1745769622934415,0.17394335997976793,0.1455072199537262,0.1443885360084283,32.470985074176866,0.840376615524292,0.9413549304008484,0.1009783148765564
174,12_24_0.txt,183,12.0,24.0,0,6_16_0.txt,True,ok,9072,9072,8000,0.7521566216918599,-0.585466281275685,0.9301784634590149,True,False,-0.7521566216918599,0.585466281275685,-1.00215662169186,0.835466281275685,1.304730547488432,0.23252413960334614,0.24531333848154294,0.16877771886453502,0.17147775829097178,0.13248620990214527,0.13881939190512987,43.41139672045413,0.8277229070663452,0.9404422640800476,0.11271935701370239
175,14_24_0.txt,184,14.0,24.0,0,6_16_0.txt,True,ok,9072,9072,8000,0.8346224189659113,-0.5298371233644789,0.9277192950248718,True,False,-0.8346224189659113,0.5298371233644789,-0.8346224189659113,0.7798371233644789,1.1422523894559795,0.26251955262170046,0.26119215549216185,0.17068845647783465,0.16651130191564562,0.16751175039088897,0.1597788771883127,38.827076606782875,0.8147521018981934,0.9525715708732605,0.13781946897506714
176,16_24_0.txt,185,16.0,24.0,0,6_16_0.txt,True,ok,9072,9072,8000,0.9180273015013863,-0.4542584692643075,0.9279018044471741,True,False,-0.9180273015013863,0.4542584692643075,-0.9180273015013863,0.20425846926430752,0.9404762881477211,0.2919095325592555,0.2863228534805996,0.1622478269690545,0.1617952822036689,0.1601069315576645,0.16132746656580935,43.6553999777945,0.7930769920349121,0.9496706128120422,0.15659362077713013
177,18_24_0.txt,186,18.0,24.0,0,6_16_0.txt,True,ok,9072,9072,8000,1.0053849989258015,-0.3956920619936451,0.9338293671607971,True,False,-1.0053849989258015,0.3956920619936451,-1.0053849989258015,0.1456920619936451,1.0158863976808599,0.3176245111620938,0.31019274266141683,0.14941616754399342,0.14441170313513646,0.13316828112475082,0.13389175148684224,56.83594969435231,0.7720757126808167,0.9489285349845886,0.17685282230377197
178,20_24_0.txt,187,20.0,24.0,0,6_16_0.txt,True,ok,9072,9072,8000,1.096694954704281,-0.35661428791404004,0.936694324016571,True,False,-1.096694954704281,0.35661428791404004,-1.096694954704281,0.10661428791404004,1.101864978144438,0.34260694351139387,0.3469294551983978,0.15490846968959493,0.1533676431032909,0.13623627079969022,0.13411187170489847,61.3431867212877,0.7463793754577637,0.9518041610717773,0.20542478561401367
179,24_24_0.txt,188,24.0,24.0,0,6_16_0.txt,True,ok,9072,9072,8000,1.2757077743009335,-0.26906604157476854,0.9349383115768433,True,False,-1.2757077743009335,0.26906604157476854,-1.0257077743009335,0.019066041574768544,1.025884960511024,0.3947703263055545,0.40085620607409017,0.16072138693677093,0.1670069711482923,0.10987376798631719,0.11998113101486164,70.06878546550791,0.6893112063407898,0.9381594657897949,0.24884825944900513
180,28_24_0.txt,189,28.0,24.0,0,6_16_0.txt,True,ok,9072,9072,8000,1.4210102615379574,-0.15161945724549464,0.9288852214813232,True,False,-1.4210102615379574,0.15161945724549464,-1.1710102615379574,-0.09838054275450536,1.1751356363500625,0.43017209367461323,0.4441920416721375,0.17087138074800737,0.1705950467427461,0.16619584300251872,0.1648076928788044,62.89719818968513,0.6409201622009277,0.941606879234314,0.30068671703338623
181,32_24_0.txt,190,32.0,24.0,0,6_16_0.txt,True,ok,9072,9072,8000,1.6212192304432127,-0.00712901857689257,0.9350314736366272,True,False,-1.6212192304432127,0.00712901857689257,-1.8712192304432127,0.00712901857689257,1.8712328105520057,0.4850085478247365,0.49571650041723625,0.14176547780107712,0.14765316374599183,0.12304599837134467,0.12839091151252915,74.0999318351387,0.5865711569786072,0.9489363431930542,0.362365186214447
182,36_24_0.txt,191,36.0,24.0,0,6_16_0.txt,True,ok,9072,9072,8000,1.7799335819230369,0.11415972944551905,0.943719208240509,True,False,-1.7799335819230369,-0.11415972944551905,-2.0299335819230366,-0.11415972944551905,2.0331411143464595,0.5371646814142202,0.5372322314208653,0.134150152993338,0.13139711861462974,0.11261665203107402,0.10843382344806304,79.81621036376046,0.5447969436645508,0.9514609575271606,0.40666401386260986
183,40_24_0.txt,192,40.0,24.0,0,6_16_0.txt,True,ok,9072,9072,8000,1.9500099916184654,0.2174521060293108,0.9435788989067078,True,False,-1.9500099916184654,-0.2174521060293108,-1.9500099916184654,0.03254789397068919,1.9502816034649393,0.6095558299874617,0.6029157063828251,0.1198459359683161,0.12024776223518058,0.09773777335469032,0.09580321826319944,84.11001450966205,0.5030385255813599,0.9504449367523193,0.4474064111709595
184,0_28_0.txt,193,0.0,28.0,0,6_16_0.txt,True,ok,9072,9072,8000,0.34416549382991485,-1.110391099647924,0.9428085088729858,True,False,-0.34416549382991485,1.110391099647924,-0.09416549382991485,1.110391099647924,1.1143767470678656,0.3198215908221287,0.31962644201271323,0.16279740586898225,0.1514485914034751,0.14856099030031067,0.13391443144892612,58.102830727753236,0.7642919421195984,0.9520657658576965,0.18777382373809814
185,2_28_0.txt,194,2.0,28.0,0,6_16_0.txt,True,ok,9072,9072,8000,0.4151352340709384,-1.0514886986865928,0.9371083974838257,True,False,-0.4151352340709384,1.0514886986865928,-0.16513523407093839,1.0514886986865928,1.0643768735731192,0.3033761923078637,0.3004665002310253,0.15542068212449556,0.16049431153510338,0.14976124591970316,0.15202223914644764,49.404596176425834,0.778744637966156,0.950424075126648,0.17167943716049194
186,4_28_0.txt,195,4.0,28.0,0,6_16_0.txt,True,ok,9072,9072,8000,0.4995627200642167,-0.9872124132164466,0.9295912384986877,True,False,-0.4995627200642167,0.9872124132164466,-0.9995627200642168,0.9872124132164466,1.4048893124195998,0.2815317787617346,0.28501093065034894,0.15515708175309692,0.15927240795004274,0.14233447445505967,0.15519935982491767,45.54617274825994,0.7900276184082031,0.9171762466430664,0.12714862823486328
187,6_28_0.txt,196,6.0,28.0,0,6_16_0.txt,True,ok,9072,9072,8000,0.6444355312586392,-0.916719512871289,0.9365350604057312,True,False,-0.6444355312586392,0.916719512871289,-0.8944355312586392,0.916719512871289,1.2807769457859934,0.2755243866176395,0.26390737725975566,0.15668550516659277,0.14890513722815252,0.13888098486837788,0.13466491110237813,48.97266135541496,0.7908104062080383,0.9494326114654541,0.15862220525741577
188,8_28_0.txt,197,8.0,28.0,0,6_16_0.txt,True,ok,9072,9072,8000,0.7267125906963984,-0.8616863914778142,0.9405441284179688,True,False,-0.7267125906963984,0.8616863914778142,-0.9767125906963984,0.8616863914778142,1.3024864383489476,0.25859511780763805,0.2673902649202135,0.14646129289970525,0.1498854635861197,0.11768601230644626,0.12709025814903682,52.47012519810351,0.7924706339836121,0.9504035115242004,0.15793287754058838
189,10_28_0.txt,198,10.0,28.0,0,6_16_0.txt,True,ok,9072,9072,8000,0.8197984717199377,-0.8272242864717771,0.9439281821250916,True,False,-0.8197984717199377,0.8272242864717771,-1.0697984717199378,1.0772242864717771,1.5181834320855119,0.27744614583738353,0.27966932740381995,0.1341909840906482,0.14243007549544018,0.11847043057721984,0.12436675097242499,55.53078625856977,0.7836487293243408,0.9442811012268066,0.16063237190246582
190,12_28_0.txt,199,12.0,28.0,0,6_16_0.txt,True,ok,9072,9072,8000,0.8958886348445922,-0.7729010539960265,0.9437550902366638,True,False,-0.8958886348445922,0.7729010539960265,-0.8958886348445922,1.0229010539960264,1.3597584389552024,0.288333028457422,0.28726973901009684,0.13142826276256347,0.12838764954082507,0.10684485351748432,0.10196160168570614,64.50666817985919,0.7768837213516235,0.9534833431243896,0.1765996217727661
191,14_28_0.txt,200,14.0,28.0,0,6_16_0.txt,True,ok,9072,9072,8000,0.9915158841679463,-0.7367703877284685,0.9419177174568176,True,False,-0.9915158841679463,0.7367703877284685,-0.9915158841679463,0.9867703877284685,1.3988636626401934,0.31727700186827124,0.31754520189781077,0.1314585385468625,0.12534972589652346,0.10309554114037715,0.09612959872173168,69.72727090593321,0.7592058777809143,0.9475961923599243,0.18839031457901
192,16_28_0.txt,201,16.0,28.0,0,6_16_0.txt,True,ok,9072,9072,8000,1.0712938461041748,-0.6795283061947588,0.9375970363616943,True,False,-1.0712938461041748,0.6795283061947588,-1.0712938461041748,0.9295283061947588,1.4183417700674166,0.34350511384144683,0.3319822179222596,0.1457514657365469,0.1474522914439213,0.12622835145735473,0.1253491858232095,62.242198811816316,0.743661105632782,0.9481067657470703,0.20444566011428833
193,18_28_0.txt,202,18.0,28.0,0,6_16_0.txt,True,ok,9072,9072,8000,1.1713948859798653,-0.6408419795024033,0.9320838451385498,True,False,-1.1713948859798653,0.6408419795024033,-0.9213948859798653,0.8908419795024033,1.2816270785035753,0.37716628421376563,0.3678592544012952,0.16235018092651096,0.16487181991054461,0.14964503328241308,0.14900745393252351,59.493351832336316,0.7194235920906067,0.9365857839584351,0.21716219186782837
194,20_28_0.txt,203,20.0,28.0,0,6_16_0.txt,True,ok,9072,9072,8000,1.2549349946563468,-0.5775566841211288,0.923565149307251,True,False,-1.2549349946563468,0.5775566841211288,-1.0049349946563468,0.07755668412112882,1.0079233020110292,0.39427346796366824,0.39468727959956107,0.174807141243968,0.17271320084652,0.15417941110264188,0.16551768677254106,58.06358721758888,0.6985211968421936,0.9095916748046875,0.2110704779624939
195,24_28_0.txt,204,24.0,28.0,0,6_16_0.txt,True,ok,9072,9072,8000,1.414587635864887,-0.4582165903018968,0.9166082739830017,True,False,-1.414587635864887,0.4582165903018968,-1.164587635864887,0.20821659030189682,1.1830547367245163,0.4333335461033437,0.4400647671654972,0.1778953521285027,0.18028226813165835,0.1639475162803397,0.1674989548433108,61.93765842192072,0.6481518745422363,0.9412121176719666,0.2930602431297302
196,28_28_0.txt,205,28.0,28.0,0,6_16_0.txt,True,ok,9072,9072,8000,1.5526200188429986,-0.2904159477483371,0.9215789437294006,True,False,-1.5526200188429986,0.2904159477483371,-1.8026200188429986,0.04041594774833712,1.8030730382227806,0.48990882936460933,0.4853410479075536,0.17666944650243144,0.17584265910372351,0.15036283448453636,0.14784737673516862,69.5374258219902,0.5995113849639893,0.937086284160614,0.33757489919662476
197,32_28_0.txt,206,32.0,28.0,0,6_16_0.txt,True,ok,9072,9072,8000,1.743910440092069,-0.17121201572430472,0.9379013180732727,True,False,-1.743910440092069,0.17121201572430472,-1.993910440092069,-0.07878798427569528,1.9954664591454239,0.5263072336754364,0.5318627262873968,0.14740604344420527,0.1504300353686638,0.11406071851983454,0.11643044950285697,78.10892853582999,0.5471736192703247,0.9357715845108032,0.3885979652404785
198,36_28_0.txt,207,36.0,28.0,0,6_16_0.txt,True,ok,9072,9072,8000,1.9015285202763548,-0.04656700611153764,0.946490466594696,True,False,-1.9015285202763548,0.04656700611153764,-1.9015285202763548,0.04656700611153764,1.9020986303245622,0.5837203230947041,0.5811659976049388,0.08597869086016438,0.08351105774892573,0.08597869086016438,0.08351105774892573,85.63042949981833,0.5045322179794312,0.9628977179527283,0.4583654999732971
199,40_28_0.txt,208,40.0,28.0,0,6_16_0.txt,True,ok,9072,9072,8000,2.069859646210008,0.049832987399992,0.9460266828536987,True,False,-2.069859646210008,-0.049832987399992,-2.069859646210008,-0.049832987399992,2.070459437333131,0.6511917621149196,0.6429276846836737,0.07963877304924394,0.07705198794475362,0.07963877304924394,0.07705198794475362,88.0154502939683,0.46499305963516235,0.9621460437774658,0.49715298414230347
200,0_32_0.txt,209,0.0,32.0,0,6_16_0.txt,True,ok,9072,9072,8000,0.4794561429496698,-1.2957810588530676,0.9260292053222656,True,False,-0.4794561429496698,1.2957810588530676,-0.9794561429496698,1.0457810588530676,1.4328267023676267,0.3684859468758311,0.37205667213712756,0.17557078641590454,0.1809774977359777,0.15409494346107352,0.15987449254624814,57.02953218714923,0.7156695127487183,0.9059338569641113,0.19026434421539307
201,2_32_0.txt,210,2.0,32.0,0,6_16_0.txt,True,ok,9072,9072,8000,0.5847070719026033,-1.1868135082520284,0.9272016882896423,True,False,-0.5847070719026033,1.1868135082520284,-0.8347070719026033,0.9368135082520284,1.2547332167148884,0.3593546008650504,0.3356129833548665,0.17156278967258584,0.16718864131869662,0.15804035739644737,0.1530394201603667,54.40002987055251,0.7314411997795105,0.937224268913269,0.20578306913375854
202,4_32_0.txt,211,4.0,32.0,0,6_16_0.txt,True,ok,9072,9072,8000,0.6713973163986023,-1.124605063424849,0.9354225397109985,True,False,-0.6713973163986023,1.124605063424849,-0.9213973163986023,1.124605063424849,1.4538602282707078,0.32821982310026954,0.32727090020359,0.15242054664645133,0.15590877177871107,0.13147495054049954,0.13311686551336796,59.32517512844617,0.7432200312614441,0.9496874809265137,0.20646744966506958
203,6_32_0.txt,212,6.0,32.0,0,6_16_0.txt,True,ok,9072,9072,8000,0.7659095409875106,-1.081643743652863,0.9422938227653503,True,False,-0.7659095409875106,1.081643743652863,-1.0159095409875105,1.081643743652863,1.483922297040123,0.32471386893718884,0.31387503417235707,0.12939180540059214,0.12733480516893575,0.10246060537306934,0.09807084518493565,68.75481178567316,0.7458147406578064,0.9503548741340637,0.20454013347625732
204,8_32_0.txt,213,8.0,32.0,0,6_16_0.txt,True,ok,9072,9072,8000,0.8392282794572535,-1.0297469719715864,0.9457734823226929,True,False,-0.8392282794572535,1.0297469719715864,-1.0892282794572536,1.0297469719715864,1.4989319767934968,0.3113295791221674,0.30692097571837545,0.10081154479838095,0.0958634012651094,0.09544177191511889,0.08961278864769963,70.80265093060093,0.746786892414093,0.9531937837600708,0.20640689134597778
205,10_32_0.txt,214,10.0,32.0,0,6_16_0.txt,True,ok,9072,9072,8000,0.9408518347912201,-0.9934319838127209,0.9486212134361267,True,False,-0.9408518347912201,0.9934319838127209,-0.9408518347912201,0.9934319838127209,1.3682504454565632,0.3112857233523156,0.32541505762218015,0.05765573805035429,0.06443118842004447,0.05765573805035429,0.06443118842004447,80.20030514542088,0.7405257821083069,0.9641724824905396,0.22364670038223267
206,12_32_0.txt,215,12.0,32.0,0,6_16_0.txt,True,ok,9072,9072,8000,1.013500528984369,-0.9367220985443181,0.9480387568473816,True,False,-1.013500528984369,0.9367220985443181,-1.013500528984369,0.9367220985443181,1.3800839148953468,0.34240065861127755,0.3369022515178392,0.06569718227181981,0.062017213047555385,0.06569718227181981,0.062017213047555385,81.59192680721176,0.7331823706626892,0.9637338519096375,0.23055148124694824
207,14_32_0.txt,216,14.0,32.0,0,6_16_0.txt,True,ok,9072,9072,8000,1.1096720719804394,-0.9019870037233935,0.9455117583274841,True,False,-1.1096720719804394,0.9019870037233935,-1.1096720719804394,0.9019870037233935,1.4300184132448317,0.3652387022962386,0.3667623901378353,0.10422074744323238,0.10270357936041313,0.10422074744323238,0.10270357936041313,71.99724341369478,0.7170163989067078,0.9642850756645203,0.2472686767578125
208,16_32_0.txt,217,16.0,32.0,0,6_16_0.txt,True,ok,9072,9072,8000,1.1886378399608097,-0.841542452982065,0.9407082796096802,True,False,-1.1886378399608097,0.841542452982065,-0.9386378399608097,0.841542452982065,1.2606485215068337,0.3869092354489366,0.4017338240938614,0.13875758531471255,0.14040884869683531,0.12798616990004694,0.13250352557155934,67.01708503872428,0.700777530670166,0.9513694643974304,0.2505919337272644
209,18_32_0.txt,218,18.0,32.0,0,6_16_0.txt,True,ok,9072,9072,8000,1.2827522540851806,-0.8028919810288662,0.9340915679931641,True,False,-1.2827522540851806,0.8028919810288662,-1.0327522540851806,1.0528919810288662,1.474841937982817,0.4123218058339048,0.42034190189411097,0.15303025775451629,0.16188413829597548,0.1200260289416962,0.13325590141769428,68.29821133291085,0.6801104545593262,0.9313348531723022,0.2512243986129761
210,20_32_0.txt,219,20.0,32.0,0,6_16_0.txt,True,ok,9072,9072,8000,1.3736311566708548,-0.7373031772875928,0.9253576397895813,True,False,-1.3736311566708548,0.7373031772875928,-1.1236311566708548,0.9873031772875928,1.4957655364807878,0.4482696720972009,0.4452771804415048,0.17007194696252226,0.17423143766971408,0.13937962145035812,0.14234907387002801,68.03135661951396,0.6580854058265686,0.9308991432189941,0.27281373739242554
211,24_32_0.txt,220,24.0,32.0,0,6_16_0.txt,True,ok,9072,9072,8000,1.5360319320154767,-0.5747677966290083,0.9181379079818726,True,False,-1.5360319320154767,0.5747677966290083,-1.7860319320154767,0.8247677966290083,1.9672701849352583,0.48763717210876045,0.5022230164683681,0.18127675755999914,0.18055366431973788,0.16406997504314305,0.16580674407313403,66.98543502862793,0.6093313694000244,0.9420528411865234,0.332721471786499
212,28_32_0.txt,221,28.0,32.0,0,6_16_0.txt,True,ok,9072,9072,8000,1.6758235636515686,-0.4487557914534095,0.9168739318847656,True,False,-1.6758235636515686,0.4487557914534095,-1.9258235636515686,0.9487557914534095,2.1468427865430697,0.5337338046273878,0.5328613896820796,0.1749339924173336,0.18174666342015644,0.15555512614770117,0.16548306275437757,68.94444484838552,0.5620493292808533,0.9100730419158936,0.3480237126350403
213,32_32_0.txt,222,32.0,32.0,0,6_16_0.txt,True,ok,9072,9072,8000,1.8629244588562703,-0.3290031848817458,0.9324554800987244,True,False,-1.8629244588562703,0.3290031848817458,-1.8629244588562703,0.07900318488174579,1.8645988959093553,0.5833001087528572,0.5827702067885137,0.15789470787263518,0.1601394085494671,0.14349682070944608,0.14331946101664778,75.40720864808071,0.5109488368034363,0.9454856514930725,0.43453681468963623
214,36_32_0.txt,223,36.0,32.0,0,6_16_0.txt,True,ok,9072,9072,8000,2.022658011388194,-0.2079578652852408,0.9411411285400391,True,False,-2.022658011388194,0.2079578652852408,-2.022658011388194,-0.042042134714759205,2.023094899436064,0.6332391276687199,0.6335696948318359,0.11392632089049191,0.11390065210036361,0.09584632500180368,0.09306132806839218,85.3115878446344,0.47124525904655457,0.9473966360092163,0.47615137696266174
215,40_32_0.txt,224,40.0,32.0,0,6_16_0.txt,True,ok,9072,9072,8000,2.1926688159319494,-0.10721306523421227,0.9398084878921509,True,False,-2.1926688159319494,0.10721306523421227,-1.9426688159319494,0.10721306523421227,1.945625033183773,0.7013404989018881,0.6998118874721886,0.13395476954785465,0.12368551680340178,0.12310854693824484,0.1122844630411796,83.9550506284245,0.43156594038009644,0.9471865296363831,0.5156205892562866
216,0_36_0.txt,225,0.0,36.0,0,6_16_0.txt,True,ok,9072,9072,8000,0.6249658873750095,-1.415731863476194,0.9174628257751465,True,False,-0.6249658873750095,1.415731863476194,-0.8749658873750095,1.165731863476194,1.4575651208757767,0.4280590409335998,0.42387768041872975,0.17634638312928755,0.179630049540485,0.15846528243394023,0.16527010449224333,61.00995354863214,0.6746506690979004,0.9353970289230347,0.2607463598251343
217,2_36_0.txt,226,2.0,36.0,0,6_16_0.txt,True,ok,9072,9072,8000,0.7051493915012211,-1.3458209238376317,0.9261278510093689,True,False,-0.7051493915012211,1.3458209238376317,-0.9551493915012211,1.0958209238376317,1.4536622225281615,0.3978543639330794,0.4116246667044796,0.17279436641703175,0.177616087862689,0.144152815145054,0.1428764610293219,65.28962606317806,0.68886798620224,0.9327324032783508,0.24386441707611084
218,4_36_0.txt,227,4.0,36.0,0,6_16_0.txt,True,ok,9072,9072,8000,0.7870345807969024,-1.284892333628078,0.9339073896408081,True,False,-0.7870345807969024,1.284892333628078,-1.0370345807969024,1.034892333628078,1.465074354417132,0.3776848482106124,0.3997172303620098,0.15715568264771526,0.16253044133831626,0.11430257859085802,0.12808764332406877,67.95543609464514,0.700794517993927,0.9342510104179382,0.23345649242401123
219,6_36_0.txt,228,6.0,36.0,0,6_16_0.txt,True,ok,9072,9072,8000,0.8845300135240466,-1.2417763295085145,0.9398278594017029,True,False,-0.8845300135240466,1.2417763295085145,-0.8845300135240466,0.9917763295085145,1.3289144564637076,0.3713630080222947,0.38348103033379993,0.13782140013164354,0.1382447761371871,0.11201325747683895,0.11288413182967727,70.5633074649305,0.7036676406860352,0.9491285681724548,0.24546092748641968
220,8_36_0.txt,229,8.0,36.0,0,6_16_0.txt,True,ok,9072,9072,8000,0.9617793150005463,-1.1900151461669295,0.9433197975158691,True,False,-0.9617793150005463,1.1900151461669295,-0.9617793150005463,0.9400151461669295,1.344859816406957,0.3677619452555697,0.36533934898607534,0.10975264559321818,0.10795878315846497,0.09487327383694376,0.09466029524687272,74.08976188587872,0.7072985172271729,0.9509873390197754,0.24368882179260254
221,10_36_0.txt,230,10.0,36.0,0,6_16_0.txt,True,ok,9072,9072,8000,1.0584703817523673,-1.1506574253236255,0.9444574117660522,True,False,-1.0584703817523673,1.1506574253236255,-1.0584703817523673,1.1506574253236255,1.5634487709865639,0.38946944003118195,0.3752153230831848,0.1032707574319921,0.10226305018411094,0.1032707574319921,0.10226305018411094,72.74550267728823,0.7020162343978882,0.9630208611488342,0.26100462675094604
222,12_36_0.txt,231,12.0,36.0,0,6_16_0.txt,True,ok,9072,9072,8000,1.1294222063724573,-1.097131216830666,0.9439082741737366,True,False,-1.1294222063724573,1.097131216830666,-1.1294222063724573,1.097131216830666,1.57457658663895,0.401738693891473,0.3980512566632116,0.10775366605234113,0.10672865014366309,0.10775366605234113,0.10672865014366309,73.18720934626631,0.6962263584136963,0.9632068872451782,0.26698052883148193
223,14_36_0.txt,232,14.0,36.0,0,6_16_0.txt,True,ok,9072,9072,8000,1.2248318534545235,-1.0605062740538267,0.9403838515281677,True,False,-1.2248318534545235,1.0605062740538267,-0.9748318534545235,1.0605062740538267,1.4404758588109388,0.41981910029447167,0.4341839632791495,0.13219291294042193,0.131216762387736,0.10872711845392093,0.11016169583008348,74.62787547515723,0.6816163063049316,0.9467899799346924,0.26517367362976074
224,16_36_0.txt,233,16.0,36.0,0,6_16_0.txt,True,ok,9072,9072,8000,1.3056522644318576,-1.0046271498758303,0.9361106157302856,True,False,-1.3056522644318576,1.0046271498758303,-1.0556522644318576,1.0046271498758303,1.4572842597337496,0.45121176940216917,0.44392066760487603,0.14113427671262962,0.14045278346817883,0.12154751357892499,0.11463760717316965,74.17610498026959,0.6678152680397034,0.9431838989257812,0.2753686308860779
225,18_36_0.txt,234,18.0,36.0,0,6_16_0.txt,True,ok,9072,9072,8000,1.4054192470221492,-0.9689231850836475,0.9281242489814758,True,False,-1.4054192470221492,0.9689231850836475,-1.1554192470221492,0.9689231850836475,1.5079143791946115,0.4837170517273139,0.47731070380859947,0.1586750202423412,0.15288589310375747,0.15038832962225127,0.14276726744309412,70.08923824588197,0.6447499990463257,0.9437821507453918,0.29903215169906616
226,20_36_0.txt,235,20.0,36.0,0,6_16_0.txt,True,ok,9072,9072,8000,1.5095795386303443,-0.8634808881803704,0.9247960448265076,True,False,-1.5095795386303443,0.8634808881803704,-1.7595795386303443,0.8634808881803704,1.9600304581866417,0.5026025024256644,0.492041405862412,0.17295838462386195,0.17066791490468086,0.17195672703213336,0.17046645524496587,65.35526213567626,0.6267151832580566,0.9484937787055969,0.3217785954475403
227,24_36_0.txt,236,24.0,36.0,0,6_16_0.txt,True,ok,9072,9072,8000,1.692871201536246,-0.7764703197387195,0.9346261024475098,True,False,-1.692871201536246,0.7764703197387195,-1.942871201536246,1.0264703197387195,2.1973597391104183,0.5472220713896525,0.5542329281784116,0.16428270172999185,0.16506006286200217,0.11771342126653978,0.12427443984954498,77.5772182540659,0.5785959362983704,0.9370679259300232,0.35847198963165283
228,28_36_0.txt,237,28.0,36.0,0,6_16_0.txt,True,ok,9072,9072,8000,1.8606790402630982,-0.6783143228584421,0.9351862072944641,True,False,-1.8606790402630982,0.6783143228584421,-1.8606790402630982,0.9283143228584421,2.0793975023786415,0.6019408103618769,0.594596488223892,0.1548775898893323,0.15750591185083615,0.13266868024203507,0.1335926358302973,77.53221916440351,0.5289444923400879,0.9474159479141235,0.41847145557403564
229,32_36_0.txt,238,32.0,36.0,0,6_16_0.txt,True,ok,9072,9072,8000,2.019396484386509,-0.5594384922388563,0.9261388778686523,True,False,-2.019396484386509,0.5594384922388563,-2.019396484386509,0.8094384922388563,2.1755810336253867,0.6438746194078185,0.6458521632258718,0.1567318272606862,0.15659357495123086,0.15243843492472423,0.15357703758060373,76.22102296390487,0.48064443469047546,0.9416559338569641,0.46101149916648865
230,36_36_0.txt,239,36.0,36.0,0,6_16_0.txt,True,ok,9072,9072,8000,2.1796692119839185,-0.41166842251856384,0.9251520037651062,True,False,-2.1796692119839185,0.41166842251856384,-1.9296692119839185,0.16166842251856384,1.9364296905692904,0.7131454126339298,0.7070561764358415,0.16759433046204372,0.16917064438683724,0.15370953024355857,0.15409553901247833,78.20604017784703,0.43815863132476807,0.9348251819610596,0.4966665506362915
231,40_36_0.txt,240,40.0,36.0,0,6_16_0.txt,True,ok,9072,9072,8000,2.33503989042507,-0.29310376439681984,0.9257355332374573,True,False,-2.33503989042507,0.29310376439681984,-2.08503989042507,0.043103764396819844,2.0854853821518304,0.7656335068573328,0.7718114189567834,0.1707933901852579,0.17619019347288434,0.13499423204456054,0.1385361756391996,82.05051490084823,0.4043930172920227,0.9331948161125183,0.5288017988204956
232,0_40_0.txt,241,0.0,40.0,0,6_16_0.txt,True,ok,9072,9072,8000,0.7831168351534964,-1.6148044617407966,0.9288212656974792,True,False,-0.7831168351534964,1.6148044617407966,-1.0331168351534963,1.8648044617407966,2.1318597692169994,0.4960222545674537,0.5000463430433197,0.1670415139843061,0.16941867764779675,0.1359885180105993,0.13913257885710487,72.17606312040331,0.6364449262619019,0.9369270205497742,0.3004820942878723
233,2_40_0.txt,242,2.0,40.0,0,6_16_0.txt,True,ok,9072,9072,8000,0.8505305191980543,-1.5559452296753513,0.9258224964141846,True,False,-0.8505305191980543,1.5559452296753513,-0.8505305191980543,1.8059452296753513,1.9962064864824154,0.48152972083251644,0.48112035210986165,0.17479663443252974,0.1718675607254088,0.16924970024958938,0.16411022934712205,65.88998394529604,0.6522226929664612,0.9476659893989563,0.2954432964324951
234,4_40_0.txt,243,4.0,40.0,0,6_16_0.txt,True,ok,9072,9072,8000,0.9438448996782963,-1.517833539477851,0.9232168197631836,True,False,-0.9438448996782963,1.517833539477851,-0.9438448996782963,1.767833539477851,2.004015623180498,0.46934312290729097,0.4610178852881401,0.16291971044928868,0.1543564716090086,0.15845031467751022,0.15618378196488603,66.12196902788926,0.6597288846969604,0.945360541343689,0.2856316566467285
235,6_40_0.txt,244,6.0,40.0,0,6_16_0.txt,True,ok,9072,9072,8000,1.0177235730682945,-1.423548745681532,0.927270770072937,True,False,-1.0177235730682945,1.423548745681532,-1.0177235730682945,1.173548745681532,1.5533763000862324,0.45029091665014037,0.4500069579130828,0.1513228976834355,0.15661315488393998,0.14395790018876659,0.14768810605992985,67.18092832501154,0.6692239046096802,0.9444155097007751,0.27519160509109497
236,8_40_0.txt,245,8.0,40.0,0,6_16_0.txt,True,ok,9072,9072,8000,1.1101788335278449,-1.386086961072537,0.9301595091819763,True,False,-1.1101788335278449,1.386086961072537,-1.1101788335278449,1.136086961072537,1.588455421323582,0.4509410898654495,0.435267638132855,0.16048562282401882,0.15683630371848398,0.14750093907015108,0.13779443383495185,68.34259619528768,0.6681212186813354,0.9470492005348206,0.2789279818534851
237,10_40_0.txt,246,10.0,40.0,0,6_16_0.txt,True,ok,9072,9072,8000,1.189415247207537,-1.3357958955208777,0.931297779083252,True,False,-1.189415247207537,1.3357958955208777,-0.939415247207537,1.0857958955208777,1.4357763521579476,0.44472954239554613,0.45163268571143833,0.15530491233892924,0.16370324775702072,0.12366018122640744,0.13705586095351147,69.65324581465732,0.668805718421936,0.9361527562141418,0.2673470377922058
238,12_40_0.txt,247,12.0,40.0,0,6_16_0.txt,True,ok,9072,9072,8000,1.2862831555536356,-1.2979210626005848,0.9286320805549622,True,False,-1.2862831555536356,1.2979210626005848,-1.0362831555536356,1.0479210626005848,1.473777911330652,0.46467593863728845,0.47958827757276784,0.1643204019891715,0.16522372197925814,0.12058948602137708,0.12208043528056586,74.54474160660806,0.6591814160346985,0.9327385425567627,0.2735571265220642
239,14_40_0.txt,248,14.0,40.0,0,6_16_0.txt,True,ok,9072,9072,8000,1.3628975884884393,-1.2452935594080867,0.9261554479598999,True,False,-1.3628975884884393,1.2452935594080867,-1.1128975884884393,0.9952935594080867,1.4930339285704803,0.4997806412979676,0.508792729491961,0.1814418688018885,0.18159089675157508,0.1456833000915675,0.15008009006413814,70.50270545060738,0.6507240533828735,0.9333051443099976,0.282581090927124
240,16_40_0.txt,249,16.0,40.0,0,6_16_0.txt,True,ok,9072,9072,8000,1.4656734868558092,-1.2096321195904194,0.919242262840271,True,False,-1.4656734868558092,1.2096321195904194,-1.2156734868558092,0.9596321195904194,1.5487917328013352,0.5260406705041452,0.5353691738110167,0.1784761043095744,0.18271080459390085,0.16580145024365042,0.1745553377756767,67.39533273215801,0.6353351473808289,0.9364833831787109,0.3011482357978821
241,18_40_0.txt,250,18.0,40.0,0,6_16_0.txt,True,ok,9072,9072,8000,1.5631458294365386,-1.1054372098807457,0.9269059896469116,True,False,-1.5631458294365386,1.1054372098807457,-1.8131458294365386,1.1054372098807457,2.1235557971930104,0.5405623672532238,0.5491379486948768,0.16381560512766263,0.1650921865987188,0.15444720381921012,0.1514321847765768,72.42365326663689,0.6183655261993408,0.9477995038032532,0.32943397760391235
242,20_40_0.txt,251,20.0,40.0,0,6_16_0.txt,True,ok,9072,9072,8000,1.6673497271860502,-1.0647057904922836,0.9348700046539307,True,False,-1.6673497271860502,1.0647057904922836,-1.9173497271860502,1.0647057904922836,2.193132097400478,0.5824596388355087,0.576303903593925,0.14820857732382292,0.15770227680967044,0.12178471928338215,0.13324275195296612,76.87977625658223,0.5961278080940247,0.9464460015296936,0.35031819343566895
243,24_40_0.txt,252,24.0,40.0,0,6_16_0.txt,True,ok,9072,9072,8000,1.8264463348237368,-0.9459594091381135,0.9432598352432251,True,False,-1.8264463348237368,0.9459594091381135,-2.0764463348237365,0.9459594091381135,2.2817687405037037,0.6290381189897947,0.6197860116105606,0.10587485868451794,0.11637657110448293,0.09401604930814904,0.10790696075523315,82.58964243564827,0.554744303226471,0.9494540095329285,0.3947097063064575
244,28_40_0.txt,253,28.0,40.0,0,6_16_0.txt,True,ok,9072,9072,8000,1.9938899850841851,-0.8485879652585239,0.9431445598602295,True,False,-1.9938899850841851,0.8485879652585239,-1.9938899850841851,0.8485879652585239,2.1669561157071486,0.663210354925644,0.678616224199701,0.09752254048824818,0.09225007149016234,0.09752254048824818,0.09225007149016234,86.40615001520871,0.5058011412620544,0.9589929580688477,0.4531918168067932
245,32_40_0.txt,254,32.0,40.0,0,6_16_0.txt,True,ok,9072,9072,8000,2.149282816713136,-0.7258263470517514,0.9337952733039856,True,False,-2.149282816713136,0.7258263470517514,-2.149282816713136,0.9758263470517514,2.360435062826071,0.7060809637359535,0.7102504690912317,0.15287680065972564,0.15308138404513635,0.13210429695751247,0.1315161437671677,81.48313172739708,0.4610304534435272,0.9431777000427246,0.4821472465991974
246,36_40_0.txt,255,36.0,40.0,0,6_16_0.txt,True,ok,9072,9072,8000,2.3382896483063242,-0.6089778235266088,0.9175854325294495,True,False,-2.3382896483063242,0.6089778235266088,-2.0882896483063242,0.8589778235266088,2.258051495545188,0.7764884147527815,0.7579851938922446,0.17786804107335527,0.17728510565666186,0.1539941043546201,0.1573823849301681,79.23674681269017,0.41910719871520996,0.9277459383010864,0.5086387395858765
247,40_40_0.txt,256,40.0,40.0,0,6_16_0.txt,True,ok,9072,9072,8000,2.4958620076808904,-0.49028166701252396,0.9051253795623779,True,False,-2.4958620076808904,0.49028166701252396,-1.9958620076808904,-0.009718332987476042,1.9958856679930466,0.8190205936459609,0.8185213914258211,0.17935996647164404,0.18292117692753027,0.16816971358437627,0.17821811211560748,78.22682290499937,0.38488659262657166,0.8761440515518188,0.4912574589252472
