frame_index,file,acquisition_order,X,Y,R,reference_file,success,fail_reason,n_ref_edges,n_mov_edges,n_used_edges,ncc_dx_ref_to_frame_px,ncc_dy_ref_to_frame_px,ncc_peak,ncc_fit_ok,ncc_edge_peak,init_align_dx_px,init_align_dy_px,refined_align_dx_px,refined_align_dy_px,refined_shift_norm_px,before_fit_chamfer_px,before_holdout_chamfer_px,init_fit_chamfer_px,init_holdout_chamfer_px,refined_fit_chamfer_px,refined_holdout_chamfer_px,holdout_improvement_pct,gradient_corr_before,gradient_corr_refined,gradient_corr_gain,stage0a_delta_dx_px,stage0a_delta_dy_px
0,10_0_0.txt,9,10.0,0.0,0,6_16_0.txt,True,ok,9072,9072,8000,-1.3692861691585798,2.2516141370719644,0.9482821822166444,True,False,1.3692861691585798,-2.2516141370719644,1.369286298751831,-2.2516140937805176,2.29330780363126,0.7437531448897392,0.7220018573940785,0.1709310430879662,0.1643720256969543,0.1286678261527448,0.1233371060058248,82.91734228344156,0.5840864181518555,0.9491842985153198,0.3650978803634643,0.2500001192092895,-0.25
1,12_0_0.txt,10,12.0,0.0,0,6_16_0.txt,True,ok,9072,9072,8000,-1.282373497517445,2.3047176437656742,0.9508817195892334,True,False,1.282373497517445,-2.3047176437656742,1.2823736667633057,-2.2547175884246826,2.299491168493231,0.7433252347829064,0.749401176382913,0.1601863855573394,0.1665686263171391,0.1141587302482552,0.1135467942362249,84.84832986461615,0.5673073530197144,0.9489542841911316,0.3816469311714172,0.2500001192092895,-0.2000000476837158
2,14_0_0.txt,11,14.0,0.0,0,6_16_0.txt,True,ok,9072,9072,8000,-1.191319264561962,2.3419480897158147,0.952393352985382,True,False,1.191319264561962,-2.3419480897158147,1.2413194179534912,-2.291948080062866,2.293976627583882,0.7541829696580296,0.7682779606075347,0.1588949315487773,0.1574129237201978,0.1276123667786419,0.1267924132898396,83.49654424687968,0.5511050224304199,0.9503816962242126,0.3992766737937927,0.3000001311302185,-0.2000000476837158
3,16_0_0.txt,12,16.0,0.0,0,6_16_0.txt,True,ok,9072,9072,8000,-1.1068104970930217,2.3968508606647627,0.950387477874756,True,False,1.1068104970930217,-2.3968508606647627,1.1568105220794678,-2.396850824356079,2.4153670723954845,0.7850701874267907,0.781233435888561,0.159840820636495,0.1546243247860055,0.1460386495341758,0.139855686143883,82.09809261622122,0.5310069918632507,0.958327054977417,0.4273200631141662,0.0500000715255737,-0.25
4,18_0_0.txt,13,18.0,0.0,0,6_16_0.txt,True,ok,9072,9072,8000,-1.009308126533487,2.435732902992752,0.9476515650749208,True,False,1.009308126533487,-2.435732902992752,1.0093082189559937,-2.435732841491699,2.407515569526324,0.7872857078219822,0.7834135856014738,0.152793068751671,0.1436494399804551,0.1441571384842056,0.1353404625302253,82.72426403911335,0.5105522871017456,0.9568862915039062,0.4463340044021606,1.1920928955078125e-07,-0.25
5,20_0_0.txt,14,20.0,0.0,0,6_16_0.txt,True,ok,9072,9072,8000,-0.93628020103941,2.534275003879905,0.944662868976593,True,False,0.93628020103941,-2.534275003879905,0.8862802982330322,-2.4842748641967773,2.937483261584454,0.8114792192025353,0.8015676374424209,0.1554403048016125,0.1604179798966896,0.1517716421876293,0.1594663340855726,80.10569206681231,0.4894747734069824,0.9538362622261048,0.4643614888191223,-0.0499998927116394,0.3000001907348633
6,24_0_0.txt,15,24.0,0.0,0,6_16_0.txt,True,ok,9072,9072,8000,-0.7654112325108505,2.63539212577753,0.949476957321167,True,False,0.7654112325108505,-2.63539212577753,0.7654112577438354,-2.6353919506073,3.058847444807959,0.8467160842239154,0.8520315914752663,0.1629650325006962,0.1634255187762,0.1268627842804026,0.1274422374243059,85.04254552303118,0.4465118646621704,0.9458678364753724,0.4993559718132019,-0.25,0.2500002384185791
7,28_0_0.txt,16,28.0,0.0,0,6_16_0.txt,True,ok,9072,9072,8000,-0.6171016865469282,2.756274742321563,0.9475520849227904,True,False,0.6171016865469282,-2.756274742321563,0.6171016693115234,-2.756274461746216,3.12882616345701,0.8960011060686263,0.8748850853355963,0.1672380518498628,0.166780295055251,0.1350216502893071,0.1356268781550583,84.4977494269395,0.4074978232383728,0.945109486579895,0.5376116633415222,-0.25,0.2500002384185791
8,32_0_0.txt,17,32.0,0.0,0,6_16_0.txt,True,ok,9072,9072,8000,-0.4017016854963249,2.8981989766165586,0.9481440186500548,True,False,0.4017016854963249,-2.8981989766165586,0.4017018377780914,-2.848198890686035,2.902166554394095,0.9357392623718572,0.9361350309044616,0.1577046928343378,0.1557340859421856,0.1453531760011842,0.1413235583428033,84.90350711411138,0.3749547302722931,0.955929398536682,0.580974668264389,0.2500001490116119,0.0500001907348632
9,36_0_0.txt,18,36.0,0.0,0,6_16_0.txt,True,ok,9072,9072,8000,-0.2422162098462055,3.0222784916474885,0.9601716995239258,True,False,0.2422162098462055,-3.0222784916474885,0.2422163635492324,-3.0222785472869873,3.0222885150931864,1.00660611107935,0.9966449701380308,0.1162849666975234,0.1211606116359847,0.0866497132708823,0.0878293451366759,91.18749928326916,0.348240315914154,0.9589146971702576,0.6106743812561035,0.2500001490116119,0.0
10,40_0_0.txt,19,40.0,0.0,0,6_16_0.txt,True,ok,9072,9072,8000,-0.0768504470010984,3.124619321528131,0.9649243354797364,True,False,0.0768504470010984,-3.124619321528131,0.1268505454063415,-3.174619197845459,3.1255642523664724,1.058343595282024,1.052044747023013,0.0929772823971538,0.0932493373149708,0.0929772823971538,0.0932493373149708,91.1363715679547,0.3307710587978363,0.9729536175727844,0.6421825587749481,0.0500001013278961,-0.0499999523162841
11,0_2_0.txt,20,0.0,2.0,0,6_16_0.txt,True,ok,9072,9072,8000,-1.6173499405313692,1.7210469052996824,0.9464839696884156,True,False,1.6173499405313692,-1.7210469052996824,1.6173499822616575,-1.721046805381775,2.715146718557574,0.6008337788923207,0.6044819361004504,0.1708421987134106,0.1704643848313566,0.1419332672561515,0.1376192792872337,77.23351665807849,0.6306290030479431,0.9452618360519408,0.3146328330039978,-0.25,0.2500001192092895
12,2_2_0.txt,21,2.0,2.0,0,6_16_0.txt,True,ok,9072,9072,8000,-1.5375490845579398,1.781935154845036,0.9422652721405028,True,False,1.5375490845579398,-1.781935154845036,1.437549352645874,-1.7819350957870483,2.281505769521993,0.5962291283504146,0.6017261525436565,0.1746171992831948,0.1702159181131409,0.1598045497169558,0.1579588943562883,73.74903954422554,0.6303605437278748,0.9155617952346802,0.2852012515068054,0.4000002145767212,0.2500001192092895
13,4_2_0.txt,22,4.0,2.0,0,6_16_0.txt,True,ok,9072,9072,8000,-1.4127159129470308,1.8715275315986617,0.9465282559394836,True,False,1.4127159129470308,-1.8715275315986617,1.412716031074524,-1.8215274810791016,2.203298344698699,0.6045143517082956,0.6061171210451921,0.1638844039317962,0.1565959843132237,0.1531278424598947,0.1443248704856429,76.18861677479623,0.629051148891449,0.956076204776764,0.3270250558853149,0.2500001192092895,0.0500000715255737
14,6_2_0.txt,23,6.0,2.0,0,6_16_0.txt,True,ok,9072,9072,8000,-1.3140072914894256,1.9220182383461843,0.954791784286499,True,False,1.3140072914894256,-1.9220182383461843,1.2640074491500854,-1.8720182180404663,2.1968763335422485,0.6238059122977558,0.6154804609797679,0.1415557921409292,0.1449136284501782,0.1171427600944495,0.1225676593585581,80.08585696393259,0.623658299446106,0.9576619863510132,0.3340036869049072,0.2000001668930053,0.0500000715255737
15,8_2_0.txt,24,8.0,2.0,0,6_16_0.txt,True,ok,9072,9072,8000,-1.2302868451678968,1.9733416843246292,0.9598045945167542,True,False,1.2302868451678968,-1.9733416843246292,1.230286955833435,-1.9233416318893433,2.203415462844534,0.6220823686433918,0.6398987500497763,0.1180566509882444,0.1140425212229185,0.0884592249245257,0.086531068183711,86.47738127680667,0.6112374067306519,0.9596004486083984,0.3483630418777466,0.2500001192092895,0.0500000715255737
16,10_2_0.txt,25,10.0,2.0,0,6_16_0.txt,True,ok,9072,9072,8000,-1.1350410528984034,2.013538608997338,0.9639062881469728,True,False,1.1350410528984034,-2.013538608997338,1.185041069984436,-2.0135385990142822,2.311418595081309,0.6503225095789626,0.6421500826791295,0.0808566565684229,0.0845096599414522,0.0808566565684229,0.0845096599414522,86.83957812652339,0.600661039352417,0.9726204872131348,0.3719594478607178,0.0500000715255737,0.0
17,12_2_0.txt,26,12.0,2.0,0,6_16_0.txt,True,ok,9072,9072,8000,-1.050887239951521,2.068508903903587,0.9653053879737854,True,False,1.050887239951521,-2.068508903903587,1.0508873462677002,-2.0685088634490967,2.320149365153318,0.6631757575206331,0.6582760220068521,0.0645746077814539,0.0710947756243587,0.0645746077814539,0.0710947756243587,89.19985336734342,0.5836327075958252,0.973125696182251,0.3894929885864258,1.1920928955078125e-07,0.0
18,14_2_0.txt,27,14.0,2.0,0,6_16_0.txt,True,ok,9072,9072,8000,-0.9609297966892828,2.1068993228302353,0.9647972583770752,True,False,0.9609297966892828,-2.1068993228302353,0.9609298706054688,-2.1568992137908936,2.3156879821573133,0.6639994880416407,0.6781697308371056,0.0777195337107995,0.0784993317647384,0.0777195337107995,0.0784993317647384,88.42482520300014,0.5661083459854126,0.9727510809898376,0.406642735004425,5.960464477539064e-08,-0.0499999523162841
19,16_2_0.txt,28,16.0,2.0,0,6_16_0.txt,True,ok,9072,9072,8000,-0.8813032655143582,2.160999706669403,0.9615570306777954,True,False,0.8813032655143582,-2.160999706669403,0.8313033580780029,-2.2109997272491455,2.104427552731815,0.6885815146188127,0.6864202743136334,0.116813054479258,0.1126699248919915,0.1124632926249067,0.1103988043922143,83.91673315555771,0.5464005470275879,0.9617827534675598,0.4153822064399719,-0.0499998927116394,-0.3000000715255737
20,18_2_0.txt,29,18.0,2.0,0,6_16_0.txt,True,ok,9072,9072,8000,-0.7817138873053794,2.202784683283286,0.9564791321754456,True,False,0.7817138873053794,-2.202784683283286,0.7817138433456421,-2.2527847290039062,2.208574554893852,0.6876455260171559,0.7017885488795524,0.1419280892748358,0.1441125402022036,0.1083725703962021,0.1094975847689359,84.39735374084468,0.5248075723648071,0.947259485721588,0.422451913356781,-0.25,-0.3000000715255737
21,20_2_0.txt,30,20.0,2.0,0,6_16_0.txt,True,ok,9072,9072,8000,-0.6974141591720375,2.2589586167397533,0.9492430090904236,True,False,0.6974141591720375,-2.2589586167397533,0.747414231300354,-2.258958578109741,2.2211502229188738,0.7180163003346235,0.7238799559163794,0.1617551709379967,0.1634478852654497,0.1158465998230431,0.1197099343388774,83.4627366926698,0.5046744346618652,0.9431082606315612,0.438433825969696,-0.1999999284744262,-0.25
22,24_2_0.txt,31,24.0,2.0,0,6_16_0.txt,True,ok,9072,9072,8000,-0.5016808033692396,2.421370404635292,0.9305614829063416,True,False,0.5016808033692396,-2.421370404635292,0.40168097615242,-2.3213703632354736,2.17137105516906,0.7611429307293318,0.742255794608698,0.1738787311933645,0.1762649447374465,0.1620685435116694,0.1699272135624481,77.10665045706645,0.4645122587680816,0.919330358505249,0.4548180997371673,0.4000001847743988,-0.1499998569488525
23,28_2_0.txt,32,28.0,2.0,0,6_16_0.txt,True,ok,9072,9072,8000,-0.3312086252462211,2.5160889517527547,0.9347147345542908,True,False,0.3312086252462211,-2.5160889517527547,0.2812087535858154,-2.4160890579223633,2.017723841905503,0.7917056145974505,0.7751449518761063,0.1697250710149142,0.1764949216881147,0.1507045726431126,0.1411345366790111,81.79249747580513,0.4254242479801178,0.9217570424079896,0.4963327944278717,0.2000001370906829,-0.4000000953674316
24,32_2_0.txt,33,32.0,2.0,0,6_16_0.txt,True,ok,9072,9072,8000,-0.1790062944752785,2.6583005604343097,0.9497458338737488,True,False,0.1790062944752785,-2.6583005604343097,0.2290064543485641,-2.6583003997802734,2.909166935060044,0.8312365994901026,0.8532608768304992,0.161117534391893,0.1656566320899186,0.1439566928800657,0.1446417570943122,83.04835472691603,0.392226368188858,0.9439119696617126,0.5516856014728546,0.3000001609325409,0.2500002384185791
25,36_2_0.txt,34,36.0,2.0,0,6_16_0.txt,True,ok,9072,9072,8000,-0.0083729435044269,2.7662704757700354,0.9600852727890016,True,False,0.0083729435044269,-2.7662704757700354,0.0083730332553386,-2.766270160675049,3.0162820970832493,0.8891839299255642,0.9043033041923604,0.1138951175810495,0.1157606412208099,0.0894984391609199,0.0862183099002251,90.46577519948052,0.3667106330394745,0.9573881030082704,0.5906774699687958,8.940696716308595e-08,0.2500002384185791
26,40_2_0.txt,35,40.0,2.0,0,6_16_0.txt,True,ok,9072,9072,8000,0.1444828449633755,2.8824914220230564,0.9630745649337769,True,False,-0.1444828449633755,-2.8824914220230564,-0.1944827735424041,-2.832491159439087,2.8861102006897124,0.9443389182674332,0.9611686544972816,0.1089872093956631,0.1075434198404536,0.1089872093956631,0.1075434198404536,88.81118112443004,0.3491917252540588,0.9720862507820128,0.6228945255279541,-0.0499999225139617,0.0500001907348632
27,0_4_0.txt,36,0.0,4.0,0,6_16_0.txt,True,ok,9072,9072,8000,-1.3627970381683905,1.5008967241863929,0.9328955411911012,True,False,1.3627970381683905,-1.5008967241863929,1.31279718875885,-1.400896668434143,1.4967002039965769,0.5087841911811846,0.51198243007236,0.1744519981454348,0.175344419896874,0.1503127501951611,0.1531242263690176,70.09189820295666,0.6571612358093262,0.9220680594444276,0.2649068236351013,0.2000001668930053,-0.3999999761581421
28,2_4_0.txt,37,2.0,4.0,0,6_16_0.txt,True,ok,9072,9072,8000,-1.2908203126262412,1.5614323412992488,0.93660968542099,True,False,1.2908203126262412,-1.5614323412992488,1.2408205270767212,-1.5614322423934937,2.0891610876809534,0.4997526242564281,0.4953851362937703,0.172215581903282,0.1759351311022198,0.1528798340823274,0.1564732520143962,68.41381774490598,0.6592965126037598,0.9418143033981324,0.2825177907943725,0.2000001668930053,0.2500001192092895
29,4_4_0.txt,38,4.0,4.0,0,6_16_0.txt,True,ok,9072,9072,8000,-1.1886438949752884,1.610283101850336,0.9444047808647156,True,False,1.1886438949752884,-1.610283101850336,1.238644003868103,-1.6102830171585083,2.0836759778344347,0.5032793911501158,0.4994451132896194,0.1670689092061451,0.165176006285064,0.1504146340597598,0.1498967003549776,69.98735269073396,0.6586362719535828,0.9435990452766418,0.2849627733230591,0.3000001311302185,0.2500001192092895
30,6_4_0.txt,39,6.0,4.0,0,6_16_0.txt,True,ok,9072,9072,8000,-1.103422529296787,1.6679963391390744,0.951210916042328,True,False,1.103422529296787,-1.6679963391390744,1.1034226417541504,-1.667996168136597,2.2127474404257277,0.5155785465304971,0.5165190534809124,0.1577194413758558,0.1477851863627445,0.1431740290372503,0.1304753097178138,74.73949724825873,0.6517298221588135,0.9543342590332032,0.3026044368743896,1.1920928955078125e-07,0.2500001192092895
31,8_4_0.txt,40,8.0,4.0,0,6_16_0.txt,True,ok,9072,9072,8000,-1.0084734430963451,1.7126451397758984,0.955042839050293,True,False,1.0084734430963451,-1.7126451397758984,1.008473515510559,-1.7126450538635254,2.2065798490234956,0.5250326749553611,0.5237321118756154,0.1260460862976198,0.1313585463049458,0.0978042993832363,0.1070105292253975,79.56769753105914,0.6429733037948608,0.9551483988761902,0.3121750950813293,1.1920928955078125e-07,0.2500001192092895
32,10_4_0.txt,41,10.0,4.0,0,6_16_0.txt,True,ok,9072,9072,8000,-0.926683988007326,1.7647392017058785,0.9580598473548888,True,False,0.926683988007326,-1.7647392017058785,0.8766840696334839,-1.764739155769348,2.2176377667508285,0.5368834880172367,0.5447487842268333,0.1254826486729936,0.1247273260916589,0.0997055808872407,0.0970847727697804,82.17806526955839,0.6289644837379456,0.958224356174469,0.3292598724365234,-0.0499998927116394,0.2500001192092895
33,12_4_0.txt,42,12.0,4.0,0,6_16_0.txt,True,ok,9072,9072,8000,-0.8301358434343716,1.7952322740301785,0.9571985006332396,True,False,0.8301358434343716,-1.7952322740301785,0.7801358699798584,-1.745232105255127,2.312935039080505,0.5548591483546509,0.557372936924053,0.1350982566723031,0.1296109120397671,0.1123394995577995,0.1070159179835331,80.79994364740479,0.6146263480186462,0.9497047662734984,0.3350784182548523,-0.2999999523162842,0.3000001907348633
34,14_4_0.txt,43,14.0,4.0,0,6_16_0.txt,True,ok,9072,9072,8000,-0.7502787781404376,1.8512054600909775,0.95563942193985,True,False,0.7502787781404376,-1.8512054600909775,0.7502788305282593,-1.8012051582336426,2.3271489035973323,0.5650200730126499,0.5740667986123651,0.1392273553088808,0.1412022167301433,0.1112665295873359,0.1149466645636964,79.97677886239971,0.5962916016578674,0.948758602142334,0.3524670004844665,-0.25,0.3000001907348633
35,16_4_0.txt,44,16.0,4.0,0,6_16_0.txt,True,ok,9072,9072,8000,-0.6550193754030292,1.8875573007360456,0.9507535099983216,True,False,0.6550193754030292,-1.8875573007360456,0.6550194025039673,-1.8375571966171265,2.0933066267073333,0.5756856891752586,0.5811200994712642,0.1566006225720364,0.1511315570018059,0.1409733481368989,0.133361880711127,77.05089174639336,0.5775595903396606,0.9549901485443116,0.3774305582046509,-0.25,0.0500000715255737
36,18_4_0.txt,45,18.0,4.0,0,6_16_0.txt,True,ok,9072,9072,8000,-0.5704900863236162,1.942732673444285,0.9450809955596924,True,False,0.5704900863236162,-1.942732673444285,0.5704901218414307,-1.942732572555542,2.108889333801874,0.5977479925244433,0.5944262080801991,0.1577674461139678,0.1538048133180349,0.1537344941481562,0.1493100768625524,74.88164639564349,0.5566566586494446,0.9535030722618104,0.3968464136123657,-0.2499999403953552,1.1920928955078125e-07
37,20_4_0.txt,46,20.0,4.0,0,6_16_0.txt,True,ok,9072,9072,8000,-0.4287743931122467,2.018093730709783,0.9449188113212584,True,False,0.4287743931122467,-2.018093730709783,0.4287745356559753,-1.968093752861023,2.0259966904125934,0.606925421476938,0.617916657014257,0.1495775863377691,0.1508548739501309,0.1454491897361071,0.1409508418938904,77.18934417871854,0.5369250178337097,0.9544594883918762,0.4175344705581665,0.2500001490116119,0.0500000715255737
38,24_4_0.txt,47,24.0,4.0,0,6_16_0.txt,True,ok,9072,9072,8000,-0.2705847205291837,2.1400140968535992,0.9553326964378356,True,False,0.2705847205291837,-2.1400140968535992,0.2705848813056946,-2.140014171600342,2.140113096416026,0.658845015061342,0.6583897920347296,0.1433551457198542,0.1449921703312708,0.1171934276602491,0.1214379689979498,81.55530804591454,0.493039608001709,0.957850694656372,0.4648110866546631,0.2500001490116119,0.0
39,28_4_0.txt,48,28.0,4.0,0,6_16_0.txt,True,ok,9072,9072,8000,-0.110959319619961,2.243597901192264,0.9576811790466307,True,False,0.110959319619961,-2.243597901192264,0.1609594225883484,-2.2435977458953857,1.9966833905876828,0.6909167014197464,0.6911929248369063,0.1279903000906382,0.1298550365694366,0.0952301894994914,0.0986273429979018,85.73085177033981,0.4544581770896911,0.9617351293563844,0.5072769522666931,0.0500001013278961,-0.2499998807907104
40,32_4_0.txt,49,32.0,4.0,0,6_16_0.txt,True,ok,9072,9072,8000,0.0446502023774071,2.3584550389851215,0.9515305161476136,True,False,-0.0446502023774071,-2.3584550389851215,-0.0446501113474369,-2.358454942703247,2.1089277588371997,0.7603017259564587,0.7621201234104891,0.1515693974791194,0.1412715953287988,0.1364471178730427,0.1256558108817606,83.51233525766901,0.4209173619747162,0.9574272036552428,0.5365098416805267,8.940696716308595e-08,-0.25
41,36_4_0.txt,50,36.0,4.0,0,6_16_0.txt,True,ok,9072,9072,8000,0.2015926872555744,2.501477026679638,0.9384596943855286,True,False,-0.2015926872555744,-2.501477026679638,-0.2515926659107208,-2.6014769077301025,3.001867353767114,0.7984889542007577,0.8012747961051776,0.1706163589677901,0.1700054753870495,0.158751756542329,0.1658254858710391,79.30479197934582,0.3964386880397796,0.912755846977234,0.5163171589374542,-0.2999999821186065,0.4000000953674316
42,40_4_0.txt,51,40.0,4.0,0,6_16_0.txt,True,ok,9072,9072,8000,0.3544070929931016,2.619047824903402,0.9418324828147888,True,False,-0.3544070929931016,-2.619047824903402,-0.3044070601463318,-2.6690478324890137,2.8709469278707003,0.8768924727634345,0.8611340188488052,0.1710207081232632,0.1730196161532431,0.1422564585775086,0.1472481332362746,82.90067167092978,0.3756066560745239,0.9460521340370178,0.5704454779624939,-0.1999999582767486,0.2000000476837158
43,0_6_0.txt,52,0.0,6.0,0,6_16_0.txt,True,ok,9072,9072,8000,-1.1391903978314004,1.2225443166034131,0.9559197425842284,True,False,1.1391903978314004,-1.2225443166034131,1.1891905069351196,-1.2225443124771118,1.4978642162321871,0.4040672644693172,0.4032447294278241,0.1326345657546772,0.1303769720599832,0.1079865709251381,0.1056129987927458,73.80920540670097,0.6960772275924683,0.9609847664833068,0.2649075388908386,0.0500000715255737,-0.25
44,2_6_0.txt,53,2.0,6.0,0,6_16_0.txt,True,ok,9072,9072,8000,-1.0614407765200449,1.2743074395984244,0.9547346234321594,True,False,1.0614407765200449,-1.2743074395984244,1.0614409446716309,-1.2743074893951416,1.4750804225113137,0.3955336117683942,0.3970802778378462,0.1321438188216492,0.1288803892338628,0.1020318078708318,0.0965313650872847,75.6897105006296,0.6985556483268738,0.9591348171234132,0.2605791687965393,1.1920928955078125e-07,-0.25
45,4_6_0.txt,54,4.0,6.0,0,6_16_0.txt,True,ok,9072,9072,8000,-0.970738051217562,1.3165887769392504,0.9518083930015564,True,False,0.970738051217562,-1.3165887769392504,0.970738172531128,-1.3165887594223022,1.442201089714758,0.3962254513481629,0.4158339342709708,0.1379501922741527,0.1360619393550907,0.1129891377945799,0.1154353970015655,72.24002480606978,0.6985808610916138,0.9568706750869752,0.2582898139953613,1.1920928955078125e-07,-0.25
46,6_6_0.txt,55,6.0,6.0,0,6_16_0.txt,True,ok,9072,9072,8000,-0.8841658289307681,1.3697678626154526,0.9464588165283204,True,False,0.8841658289307681,-1.3697678626154526,0.8341659307479858,-1.3697679042816162,1.4267548069641158,0.4223934972914378,0.4145557596779188,0.1584769544984401,0.1555522336726516,0.147278192307312,0.1420755942246376,65.728230543698,0.6933313608169556,0.955781877040863,0.2624505162239074,-0.0499998927116394,-0.25
47,8_6_0.txt,56,8.0,6.0,0,6_16_0.txt,True,ok,9072,9072,8000,-0.7845355660299278,1.4161079638009737,0.939938187599182,True,False,0.7845355660299278,-1.4161079638009737,0.7845355272293091,-1.416108012199402,1.5588686989675928,0.4332795362607588,0.4220161502643507,0.1704487808525354,0.1692548818409152,0.1552381012043971,0.1486498091978045,64.77627476941572,0.6850380897521973,0.943706512451172,0.2586684226989746,-0.25,-0.25
48,10_6_0.txt,57,10.0,6.0,0,6_16_0.txt,True,ok,9072,9072,8000,-0.7058673153783894,1.4894098988529698,0.9335203170776368,True,False,0.7058673153783894,-1.4894098988529698,0.7558673620223999,-1.5894097089767456,2.207132544788118,0.4426380191835668,0.4548308833942014,0.1701931120026063,0.1764699582170591,0.1473262173591946,0.1491224206095198,67.21365543678888,0.6717987060546875,0.914667010307312,0.2428683042526245,-0.1999999284744262,0.4000002145767212
49,12_6_0.txt,58,12.0,6.0,0,6_16_0.txt,True,ok,9072,9072,8000,-0.610945663713661,1.5191574169320128,0.9316373467445374,True,False,0.610945663713661,-1.5191574169320128,0.6609456539154053,-1.6191571950912476,2.195045354934361,0.4605942668410452,0.4525658542203884,0.1752678730823983,0.1720009025509642,0.1533836893073748,0.157838478267963,65.12364404074118,0.6599071025848389,0.9195230007171632,0.2596158981323242,-0.199999988079071,0.4000002145767212
50,18_6_0.txt,59,18.0,6.0,0,6_16_0.txt,True,ok,9072,9072,8000,-0.5264182581482038,1.5699779072141744,0.9296280741691588,True,False,0.5264182581482038,-1.5699779072141744,0.5264183282852173,-1.6199777126312256,1.9786725081057697,0.4767082278717242,0.474720206168768,0.1767027982064884,0.1725923343754718,0.1644081843908558,0.1659101316837815,65.05096485722397,0.6414734721183777,0.946463704109192,0.3049902319908142,-0.2499999403953552,0.2000001668930053
51,20_6_0.txt,60,20.0,6.0,0,6_16_0.txt,True,ok,9072,9072,8000,-0.4317478496271938,1.6616148965104018,0.9338353872299194,True,False,0.4317478496271938,-1.6616148965104018,0.4317480027675628,-1.6616147756576538,1.920235348441587,0.4869628468558872,0.4773656281473086,0.173121547495858,0.1720242194435557,0.1525185819080922,0.1524312848930969,68.06823199971602,0.6244688630104065,0.9418208003044128,0.3173519372940063,0.2500001490116119,0.2500001192092895
52,24_6_0.txt,61,24.0,6.0,0,6_16_0.txt,True,ok,9072,9072,8000,-0.2320868788916464,1.7728296300414177,0.9519189596176147,True,False,0.2320868788916464,-1.7728296300414177,0.232087031006813,-1.7228293418884275,2.022908943101825,0.5172763872981496,0.5191906008605226,0.1495725453656124,0.1509485866092224,0.1060037734711422,0.1087994678369749,79.04440726456772,0.5831871032714844,0.9434046149253844,0.3602175116539001,0.2500001490116119,0.3000001907348633
53,28_6_0.txt,62,28.0,6.0,0,6_16_0.txt,True,ok,9072,9072,8000,-0.0798823907718842,1.898078881968624,0.961868941783905,True,False,0.0798823907718842,-1.898078881968624,0.1298824846744537,-1.8480788469314575,1.8997591001310383,0.5622683838733369,0.5679358138196373,0.086748813066111,0.0912816354624307,0.086748813066111,0.0912816354624307,83.92747327404508,0.5374109745025635,0.9728220105171204,0.4354110360145569,0.0500000938773155,0.0500000715255737
54,32_6_0.txt,63,32.0,6.0,0,6_16_0.txt,True,ok,9072,9072,8000,0.081625920056968,2.0006874924679425,0.963391661643982,True,False,-0.081625920056968,-2.0006874924679425,-0.0816258341073989,-2.000687599182129,2.002351925447375,0.5977785534858179,0.6105474875609795,0.0603919183224293,0.0583120835304833,0.0603919183224293,0.0583120835304833,90.44921407122172,0.4994502365589142,0.9731959104537964,0.4737456738948822,8.940696716308595e-08,0.0
55,36_6_0.txt,64,36.0,6.0,0,6_16_0.txt,True,ok,9072,9072,8000,0.2344188496115681,2.118106462195391,0.9563921093940736,True,False,-0.2344188496115681,-2.118106462195391,-0.2344188243150711,-2.1681063175201416,2.1181637702126106,0.6590355143630644,0.6479447958436585,0.1338653185508473,0.1328472414001676,0.1075169856818281,0.1059321111213975,83.65105919502474,0.4650048911571502,0.9594423174858092,0.494437426328659,-0.2499999701976776,-0.0499999523162841
56,40_6_0.txt,65,40.0,6.0,0,6_16_0.txt,True,ok,9072,9072,8000,0.4099138668791529,2.2340279134695535,0.941819429397583,True,False,-0.4099138668791529,-2.2340279134695535,-0.3599138259887695,-2.234027862548828,1.9904620584795365,0.729478225814363,0.7121544151242154,0.1679411764299438,0.1723017091965292,0.1447088002843335,0.138296267531411,80.58057851016916,0.4399904012680053,0.9444697499275208,0.5044793486595154,-0.1999999582767486,-0.25
57,0_8_0.txt,66,0.0,8.0,0,6_16_0.txt,True,ok,9072,9072,8000,-1.093730247654879,0.8584882877599351,0.958117127418518,True,False,1.093730247654879,-0.8584882877599351,1.093730330467224,-0.808488130569458,1.3904128864679686,0.3610480121974109,0.3418925630977186,0.1081628354392447,0.1018140949582589,0.1081628354392447,0.1018140949582589,70.22044175638919,0.735536515712738,0.971225380897522,0.2356888651847839,1.1920928955078125e-07,0.0500001311302185
58,2_8_0.txt,67,2.0,8.0,0,6_16_0.txt,True,ok,9072,9072,8000,-1.0252893161978,0.9164329794837516,0.9609288573265076,True,False,1.0252893161978,-0.9164329794837516,1.0252894163131714,-0.9164328575134276,1.375160931598487,0.3285600630149015,0.3274333705403655,0.0652156150834291,0.0664231827517028,0.0652156150834291,0.0664231827517028,79.71398497285594,0.7442477345466614,0.9725361466407776,0.2282884120941162,1.1920928955078125e-07,1.1920928955078125e-07
59,4_8_0.txt,68,4.0,8.0,0,6_16_0.txt,True,ok,9072,9072,8000,-0.940216201859735,0.962842985399446,0.960960328578949,True,False,0.940216201859735,-0.962842985399446,0.8902162313461304,-0.9628429412841796,1.345761167805218,0.3065231239591686,0.3185851892807486,0.0569559346001503,0.0635756058066237,0.0569559346001503,0.0635756058066237,80.04439379302136,0.7531405687332153,0.9727510213851928,0.2196104526519775,-0.0499999523162841,5.960464477539064e-08
60,6_8_0.txt,69,6.0,8.0,0,6_16_0.txt,True,ok,9072,9072,8000,-0.8513438933844016,1.0028952923259884,0.958972692489624,True,False,0.8513438933844016,-1.0028952923259884,0.8013439178466797,-1.0028951168060305,1.3155171576883904,0.2985437058628058,0.3010570146876966,0.0857884946420186,0.0844575686638859,0.0857884946420186,0.0844575686638859,71.94632094804416,0.7601895332336426,0.9722511768341064,0.2120616436004638,-0.0499999523162841,1.1920928955078125e-07
61,8_8_0.txt,70,8.0,8.0,0,6_16_0.txt,True,ok,9072,9072,8000,-0.7683244643709642,1.0574242310127917,0.9548484683036804,True,False,0.7683244643709642,-1.0574242310127917,0.7683244943618774,-1.1074241399765017,1.4680363480068892,0.3061958686076884,0.3074105680782898,0.1227216728116473,0.123075242968112,0.0963707192595779,0.0946815744686161,69.20028642460231,0.7581621408462524,0.9579759240150452,0.1998137831687927,-0.25,-0.0499999523162841
62,10_8_0.txt,71,10.0,8.0,0,6_16_0.txt,True,ok,9072,9072,8000,-0.6695324643864595,1.098434626920684,0.9484416246414183,True,False,0.6695324643864595,-1.098434626920684,0.6695325374603271,-1.1484345197677612,1.4325147757279917,0.3157238960583405,0.3232449493661166,0.1501764333375443,0.1452378091479366,0.1288215150850514,0.1225513182503304,62.087166871236946,0.757684051990509,0.9561886191368104,0.1985045671463012,-0.2499999403953552,-0.0499999523162841
63,12_8_0.txt,72,12.0,8.0,0,6_16_0.txt,True,ok,9072,9072,8000,-0.5847023321917326,1.1555465373098306,0.9406009316444396,True,False,0.5847023321917326,-1.1555465373098306,0.5847023725509644,-1.205546498298645,1.4254879105958975,0.3316990078200982,0.3387952018978108,0.1616338360703398,0.164974781337725,0.1498555375240955,0.1560709317872843,53.933547195169766,0.7482046484947205,0.9551647901535034,0.2069601416587829,-0.2499999403953552,-0.0499999523162841
64,14_8_0.txt,73,14.0,8.0,0,6_16_0.txt,True,ok,9072,9072,8000,-0.4497906519045149,1.2397752421107262,0.9388041496276855,True,False,0.4497906519045149,-1.2397752421107262,0.4497908055782318,-1.2397751808166504,1.009738250480677,0.3510525612106915,0.3500347942577251,0.1702377026285583,0.1751663464242223,0.1468439213411795,0.1543982906684803,55.890587678321126,0.7378990650177002,0.9487500786781312,0.2108510136604309,0.2500001490116119,-0.2499999403953552
65,16_8_0.txt,74,16.0,8.0,0,6_16_0.txt,True,ok,9072,9072,8000,-0.3681880280018408,1.290735667892731,0.9431095719337464,True,False,0.3681880280018408,-1.290735667892731,0.3681881725788116,-1.240735650062561,1.047425004660044,0.3790848087618145,0.3676750533275171,0.1706234378241666,0.167677529324426,0.1372208654116475,0.1347663491006322,63.34634403912488,0.723158061504364,0.9486247897148132,0.2254667282104492,0.2500001490116119,-0.1999999284744262
66,18_8_0.txt,75,18.0,8.0,0,6_16_0.txt,True,ok,9072,9072,8000,-0.2701777414011431,1.3290547591148196,0.9467334151268004,True,False,0.2701777414011431,-1.3290547591148196,0.2701779007911682,-1.2790546417236328,1.0792433990608388,0.3916853138252029,0.3830170273047588,0.1641132540728449,0.162875536490762,0.1191047898939538,0.1166458771793249,69.54551133140298,0.7069649696350098,0.9486990571022034,0.2417340874671936,0.2500001490116119,-0.1999999284744262
67,20_8_0.txt,76,20.0,8.0,0,6_16_0.txt,True,ok,9072,9072,8000,-0.1923151911532929,1.377767099969975,0.9468406438827516,True,False,0.1923151911532929,-1.377767099969975,0.2423153519630432,-1.3777670860290527,1.129241413049649,0.4027596679918781,0.4068735244995928,0.1610228270645914,0.1627306514462006,0.1371908890605745,0.1365562122315386,66.43767558985637,0.6876757740974426,0.9500021934509276,0.2623264193534851,0.3000001609325409,-0.25
68,24_8_0.txt,77,24.0,8.0,0,6_16_0.txt,True,ok,9072,9072,8000,-0.0260046053950896,1.486140645836966,0.9401670098304749,True,False,0.0260046053950896,-1.486140645836966,0.0260046944022178,-1.5861403942108154,1.986310878122414,0.4475868324581534,0.4333619587240004,0.1551141613602863,0.151747603391929,0.1491432311755902,0.1561383942476999,63.97044292779252,0.6445429921150208,0.9231989979743958,0.278656005859375,8.940696716308595e-08,0.4000002145767212
69,28_8_0.txt,78,28.0,8.0,0,6_16_0.txt,True,ok,9072,9072,8000,0.111525879092941,1.6482262396222365,0.9493578672409058,True,False,-0.111525879092941,-1.6482262396222365,-0.1615258008241653,-1.6482261419296265,1.9014996393630552,0.4817779579551077,0.4869931485726085,0.1527822177284545,0.1490063202423019,0.1356852207548169,0.1287947614000187,73.55306501179328,0.5975578427314758,0.9565772414207458,0.35901939868927,-0.0499999225139617,0.2500001192092895
70,32_8_0.txt,79,32.0,8.0,0,6_16_0.txt,True,ok,9072,9072,8000,0.2746486238839626,1.7473505528966875,0.9495063424110411,True,False,-0.2746486238839626,-1.7473505528966875,-0.2746486067771911,-1.7473504543304443,1.9975026372488416,0.5302773910146932,0.5278887751223061,0.1570470602892101,0.1578307075037957,0.1049013009321997,0.1019894070380625,80.67975455351696,0.560212254524231,0.9454082250595092,0.3851959705352783,-0.2499999850988388,0.2500001192092895
71,36_8_0.txt,80,36.0,8.0,0,6_16_0.txt,True,ok,9072,9072,8000,0.4266748412758825,1.8666595393892635,0.9430336952209472,True,False,-0.4266748412758825,-1.8666595393892635,-0.4266748130321502,-1.816659450531006,1.8750018228078595,0.5814667312909715,0.5825164352470092,0.1648710190272762,0.1647008532650702,0.1619808431458072,0.1587116151555679,72.75413953114162,0.5225633978843689,0.9542065858840942,0.4316431879997253,-0.2499999701976776,0.0500000715255737
72,40_8_0.txt,81,40.0,8.0,0,6_16_0.txt,True,ok,9072,9072,8000,0.6478931220090539,2.0108156206077226,0.9489156007766724,True,False,-0.6478931220090539,-2.0108156206077226,-0.647892951965332,-1.9608155488967896,2.20217881168428,0.647774974429907,0.6465709159759253,0.1400691107579638,0.1434252722238579,0.1235284971630075,0.1241808786783713,80.79392753215099,0.4966365993022918,0.9531673192977904,0.4565307199954986,0.2500001788139343,0.0500000715255737
73,0_10_0.txt,82,0.0,10.0,0,6_16_0.txt,True,ok,9072,9072,8000,-0.9027494594499188,0.606440419110205,0.9442465305328368,True,False,0.9027494594499188,-0.606440419110205,0.8527495861053467,-0.6064403057098389,1.244366014492032,0.2882652416360247,0.2698403824059611,0.1571134054285832,0.1553664499458787,0.143338166019107,0.1412535204820457,47.65293496006946,0.8014236688613892,0.9560577869415284,0.1546341180801391,-0.0499998927116394,0.2500001192092895
74,2_10_0.txt,83,2.0,10.0,0,6_16_0.txt,True,ok,9072,9072,8000,-0.8250166467622877,0.6650791825250126,0.9462711811065674,True,False,0.8250166467622877,-0.6650791825250126,0.7750166654586792,-0.7150790691375732,1.4117473928102997,0.259672095885517,0.2436512806053458,0.1549415903932955,0.1555539422666896,0.1280612315760883,0.1335438276304162,45.190590708725274,0.8121142983436584,0.9466480612754822,0.1345337629318237,-0.2999999523162842,0.2000001072883606
75,4_10_0.txt,84,4.0,10.0,0,6_16_0.txt,True,ok,9072,9072,8000,-0.741914583328253,0.707663754653478,0.945926070213318,True,False,0.741914583328253,-0.707663754653478,0.7419146299362183,-0.7576636075973511,1.3787727904177174,0.2401245111620938,0.2353332611206852,0.1558811747323342,0.1591884048163035,0.1038027457988549,0.1057751995546949,55.05301755859723,0.8217936158180237,0.9451594352722168,0.1233658194541931,-0.2499999403953552,0.2000001668930053
76,6_10_0.txt,85,6.0,10.0,0,6_16_0.txt,True,ok,9072,9072,8000,-0.6489937882590027,0.7438643828689151,0.9422396421432496,True,False,0.6489937882590027,-0.7438643828689151,0.6489938497543335,-0.7438641786575317,1.3401329198492522,0.2224944263558533,0.2276586399182264,0.1658533152652934,0.1656573542196943,0.1268305541055698,0.1272830326537046,44.09040100589906,0.8291542530059814,0.9456354975700378,0.1164812445640564,-0.2499999403953552,0.2500001788139343
77,8_10_0.txt,86,8.0,10.0,0,6_16_0.txt,True,ok,9072,9072,8000,-0.564474931551836,0.7989940587865457,0.9376322627067566,True,False,0.564474931551836,-0.7989940587865457,0.5144749879837036,-0.7989939451217651,1.3280654914181902,0.2395121933088197,0.2365460840373476,0.1669907846310032,0.1752839373457564,0.1506132408966615,0.1611453468506367,31.87570721940424,0.829194962978363,0.9470676779747008,0.1178727149963378,-0.2999999523162842,0.2500001192092895
78,10_10_0.txt,87,10.0,10.0,0,6_16_0.txt,True,ok,9072,9072,8000,-0.4303647982104645,0.8792535796867949,0.9410507082939148,True,False,0.4303647982104645,-0.8792535796867949,0.4303649663925171,-0.8292534351348877,0.8975624311576017,0.2489143560537023,0.2495269119345811,0.1647022777264163,0.1636773403015145,0.1562573508805168,0.1559455671948489,37.50350774359225,0.8275176882743835,0.9564391374588012,0.1289214491844177,0.2500001788139343,0.0500001311302185
79,12_10_0.txt,88,12.0,10.0,0,6_16_0.txt,True,ok,9072,9072,8000,-0.3398579981006303,0.933224379515945,0.9490107893943788,True,False,0.3398579981006303,-0.933224379515945,0.3398581445217132,-0.8832242488861084,0.9375405070425348,0.2656659992311072,0.2602842712474619,0.144041973923185,0.1485389708243476,0.1259605217040627,0.1274711181703995,51.026192416672,0.8192370533943176,0.9573339223861694,0.1380968689918518,0.2500001490116119,0.0500001311302185
80,14_10_0.txt,89,14.0,10.0,0,6_16_0.txt,True,ok,9072,9072,8000,-0.2440751913499262,0.9782331013989572,0.955826997756958,True,False,0.2440751913499262,-0.9782331013989572,0.2440753430128097,-0.9282330274581908,0.9782510434597872,0.2826184145076839,0.2799913780286484,0.1221474248670663,0.1174853608112816,0.0887248815233388,0.0903034610763898,67.74777076630193,0.8096099495887756,0.9588704109191896,0.1492604613304138,0.2500001490116119,0.0500000715255737
81,16_10_0.txt,90,16.0,10.0,0,6_16_0.txt,True,ok,9072,9072,8000,-0.166711704514833,1.0304325089900044,0.9593308568000792,True,False,0.166711704514833,-1.0304325089900044,0.2167118638753891,-1.0304323434829712,1.0337930623428753,0.2976200576850888,0.3013255212888705,0.0999106680731859,0.0976819671489951,0.0949180102358826,0.0910853886814093,69.77176433917494,0.7935205698013306,0.9623517990112304,0.1688312292098999,0.3000001609325409,1.1920928955078125e-07
82,18_10_0.txt,91,18.0,10.0,0,6_16_0.txt,True,ok,9072,9072,8000,-0.0753192169326527,1.0737798253177515,0.9614859223365784,True,False,0.0753192169326527,-1.0737798253177515,0.075319305062294,-1.0737797021865845,1.0764181797511456,0.3123757738205646,0.3191451839509359,0.0765931720579743,0.0771933929599678,0.0765931720579743,0.0771933929599678,75.81245250066651,0.776772141456604,0.974416971206665,0.197644829750061,8.940696716308595e-08,1.1920928955078125e-07
83,20_10_0.txt,92,20.0,10.0,0,6_16_0.txt,True,ok,9072,9072,8000,0.0052311523033452,1.1244308698028922,0.9608863592147828,True,False,-0.0052311523033452,-1.1244308698028922,-0.0052310628816485,-1.1744308471679688,1.1244430380949093,0.3395342712474619,0.3288700576850888,0.0758589911186951,0.0709618548850428,0.0758589911186951,0.0709618548850428,78.42252487668162,0.7580384612083435,0.9740092754364014,0.2159708142280578,8.940696716308595e-08,-0.0499999523162841
84,24_10_0.txt,93,24.0,10.0,0,6_16_0.txt,True,ok,9072,9072,8000,0.173053146628074,1.2290800594816516,0.953515887260437,True,False,-0.173053146628074,-1.2290800594816516,-0.2230531275272369,-1.229080080986023,0.98209906889195,0.3721114357137372,0.3704472221513641,0.1439169201373137,0.137416680022744,0.1153317990248273,0.1107709194700308,70.09805639066987,0.7136341333389282,0.9489228129386902,0.2352886795997619,-0.2999999821186065,-0.25
85,28_10_0.txt,94,28.0,10.0,0,6_16_0.txt,True,ok,9072,9072,8000,0.3348016119379187,1.3635563702001048,0.937880039215088,True,False,-0.3348016119379187,-1.3635563702001048,-0.284801572561264,-1.3635563850402832,1.11678068706461,0.4245006655015925,0.4169579194251789,0.1696336382078088,0.1751745637955954,0.1408707108468663,0.1521575694862424,63.507691688406375,0.6646923422813416,0.9436942934989928,0.2790019512176513,-0.1999999582767486,-0.25
86,32_10_0.txt,95,32.0,10.0,0,6_16_0.txt,True,ok,9072,9072,8000,0.5126378806466347,1.4455702620656412,0.9183339476585388,True,False,-0.5126378806466347,-1.4455702620656412,-0.512637734413147,-1.5455700159072876,2.0897033716849287,0.4617450918574459,0.4558114681647015,0.1748895814643019,0.1718901203067635,0.1733436429484628,0.1817088415123232,60.13508781515231,0.6261641979217529,0.915672242641449,0.289508044719696,0.2500001192092895,0.4000002145767212
87,36_10_0.txt,96,36.0,10.0,0,6_16_0.txt,True,ok,9072,9072,8000,0.6551929042992791,1.6454275461395946,0.9358190894126892,True,False,-0.6551929042992791,-1.6454275461395946,-0.6551927328109741,-1.6454274654388428,2.10048084415415,0.522970899785318,0.5196233005578054,0.1718370055114388,0.1738338011370782,0.1464687466584827,0.1453221329522885,72.03317618815628,0.5873998403549194,0.939046323299408,0.3516464829444885,0.2500001788139343,0.2500001192092895
88,40_10_0.txt,97,40.0,10.0,0,6_16_0.txt,True,ok,9072,9072,8000,0.8375853584576296,1.7641996659740724,0.9516330361366272,True,False,-0.8375853584576296,-1.7641996659740724,-0.7875851392745972,-1.7641996145248413,2.28907016195255,0.5880963758056529,0.5764739608603447,0.1411389705059885,0.1415789765643799,0.1152462921928612,0.1147629315062897,80.0922610042933,0.561479389667511,0.9435129165649414,0.3820335268974304,0.3000001907348633,0.2500001192092895
89,0_12_0.txt,98,0.0,12.0,0,6_16_0.txt,True,ok,9072,9072,8000,-0.6769749944822757,0.3199582384782217,0.9364171028137208,True,False,0.6769749944822757,-0.3199582384782217,0.6769750118255615,-0.3199582099914551,0.9296110990765928,0.2105961940777125,0.2102677669529664,0.1685070649704001,0.1692062967003459,0.1372840107097213,0.1356348128137513,35.49424394463144,0.8714214563369751,0.9415255784988404,0.0701041221618652,-0.25,-0.2499999701976776
90,2_12_0.txt,99,2.0,12.0,0,6_16_0.txt,True,ok,9072,9072,8000,-0.5944105293498224,0.3896742879530162,0.927120566368103,True,False,0.5944105293498224,-0.3896742879530162,0.5944105386734009,-0.3896742463111877,0.8558843664841819,0.1893461940777125,0.1917838907285278,0.1722282071493196,0.1729748126255027,0.1553797282219212,0.1522072236713293,20.636074754171975,0.8818789720535278,0.9430558085441588,0.0611768364906311,-0.25,-0.2499999552965164
91,4_12_0.txt,100,4.0,12.0,0,6_16_0.txt,True,ok,9072,9072,8000,-0.5155044670094507,0.5021783965776001,0.9271331429481506,True,False,0.5155044670094507,-0.5021783965776001,0.4155046641826629,-0.402178406715393,0.0156567528209538,0.1656819805153394,0.1747855339059327,0.171482052805611,0.1751785539281092,0.1657217644387484,0.1746785684183014,0.061198135361032,0.892101526260376,0.8950803875923157,0.0029788613319396,0.4000001847743988,-0.4000000059604645
92,6_12_0.txt,101,6.0,12.0,0,6_16_0.txt,True,ok,9072,9072,8000,-0.4230127284616672,0.5407886148163876,0.9305685758590698,True,False,0.4230127284616672,-0.5407886148163876,0.3730128705501556,-0.4407886266708374,0.17775577433206,0.1466213203435596,0.1576642135623731,0.17205906587911,0.1721665803409127,0.1544080155668305,0.1634222695762286,-3.652100805727617,0.8994284272193909,0.9256939888000488,0.0262655615806579,0.2000001370906829,-0.4000000059604645
93,8_12_0.txt,102,8.0,12.0,0,6_16_0.txt,True,ok,9072,9072,8000,-0.3459935988237227,0.5838222163474989,0.9329453110694884,True,False,0.3459935988237227,-0.5838222163474989,0.2959937453269958,-0.5838220119476318,0.8393296488804534,0.1555177669529663,0.1668713203435596,0.1735638224760255,0.1721005583591173,0.1575601960071439,0.1530699491645204,8.270666972985252,0.8992897868156433,0.944507896900177,0.0452181100845336,0.2000001370906829,0.2500001788139343
94,10_12_0.txt,103,10.0,12.0,0,6_16_0.txt,True,ok,9072,9072,8000,-0.2459325652739837,0.635952578604829,0.9415233731269836,True,False,0.2459325652739837,-0.635952578604829,0.2459327131509781,-0.6359524726867676,0.8859619154127316,0.1790177669529664,0.1764571067811865,0.1700495349824587,0.1647964397156755,0.1372874426730157,0.1293861096641452,26.675602913183372,0.8973732590675354,0.9434472918510436,0.0460740327835083,0.2500001490116119,0.2500001192092895
95,12_12_0.txt,104,12.0,12.0,0,6_16_0.txt,True,ok,9072,9072,8000,-0.1550392522498666,0.6931516413000232,0.9486638307571412,True,False,0.1550392522498666,-0.6931516413000232,0.1550393998622894,-0.6931514739990234,0.9479201243249308,0.1829571067811865,0.2051196771661547,0.1509542599897714,0.1556450402208428,0.1328551268664682,0.1363989016618363,33.502770896354306,0.8873997926712036,0.9469683170318604,0.0595685243606567,0.2500001490116119,0.2500001788139343
96,14_12_0.txt,105,14.0,12.0,0,6_16_0.txt,True,ok,9072,9072,8000,-0.0605240121837828,0.7344554765662958,0.953435480594635,True,False,0.0605240121837828,-0.7344554765662958,0.0605241023004055,-0.7344553470611572,0.9863142204146684,0.2097071067811865,0.2137661237755614,0.1305866130260243,0.1349056799950669,0.1019227881165592,0.1065793264641307,50.14208772572819,0.8772779107093811,0.9580137133598328,0.0807358026504516,8.940696716308595e-08,0.2500001192092895
97,16_12_0.txt,106,16.0,12.0,0,6_16_0.txt,True,ok,9072,9072,8000,0.0187862400386105,0.7884518886822262,0.9568822979927064,True,False,-0.0187862400386105,-0.7884518886822262,-0.0187861509621143,-0.7384517192840576,1.0386218021601854,0.2316213203435596,0.2221642135623731,0.1090269163552055,0.1025706681569059,0.0867744174272062,0.0815349316049649,63.29970056942864,0.8600237965583801,0.9605632424354552,0.1005394458770752,8.940696716308595e-08,0.3000001907348633
98,18_12_0.txt,107,18.0,12.0,0,6_16_0.txt,True,ok,9072,9072,8000,0.1121929957837084,0.8235208225939833,0.957403838634491,True,False,-0.1121929957837084,-0.8235208225939833,-0.1621929109096527,-0.7735205888748169,1.079367511483362,0.2481819805153394,0.2477209067529766,0.1160684112772416,0.1160480514280325,0.1064592609446932,0.1066958685639224,56.92900128517702,0.8448357582092285,0.9629066586494446,0.118070900440216,-0.0499999150633811,0.3000001907348633
99,20_12_0.txt,108,20.0,12.0,0,6_16_0.txt,True,ok,9072,9072,8000,0.1922737338910164,0.8789303996174574,0.956248939037323,True,False,-0.1922737338910164,-0.8789303996174574,-0.2422737181186676,-0.8289302587509155,0.8808240284929724,0.2669423881554251,0.2681568542494924,0.1248966499978778,0.1187929230259977,0.1102901250480275,0.1079828075497383,59.731475873717024,0.8229262232780457,0.961649775505066,0.1387235522270202,-0.2999999821186065,0.0500001311302185
100,24_12_0.txt,109,24.0,12.0,0,6_16_0.txt,True,ok,9072,9072,8000,0.3607237768858606,0.9810933317772734,0.9472902417182922,True,False,-0.3607237768858606,-0.9810933317772734,-0.3607237339019775,-0.9810932874679564,0.9873215689053394,0.3171941738241592,0.2967221150406771,0.146710644590617,0.1467257283544987,0.132381103904833,0.1311819374575385,55.78963251877771,0.7770804762840271,0.955656111240387,0.1785756349563598,-0.2499999552965164,5.960464477539064e-08
101,28_12_0.txt,110,28.0,12.0,0,6_16_0.txt,True,ok,9072,9072,8000,0.5607417104157423,1.1391666723477574,0.9369736909866332,True,False,-0.5607417104157423,-1.1391666723477574,-0.5607415437698364,-1.1391665935516355,1.39821415684283,0.3559888527117067,0.3499769490366161,0.1660881955811155,0.1668289729582322,0.1659650039437734,0.159786066511231,54.34383122914947,0.7273399829864502,0.9529914855957032,0.2256515026092529,0.2500001788139343,1.1920928955078125e-07
102,32_12_0.txt,111,32.0,12.0,0,6_16_0.txt,True,ok,9072,9072,8000,0.7255984928996239,1.2435497556095958,0.945600688457489,True,False,-0.7255984928996239,-1.2435497556095958,-0.7255983352661133,-1.2435497045516968,1.3924559369042544,0.3869832790675601,0.3981764538262465,0.1530337976143347,0.1607050364137676,0.0988710678844378,0.1086564745721597,72.71147665110944,0.6846636533737183,0.9440024495124816,0.2593387961387634,0.2500001788139343,-0.2499999403953552
103,36_12_0.txt,112,36.0,12.0,0,6_16_0.txt,True,ok,9072,9072,8000,0.8783229499538904,1.358491879419662,0.9442642331123352,True,False,-0.8783229499538904,-1.358491879419662,-0.8283228874206543,-1.3584918975830078,1.4142861984602122,0.4433691550792876,0.4614366985087385,0.150278011664585,0.160834634140816,0.1306304607153675,0.1430320028229825,69.00289827722192,0.645622193813324,0.955920398235321,0.310298204421997,0.0500000715255737,-0.25
104,40_12_0.txt,113,40.0,12.0,0,6_16_0.txt,True,ok,9072,9072,8000,1.045132588722268,1.4685775323057395,0.9354925751686096,True,False,-1.045132588722268,-1.4685775323057395,-0.995132565498352,-1.5685772895812988,2.2288112591038893,0.5275922328766994,0.512720361407919,0.1558503532609132,0.1531324029586664,0.1549924174654713,0.1548107829966097,69.80600057085645,0.6143137812614441,0.921694815158844,0.3073810338973999,0.0500000715255737,0.4000002145767212
105,0_14_0.txt,114,0.0,14.0,0,6_16_0.txt,True,ok,9072,9072,8000,-0.4452452509354441,0.101875290484809,0.9453558325767516,True,False,0.4452452509354441,-0.101875290484809,0.5452452898025513,-0.1518752127885818,0.9507192851874704,0.1533667759813497,0.142,0.1649444082940105,0.1636964927937275,0.1629830392841227,0.1707660262879642,-20.25776499152415,0.9277493357658386,0.9264864325523376,-0.0012629032135009,-0.3999999761581421,-0.0499999225139617
106,2_14_0.txt,115,2.0,14.0,0,6_16_0.txt,True,ok,9072,9072,8000,-0.3718470056654965,0.1633890745228617,0.9502831697463988,True,False,0.3718470056654965,-0.1633890745228617,0.3718471527099609,-0.213389053940773,0.1494929603749084,0.1183535533905932,0.1248535533905932,0.15973978897048,0.164727246650619,0.1444745791497485,0.1490366741623722,-19.369189033910963,0.9388768672943116,0.9513872265815736,0.0125103592872619,0.2500001490116119,-0.2999999821186065
107,4_14_0.txt,116,4.0,14.0,0,6_16_0.txt,True,ok,9072,9072,8000,-0.2874244306187106,0.2117461758356389,0.954444706439972,True,False,0.2874244306187106,-0.2117461758356389,0.2874245643615722,-0.2117461413145065,0.0535158207480044,0.0956035533905932,0.1041341577643114,0.1532421213782766,0.1568277655802553,0.1093323991713666,0.1171356319068219,-12.485311661075746,0.947947919368744,0.9507126212120056,0.0027647018432617,0.2500001192092895,-0.2499999701976776
108,6_14_0.txt,117,6.0,14.0,0,6_16_0.txt,True,ok,9072,9072,8000,-0.1996379040468702,0.2522587358704956,0.9569501876831056,True,False,0.1996379040468702,-0.2522587358704956,0.2496380656957626,-0.2522587180137634,0.0504127225660835,0.0861035533905932,0.0881770509831248,0.1466664552062488,0.1455211074264295,0.1004170124349476,0.1024745447333204,-16.214529280335984,0.9535545110702516,0.9513123035430908,-0.0022422075271606,0.3000001609325409,-0.2499999850988388
109,8_14_0.txt,118,8.0,14.0,0,6_16_0.txt,True,ok,9072,9072,8000,-0.1210462247510434,0.3051649875511025,0.9566707611083984,True,False,0.1210462247510434,-0.3051649875511025,0.1210463121533393,-0.3051649630069732,0.1330239240813224,0.0956035533905932,0.093,0.1461095433217611,0.1428922928062461,0.120774047473382,0.1181066460764213,-26.996393630560608,0.9528115391731262,0.9622938632965088,0.0094823241233825,8.940696716308595e-08,-0.2499999701976776
110,10_14_0.txt,119,10.0,14.0,0,6_16_0.txt,True,ok,9072,9072,8000,-0.0244294758883126,0.3455823044311229,0.9548510313034058,True,False,0.0244294758883126,-0.3455823044311229,0.024429565295577,-0.3455822765827179,0.0986548337008456,0.11275,0.1068090169943749,0.1409605598863142,0.1395242538696937,0.1236299782086511,0.1190395929254129,-11.450883338512591,0.9480884075164796,0.9598049521446228,0.0117165446281433,8.940696716308595e-08,-0.2499999701976776
111,12_14_0.txt,120,12.0,14.0,0,6_16_0.txt,True,ok,9072,9072,8000,0.0567186655617421,0.3991305068918365,0.9501428008079528,True,False,-0.0567186655617421,-0.3991305068918365,-0.0567185766994953,-0.3991304636001587,0.1595522331680783,0.1156035533905932,0.1381213203435596,0.1462539109343588,0.1589912333873672,0.1332859709154356,0.1513031662545073,-9.543672097949406,0.937576413154602,0.9585906267166138,0.0210142135620117,8.940696716308595e-08,-0.2499999552965164
112,14_14_0.txt,121,14.0,14.0,0,6_16_0.txt,True,ok,9072,9072,8000,0.1566288698822247,0.4439209764362375,0.9441413283348083,True,False,-0.1566288698822247,-0.4439209764362375,-0.2066288590431213,-0.4439209401607513,0.2152289781638484,0.1447071067811865,0.1538713203435596,0.1648708203299892,0.1721659892665752,0.163978391727331,0.1728042919649925,-12.304418769631548,0.924255907535553,0.948283314704895,0.024027407169342,-0.2999999821186065,-0.2499999701976776
113,16_14_0.txt,122,16.0,14.0,0,6_16_0.txt,True,ok,9072,9072,8000,0.2251904832653037,0.5277516813991749,0.936167061328888,True,False,-0.2251904832653037,-0.5277516813991749,-0.2251904606819152,-0.5277515649795532,0.7781472804295168,0.1723256547935111,0.1631035533905932,0.1712068713978166,0.1704761355975066,0.1504756912233603,0.1514607925735535,7.138263131004947,0.9069676399230956,0.9491705894470216,0.0422029495239257,-0.2499999701976776,0.2500001192092895
114,18_14_0.txt,123,18.0,14.0,0,6_16_0.txt,True,ok,9072,9072,8000,0.3204546211388905,0.5619307909700177,0.9348109364509584,True,False,-0.3204546211388905,-0.5619307909700177,-0.3204545974731445,-0.5619306564331055,0.81498187891819,0.1878685480123245,0.1821642135623731,0.1752102724878163,0.1698888231480831,0.1500674000999046,0.1425087994243715,21.76904747782611,0.8873383402824402,0.9478666186332704,0.06052827835083,-0.2499999701976776,0.2500001192092895
115,20_14_0.txt,124,20.0,14.0,0,6_16_0.txt,True,ok,9072,9072,8000,0.402150406520282,0.6144987959371694,0.9338233470916748,True,False,-0.402150406520282,-0.6144987959371694,-0.4021503925323486,-0.6644986867904663,0.8777858021072696,0.2061289556524102,0.210278174593052,0.1771732262477944,0.1742573721604106,0.1559138956655176,0.1519988216103563,27.715359949021245,0.864197850227356,0.9474708437919616,0.0832729935646057,-0.2499999850988388,0.2000001072883606
116,24_14_0.txt,125,24.0,14.0,0,6_16_0.txt,True,ok,9072,9072,8000,0.6047477037962532,0.7521293090959429,0.9345623850822448,True,False,-0.6047477037962532,-0.7521293090959429,-0.6047475337982178,-0.7521291971206665,1.3171396240695514,0.2520906204335659,0.2397695526217005,0.1700415539802678,0.171319212914783,0.1366779270555156,0.1417972885746597,40.86101132349268,0.8152695894241333,0.9399960041046144,0.1247264146804809,0.2500001788139343,0.2500001192092895
117,28_14_0.txt,126,28.0,14.0,0,6_16_0.txt,True,ok,9072,9072,8000,0.7779635195293103,0.8688739823255613,0.9489933848381042,True,False,-0.7779635195293103,-0.8688739823255613,-0.7279633283615112,-0.8188738822937012,1.345975852177656,0.2803172798364529,0.293203318805774,0.1308771982150897,0.131126120372809,0.1079485656017907,0.1077702946506789,63.24383533937114,0.7655351758003235,0.956369936466217,0.1908347606658935,0.3000001907348633,0.0500000715255737
118,32_14_0.txt,127,32.0,14.0,0,6_16_0.txt,True,ok,9072,9072,8000,0.9301395486010612,0.9908740329023334,0.9563446640968324,True,False,-0.9301395486010612,-0.9908740329023334,-0.8801394701004028,-0.99087393283844,1.359040444192858,0.3389669172643939,0.3370996698789051,0.0581249941638029,0.0589557346787774,0.0581249941638029,0.0589557346787774,82.51088922752258,0.718905508518219,0.9695671796798706,0.2506616711616516,0.0500000715255737,1.1920928955078125e-07
119,36_14_0.txt,128,36.0,14.0,0,6_16_0.txt,True,ok,9072,9072,8000,1.0946257514769229,1.0952384028090558,0.9547353982925416,True,False,-1.0946257514769229,-1.0952384028090558,-1.0946255922317505,-1.0952383279800415,1.5484678539718382,0.3938694656273392,0.4022514316385893,0.0910704084407181,0.0916561068125206,0.0910704084407181,0.0916561068125206,77.21422483466239,0.6780523061752319,0.9688042998313904,0.2907519936561584,1.1920928955078125e-07,1.1920928955078125e-07
120,40_14_0.txt,129,40.0,14.0,0,6_16_0.txt,True,ok,9072,9072,8000,1.245753999739486,1.2197810917727203,0.9450573921203612,True,False,-1.245753999739486,-1.2197810917727203,-1.2457540035247805,-1.2197810411453247,1.3899645297478185,0.4689045336763198,0.4600181867085114,0.1493789322604201,0.1495780505351487,0.1053438625274381,0.1033395785466504,77.5357623823401,0.6445468068122864,0.9397517442703248,0.2952049374580383,-0.25,-0.2499999403953552
121,0_16_0.txt,130,0.0,16.0,0,6_16_0.txt,True,ok,9072,9072,8000,-0.2412024375824712,-0.1493643146707502,0.9578266143798828,True,False,0.2412024375824712,0.1493643146707502,0.2412025928497314,0.1993644088506698,0.1496231786908472,0.0885,0.0806035533905932,0.1419650428837795,0.1348887133950615,0.1150983052687559,0.1064078432111726,-32.013836530922504,0.9550467133522034,0.9619958996772766,0.0069491863250732,0.2500001490116119,0.0500001013278961
122,2_16_0.txt,131,2.0,16.0,0,6_16_0.txt,True,ok,9072,9072,8000,-0.1695698802239689,-0.0925474660261574,0.962735116481781,True,False,0.1695698802239689,0.0925474660261574,0.1695700287818908,0.092547558248043,0.1226133664616116,0.059,0.0692071067811865,0.1076704530684349,0.1147523859259214,0.0993756126589729,0.1094628652075472,-58.167087599309866,0.9657320976257324,0.9646928310394288,-0.0010392665863037,0.2500001490116119,8.940696716308595e-08
123,4_16_0.txt,132,4.0,16.0,0,6_16_0.txt,True,ok,9072,9072,8000,-0.0764585378991023,-0.056185254662414,0.9658955335617064,True,False,0.0764585378991023,0.056185254662414,0.0764586254954338,0.0561853423714637,0.0948825108181101,0.0395,0.0386035533905932,0.0701789726846766,0.0686681304196939,0.0701789726846766,0.0686681304196939,-77.88033584604314,0.9733009338378906,0.976345419883728,0.0030444860458374,8.940696716308595e-08,8.940696716308595e-08
124,6_16_0.txt,133,6.0,16.0,0,6_16_0.txt,True,ok,9072,9072,8000,-3.3429565133072866e-17,2.440386150658546e-16,0.9999998807907104,True,False,3.3429565133072866e-17,-2.440386150658546e-16,-0.0499999225139617,8.940696716308595e-08,2.4631764343677603e-16,0.0,0.0,0.0,0.0,0.0,0.0,,1.0000001192092896,1.0000001192092896,0.0,-0.0499999225139617,8.940696716308595e-08
125,8_16_0.txt,134,8.0,16.0,0,6_16_0.txt,True,ok,9072,9072,8000,0.0930188518271479,0.0342533732351465,0.9658859968185424,True,False,-0.0930188518271479,-0.0342533732351465,-0.1430187821388244,-0.0342532843351364,0.0991251752746352,0.037312829050004,0.0457677669529663,0.0669314639878105,0.0740235698943086,0.0669314639878105,0.0740235698943086,-61.7373422880333,0.973067343235016,0.9763739109039308,0.0033065676689147,-0.0499999299645423,8.940696716308595e-08
126,10_16_0.txt,135,10.0,16.0,0,6_16_0.txt,True,ok,9072,9072,8000,0.1745913012717287,0.0887045650635666,0.9625990986824036,True,False,-0.1745913012717287,-0.0887045650635666,-0.2245912849903106,-0.1387044787406921,0.1164258206198595,0.058164213562373,0.06725,0.1082441350187153,0.1124914539984447,0.0978410122877266,0.1047077168222021,-55.69920717056074,0.9654972553253174,0.964591383934021,-0.0009058713912963,-0.2999999821186065,-0.0499999150633811
127,12_16_0.txt,136,12.0,16.0,0,6_16_0.txt,True,ok,9072,9072,8000,0.2668541079999118,0.1273707383395306,0.9569221138954164,True,False,-0.2668541079999118,-0.1273707383395306,-0.2668540775775909,-0.1773706674575805,0.1284809944763421,0.0887649946217313,0.0932677669529663,0.1411917538390246,0.1423780162279656,0.1108487568937741,0.1137706810099628,-21.982850803467574,0.9526922702789308,0.960824489593506,0.0081322193145751,-0.2499999701976776,-0.0499999225139617
128,14_16_0.txt,137,14.0,16.0,0,6_16_0.txt,True,ok,9072,9072,8000,0.3504634264594785,0.1883405487949978,0.9493441581726074,True,False,-0.3504634264594785,-0.1883405487949978,-0.3504633903503418,-0.2383405268192291,0.1178761552600061,0.1151185480123245,0.116970329371943,0.16518298153498,0.1601444042984278,0.1391367247533427,0.1394910305240897,-19.25334507739587,0.9364540576934814,0.94578754901886,0.0093334913253784,-0.2499999701976776,-0.2999999821186065
129,18_16_0.txt,138,18.0,16.0,0,6_16_0.txt,True,ok,9072,9072,8000,0.4527013124186534,0.2361811024503305,0.9397310018539428,True,False,-0.4527013124186534,-0.2361811024503305,-0.4527012705802917,-0.2361810803413391,0.2031718090329778,0.1428685480123246,0.1439571067811865,0.1725171875069102,0.1704896585660291,0.1516676859953936,0.1510207112800083,-4.906742471254543,0.9157981276512146,0.9448505640029908,0.0290524363517761,-0.2499999552965164,-0.2499999701976776
130,20_16_0.txt,139,20.0,16.0,0,6_16_0.txt,True,ok,9072,9072,8000,0.5468875419007634,0.3038081779095015,0.9290416836738586,True,False,-0.5468875419007634,-0.3038081779095015,-0.5468873977661133,-0.2538081407546997,0.7987021187192266,0.1636819198894424,0.1724748737341529,0.1746348925458433,0.1731936704587385,0.1564760586930659,0.1502841238245154,12.86607691265313,0.8942995071411133,0.9453431367874146,0.0510436296463012,0.2500001192092895,-0.1999999582767486
131,24_16_0.txt,140,24.0,16.0,0,6_16_0.txt,True,ok,9072,9072,8000,0.7271660960719847,0.4326332623471119,0.9310323596000672,True,False,-0.7271660960719847,-0.4326332623471119,-0.727165937423706,-0.4326332211494446,0.9940867607146332,0.2201812270463149,0.2187000234642757,0.1746739372932133,0.1728381934753655,0.1459849679094864,0.1423692534591029,34.90204015348048,0.8428585529327393,0.9443421363830566,0.1014835834503173,0.2500001788139343,-0.2499999552965164
132,28_16_0.txt,141,28.0,16.0,0,6_16_0.txt,True,ok,9072,9072,8000,0.8639876011393592,0.5841618338887496,0.9349421858787536,True,False,-0.8639876011393592,-0.5841618338887496,-0.8139874935150146,-0.584161639213562,1.2009581758076284,0.2734753967444162,0.2611972221513641,0.1655964212375831,0.1631673333781216,0.1591228792808837,0.1582242682284796,39.423449099015144,0.7915094494819641,0.9516555666923524,0.1601461172103881,0.0500001311302185,0.2500001788139343
133,32_16_0.txt,142,32.0,16.0,0,6_16_0.txt,True,ok,9072,9072,8000,1.03339406361302,0.6966875638190634,0.945052206516266,True,False,-1.03339406361302,-0.6966875638190634,-1.0333939790725708,-0.6966874599456787,1.4014708823947446,0.3126946968344225,0.3176487552884041,0.1341585674640306,0.1325552981062691,0.1056190021799683,0.1076595480513035,66.1073603283741,0.738734781742096,0.9513832330703736,0.2126484513282776,1.1920928955078125e-07,0.2500001192092895
134,36_16_0.txt,143,36.0,16.0,0,6_16_0.txt,True,ok,9072,9072,8000,1.183780670220423,0.8138940523650948,0.9477372765541076,True,False,-1.183780670220423,-0.8138940523650948,-1.1837806701660156,-0.7638938426971436,1.4155623952108665,0.378424334593632,0.3703262593109097,0.1374970539204076,0.1364761409667694,0.1177775639378005,0.1173452695923858,68.31300329316699,0.6950793862342834,0.9458168745040894,0.2507374882698059,-0.25,0.3000001907348633
135,40_16_0.txt,144,40.0,16.0,0,6_16_0.txt,True,ok,9072,9072,8000,1.3464303128394426,0.91444162405223,0.9408791065216064,True,False,-1.3464303128394426,-0.91444162405223,-1.296430230140686,-0.9144415855407716,1.427712476205373,0.4341503830986732,0.4443860739735223,0.1521938586611361,0.1573610331342776,0.1337985261268994,0.1441409813235594,67.5640192693915,0.6549768447875977,0.9497628808021544,0.2947860360145569,-0.1999999284744262,5.960464477539064e-08
136,0_18_0.txt,145,0.0,18.0,0,6_16_0.txt,True,ok,9072,9072,8000,-0.1422994070144479,-0.4520156100109917,0.9430336952209472,True,False,0.1422994070144479,0.4520156100109917,0.1422995030879974,0.45201575756073,0.2471020597339824,0.1472071067811865,0.1440021688782242,0.1648243245913628,0.1680917250114017,0.1638920925139583,0.1654559499262379,-14.89823466905985,0.9230306148529052,0.957258403301239,0.0342277884483337,8.940696716308595e-08,0.2500001490116119
137,2_18_0.txt,146,2.0,18.0,0,6_16_0.txt,True,ok,9072,9072,8000,-0.0647210809681846,-0.3844648351695728,0.950119137763977,True,False,0.0647210809681846,0.3844648351695728,0.0147211551666259,0.3844649791717529,0.1492300580274319,0.1215,0.1337193290716828,0.1487526956279097,0.1613656643903067,0.1380649122154267,0.1499496308741753,-12.137588421335824,0.9387017488479614,0.9582059979438782,0.0195042490959167,-0.0499999225139617,0.2500001490116119
138,4_18_0.txt,147,4.0,18.0,0,6_16_0.txt,True,ok,9072,9072,8000,0.0151828202329628,-0.3338644294222184,0.9548680782318116,True,False,-0.0151828202329628,0.3338644294222184,-0.0651827454566955,0.2838645577430725,0.0852276982708129,0.0968584946000525,0.1155,0.1318197798776312,0.1440634102905084,0.1078640599847965,0.1246852644547754,-7.952609917554468,0.9491246938705444,0.9593102931976318,0.0101855993270874,-0.049999926239252,0.2000001370906829
139,6_18_0.txt,148,6.0,18.0,0,6_16_0.txt,True,ok,9072,9072,8000,0.1080326676827757,-0.2942178328965887,0.956411063671112,True,False,-0.1080326676827757,0.2942178328965887,-0.1580325961112976,0.244217962026596,0.1167316325283241,0.090312829050004,0.0939748737341529,0.1427672932794995,0.143907582453315,0.114371364221497,0.1171631329793002,-24.67495653225883,0.9533106684684752,0.961602509021759,0.0082918405532836,-0.0499999299645423,0.2000001370906829
140,8_18_0.txt,149,8.0,18.0,0,6_16_0.txt,True,ok,9072,9072,8000,0.1862623017593145,-0.2421555881330609,0.9569622874259948,True,False,-0.1862623017593145,0.2421555881330609,-0.2362622916698455,0.2421557307243347,0.0642186030255942,0.0775784271247461,0.0873557222688174,0.1390796807434688,0.1461137008988255,0.098022052918365,0.1067948613969868,-22.252851471309263,0.954945743083954,0.9516320824623108,-0.003313660621643,-0.2999999821186065,0.2500001490116119
141,10_18_0.txt,150,10.0,18.0,0,6_16_0.txt,True,ok,9072,9072,8000,0.2809431364469573,-0.2081217992212944,0.9538240432739258,True,False,-0.2809431364469573,0.2081217992212944,-0.2809430956840515,0.2081219553947448,0.052069774280638,0.0968557222688174,0.1017838907285278,0.1542904655872534,0.1547829172024725,0.1111375307176528,0.1151929923443916,-13.174090241478147,0.9484480023384094,0.9504992365837096,0.0020512342453002,-0.2499999552965164,0.2500001490116119
142,12_18_0.txt,151,12.0,18.0,0,6_16_0.txt,True,ok,9072,9072,8000,0.3605190468296128,-0.149419233330155,0.9501763582229614,True,False,-0.3605190468296128,0.149419233330155,-0.4105190336704254,0.1494193822145462,0.1494354386884848,0.1256185480123245,0.118865546286103,0.1671110154890618,0.1601996172270167,0.1531023737900675,0.1466082642953862,-23.339578941157527,0.9397555589675904,0.9510211944580078,0.0112656354904174,-0.2999999821186065,0.2500001490116119
143,14_18_0.txt,152,14.0,18.0,0,6_16_0.txt,True,ok,9072,9072,8000,0.4570262527044372,-0.1157794999979738,0.9426332116127014,True,False,-0.4570262527044372,0.1157794999979738,-0.5070262551307678,0.1157795861363411,0.2372019433491688,0.14075,0.1593685480123245,0.1620576025529557,0.1717351261394284,0.159201795283095,0.1730793123513426,-8.603180809526966,0.922820806503296,0.9557029604911804,0.0328821539878845,-0.3000000119209289,8.940696716308595e-08
144,16_18_0.txt,153,16.0,18.0,0,6_16_0.txt,True,ok,9072,9072,8000,0.5372232117925215,-0.0569740800365672,0.9354093670845032,True,False,-0.5372232117925215,0.0569740800365672,-0.5872230529785156,0.0569741688668727,0.7892822251773737,0.1728535533905932,0.1689721014029178,0.1576612335989874,0.1607904307292338,0.1471453742997469,0.1531612877872867,9.357055682186203,0.9072423577308656,0.958693265914917,0.0514509081840515,0.2000001668930053,8.940696716308595e-08
145,18_18_0.txt,154,18.0,18.0,0,6_16_0.txt,True,ok,9072,9072,8000,0.6856098259418676,0.0197069037091165,0.94231116771698,True,False,-0.6856098259418676,-0.0197069037091165,-0.6856096982955933,-0.0197068136185407,0.9358173478049936,0.2003535533905932,0.2038685480123246,0.1362554158825451,0.1366635695766685,0.1122553009988472,0.1115426325291552,45.28698339362672,0.8826094269752502,0.9525500535964966,0.0699406266212463,0.2500001192092895,8.940696716308595e-08
146,20_18_0.txt,155,20.0,18.0,0,6_16_0.txt,True,ok,9072,9072,8000,0.7661545549025255,0.0713707311927546,0.9467551708221436,True,False,-0.7661545549025255,-0.0713707311927546,-0.766154408454895,-0.0713706389069557,1.0186578722614077,0.2330578878405447,0.214033331390041,0.1278848959064017,0.1280565591695215,0.0993566896718573,0.1050874820324429,50.90134730420186,0.8602961897850037,0.95458722114563,0.0942910313606262,0.2500001192092895,8.940696716308595e-08
147,24_18_0.txt,156,24.0,18.0,0,6_16_0.txt,True,ok,9072,9072,8000,0.9399003509157106,0.1654609420236102,0.9494737386703492,True,False,-0.9399003509157106,-0.1654609420236102,-0.8899002075195312,-0.1654609143733978,0.9436946126660952,0.2745060966544099,0.2782612534513989,0.1042377474856049,0.1022955485302241,0.0987008042059052,0.0958137576607325,65.56697834415982,0.8050556778907776,0.9582511186599731,0.1531954407691955,0.0500001311302185,-0.2499999701976776
148,28_18_0.txt,157,28.0,18.0,0,6_16_0.txt,True,ok,9072,9072,8000,1.1019967795515453,0.2681535387751487,0.943479299545288,True,False,-1.1019967795515453,-0.2681535387751487,-1.101996660232544,-0.2681535184383392,1.1021462938793734,0.3329325461450385,0.3224472221513641,0.1391835766190701,0.1419195960108624,0.1143084488530477,0.1167614074963866,63.78898639059258,0.7488402128219604,0.9528432488441468,0.2040030360221862,1.1920928955078125e-07,-0.2499999850988388
149,32_18_0.txt,158,32.0,18.0,0,6_16_0.txt,True,ok,9072,9072,8000,1.262147524237632,0.3987843049609737,0.92874675989151,True,False,-1.262147524237632,-0.3987843049609737,-1.2621475458145142,-0.3987842798233032,1.0230246234686082,0.3780776874765386,0.3728678549651004,0.1683827688211469,0.17191252082367,0.1382206619063118,0.1453300327218397,61.023716368512815,0.6990921497344971,0.936632752418518,0.237540602684021,-0.25,-0.2499999701976776
150,36_18_0.txt,159,36.0,18.0,0,6_16_0.txt,True,ok,9072,9072,8000,1.4283893848496465,0.506264619264108,0.9182653427124025,True,False,-1.4283893848496465,-0.506264619264108,-1.3783893585205078,-0.6062643527984619,1.5495709168376477,0.4349786600833971,0.4331330845522234,0.1759371876088092,0.1761870992238673,0.1669840998662544,0.1608845194098613,62.8556383366131,0.6499801278114319,0.9143131971359252,0.2643330693244934,-0.1999999284744262,0.4000002145767212
151,40_18_0.txt,160,40.0,18.0,0,6_16_0.txt,True,ok,9072,9072,8000,1.5667308085291234,0.6835573081165591,0.9267596006393432,True,False,-1.5667308085291234,-0.6835573081165591,-1.5667307376861572,-0.6835571527481079,2.0425572398825738,0.4956199507576414,0.5090921207050422,0.1746530153507988,0.177074966351819,0.1486780053495346,0.1505057306962843,70.43644468748626,0.612963080406189,0.9380675554275512,0.3251044750213623,0.2500001192092895,0.2500001788139343
152,0_20_0.txt,161,0.0,20.0,0,6_16_0.txt,True,ok,9072,9072,8000,0.0829116038172128,-0.7517384212597841,0.9507833123207092,True,False,-0.0829116038172128,0.7517384212597841,-0.1329115331172943,0.751738429069519,1.0051637670925009,0.2207699358311906,0.2078284271247462,0.133135151344114,0.1297876298080231,0.102884278830311,0.1024564491776058,50.701426847585346,0.8708664178848267,0.9562777876853944,0.0854113698005676,-0.0499999299645423,-0.25
153,2_20_0.txt,162,2.0,20.0,0,6_16_0.txt,True,ok,9072,9072,8000,0.1566174389133932,-0.6923674747630233,0.945261001586914,True,False,-0.1566174389133932,0.6923674747630233,-0.2066174149513244,0.6423674821853638,0.9469829777806628,0.1847065033281757,0.2068267839473413,0.1570808886553242,0.1575921683356519,0.1395103243009463,0.1360458410021162,34.22232923335797,0.8856269121170044,0.944355845451355,0.0587289333343505,-0.2999999821186065,-0.3000000119209289
154,4_20_0.txt,163,4.0,20.0,0,6_16_0.txt,True,ok,9072,9072,8000,0.2583167722485636,-0.6514561485572743,0.9380871653556824,True,False,-0.2583167722485636,0.6514561485572743,-0.2583167552947998,0.6014561653137207,0.9014945127244808,0.1817649946217313,0.1795327615746977,0.1681164428755891,0.1702696495362266,0.1323670450589623,0.1375129086207244,23.405117030124988,0.8896653652191162,0.9398911595344543,0.0502257943153381,-0.2499999850988388,-0.3000000119209289
155,6_20_0.txt,164,6.0,20.0,0,6_16_0.txt,True,ok,9072,9072,8000,0.3457814175250639,-0.587347236070562,0.9290090203285216,True,False,-0.3457814175250639,0.587347236070562,-0.3457813858985901,0.5373471975326538,0.8428074950414953,0.1653256547935111,0.1609620479906458,0.177417427947076,0.1737932872986996,0.1601663919135728,0.1581705566909323,1.7342543379391395,0.8958985805511475,0.9413557052612304,0.045457124710083,-0.2499999701976776,-0.3000000119209289
156,8_20_0.txt,165,8.0,20.0,0,6_16_0.txt,True,ok,9072,9072,8000,0.4403708489046889,-0.5555828726913761,0.926568865776062,True,False,-0.4403708489046889,0.5555828726913761,-0.4403707981109619,0.5055829286575317,0.8277709978528975,0.1589292081841044,0.1585784271247461,0.1750082090366292,0.1739428018962299,0.1659923304846195,0.17463843937823,-10.127488678425472,0.8929129242897034,0.9392653703689576,0.0463524460792541,-0.2499999552965164,-0.2999999523162842
157,10_20_0.txt,166,10.0,20.0,0,6_16_0.txt,True,ok,9072,9072,8000,0.5150683109189796,-0.5059648544947344,0.9248847365379332,True,False,-0.5150683109189796,0.5059648544947344,-0.5150681734085083,0.4059650301933288,0.7650915630573663,0.1713863149652909,0.1710426551912086,0.1764897652831399,0.1798469144634296,0.1683210864427194,0.1792509045384102,-4.79894874060834,0.8893606662750244,0.9179787039756776,0.028618037700653,0.2500001192092895,0.4000001847743988
158,12_20_0.txt,167,12.0,20.0,0,6_16_0.txt,True,ok,9072,9072,8000,0.6081326026909856,-0.3956615665475982,0.9221398830413818,True,False,-0.6081326026909856,0.3956615665475982,-0.6581324338912964,0.39566171169281,0.8704072930360276,0.2066317279836453,0.1929292081841044,0.1769990421383914,0.1771207438194839,0.1554121572642988,0.1598256989998935,17.158370936049018,0.8748193383216858,0.9404506087303162,0.0656312704086303,0.2000001668930053,0.2500001490116119
159,14_20_0.txt,168,14.0,20.0,0,6_16_0.txt,True,ok,9072,9072,8000,0.6977806309966438,-0.3319655561142576,0.931315541267395,True,False,-0.6977806309966438,0.3319655561142576,-0.747780442237854,0.3319657146930694,0.9513182836892792,0.2239705535004503,0.2257604076400856,0.1791489452705554,0.1707516173212052,0.1481588206516531,0.1353689996809261,40.038644908572415,0.8613359928131104,0.9381726384162904,0.0768366456031799,0.2000001668930053,0.2500001490116119
160,16_20_0.txt,169,16.0,20.0,0,6_16_0.txt,True,ok,9072,9072,8000,0.798844527711109,-0.28756902351158,0.9384586215019226,True,False,-0.798844527711109,0.28756902351158,-0.7488443851470947,0.2875691652297973,1.0495171627168147,0.2473210678118654,0.2472279220613578,0.1563527679862036,0.1536681535357053,0.1209750816615554,0.1163447917894412,52.94027033056307,0.839541494846344,0.9398937225341796,0.1003522276878357,0.3000001907348633,0.2500001490116119
161,18_20_0.txt,170,18.0,20.0,0,6_16_0.txt,True,ok,9072,9072,8000,0.8780729975208771,-0.22842488905357,0.94451504945755,True,False,-0.8780729975208771,0.22842488905357,-0.8280729055404663,0.2284250408411026,0.878338018297995,0.2690281745930519,0.2740975992275126,0.1323649469795307,0.137329435009174,0.1108859678549766,0.1131871097662089,58.70554500104947,0.8198843598365784,0.9552862048149108,0.1354018449783325,0.0500000715255737,0.2500001490116119
162,20_20_0.txt,171,20.0,20.0,0,6_16_0.txt,True,ok,9072,9072,8000,0.977623990581717,-0.1916816391929723,0.9476123452186584,True,False,-0.977623990581717,0.1916816391929723,-0.9776239395141602,0.2416817992925644,0.9793618831505236,0.2943459560501077,0.3021575787729259,0.1044142364670507,0.1030033099403512,0.0902408213580229,0.086510457543773,71.3690922812211,0.7907404899597168,0.95553857088089,0.1647980809211731,5.960464477539064e-08,0.3000001609325409
163,24_20_0.txt,172,24.0,20.0,0,6_16_0.txt,True,ok,9072,9072,8000,1.1191799159329423,-0.0753635195629519,0.9488762617111206,True,False,-1.1191799159329423,0.0753635195629519,-1.1191798448562622,0.0753636062145233,1.1217144664791407,0.3400487518456185,0.3454461610060637,0.0928942474448929,0.0936408485470356,0.0928942474448929,0.0936408485470356,72.89278066535182,0.7447484135627747,0.9676793813705444,0.2229309678077697,1.1920928955078125e-07,8.940696716308595e-08
164,28_20_0.txt,173,28.0,20.0,0,6_16_0.txt,True,ok,9072,9072,8000,1.2853864510402015,0.0319096588606391,0.941107988357544,True,False,-1.2853864510402015,-0.0319096588606391,-1.2353863716125488,-0.0319095700979232,1.0358780475163214,0.395057503388892,0.3937182367338019,0.1358209256622783,0.1358755370215453,0.1127865493509957,0.106625839591127,72.91823704289874,0.6878931522369385,0.9494494795799256,0.261556327342987,-0.1999999284744262,8.940696716308595e-08
165,32_20_0.txt,174,32.0,20.0,0,6_16_0.txt,True,ok,9072,9072,8000,1.4457432010960825,0.1564341292061233,0.9265760183334352,True,False,-1.4457432010960825,-0.1564341292061233,-1.3957431316375732,-0.2064340561628341,1.2059326016606335,0.4425231239591687,0.4387288635589202,0.1687885952263133,0.167579940571108,0.1629203014819917,0.163428120822313,62.74963094595552,0.6377426981925964,0.9495107531547546,0.3117680549621582,-0.1999999284744262,-0.0499999225139617
166,36_20_0.txt,175,36.0,20.0,0,6_16_0.txt,True,ok,9072,9072,8000,1.6343514680918685,0.2976390332165305,0.9310283660888672,True,False,-1.6343514680918685,-0.2976390332165305,-1.5843513011932373,-0.247639000415802,1.884953562501152,0.4946077202587716,0.4903117127178347,0.1706666019842526,0.1739977524150112,0.1368884780586647,0.1364120244467442,72.17850993389449,0.5905954837799072,0.9402843117713928,0.3496888279914856,0.3000001907348633,-0.1999999582767486
167,40_20_0.txt,176,40.0,20.0,0,6_16_0.txt,True,ok,9072,9072,8000,1.7830119305739385,0.4204294561000238,0.9301548600196838,True,False,-1.7830119305739385,-0.4204294561000238,-1.7330117225646973,-0.4204294085502624,2.0401430610039393,0.5452648293160469,0.5732668555581454,0.1702159165086259,0.1729707301986772,0.1472128956905178,0.1462688540305092,74.4850321255537,0.5541919469833374,0.9398002028465272,0.3856082558631897,0.3000001907348633,-0.2499999552965164
168,0_24_0.txt,177,0.0,24.0,0,6_16_0.txt,True,ok,9072,9072,8000,0.1981116967465701,-0.918709648599546,0.951976716518402,True,False,-0.1981116967465701,0.918709648599546,-0.248111680150032,0.8687096834182739,0.9201737957823084,0.2587478578925484,0.2737738636073762,0.1177561757979051,0.1267607098676997,0.101799678262026,0.1118216038976692,59.155486055442296,0.8215967416763306,0.9583647847175598,0.1367680430412292,-0.2999999821186065,-0.0499999523162841
169,2_24_0.txt,178,2.0,24.0,0,6_16_0.txt,True,ok,9072,9072,8000,0.2732197993348881,-0.8609173045602266,0.9464162588119508,True,False,-0.2732197993348881,0.8609173045602266,-0.2732197642326355,0.7609174251556396,0.8612303782219938,0.2453514112831417,0.24494543648263,0.1493394332970153,0.144476697519768,0.1225557985107228,0.1170013970037212,52.23368980298671,0.8369251489639282,0.955816090106964,0.1188909411430358,-0.2499999701976776,-0.0999999046325683
170,4_24_0.txt,179,4.0,24.0,0,6_16_0.txt,True,ok,9072,9072,8000,0.3711157897898319,-0.8173797852544091,0.938543140888214,True,False,-0.3711157897898319,0.8173797852544091,-0.4211157560348511,0.767379879951477,1.074229323983554,0.2268189257044139,0.2341068777137681,0.1685960806889906,0.163373145795597,0.1547023815994152,0.1444849571252485,38.282480832577775,0.8414937853813171,0.9399720430374146,0.0984782576560974,-0.2999999523162842,-0.2999999523162842
171,6_24_0.txt,180,6.0,24.0,0,6_16_0.txt,True,ok,9072,9072,8000,0.460229415170357,-0.7496659715584149,0.9288333654403688,True,False,-0.460229415170357,0.7496659715584149,-0.5102294087409973,0.7496659755706787,1.021532408538613,0.2101068777137681,0.2150891107608017,0.1736797921109871,0.1729232101582591,0.1518646148795754,0.1495231702971601,30.4831519511728,0.848858654499054,0.939621090888977,0.0907624363899231,-0.3000000119209289,-0.25
172,8_24_0.txt,181,8.0,24.0,0,6_16_0.txt,True,ok,9072,9072,8000,0.5826902032784238,-0.6704922458067184,0.926205277442932,True,False,-0.5826902032784238,0.6704922458067184,-0.5826900005340576,0.6704922914505005,1.241240890893528,0.2104028192597865,0.2080743921350403,0.1785600066689844,0.1765832089013573,0.156248583015848,0.1536342006665577,26.163811370478896,0.8443382978439331,0.9424140453338624,0.0980757474899292,0.2500001788139343,-0.2499999403953552
173,10_24_0.txt,182,10.0,24.0,0,6_16_0.txt,True,ok,9072,9072,8000,0.6602490199974647,-0.6210412953390931,0.92842835187912,True,False,-0.6602490199974647,0.6210412953390931,-0.7102488279342651,0.6210412979125977,1.2598675393041725,0.2243198051533946,0.2138170328221595,0.1745769622934415,0.1739433599797679,0.1455072199537262,0.1443885360084283,32.470985074176866,0.840376615524292,0.9413549304008484,0.1009783148765564,0.2000001668930053,-0.25
174,12_24_0.txt,183,12.0,24.0,0,6_16_0.txt,True,ok,9072,9072,8000,0.7521566216918599,-0.585466281275685,0.9301784634590148,True,False,-0.7521566216918599,0.585466281275685,-0.7521564960479736,0.5854662656784058,1.304730547488432,0.2325241396033461,0.2453133384815429,0.168777718864535,0.1714777582909717,0.1324862099021452,0.1388193919051298,43.41139672045413,0.8277229070663452,0.9404422640800476,0.1127193570137023,0.2500001192092895,-0.25
175,14_24_0.txt,184,14.0,24.0,0,6_16_0.txt,True,ok,9072,9072,8000,0.8346224189659113,-0.5298371233644789,0.9277192950248718,True,False,-0.8346224189659113,0.5298371233644789,-0.784622311592102,0.5298371315002441,1.1422523894559795,0.2625195526217004,0.2611921554921618,0.1706884564778346,0.1665113019156456,0.1675117503908889,0.1597788771883127,38.827076606782875,0.8147521018981934,0.9525715708732604,0.1378194689750671,0.0500001311302185,-0.25
176,16_24_0.txt,185,16.0,24.0,0,6_16_0.txt,True,ok,9072,9072,8000,0.9180273015013865,-0.4542584692643075,0.927901804447174,True,False,-0.9180273015013865,0.4542584692643075,-0.8680272102355957,0.4542586207389831,0.9404762881477212,0.2919095325592555,0.2863228534805996,0.1622478269690545,0.1617952822036689,0.1601069315576645,0.1613274665658093,43.6553999777945,0.7930769920349121,0.9496706128120422,0.1565936207771301,0.0500000715255737,0.2500001490116119
177,18_24_0.txt,186,18.0,24.0,0,6_16_0.txt,True,ok,9072,9072,8000,1.0053849989258017,-0.3956920619936451,0.9338293671607972,True,False,-1.0053849989258017,0.3956920619936451,-1.005384922027588,0.395692229270935,1.01588639768086,0.3176245111620938,0.3101927426614168,0.1494161675439934,0.1444117031351364,0.1331682811247508,0.1338917514868422,56.83594969435231,0.7720757126808167,0.9489285349845886,0.1768528223037719,1.1920928955078125e-07,0.2500001788139343
178,20_24_0.txt,187,20.0,24.0,0,6_16_0.txt,True,ok,9072,9072,8000,1.096694954704281,-0.35661428791404,0.936694324016571,True,False,-1.096694954704281,0.35661428791404,-1.096694827079773,0.3566144406795501,1.101864978144438,0.3426069435113938,0.3469294551983978,0.1549084696895949,0.1533676431032909,0.1362362707996902,0.1341118717048984,61.3431867212877,0.7463793754577637,0.9518041610717772,0.2054247856140136,1.1920928955078125e-07,0.2500001490116119
179,24_24_0.txt,188,24.0,24.0,0,6_16_0.txt,True,ok,9072,9072,8000,1.2757077743009335,-0.2690660415747685,0.9349383115768432,True,False,-1.2757077743009335,0.2690660415747685,-1.275707721710205,0.26906618475914,1.025884960511024,0.3947703263055545,0.4008562060740901,0.1607213869367709,0.1670069711482923,0.1098737679863171,0.1199811310148616,70.06878546550791,0.6893112063407898,0.9381594657897948,0.2488482594490051,-0.25,0.2500001490116119
180,28_24_0.txt,189,28.0,24.0,0,6_16_0.txt,True,ok,9072,9072,8000,1.4210102615379574,-0.1516194572454946,0.9288852214813232,True,False,-1.4210102615379574,0.1516194572454946,-1.371010184288025,0.1516196131706237,1.1751356363500625,0.4301720936746132,0.4441920416721375,0.1708713807480073,0.1705950467427461,0.1661958430025187,0.1648076928788044,62.89719818968513,0.6409201622009277,0.941606879234314,0.3006867170333862,-0.1999999284744262,0.2500001490116119
181,32_24_0.txt,190,32.0,24.0,0,6_16_0.txt,True,ok,9072,9072,8000,1.6212192304432127,-0.0071290185768925,0.9350314736366272,True,False,-1.6212192304432127,0.0071290185768925,-1.5712190866470337,0.0071291080676019,1.8712328105520055,0.4850085478247365,0.4957165004172362,0.1417654778010771,0.1476531637459918,0.1230459983713446,0.1283909115125291,74.0999318351387,0.5865711569786072,0.9489363431930542,0.362365186214447,0.3000001907348633,8.940696716308595e-08
182,36_24_0.txt,191,36.0,24.0,0,6_16_0.txt,True,ok,9072,9072,8000,1.7799335819230369,0.114159729445519,0.943719208240509,True,False,-1.7799335819230369,-0.114159729445519,-1.729933500289917,-0.1141596436500549,2.0331411143464595,0.5371646814142202,0.5372322314208653,0.134150152993338,0.1313971186146297,0.112616652031074,0.108433823448063,79.81621036376046,0.5447969436645508,0.9514609575271606,0.4066640138626098,0.3000001907348633,8.940696716308595e-08
183,40_24_0.txt,192,40.0,24.0,0,6_16_0.txt,True,ok,9072,9072,8000,1.9500099916184657,0.2174521060293108,0.9435788989067078,True,False,-1.9500099916184657,-0.2174521060293108,-1.9000098705291748,-0.2174520790576934,1.9502816034649393,0.6095558299874617,0.6029157063828251,0.1198459359683161,0.1202477622351805,0.0977377733546903,0.0958032182631994,84.11001450966205,0.5030385255813599,0.9504449367523192,0.4474064111709595,0.0500000715255737,-0.2499999701976776
184,0_28_0.txt,193,0.0,28.0,0,6_16_0.txt,True,ok,9072,9072,8000,0.3441654938299148,-1.110391099647924,0.9428085088729858,True,False,-0.3441654938299148,1.110391099647924,-0.3941654860973358,1.060391187667847,1.1143767470678656,0.3198215908221287,0.3196264420127132,0.1627974058689822,0.1514485914034751,0.1485609903003106,0.1339144314489261,58.10283072775323,0.7642919421195984,0.9520657658576964,0.1877738237380981,-0.2999999821186065,-0.0499999523162841
185,2_28_0.txt,194,2.0,28.0,0,6_16_0.txt,True,ok,9072,9072,8000,0.4151352340709384,-1.0514886986865928,0.9371083974838256,True,False,-0.4151352340709384,1.0514886986865928,-0.4651352167129516,1.0014888048171997,1.0643768735731192,0.3033761923078637,0.3004665002310253,0.1554206821244955,0.1604943115351033,0.1497612459197031,0.1520222391464476,49.404596176425834,0.778744637966156,0.950424075126648,0.1716794371604919,-0.2999999821186065,-0.0499999523162841
186,4_28_0.txt,195,4.0,28.0,0,6_16_0.txt,True,ok,9072,9072,8000,0.4995627200642167,-0.9872124132164466,0.9295912384986876,True,False,-0.4995627200642167,0.9872124132164466,-0.5995625257492065,0.9372124671936036,1.4048893124195998,0.2815317787617346,0.2850109306503489,0.1551570817530969,0.1592724079500427,0.1423344744550596,0.1551993598249176,45.54617274825994,0.7900276184082031,0.9171762466430664,0.1271486282348632,0.4000002145767212,-0.0499999523162841
187,6_28_0.txt,196,6.0,28.0,0,6_16_0.txt,True,ok,9072,9072,8000,0.6444355312586392,-0.916719512871289,0.9365350604057312,True,False,-0.6444355312586392,0.916719512871289,-0.6444354057312012,0.8667196035385132,1.2807769457859934,0.2755243866176395,0.2639073772597556,0.1566855051665927,0.1489051372281525,0.1388809848683778,0.1346649111023781,48.97266135541496,0.7908104062080383,0.949432611465454,0.1586222052574157,0.2500001192092895,-0.0499998927116394
188,8_28_0.txt,197,8.0,28.0,0,6_16_0.txt,True,ok,9072,9072,8000,0.7267125906963984,-0.8616863914778142,0.9405441284179688,True,False,-0.7267125906963984,0.8616863914778142,-0.7267124652862549,0.8116865158081055,1.3024864383489476,0.258595117807638,0.2673902649202135,0.1464612928997052,0.1498854635861197,0.1176860123064462,0.1270902581490368,52.47012519810351,0.7924706339836121,0.9504035115242004,0.1579328775405883,0.2500001192092895,-0.0499998927116394
189,10_28_0.txt,198,10.0,28.0,0,6_16_0.txt,True,ok,9072,9072,8000,0.8197984717199377,-0.8272242864717771,0.9439281821250916,True,False,-0.8197984717199377,0.8272242864717771,-0.7697982788085938,0.7772243022918701,1.518183432085512,0.2774461458373835,0.2796693274038199,0.1341909840906482,0.1424300754954401,0.1184704305772198,0.1243667509724249,55.53078625856977,0.7836487293243408,0.9442811012268066,0.1606323719024658,0.3000001907348633,-0.2999999523162842
190,12_28_0.txt,199,12.0,28.0,0,6_16_0.txt,True,ok,9072,9072,8000,0.8958886348445922,-0.7729010539960265,0.9437550902366638,True,False,-0.8958886348445922,0.7729010539960265,-0.8458884954452515,0.7229011058807373,1.3597584389552024,0.288333028457422,0.2872697390100968,0.1314282627625634,0.128387649540825,0.1068448535174843,0.1019616016857061,64.50666817985919,0.7768837213516235,0.9534833431243896,0.1765996217727661,0.0500001311302185,-0.2999999523162842
191,14_28_0.txt,200,14.0,28.0,0,6_16_0.txt,True,ok,9072,9072,8000,0.9915158841679464,-0.7367703877284685,0.9419177174568176,True,False,-0.9915158841679464,0.7367703877284685,-0.9915157556533812,0.7367703914642334,1.3988636626401934,0.3172770018682712,0.3175452018978107,0.1314585385468625,0.1253497258965234,0.1030955411403771,0.0961295987217316,69.72727090593321,0.7592058777809143,0.9475961923599244,0.18839031457901,1.1920928955078125e-07,-0.25
192,16_28_0.txt,201,16.0,28.0,0,6_16_0.txt,True,ok,9072,9072,8000,1.0712938461041748,-0.6795283061947588,0.9375970363616944,True,False,-1.0712938461041748,0.6795283061947588,-1.0712937116622925,0.6795283555984497,1.4183417700674166,0.3435051138414468,0.3319822179222596,0.1457514657365469,0.1474522914439213,0.1262283514573547,0.1253491858232095,62.24219881181632,0.743661105632782,0.9481067657470704,0.2044456601142883,1.1920928955078125e-07,-0.2499999403953552
193,18_28_0.txt,202,18.0,28.0,0,6_16_0.txt,True,ok,9072,9072,8000,1.1713948859798653,-0.6408419795024033,0.9320838451385498,True,False,-1.1713948859798653,0.6408419795024033,-1.1713948249816897,0.5908420085906982,1.2816270785035753,0.3771662842137656,0.3678592544012952,0.1623501809265109,0.1648718199105446,0.149645033282413,0.1490074539325235,59.49335183233632,0.7194235920906067,0.9365857839584352,0.2171621918678283,-0.2499999403953552,-0.2999999523162842
194,20_28_0.txt,203,20.0,28.0,0,6_16_0.txt,True,ok,9072,9072,8000,1.2549349946563468,-0.5775566841211288,0.923565149307251,True,False,-1.2549349946563468,0.5775566841211288,-1.2549350261688232,0.4775568842887878,1.0079233020110292,0.3942734679636682,0.394687279599561,0.174807141243968,0.17271320084652,0.1541794111026418,0.165517686772541,58.06358721758888,0.6985211968421936,0.9095916748046876,0.2110704779624939,-0.25,0.4000002145767212
195,24_28_0.txt,204,24.0,28.0,0,6_16_0.txt,True,ok,9072,9072,8000,1.414587635864887,-0.4582165903018968,0.9166082739830016,True,False,-1.414587635864887,0.4582165903018968,-1.3645875453948977,0.4082167148590088,1.1830547367245163,0.4333335461033437,0.4400647671654972,0.1778953521285027,0.1802822681316583,0.1639475162803397,0.1674989548433108,61.93765842192072,0.6481518745422363,0.9412121176719666,0.2930602431297302,-0.1999999284744262,0.2000001221895218
196,28_28_0.txt,205,28.0,28.0,0,6_16_0.txt,True,ok,9072,9072,8000,1.5526200188429986,-0.2904159477483371,0.9215789437294006,True,False,-1.5526200188429986,0.2904159477483371,-1.5026198625564575,0.2904160916805267,1.8030730382227809,0.4899088293646093,0.4853410479075536,0.1766694465024314,0.1758426591037235,0.1503628344845363,0.1478473767351686,69.5374258219902,0.5995113849639893,0.937086284160614,0.3375748991966247,0.3000001907348633,0.2500001490116119
197,32_28_0.txt,206,32.0,28.0,0,6_16_0.txt,True,ok,9072,9072,8000,1.743910440092069,-0.1712120157243047,0.9379013180732728,True,False,-1.743910440092069,0.1712120157243047,-1.6939102411270142,0.2212121784687042,1.995466459145424,0.5263072336754364,0.5318627262873968,0.1474060434442052,0.1504300353686638,0.1140607185198345,0.1164304495028569,78.10892853582999,0.5471736192703247,0.9357715845108032,0.3885979652404785,0.3000001907348633,0.3000001609325409
198,36_28_0.txt,207,36.0,28.0,0,6_16_0.txt,True,ok,9072,9072,8000,1.9015285202763548,-0.0465670061115376,0.946490466594696,True,False,-1.9015285202763548,0.0465670061115376,-1.8015283346176147,0.0465670973062515,1.9020986303245624,0.5837203230947041,0.5811659976049388,0.0859786908601643,0.0835110577489257,0.0859786908601643,0.0835110577489257,85.63042949981833,0.5045322179794312,0.9628977179527284,0.4583654999732971,0.1000001430511474,8.940696716308595e-08
199,40_28_0.txt,208,40.0,28.0,0,6_16_0.txt,True,ok,9072,9072,8000,2.069859646210008,0.049832987399992,0.9460266828536988,True,False,-2.069859646210008,-0.049832987399992,-2.019859552383423,-0.0498328991234302,2.070459437333131,0.6511917621149196,0.6429276846836737,0.0796387730492439,0.0770519879447536,0.0796387730492439,0.0770519879447536,88.0154502939683,0.4649930596351623,0.9621460437774658,0.4971529841423034,0.0500001907348632,8.940696716308595e-08
200,0_32_0.txt,209,0.0,32.0,0,6_16_0.txt,True,ok,9072,9072,8000,0.4794561429496698,-1.2957810588530676,0.9260292053222656,True,False,-0.4794561429496698,1.2957810588530676,-0.5794559717178345,1.245781183242798,1.4328267023676269,0.3684859468758311,0.3720566721371275,0.1755707864159045,0.1809774977359777,0.1540949434610735,0.1598744925462481,57.02953218714923,0.7156695127487183,0.9059338569641112,0.190264344215393,0.4000001549720764,0.2000001668930053
201,2_32_0.txt,210,2.0,32.0,0,6_16_0.txt,True,ok,9072,9072,8000,0.5847070719026033,-1.1868135082520284,0.9272016882896424,True,False,-0.5847070719026033,1.1868135082520284,-0.634706974029541,1.1868137121200562,1.2547332167148884,0.3593546008650504,0.3356129833548665,0.1715627896725858,0.1671886413186966,0.1580403573964473,0.1530394201603667,54.40002987055251,0.7314411997795105,0.937224268913269,0.2057830691337585,0.2000001072883606,0.2500001788139343
202,4_32_0.txt,211,4.0,32.0,0,6_16_0.txt,True,ok,9072,9072,8000,0.6713973163986023,-1.124605063424849,0.9354225397109984,True,False,-0.6713973163986023,1.124605063424849,-0.7213971614837646,1.1246051788330078,1.4538602282707078,0.3282198231002695,0.32727090020359,0.1524205466464513,0.155908771778711,0.1314749505404995,0.1331168655133679,59.32517512844617,0.7432200312614441,0.9496874809265136,0.2064674496650695,0.2000001668930053,1.1920928955078125e-07
203,6_32_0.txt,212,6.0,32.0,0,6_16_0.txt,True,ok,9072,9072,8000,0.7659095409875106,-1.081643743652863,0.9422938227653505,True,False,-0.7659095409875106,1.081643743652863,-0.7659094333648682,1.08164381980896,1.483922297040123,0.3247138689371888,0.313875034172357,0.1293918054005921,0.1273348051689357,0.1024606053730693,0.0980708451849356,68.75481178567316,0.7458147406578064,0.9503548741340636,0.2045401334762573,0.2500001192092895,1.1920928955078125e-07
204,8_32_0.txt,213,8.0,32.0,0,6_16_0.txt,True,ok,9072,9072,8000,0.8392282794572535,-1.0297469719715864,0.9457734823226928,True,False,-0.8392282794572535,1.0297469719715864,-0.789228081703186,0.9797470569610596,1.4989319767934968,0.3113295791221674,0.3069209757183754,0.1008115447983809,0.0958634012651094,0.0954417719151188,0.0896127886476996,70.80265093060093,0.746786892414093,0.9531937837600708,0.2064068913459777,0.3000001907348633,-0.0499999523162841
205,10_32_0.txt,214,10.0,32.0,0,6_16_0.txt,True,ok,9072,9072,8000,0.94085183479122,-0.9934319838127208,0.9486212134361268,True,False,-0.94085183479122,0.9934319838127208,-0.8908517360687256,0.943432092666626,1.3682504454565632,0.3112857233523156,0.3254150576221801,0.0576557380503542,0.0644311884200444,0.0576557380503542,0.0644311884200444,80.20030514542088,0.7405257821083069,0.9641724824905396,0.2236467003822326,0.0500000715255737,-0.0499998927116394
206,12_32_0.txt,215,12.0,32.0,0,6_16_0.txt,True,ok,9072,9072,8000,1.013500528984369,-0.936722098544318,0.9480387568473816,True,False,-1.013500528984369,0.936722098544318,-1.013500452041626,0.886722207069397,1.3800839148953468,0.3424006586112775,0.3369022515178392,0.0656971822718198,0.0620172130475553,0.0656971822718198,0.0620172130475553,81.59192680721176,0.7331823706626892,0.9637338519096376,0.2305514812469482,1.1920928955078125e-07,-0.0499998927116394
207,14_32_0.txt,216,14.0,32.0,0,6_16_0.txt,True,ok,9072,9072,8000,1.1096720719804394,-0.9019870037233936,0.945511758327484,True,False,-1.1096720719804394,0.9019870037233936,-1.109671950340271,0.8519871234893799,1.4300184132448317,0.3652387022962386,0.3667623901378353,0.1042207474432323,0.1027035793604131,0.1042207474432323,0.1027035793604131,71.99724341369478,0.7170163989067078,0.9642850756645204,0.2472686767578125,1.1920928955078125e-07,-0.0499998927116394
208,16_32_0.txt,217,16.0,32.0,0,6_16_0.txt,True,ok,9072,9072,8000,1.1886378399608095,-0.841542452982065,0.9407082796096802,True,False,-1.1886378399608095,0.841542452982065,-1.1886378526687622,0.7915425300598145,1.2606485215068337,0.3869092354489366,0.4017338240938614,0.1387575853147125,0.1404088486968353,0.1279861699000469,0.1325035255715593,67.01708503872428,0.700777530670166,0.9513694643974304,0.2505919337272644,-0.25,-0.0499999523162841
209,18_32_0.txt,218,18.0,32.0,0,6_16_0.txt,True,ok,9072,9072,8000,1.2827522540851806,-0.8028919810288662,0.934091567993164,True,False,-1.2827522540851806,0.8028919810288662,-1.2327522039413452,0.752892017364502,1.474841937982817,0.4123218058339048,0.4203419018941109,0.1530302577545162,0.1618841382959754,0.1200260289416962,0.1332559014176942,68.29821133291085,0.6801104545593262,0.9313348531723022,0.2512243986129761,-0.1999999284744262,-0.2999999523162842
210,20_32_0.txt,219,20.0,32.0,0,6_16_0.txt,True,ok,9072,9072,8000,1.3736311566708548,-0.7373031772875928,0.9253576397895812,True,False,-1.3736311566708548,0.7373031772875928,-1.3236310482025146,0.7373032569885254,1.4957655364807878,0.4482696720972009,0.4452771804415048,0.1700719469625222,0.174231437669714,0.1393796214503581,0.142349073870028,68.03135661951396,0.6580854058265686,0.930899143218994,0.2728137373924255,-0.1999999284744262,-0.2499999403953552
211,24_32_0.txt,220,24.0,32.0,0,6_16_0.txt,True,ok,9072,9072,8000,1.5360319320154767,-0.5747677966290083,0.9181379079818726,True,False,-1.5360319320154767,0.5747677966290083,-1.4860317707061768,0.5747678279876709,1.9672701849352583,0.4876371721087604,0.5022230164683681,0.1812767575599991,0.1805536643197378,0.164069975043143,0.165806744073134,66.98543502862793,0.6093313694000244,0.9420528411865234,0.332721471786499,0.3000001907348633,-0.2499999403953552
212,28_32_0.txt,221,28.0,32.0,0,6_16_0.txt,True,ok,9072,9072,8000,1.6758235636515686,-0.4487557914534095,0.9168739318847656,True,False,-1.6758235636515686,0.4487557914534095,-1.675823450088501,0.5487557649612427,2.1468427865430697,0.5337338046273878,0.5328613896820796,0.1749339924173336,0.1817466634201564,0.1555551261477011,0.1654830627543775,68.94444484838552,0.5620493292808533,0.9100730419158936,0.3480237126350403,0.2500001192092895,-0.4000000357627868
213,32_32_0.txt,222,32.0,32.0,0,6_16_0.txt,True,ok,9072,9072,8000,1.8629244588562703,-0.3290031848817458,0.9324554800987244,True,False,-1.8629244588562703,0.3290031848817458,-1.8129243850708008,0.3290033340454101,1.8645988959093551,0.5833001087528572,0.5827702067885137,0.1578947078726351,0.1601394085494671,0.143496820709446,0.1433194610166477,75.40720864808071,0.5109488368034363,0.9454856514930724,0.4345368146896362,0.0500000715255737,0.2500001490116119
214,36_32_0.txt,223,36.0,32.0,0,6_16_0.txt,True,ok,9072,9072,8000,2.022658011388194,-0.2079578652852408,0.9411411285400392,True,False,-2.022658011388194,0.2079578652852408,-1.9726580381393433,0.2079580128192901,2.023094899436064,0.6332391276687199,0.6335696948318359,0.1139263208904919,0.1139006521003636,0.0958463250018036,0.0930613280683921,85.3115878446344,0.4712452590465545,0.9473966360092164,0.4761513769626617,0.0500000715255737,0.2500001490116119
215,40_32_0.txt,224,40.0,32.0,0,6_16_0.txt,True,ok,9072,9072,8000,2.1926688159319494,-0.1072130652342122,0.9398084878921508,True,False,-2.1926688159319494,0.1072130652342122,-2.1426687240600586,0.1072131544351577,1.945625033183773,0.7013404989018881,0.6998118874721886,0.1339547695478546,0.1236855168034017,0.1231085469382448,0.1122844630411796,83.9550506284245,0.4315659403800964,0.9471865296363832,0.5156205892562866,-0.1999999284744262,8.940696716308595e-08
216,0_36_0.txt,225,0.0,36.0,0,6_16_0.txt,True,ok,9072,9072,8000,0.6249658873750095,-1.415731863476194,0.9174628257751464,True,False,-0.6249658873750095,1.415731863476194,-0.6749657392501831,1.3657320737838743,1.4575651208757767,0.4280590409335998,0.4238776804187297,0.1763463831292875,0.179630049540485,0.1584652824339402,0.1652701044922433,61.00995354863214,0.6746506690979004,0.9353970289230348,0.2607463598251343,0.2000001668930053,0.2000001668930053
217,2_36_0.txt,226,2.0,36.0,0,6_16_0.txt,True,ok,9072,9072,8000,0.7051493915012211,-1.3458209238376315,0.9261278510093688,True,False,-0.7051493915012211,1.3458209238376315,-0.755149245262146,1.2958210706710815,1.4536622225281617,0.3978543639330794,0.4116246667044796,0.1727943664170317,0.177616087862689,0.144152815145054,0.1428764610293219,65.28962606317806,0.68886798620224,0.9327324032783508,0.2438644170761108,0.2000001668930053,0.2000001668930053
218,4_36_0.txt,227,4.0,36.0,0,6_16_0.txt,True,ok,9072,9072,8000,0.7870345807969024,-1.284892333628078,0.933907389640808,True,False,-0.7870345807969024,1.284892333628078,-0.7870345115661621,1.23489248752594,1.465074354417132,0.3776848482106124,0.3997172303620098,0.1571556826477152,0.1625304413383162,0.114302578590858,0.1280876433240687,67.95543609464514,0.700794517993927,0.9342510104179382,0.2334564924240112,0.2500001192092895,0.2000001668930053
219,6_36_0.txt,228,6.0,36.0,0,6_16_0.txt,True,ok,9072,9072,8000,0.8845300135240466,-1.2417763295085145,0.9398278594017028,True,False,-0.8845300135240466,1.2417763295085145,-0.8345298767089844,1.241776466369629,1.3289144564637076,0.3713630080222947,0.3834810303337999,0.1378214001316435,0.1382447761371871,0.1120132574768389,0.1128841318296772,70.5633074649305,0.7036676406860352,0.9491285681724548,0.2454609274864196,0.0500001311302185,0.2500001192092895
220,8_36_0.txt,229,8.0,36.0,0,6_16_0.txt,True,ok,9072,9072,8000,0.9617793150005464,-1.1900151461669295,0.9433197975158693,True,False,-0.9617793150005464,1.1900151461669295,-0.961779236793518,1.1900153160095217,1.344859816406957,0.3677619452555697,0.3653393489860753,0.1097526455932181,0.1079587831584649,0.0948732738369437,0.0946602952468727,74.08976188587872,0.7072985172271729,0.9509873390197754,0.2436888217926025,5.960464477539064e-08,0.2500001788139343
221,10_36_0.txt,230,10.0,36.0,0,6_16_0.txt,True,ok,9072,9072,8000,1.0584703817523673,-1.1506574253236257,0.9444574117660522,True,False,-1.0584703817523673,1.1506574253236257,-1.0584702491760254,1.1506575345993042,1.563448770986564,0.3894694400311819,0.3752153230831848,0.1032707574319921,0.1022630501841109,0.1032707574319921,0.1022630501841109,72.74550267728823,0.7020162343978882,0.9630208611488342,0.261004626750946,1.1920928955078125e-07,1.1920928955078125e-07
222,12_36_0.txt,231,12.0,36.0,0,6_16_0.txt,True,ok,9072,9072,8000,1.1294222063724573,-1.097131216830666,0.9439082741737366,True,False,-1.1294222063724573,1.097131216830666,-1.1294220685958862,1.0471312999725342,1.57457658663895,0.401738693891473,0.3980512566632116,0.1077536660523411,0.106728650143663,0.1077536660523411,0.106728650143663,73.18720934626631,0.6962263584136963,0.9632068872451782,0.2669805288314819,1.1920928955078125e-07,-0.0499999523162841
223,14_36_0.txt,232,14.0,36.0,0,6_16_0.txt,True,ok,9072,9072,8000,1.2248318534545235,-1.0605062740538267,0.9403838515281676,True,False,-1.2248318534545235,1.0605062740538267,-1.2248318195343018,1.010506272315979,1.4404758588109388,0.4198191002944716,0.4341839632791495,0.1321929129404219,0.131216762387736,0.1087271184539209,0.1101616958300834,74.62787547515723,0.6816163063049316,0.9467899799346924,0.2651736736297607,-0.2499999403953552,-0.0499999523162841
224,16_36_0.txt,233,16.0,36.0,0,6_16_0.txt,True,ok,9072,9072,8000,1.3056522644318576,-1.0046271498758303,0.9361106157302856,True,False,-1.3056522644318576,1.0046271498758303,-1.2556521892547607,0.9546271562576294,1.4572842597337496,0.4512117694021691,0.443920667604876,0.1411342767126296,0.1404527834681788,0.1215475135789249,0.1146376071731696,74.17610498026959,0.6678152680397034,0.9431838989257812,0.2753686308860779,-0.1999999284744262,-0.0499999523162841
225,18_36_0.txt,234,18.0,36.0,0,6_16_0.txt,True,ok,9072,9072,8000,1.4054192470221492,-0.9689231850836476,0.9281242489814758,True,False,-1.4054192470221492,0.9689231850836476,-1.3554191589355469,0.9189232587814332,1.5079143791946117,0.4837170517273139,0.4773107038085994,0.1586750202423412,0.1528858931037574,0.1503883296222512,0.1427672674430941,70.08923824588197,0.6447499990463257,0.9437821507453918,0.2990321516990661,-0.1999999284744262,-0.0499999523162841
226,20_36_0.txt,235,20.0,36.0,0,6_16_0.txt,True,ok,9072,9072,8000,1.5095795386303443,-0.8634808881803704,0.9247960448265076,True,False,-1.5095795386303443,0.8634808881803704,-1.459579348564148,0.8134809732437134,1.9600304581866417,0.5026025024256644,0.492041405862412,0.1729583846238619,0.1706679149046808,0.1719567270321333,0.1704664552449658,65.35526213567626,0.6267151832580566,0.9484937787055968,0.3217785954475403,0.3000001907348633,-0.0499998927116394
227,24_36_0.txt,236,24.0,36.0,0,6_16_0.txt,True,ok,9072,9072,8000,1.692871201536246,-0.7764703197387195,0.9346261024475098,True,False,-1.692871201536246,0.7764703197387195,-1.6428710222244265,0.7764703035354614,2.1973597391104183,0.5472220713896525,0.5542329281784116,0.1642827017299918,0.1650600628620021,0.1177134212665397,0.1242744398495449,77.5772182540659,0.5785959362983704,0.9370679259300232,0.3584719896316528,0.3000001907348633,-0.25
228,28_36_0.txt,237,28.0,36.0,0,6_16_0.txt,True,ok,9072,9072,8000,1.8606790402630984,-0.6783143228584421,0.935186207294464,True,False,-1.8606790402630984,0.6783143228584421,-1.7606788873672483,0.6783143281936646,2.0793975023786415,0.6019408103618769,0.594596488223892,0.1548775898893323,0.1575059118508361,0.132668680242035,0.1335926358302973,77.53221916440351,0.5289444923400879,0.9474159479141236,0.4184714555740356,0.1000001430511474,-0.25
229,32_36_0.txt,238,32.0,36.0,0,6_16_0.txt,True,ok,9072,9072,8000,2.019396484386509,-0.5594384922388563,0.9261388778686525,True,False,-2.019396484386509,0.5594384922388563,-1.91939640045166,0.5094385147094727,2.1755810336253867,0.6438746194078185,0.6458521632258718,0.1567318272606862,0.1565935749512308,0.1524384349247242,0.1535770375806037,76.22102296390487,0.4806444346904754,0.941655933856964,0.4610114991664886,0.1000001430511474,-0.2999999523162842
230,36_36_0.txt,239,36.0,36.0,0,6_16_0.txt,True,ok,9072,9072,8000,2.1796692119839185,-0.4116684225185638,0.9251520037651062,True,False,-2.1796692119839185,0.4116684225185638,-2.129669189453125,0.4116685688495636,1.9364296905692904,0.7131454126339298,0.7070561764358415,0.1675943304620437,0.1691706443868372,0.1537095302435585,0.1540955390124783,78.20604017784703,0.438158631324768,0.9348251819610596,0.4966665506362915,-0.1999999284744262,0.2500001490116119
231,40_36_0.txt,240,40.0,36.0,0,6_16_0.txt,True,ok,9072,9072,8000,2.33503989042507,-0.2931037643968198,0.9257355332374572,True,False,-2.33503989042507,0.2931037643968198,-2.2850399017333984,0.2431039065122604,2.0854853821518304,0.7656335068573328,0.7718114189567834,0.1707933901852579,0.1761901934728843,0.1349942320445605,0.1385361756391996,82.05051490084823,0.4043930172920227,0.9331948161125184,0.5288017988204956,-0.2000000476837158,0.2000001370906829
232,0_40_0.txt,241,0.0,40.0,0,6_16_0.txt,True,ok,9072,9072,8000,0.7831168351534964,-1.6148044617407966,0.9288212656974792,True,False,-0.7831168351534964,1.6148044617407966,-0.7831166982650757,1.5648045539855957,2.1318597692169994,0.4960222545674537,0.5000463430433197,0.1670415139843061,0.1694186776477967,0.1359885180105993,0.1391325788571048,72.17606312040331,0.6364449262619019,0.9369270205497742,0.3004820942878723,0.2500001192092895,-0.2999999523162842
233,2_40_0.txt,242,2.0,40.0,0,6_16_0.txt,True,ok,9072,9072,8000,0.8505305191980543,-1.555945229675351,0.9258224964141846,True,False,-0.8505305191980543,1.555945229675351,-0.8005304336547852,1.505945324897766,1.9962064864824152,0.4815297208325164,0.4811203521098616,0.1747966344325297,0.1718675607254088,0.1692497002495893,0.164110229347122,65.88998394529604,0.6522226929664612,0.9476659893989564,0.2954432964324951,0.0500000715255737,-0.2999999523162842
234,4_40_0.txt,243,4.0,40.0,0,6_16_0.txt,True,ok,9072,9072,8000,0.9438448996782964,-1.517833539477851,0.9232168197631836,True,False,-0.9438448996782964,1.517833539477851,-0.8938448429107666,1.4178335666656494,2.004015623180498,0.4693431229072909,0.4610178852881401,0.1629197104492886,0.1543564716090086,0.1584503146775102,0.156183781964886,66.12196902788926,0.6597288846969604,0.945360541343689,0.2856316566467285,0.0500000715255737,-0.3500000238418579
235,6_40_0.txt,244,6.0,40.0,0,6_16_0.txt,True,ok,9072,9072,8000,1.0177235730682943,-1.423548745681532,0.927270770072937,True,False,-1.0177235730682943,1.423548745681532,-1.0177234411239624,1.3735488653182983,1.5533763000862324,0.4502909166501403,0.4500069579130828,0.1513228976834355,0.1566131548839399,0.1439579001887665,0.1476881060599298,67.18092832501154,0.6692239046096802,0.9444155097007751,0.2751916050910949,1.1920928955078125e-07,0.2000001668930053
236,8_40_0.txt,245,8.0,40.0,0,6_16_0.txt,True,ok,9072,9072,8000,1.1101788335278449,-1.386086961072537,0.9301595091819764,True,False,-1.1101788335278449,1.386086961072537,-1.1101787090301514,1.3360871076583862,1.588455421323582,0.4509410898654495,0.435267638132855,0.1604856228240188,0.1568363037184839,0.147500939070151,0.1377944338349518,68.34259619528768,0.6681212186813354,0.9470492005348206,0.2789279818534851,1.1920928955078125e-07,0.2000001668930053
237,10_40_0.txt,246,10.0,40.0,0,6_16_0.txt,True,ok,9072,9072,8000,1.189415247207537,-1.3357958955208775,0.931297779083252,True,False,-1.189415247207537,1.3357958955208775,-1.1894152164459229,1.285796046257019,1.4357763521579476,0.4447295423955461,0.4516326857114383,0.1553049123389292,0.1637032477570207,0.1236601812264074,0.1370558609535114,69.65324581465732,0.668805718421936,0.9361527562141418,0.2673470377922058,-0.2499999403953552,0.2000001668930053
238,12_40_0.txt,247,12.0,40.0,0,6_16_0.txt,True,ok,9072,9072,8000,1.2862831555536356,-1.2979210626005848,0.9286320805549622,True,False,-1.2862831555536356,1.2979210626005848,-1.2362830638885498,1.2479212284088137,1.473777911330652,0.4646759386372884,0.4795882775727678,0.1643204019891715,0.1652237219792581,0.120589486021377,0.1220804352805658,74.54474160660806,0.6591814160346985,0.9327385425567628,0.2735571265220642,-0.1999999284744262,0.2000001668930053
239,14_40_0.txt,248,14.0,40.0,0,6_16_0.txt,True,ok,9072,9072,8000,1.3628975884884391,-1.2452935594080867,0.9261554479599,True,False,-1.3628975884884391,1.2452935594080867,-1.312897562980652,1.195293664932251,1.4930339285704803,0.4997806412979676,0.508792729491961,0.1814418688018885,0.181590896751575,0.1456833000915675,0.1500800900641381,70.50270545060738,0.6507240533828735,0.9333051443099976,0.282581090927124,-0.1999999284744262,0.2000001072883606
240,16_40_0.txt,249,16.0,40.0,0,6_16_0.txt,True,ok,9072,9072,8000,1.4656734868558092,-1.2096321195904194,0.919242262840271,True,False,-1.4656734868558092,1.2096321195904194,-1.4156733751296997,1.1596322059631348,1.5487917328013352,0.5260406705041452,0.5353691738110167,0.1784761043095744,0.1827108045939008,0.1658014502436504,0.1745553377756767,67.39533273215801,0.6353351473808289,0.9364833831787108,0.3011482357978821,-0.1999999284744262,0.2000001072883606
241,18_40_0.txt,250,18.0,40.0,0,6_16_0.txt,True,ok,9072,9072,8000,1.5631458294365386,-1.1054372098807457,0.9269059896469116,True,False,-1.5631458294365386,1.1054372098807457,-1.5131456851959229,1.1054372787475586,2.1235557971930104,0.5405623672532238,0.5491379486948768,0.1638156051276626,0.1650921865987188,0.1544472038192101,0.1514321847765768,72.42365326663689,0.6183655261993408,0.9477995038032532,0.3294339776039123,0.3000001907348633,1.1920928955078125e-07
242,20_40_0.txt,251,20.0,40.0,0,6_16_0.txt,True,ok,9072,9072,8000,1.6673497271860502,-1.0647057904922836,0.9348700046539308,True,False,-1.6673497271860502,1.0647057904922836,-1.6173495054244995,1.0647059679031372,2.193132097400478,0.5824596388355087,0.576303903593925,0.1482085773238229,0.1577022768096704,0.1217847192833821,0.1332427519529661,76.87977625658223,0.5961278080940247,0.9464460015296936,0.3503181934356689,0.3000001907348633,1.1920928955078125e-07
243,24_40_0.txt,252,24.0,40.0,0,6_16_0.txt,True,ok,9072,9072,8000,1.8264463348237368,-0.9459594091381136,0.9432598352432252,True,False,-1.8264463348237368,0.9459594091381136,-1.7764461040496826,0.8959594964981079,2.2817687405037037,0.6290381189897947,0.6197860116105606,0.1058748586845179,0.1163765711044829,0.094016049308149,0.1079069607552331,82.58964243564827,0.554744303226471,0.9494540095329284,0.3947097063064575,0.3000001907348633,-0.0499998927116394
244,28_40_0.txt,253,28.0,40.0,0,6_16_0.txt,True,ok,9072,9072,8000,1.9938899850841851,-0.8485879652585239,0.9431445598602296,True,False,-1.9938899850841851,0.8485879652585239,-1.8938897848129272,0.7985880374908447,2.1669561157071486,0.663210354925644,0.678616224199701,0.0975225404882481,0.0922500714901623,0.0975225404882481,0.0922500714901623,86.40615001520871,0.5058011412620544,0.9589929580688475,0.4531918168067932,0.1000001430511474,-0.0499999523162841
245,32_40_0.txt,254,32.0,40.0,0,6_16_0.txt,True,ok,9072,9072,8000,2.149282816713136,-0.7258263470517514,0.9337952733039856,True,False,-2.149282816713136,0.7258263470517514,-2.099282741546631,0.6758263111114502,2.360435062826071,0.7060809637359535,0.7102504690912317,0.1528768006597256,0.1530813840451363,0.1321042969575124,0.1315161437671677,81.48313172739708,0.4610304534435272,0.9431777000427246,0.4821472465991974,0.0500001907348632,-0.3000000119209289
246,36_40_0.txt,255,36.0,40.0,0,6_16_0.txt,True,ok,9072,9072,8000,2.338289648306324,-0.6089778235266088,0.9175854325294496,True,False,-2.338289648306324,0.6089778235266088,-2.238289594650269,0.5589778423309326,2.258051495545188,0.7764884147527815,0.7579851938922446,0.1778680410733552,0.1772851056566618,0.1539941043546201,0.1573823849301681,79.23674681269017,0.4191071987152099,0.9277459383010864,0.5086387395858765,-0.1499998569488525,-0.2999999523162842
247,40_40_0.txt,256,40.0,40.0,0,6_16_0.txt,True,ok,9072,9072,8000,2.4958620076808904,-0.4902816670125239,0.905125379562378,True,False,-2.4958620076808904,0.4902816670125239,-2.395862102508545,0.3902818560600281,1.9958856679930463,0.8190205936459609,0.8185213914258211,0.179359966471644,0.1829211769275302,0.1681697135843762,0.1782181121156074,78.22682290499937,0.3848865926265716,0.8761440515518188,0.4912574589252472,-0.4000000953674316,0.4000001847743988
