method,split_mode,seed,frequency_um_inv,period_um,frc,threshold_1_7,threshold_half_bit,n_ring_pixels,hr_pitch_um,pixel_size_um
drizzle,phase_stratified,42,0.0,inf,0.9999715337217776,0.1428571428571428,0.7560610050770457,3,10.0,20.0
drizzle,phase_stratified,42,0.0001116071428571,8960.0,0.9998332015607898,0.1428571428571428,0.5160568456025979,12,10.0,20.0
drizzle,phase_stratified,42,0.0002232142857142,4480.0,0.9997185351394208,0.1428571428571428,0.4384638960994643,22,10.0,20.0
drizzle,phase_stratified,42,0.0003348214285714,2986.6666666666665,0.9998935475207178,0.1428571428571428,0.4119273995859466,28,10.0,20.0
drizzle,phase_stratified,42,0.0004464285714285,2240.0,0.9998709697133498,0.1428571428571428,0.376849289408951,40,10.0,20.0
drizzle,phase_stratified,42,0.0005580357142857,1792.0,0.9999721721146682,0.1428571428571428,0.3572655453148874,50,10.0,20.0
drizzle,phase_stratified,42,0.0006696428571428,1493.3333333333333,0.9999840003634696,0.1428571428571428,0.3607189084162777,48,10.0,20.0
drizzle,phase_stratified,42,0.0007812499999999,1280.0,0.99997206259974,0.1428571428571428,0.3330194415460661,68,10.0,20.0
drizzle,phase_stratified,42,0.0008928571428571,1120.0,0.9999790791456112,0.1428571428571428,0.3308883459615167,70,10.0,20.0
drizzle,phase_stratified,42,0.0010044642857142,995.5555555555557,0.9999892729275393,0.1428571428571428,0.3249810597764377,76,10.0,20.0
drizzle,phase_stratified,42,0.0011160714285714,896.0,0.9999902170460652,0.1428571428571428,0.3120228149867766,92,10.0,20.0
drizzle,phase_stratified,42,0.0012276785714285,814.5454545454546,0.9999879456208084,0.1428571428571428,0.303074545636718,106,10.0,20.0
drizzle,phase_stratified,42,0.0013392857142857,746.6666666666666,0.9999806013911532,0.1428571428571428,0.309276869488276,96,10.0,20.0
drizzle,phase_stratified,42,0.0014508928571428,689.2307692307692,0.9999896402482016,0.1428571428571428,0.297657677511583,116,10.0,20.0
drizzle,phase_stratified,42,0.0015624999999999,640.0,0.9999870337537996,0.1428571428571428,0.289420288912266,134,10.0,20.0
drizzle,phase_stratified,42,0.0016741071428571,597.3333333333334,0.9999460337093052,0.1428571428571428,0.2956748612128594,120,10.0,20.0
drizzle,phase_stratified,42,0.0017857142857142,560.0,0.999947525466208,0.1428571428571428,0.2847638081271247,146,10.0,20.0
drizzle,phase_stratified,42,0.0018973214285714,527.0588235294118,0.999931384962381,0.1428571428571428,0.2812856424436456,156,10.0,20.0
drizzle,phase_stratified,42,0.0020089285714285,497.7777777777778,0.9999848678015584,0.1428571428571428,0.2870201871950258,140,10.0,20.0
drizzle,phase_stratified,42,0.0021205357142857,471.5789473684211,0.9999778026139456,0.1428571428571428,0.2757709533720164,174,10.0,20.0
drizzle,phase_stratified,42,0.0022321428571428,448.0,0.999982451472982,0.1428571428571428,0.2752091333889933,176,10.0,20.0
drizzle,phase_stratified,42,0.00234375,426.6666666666667,0.999989109320052,0.1428571428571428,0.273051000260408,184,10.0,20.0
drizzle,phase_stratified,42,0.0024553571428571,407.2727272727273,0.9999694740194056,0.1428571428571428,0.2705369635786124,194,10.0,20.0
drizzle,phase_stratified,42,0.0025669642857142,389.5652173913044,0.9999738896470288,0.1428571428571428,0.269116846861646,200,10.0,20.0
drizzle,phase_stratified,42,0.0026785714285714,373.3333333333333,0.999952768561548,0.1428571428571428,0.2673166390391592,208,10.0,20.0
drizzle,phase_stratified,42,0.0027901785714285,358.4,0.999821756953185,0.1428571428571428,0.2668822084027434,210,10.0,20.0
drizzle,phase_stratified,42,0.0029017857142857,344.6153846153846,0.9998781987766836,0.1428571428571428,0.2617315099101021,236,10.0,20.0
drizzle,phase_stratified,42,0.0030133928571428,331.8518518518519,0.999902333120135,0.1428571428571428,0.2632250986856457,228,10.0,20.0
drizzle,phase_stratified,42,0.0031249999999999,320.0,0.99984299555287,0.1428571428571428,0.2613695641695868,238,10.0,20.0
drizzle,phase_stratified,42,0.0032366071428571,308.96551724137936,0.9999509420036996,0.1428571428571428,0.2576597972433477,260,10.0,20.0
drizzle,phase_stratified,42,0.0033482142857142,298.6666666666667,0.9998993546225604,0.1428571428571428,0.2586250244740691,254,10.0,20.0
drizzle,phase_stratified,42,0.0034598214285714,289.03225806451616,0.999952413688398,0.1428571428571428,0.2552370970586252,276,10.0,20.0
drizzle,phase_stratified,42,0.0035714285714285,280.0,0.9999431137358976,0.1428571428571428,0.2558232643037454,272,10.0,20.0
drizzle,phase_stratified,42,0.0036830357142857,271.5151515151515,0.9999495108166933,0.1428571428571428,0.2527449491574839,294,10.0,20.0
drizzle,phase_stratified,42,0.0037946428571428,263.5294117647059,0.999956279020488,0.1428571428571428,0.2541010745146297,284,10.0,20.0
drizzle,phase_stratified,42,0.00390625,256.0,0.9998737509888296,0.1428571428571428,0.2514544516681247,304,10.0,20.0
drizzle,phase_stratified,42,0.0040178571428571,248.8888888888889,0.9998630860100928,0.1428571428571428,0.2492808358345323,322,10.0,20.0
drizzle,phase_stratified,42,0.0041294642857142,242.16216216216216,0.9998413904781746,0.1428571428571428,0.2514544516681247,304,10.0,20.0
drizzle,phase_stratified,42,0.0042410714285714,235.78947368421052,0.999789121444986,0.1428571428571428,0.2490502694584327,324,10.0,20.0
drizzle,phase_stratified,42,0.0043526785714285,229.74358974358967,0.9997361202743712,0.1428571428571428,0.2458237679817894,354,10.0,20.0
drizzle,phase_stratified,42,0.0044642857142857,224.0,0.9998597402400856,0.1428571428571428,0.2477092467132213,336,10.0,20.0
drizzle,phase_stratified,42,0.0045758928571428,218.53658536585365,0.9995929735691916,0.1428571428571428,0.24643640318775,348,10.0,20.0
drizzle,phase_stratified,42,0.0046875,213.33333333333331,0.9994141322091348,0.1428571428571428,0.2442617325963765,370,10.0,20.0
drizzle,phase_stratified,42,0.0047991071428571,208.37209302325584,0.9997174558727276,0.1428571428571428,0.2440734187181129,372,10.0,20.0
drizzle,phase_stratified,42,0.0049107142857142,203.63636363636363,0.9997184152630314,0.1428571428571428,0.2438865796149162,374,10.0,20.0
drizzle,phase_stratified,42,0.0050223214285714,199.11111111111117,0.9996812900064682,0.1428571428571428,0.2412486646688545,404,10.0,20.0
drizzle,phase_stratified,42,0.0051339285714285,194.7826086956522,0.9998690918884798,0.1428571428571428,0.2422683287804758,392,10.0,20.0
drizzle,phase_stratified,42,0.0052455357142857,190.63829787234044,0.9998551301561308,0.1428571428571428,0.2427954615022515,386,10.0,20.0
drizzle,phase_stratified,42,0.0053571428571428,186.66666666666663,0.9998127991579894,0.1428571428571428,0.2396441629955907,424,10.0,20.0
drizzle,phase_stratified,42,0.00546875,182.8571428571429,0.9996754308404138,0.1428571428571428,0.2402723965958697,416,10.0,20.0
drizzle,phase_stratified,42,0.0055803571428571,179.2,0.9993289285029532,0.1428571428571428,0.2388828626474958,434,10.0,20.0
drizzle,phase_stratified,42,0.0056919642857142,175.68627450980392,0.9996104073201836,0.1428571428571428,0.2384383044776066,440,10.0,20.0
drizzle,phase_stratified,42,0.0058035714285714,172.3076923076923,0.9996745073941448,0.1428571428571428,0.2375752861223202,452,10.0,20.0
drizzle,phase_stratified,42,0.0059151785714285,169.05660377358492,0.9993452665938508,0.1428571428571428,0.2368813596143089,462,10.0,20.0
drizzle,phase_stratified,42,0.0060267857142857,165.92592592592595,0.999351058984949,0.1428571428571428,0.2378591915591398,448,10.0,20.0
drizzle,phase_stratified,42,0.0061383928571428,162.9090909090909,0.999490504372448,0.1428571428571428,0.2351758618232783,488,10.0,20.0
drizzle,phase_stratified,42,0.0062499999999999,160.0,0.9996334080534656,0.1428571428571428,0.2360771637720961,474,10.0,20.0
drizzle,phase_stratified,42,0.0063616071428571,157.19298245614036,0.999681088095222,0.1428571428571428,0.2356861717750645,480,10.0,20.0
drizzle,phase_stratified,42,0.0064732142857142,154.48275862068968,0.9996200940111504,0.1428571428571428,0.2335986882619074,514,10.0,20.0
drizzle,phase_stratified,42,0.0065848214285714,151.864406779661,0.9989040804924918,0.1428571428571428,0.2334822234793085,516,10.0,20.0
drizzle,phase_stratified,42,0.0066964285714285,149.33333333333334,0.9993474266859697,0.1428571428571428,0.2346776788694962,496,10.0,20.0
drizzle,phase_stratified,42,0.0068080357142857,146.88524590163934,0.999460288753664,0.1428571428571428,0.2324630405554131,534,10.0,20.0
drizzle,phase_stratified,42,0.0069196428571428,144.51612903225808,0.9996230102883024,0.1428571428571428,0.2319183585810605,544,10.0,20.0
drizzle,phase_stratified,42,0.00703125,142.22222222222223,0.9996180960416692,0.1428571428571428,0.2334822234793085,516,10.0,20.0
drizzle,phase_stratified,42,0.0071428571428571,140.0,0.9995468672467692,0.1428571428571428,0.2311800367418298,558,10.0,20.0
drizzle,phase_stratified,42,0.0072544642857142,137.84615384615387,0.9996388336689764,0.1428571428571428,0.2306691194292109,568,10.0,20.0
drizzle,phase_stratified,42,0.0073660714285714,135.75757575757575,0.999718599975406,0.1428571428571428,0.2325737769606136,532,10.0,20.0
drizzle,phase_stratified,42,0.0074776785714285,133.7313432835821,0.9993109059285736,0.1428571428571428,0.2286595678521021,610,10.0,20.0
drizzle,phase_stratified,42,0.0075892857142857,131.76470588235296,0.9987568595677072,0.1428571428571428,0.2300731936178756,580,10.0,20.0
drizzle,phase_stratified,42,0.0077008928571428,129.85507246376812,0.999399517416483,0.1428571428571428,0.2298785627993883,584,10.0,20.0
drizzle,phase_stratified,42,0.0078125,128.0,0.9990069777813274,0.1428571428571428,0.2284787995617485,614,10.0,20.0
drizzle,phase_stratified,42,0.0079241071428571,126.19718309859157,0.9993107313288608,0.1428571428571428,0.2285689665452805,612,10.0,20.0
drizzle,phase_stratified,42,0.0080357142857142,124.44444444444446,0.9992707666013344,0.1428571428571428,0.22794672665157,626,10.0,20.0
drizzle,phase_stratified,42,0.0081473214285714,122.73972602739724,0.9987237337381436,0.1428571428571428,0.2285689665452805,612,10.0,20.0
drizzle,phase_stratified,42,0.0082589285714285,121.08108108108108,0.9991471588149684,0.1428571428571428,0.2275146618834237,636,10.0,20.0
drizzle,phase_stratified,42,0.0083705357142857,119.46666666666668,0.9991186849244598,0.1428571428571428,0.2270924761106944,646,10.0,20.0
drizzle,phase_stratified,42,0.0084821428571428,117.89473684210527,0.9994304908015184,0.1428571428571428,0.2270091913293758,648,10.0,20.0
drizzle,phase_stratified,42,0.0085937499999999,116.36363636363636,0.9992788156249932,0.1428571428571428,0.2268437508936127,652,10.0,20.0
drizzle,phase_stratified,42,0.0087053571428571,114.87179487179486,0.9991516162721024,0.1428571428571428,0.2258036549339749,678,10.0,20.0
drizzle,phase_stratified,42,0.0088169642857142,113.41772151898736,0.9991859147666576,0.1428571428571428,0.225726081334338,680,10.0,20.0
drizzle,phase_stratified,42,0.0089285714285714,112.0,0.9994193701199622,0.1428571428571428,0.225726081334338,680,10.0,20.0
drizzle,phase_stratified,42,0.0090401785714285,110.61728395061728,0.9988688518386712,0.1428571428571428,0.2247472633332211,706,10.0,20.0
drizzle,phase_stratified,42,0.0091517857142857,109.26829268292684,0.9988624644454628,0.1428571428571428,0.2252675931499613,692,10.0,20.0
drizzle,phase_stratified,42,0.0092633928571428,107.95180722891568,0.9985283835294404,0.1428571428571428,0.2251173562968774,696,10.0,20.0
drizzle,phase_stratified,42,0.009375,106.66666666666669,0.9986273514913514,0.1428571428571428,0.2234763476204035,742,10.0,20.0
drizzle,phase_stratified,42,0.0094866071428571,105.41176470588236,0.998663985520908,0.1428571428571428,0.2246741699298705,708,10.0,20.0
drizzle,phase_stratified,42,0.0095982142857142,104.18604651162792,0.9981097918846822,0.1428571428571428,0.2228088426230386,762,10.0,20.0
drizzle,phase_stratified,42,0.0097098214285714,102.98850574712644,0.9966159847367222,0.1428571428571428,0.2236817900769284,736,10.0,20.0
drizzle,phase_stratified,42,0.0098214285714285,101.81818181818184,0.9957262849869928,0.1428571428571428,0.2228744263580901,760,10.0,20.0
drizzle,phase_stratified,42,0.0099330357142857,100.6741573033708,0.9979666889324192,0.1428571428571428,0.2222931505883404,778,10.0,20.0
drizzle,phase_stratified,42,0.0100446428571428,99.55555555555556,0.998759203867788,0.1428571428571428,0.2226136037363606,768,10.0,20.0
drizzle,phase_stratified,42,0.01015625,98.46153846153844,0.9984199080581748,0.1428571428571428,0.2228744263580901,760,10.0,20.0
drizzle,phase_stratified,42,0.0102678571428571,97.3913043478261,0.9978372476226328,0.1428571428571428,0.2219165276078127,790,10.0,20.0
drizzle,phase_stratified,42,0.0103794642857142,96.34408602150538,0.9983051058973272,0.1428571428571428,0.2212474895498582,812,10.0,20.0
drizzle,phase_stratified,42,0.0104910714285714,95.31914893617022,0.9985396267166085,0.1428571428571428,0.2214876516950723,804,10.0,20.0
drizzle,phase_stratified,42,0.0106026785714285,94.3157894736842,0.9978325685319356,0.1428571428571428,0.2213072021289054,810,10.0,20.0
drizzle,phase_stratified,42,0.0107142857142857,93.33333333333331,0.9983671881701056,0.1428571428571428,0.2206620549790673,832,10.0,20.0
drizzle,phase_stratified,42,0.0108258928571428,92.37113402061856,0.9984584499493212,0.1428571428571428,0.2216090580540805,800,10.0,20.0
drizzle,phase_stratified,42,0.0109375,91.42857142857144,0.998833045125746,0.1428571428571428,0.2198217694523472,862,10.0,20.0
drizzle,phase_stratified,42,0.0110491071428571,90.50505050505052,0.9986878197271744,0.1428571428571428,0.2202084457452045,848,10.0,20.0
drizzle,phase_stratified,42,0.0111607142857142,89.6,0.9978457114968802,0.1428571428571428,0.2192851642681468,882,10.0,20.0
drizzle,phase_stratified,42,0.0112723214285714,88.71287128712872,0.9962142480759222,0.1428571428571428,0.2207774717881565,828,10.0,20.0
drizzle,phase_stratified,42,0.0113839285714285,87.84313725490196,0.997197708737311,0.1428571428571428,0.2195511974861926,872,10.0,20.0
drizzle,phase_stratified,42,0.0114955357142857,86.99029126213593,0.9963000573022006,0.1428571428571428,0.2185633641097324,910,10.0,20.0
drizzle,phase_stratified,42,0.0116071428571428,86.15384615384615,0.9969550535090896,0.1428571428571428,0.219658874403757,868,10.0,20.0
drizzle,phase_stratified,42,0.01171875,85.33333333333333,0.9965530680056136,0.1428571428571428,0.2190235438935731,892,10.0,20.0
drizzle,phase_stratified,42,0.0118303571428571,84.52830188679246,0.9964128053381892,0.1428571428571428,0.2181654494608149,926,10.0,20.0
drizzle,phase_stratified,42,0.0119419642857142,83.73831775700936,0.9954373656712892,0.1428571428571428,0.2184129445874899,916,10.0,20.0
drizzle,phase_stratified,42,0.0120535714285714,82.96296296296298,0.9974465490595068,0.1428571428571428,0.2185130620438174,912,10.0,20.0
drizzle,phase_stratified,42,0.0121651785714285,82.20183486238533,0.998003489231192,0.1428571428571428,0.2175872333505372,950,10.0,20.0
drizzle,phase_stratified,42,0.0122767857142857,81.45454545454545,0.9978161705970392,0.1428571428571428,0.2174460382980466,956,10.0,20.0
drizzle,phase_stratified,42,0.0123883928571428,80.72072072072072,0.9970363191536624,0.1428571428571428,0.2186138295756464,908,10.0,20.0
drizzle,phase_stratified,42,0.0124999999999999,80.0,0.9951816289982548,0.1428571428571428,0.2167592020410763,986,10.0,20.0
drizzle,phase_stratified,42,0.0126116071428571,79.29203539823008,0.9961332869027436,0.1428571428571428,0.2172598002849458,964,10.0,20.0
drizzle,phase_stratified,42,0.0127232142857142,78.59649122807018,0.9956784812883396,0.1428571428571428,0.2172135969360878,966,10.0,20.0
drizzle,phase_stratified,42,0.0128348214285714,77.91304347826087,0.993313071192988,0.1428571428571428,0.2164491434615864,1000,10.0,20.0
drizzle,phase_stratified,42,0.0129464285714285,77.24137931034484,0.9943328690168008,0.1428571428571428,0.2165370745864878,996,10.0,20.0
drizzle,phase_stratified,42,0.0130580357142857,76.58119658119658,0.9942371887789684,0.1428571428571428,0.2164930439704948,998,10.0,20.0
drizzle,phase_stratified,42,0.0131696428571428,75.9322033898305,0.995938784936226,0.1428571428571428,0.2161025471823696,1016,10.0,20.0
drizzle,phase_stratified,42,0.01328125,75.29411764705883,0.9964742258801812,0.1428571428571428,0.2161884370392599,1012,10.0,20.0
drizzle,phase_stratified,42,0.0133928571428571,74.66666666666667,0.9935853932887608,0.1428571428571428,0.2160597892917823,1018,10.0,20.0
drizzle,phase_stratified,42,0.0135044642857142,74.04958677685951,0.9933544585643228,0.1428571428571428,0.2155149963469613,1044,10.0,20.0
drizzle,phase_stratified,42,0.0136160714285714,73.44262295081967,0.9947960125919456,0.1428571428571428,0.2156804721338265,1036,10.0,20.0
drizzle,phase_stratified,42,0.0137276785714285,72.84552845528455,0.992133628776312,0.1428571428571428,0.2149898847142843,1070,10.0,20.0
drizzle,phase_stratified,42,0.0138392857142857,72.25806451612904,0.9916226347461063,0.1428571428571428,0.2154329591143752,1048,10.0,20.0
drizzle,phase_stratified,42,0.0139508928571428,71.68,0.987413168751462,0.1428571428571428,0.2148713755575323,1076,10.0,20.0
drizzle,phase_stratified,42,0.0140625,71.11111111111111,0.9908348844342404,0.1428571428571428,0.2147538387963811,1082,10.0,20.0
drizzle,phase_stratified,42,0.0141741071428571,70.55118110236221,0.9947317293384508,0.1428571428571428,0.2147148736637772,1084,10.0,20.0
drizzle,phase_stratified,42,0.0142857142857142,70.0,0.9941027968162888,0.1428571428571428,0.214598612838695,1090,10.0,20.0
drizzle,phase_stratified,42,0.0143973214285714,69.45736434108528,0.9913531664192604,0.1428571428571428,0.2142554308637757,1108,10.0,20.0
drizzle,phase_stratified,42,0.0145089285714285,68.92307692307693,0.9841311125607096,0.1428571428571428,0.2145600691583009,1092,10.0,20.0
drizzle,phase_stratified,42,0.0146205357142857,68.3969465648855,0.984484523821938,0.1428571428571428,0.2135572866402534,1146,10.0,20.0
drizzle,phase_stratified,42,0.0147321428571428,67.87878787878788,0.9919298589361096,0.1428571428571428,0.2136652285367596,1140,10.0,20.0
drizzle,phase_stratified,42,0.01484375,67.36842105263158,0.9872201987814792,0.1428571428571428,0.2143309783773013,1104,10.0,20.0
drizzle,phase_stratified,42,0.0149553571428571,66.86567164179105,0.9858881417858112,0.1428571428571428,0.2127904682995096,1190,10.0,20.0
drizzle,phase_stratified,42,0.0150669642857142,66.37037037037037,0.988505721911851,0.1428571428571428,0.2137376574801886,1136,10.0,20.0
drizzle,phase_stratified,42,0.0151785714285714,65.88235294117648,0.983502259813053,0.1428571428571428,0.213521491467742,1148,10.0,20.0
drizzle,phase_stratified,42,0.0152901785714285,65.4014598540146,0.983851542858023,0.1428571428571428,0.2128584363536048,1186,10.0,20.0
drizzle,phase_stratified,42,0.0154017857142857,64.92753623188406,0.9833517750356062,0.1428571428571428,0.2128244100298337,1188,10.0,20.0
drizzle,phase_stratified,42,0.0155133928571428,64.46043165467627,0.9850385085591876,0.1428571428571428,0.2133792274907273,1156,10.0,20.0
drizzle,phase_stratified,42,0.015625,64.0,0.976310791067064,0.1428571428571428,0.212000361835817,1238,10.0,20.0
drizzle,phase_stratified,42,0.0157366071428571,63.54609929078014,0.992011830742594,0.1428571428571428,0.2124887421904062,1208,10.0,20.0
drizzle,phase_stratified,42,0.0158482142857142,63.098591549295776,0.9927577874707778,0.1428571428571428,0.2127228372174348,1194,10.0,20.0
drizzle,phase_stratified,42,0.0159598214285714,62.65734265734266,0.993158972942412,0.1428571428571428,0.2120323741059451,1236,10.0,20.0
drizzle,phase_stratified,42,0.0160714285714285,62.22222222222223,0.9906471633315508,0.1428571428571428,0.2120323741059451,1236,10.0,20.0
drizzle,phase_stratified,42,0.0161830357142857,61.79310344827587,0.9748648164727194,0.1428571428571428,0.2118730736998089,1246,10.0,20.0
drizzle,phase_stratified,42,0.0162946428571428,61.36986301369863,0.9801703929357894,0.1428571428571428,0.2121611933102115,1228,10.0,20.0
drizzle,phase_stratified,42,0.01640625,60.95238095238095,0.9782658332165536,0.1428571428571428,0.2115910454545059,1264,10.0,20.0
drizzle,phase_stratified,42,0.0165178571428571,60.54054054054054,0.9664893923897468,0.1428571428571428,0.2114983526925959,1270,10.0,20.0
drizzle,phase_stratified,42,0.0166294642857142,60.13422818791946,0.9723410710450318,0.1428571428571428,0.2117783981647436,1252,10.0,20.0
drizzle,phase_stratified,42,0.0167410714285714,59.73333333333333,0.9640296043583956,0.1428571428571428,0.2113452956125264,1280,10.0,20.0
drizzle,phase_stratified,42,0.0168526785714285,59.33774834437087,0.9654484315160938,0.1428571428571428,0.2105483488067576,1334,10.0,20.0
drizzle,phase_stratified,42,0.0169642857142857,58.94736842105264,0.9840549698222903,0.1428571428571428,0.2115910454545059,1264,10.0,20.0
drizzle,phase_stratified,42,0.0170758928571428,58.56209150326798,0.988528466447493,0.1428571428571428,0.2108086150166004,1316,10.0,20.0
drizzle,phase_stratified,42,0.0171874999999999,58.18181818181819,0.9874830419343013,0.1428571428571428,0.2104912166657718,1338,10.0,20.0
drizzle,phase_stratified,42,0.0172991071428571,57.80645161290322,0.9799765899482648,0.1428571428571428,0.2112241179090306,1288,10.0,20.0
drizzle,phase_stratified,42,0.0174107142857142,57.43589743589743,0.9732110290629896,0.1428571428571428,0.2100982504593116,1366,10.0,20.0
drizzle,phase_stratified,42,0.0175223214285714,57.07006369426752,0.9863572170681024,0.1428571428571428,0.2103494855946407,1348,10.0,20.0
drizzle,phase_stratified,42,0.0176339285714285,56.70886075949368,0.9707073698366436,0.1428571428571428,0.2104627452831332,1340,10.0,20.0
drizzle,phase_stratified,42,0.0177455357142857,56.35220125786164,0.9597614245146892,0.1428571428571428,0.2102651915533084,1354,10.0,20.0
drizzle,phase_stratified,42,0.0178571428571428,56.0,0.9620742436067248,0.1428571428571428,0.2097977593216134,1388,10.0,20.0
drizzle,phase_stratified,42,0.01796875,55.65217391304349,0.9716229831480626,0.1428571428571428,0.2100155915120907,1372,10.0,20.0
drizzle,phase_stratified,42,0.0180803571428571,55.308641975308646,0.9669599083913302,0.1428571428571428,0.2099334658515717,1378,10.0,20.0
drizzle,phase_stratified,42,0.0181919642857142,54.96932515337424,0.9706745706193812,0.1428571428571428,0.2096902317670164,1396,10.0,20.0
drizzle,phase_stratified,42,0.0183035714285714,54.63414634146341,0.9651994814017848,0.1428571428571428,0.2097438812042647,1392,10.0,20.0
drizzle,phase_stratified,42,0.0184151785714285,54.30303030303031,0.9639054899250522,0.1428571428571428,0.2092432201153945,1430,10.0,20.0
drizzle,phase_stratified,42,0.0185267857142857,53.97590361445784,0.9548893462410858,0.1428571428571428,0.2093730479578857,1420,10.0,20.0
drizzle,phase_stratified,42,0.0186383928571428,53.65269461077845,0.94287439120695,0.1428571428571428,0.209583612479093,1404,10.0,20.0
drizzle,phase_stratified,42,0.01875,53.333333333333336,0.9420376312786964,0.1428571428571428,0.2090891897428512,1442,10.0,20.0
drizzle,phase_stratified,42,0.0188616071428571,53.01775147928994,0.953751898436322,0.1428571428571428,0.2091147294392002,1440,10.0,20.0
drizzle,phase_stratified,42,0.0189732142857142,52.70588235294118,0.9541491485860782,0.1428571428571428,0.2087867491561456,1466,10.0,20.0
drizzle,phase_stratified,42,0.0190848214285714,52.397660818713454,0.8711005197763618,0.1428571428571428,0.2089622735436332,1452,10.0,20.0
drizzle,phase_stratified,42,0.0191964285714285,52.09302325581396,0.9242502565755132,0.1428571428571428,0.2086136893270175,1480,10.0,20.0
drizzle,phase_stratified,42,0.0193080357142857,51.79190751445086,0.9104501316761436,0.1428571428571428,0.2084915522694511,1490,10.0,20.0
drizzle,phase_stratified,42,0.0194196428571428,51.49425287356322,0.9335018603202396,0.1428571428571428,0.2088616687032425,1460,10.0,20.0
drizzle,phase_stratified,42,0.01953125,51.2,0.9403337500438492,0.1428571428571428,0.2083225851457242,1504,10.0,20.0
drizzle,phase_stratified,42,0.0196428571428571,50.909090909090914,0.9184914042369612,0.1428571428571428,0.208203313754897,1514,10.0,20.0
drizzle,phase_stratified,42,0.0197544642857142,50.62146892655368,0.9068184078923536,0.1428571428571428,0.2080852033992908,1524,10.0,20.0
drizzle,phase_stratified,42,0.0198660714285714,50.3370786516854,0.8939944447127898,0.1428571428571428,0.2082270745422638,1512,10.0,20.0
drizzle,phase_stratified,42,0.0199776785714285,50.05586592178771,0.9009129583667104,0.1428571428571428,0.2076466470245122,1562,10.0,20.0
drizzle,phase_stratified,42,0.0200892857142857,49.777777777777786,0.9102365207438236,0.1428571428571428,0.2081795994075472,1516,10.0,20.0
drizzle,phase_stratified,42,0.0202008928571428,49.50276243093922,0.951587492776207,0.1428571428571428,0.2081795994075472,1516,10.0,20.0
drizzle,phase_stratified,42,0.0203125,49.230769230769226,0.945714732238284,0.1428571428571428,0.2071581805789342,1606,10.0,20.0
drizzle,phase_stratified,42,0.0204241071428571,48.96174863387978,0.9170331458231948,0.1428571428571428,0.2078523911652866,1544,10.0,20.0
drizzle,phase_stratified,42,0.0205357142857142,48.69565217391305,0.9376564055722322,0.1428571428571428,0.2075114249856273,1574,10.0,20.0
drizzle,phase_stratified,42,0.0206473214285714,48.43243243243244,0.9722724676176928,0.1428571428571428,0.207311430402214,1592,10.0,20.0
drizzle,phase_stratified,42,0.0207589285714285,48.17204301075269,0.9743876079647892,0.1428571428571428,0.2076693336987428,1560,10.0,20.0
drizzle,phase_stratified,42,0.0208705357142857,47.9144385026738,0.9386753330826813,0.1428571428571428,0.2072455083727941,1598,10.0,20.0
drizzle,phase_stratified,42,0.0209821428571428,47.65957446808511,0.9158532993538708,0.1428571428571428,0.2067941070263127,1640,10.0,20.0
drizzle,phase_stratified,42,0.0210937499999999,47.40740740740741,0.9455161260844652,0.1428571428571428,0.2070931065498322,1612,10.0,20.0
drizzle,phase_stratified,42,0.0212053571428571,47.1578947368421,0.9146105577025112,0.1428571428571428,0.2073334862634729,1590,10.0,20.0
drizzle,phase_stratified,42,0.0213169642857142,46.91099476439791,0.9155640089285536,0.1428571428571428,0.2068363565335541,1636,10.0,20.0
drizzle,phase_stratified,42,0.0214285714285714,46.66666666666666,0.9133788858416052,0.1428571428571428,0.2064615217968669,1672,10.0,20.0
drizzle,phase_stratified,42,0.0215401785714285,46.424870466321245,0.938983700603244,0.1428571428571428,0.2067730394848072,1642,10.0,20.0
drizzle,phase_stratified,42,0.0216517857142857,46.18556701030928,0.954833402969304,0.1428571428571428,0.2065437788369747,1664,10.0,20.0
drizzle,phase_stratified,42,0.0217633928571428,45.94871794871795,0.9616446801523254,0.1428571428571428,0.2069213164900138,1628,10.0,20.0
drizzle,phase_stratified,42,0.021875,45.71428571428572,0.9550250193419478,0.1428571428571428,0.206158178650043,1702,10.0,20.0
drizzle,phase_stratified,42,0.0219866071428571,45.48223350253807,0.9722959466662564,0.1428571428571428,0.2063798459329584,1680,10.0,20.0
drizzle,phase_stratified,42,0.0220982142857142,45.25252525252526,0.95505982755505,0.1428571428571428,0.206078622289126,1710,10.0,20.0
drizzle,phase_stratified,42,0.0222098214285714,45.0251256281407,0.9379540980329532,0.1428571428571428,0.2060193161196826,1716,10.0,20.0
drizzle,phase_stratified,42,0.0223214285714285,44.8,0.917373152990869,0.1428571428571428,0.2064206116472992,1676,10.0,20.0
drizzle,phase_stratified,42,0.0224330357142857,44.5771144278607,0.8899310912042592,0.1428571428571428,0.2056889614604431,1750,10.0,20.0
drizzle,phase_stratified,42,0.0225446428571428,44.35643564356436,0.9179318156529817,0.1428571428571428,0.2058626578498174,1732,10.0,20.0
drizzle,phase_stratified,42,0.02265625,44.13793103448276,0.9202570842316792,0.1428571428571428,0.2062584069365462,1692,10.0,20.0
drizzle,phase_stratified,42,0.0227678571428571,43.92156862745098,0.9133834581879944,0.1428571428571428,0.2056126106638809,1758,10.0,20.0
drizzle,phase_stratified,42,0.0228794642857142,43.707317073170735,0.9169792771503024,0.1428571428571428,0.2056316500151757,1756,10.0,20.0
drizzle,phase_stratified,42,0.0229910714285714,43.49514563106796,0.917654449979854,0.1428571428571428,0.2059799491398533,1720,10.0,20.0
drizzle,phase_stratified,42,0.0231026785714285,43.28502415458938,0.9389643859575826,0.1428571428571428,0.2050559530372921,1818,10.0,20.0
drizzle,phase_stratified,42,0.0232142857142857,43.07692307692307,0.957770377977513,0.1428571428571428,0.2052937774969842,1792,10.0,20.0
drizzle,phase_stratified,42,0.0233258928571428,42.87081339712918,0.9496145874199,0.1428571428571428,0.2057851306726144,1740,10.0,20.0
drizzle,phase_stratified,42,0.0234375,42.66666666666666,0.9562609844061472,0.1428571428571428,0.2049478815407546,1830,10.0,20.0
drizzle,phase_stratified,42,0.0235491071428571,42.46445497630332,0.90692536782881,0.1428571428571428,0.2053308201973659,1788,10.0,20.0
drizzle,phase_stratified,42,0.0236607142857142,42.26415094339623,0.9172976685895043,0.1428571428571428,0.2051650873580342,1806,10.0,20.0
drizzle,phase_stratified,42,0.0237723214285714,42.06572769953052,0.9075308679946285,0.1428571428571428,0.2050017855189013,1824,10.0,20.0
drizzle,phase_stratified,42,0.0238839285714285,41.86915887850468,0.8810821182257857,0.1428571428571428,0.2050378677827802,1820,10.0,20.0
drizzle,phase_stratified,42,0.0239955357142857,41.674418604651166,0.8783542913590409,0.1428571428571428,0.2047348586899047,1854,10.0,20.0
drizzle,phase_stratified,42,0.0241071428571428,41.48148148148149,0.8844517893587052,0.1428571428571428,0.2048942389677943,1836,10.0,20.0
drizzle,phase_stratified,42,0.02421875,41.29032258064516,0.8781506284055526,0.1428571428571428,0.2048231185224603,1844,10.0,20.0
drizzle,phase_stratified,42,0.0243303571428571,41.10091743119266,0.8231200515407063,0.1428571428571428,0.2042870341501426,1906,10.0,20.0
drizzle,phase_stratified,42,0.0244419642857142,40.91324200913242,0.861650580789353,0.1428571428571428,0.2048586214341934,1840,10.0,20.0
drizzle,phase_stratified,42,0.0245535714285714,40.72727272727273,0.8717689719968839,0.1428571428571428,0.2044399789200111,1888,10.0,20.0
drizzle,phase_stratified,42,0.0246651785714285,40.542986425339365,0.8962598732680137,0.1428571428571428,0.2043208362905999,1902,10.0,20.0
drizzle,phase_stratified,42,0.0247767857142857,40.36036036036036,0.9417735997863054,0.1428571428571428,0.2047877296177013,1848,10.0,20.0
drizzle,phase_stratified,42,0.0248883928571428,40.17937219730942,0.95110968360656,0.1428571428571428,0.2040698564620377,1932,10.0,20.0
drizzle,phase_stratified,42,0.0249999999999999,40.0,0.8437413806364064,0.1428571428571428,0.2040533300824112,1934,10.0,20.0
drizzle,phase_stratified,42,0.0251116071428571,39.82222222222222,0.8588074175974469,0.1428571428571428,0.2044399789200111,1888,10.0,20.0
drizzle,phase_stratified,42,0.0252232142857142,39.64601769911504,0.8377811120290279,0.1428571428571428,0.2039547014341571,1946,10.0,20.0
drizzle,phase_stratified,42,0.0253348214285714,39.47136563876652,0.835783482998945,0.1428571428571428,0.2038084378940425,1964,10.0,20.0
drizzle,phase_stratified,42,0.0254464285714285,39.29824561403509,0.8451329243569273,0.1428571428571428,0.2039710768126413,1944,10.0,20.0
drizzle,phase_stratified,42,0.0255580357142857,39.12663755458515,0.8483914641383291,0.1428571428571428,0.2038245910506852,1962,10.0,20.0
drizzle,phase_stratified,42,0.0256696428571428,38.95652173913044,0.8572784072877424,0.1428571428571428,0.2036800851992616,1980,10.0,20.0
drizzle,phase_stratified,42,0.02578125,38.78787878787879,0.8763115537295463,0.1428571428571428,0.2040698564620377,1932,10.0,20.0
drizzle,phase_stratified,42,0.0258928571428571,38.62068965517242,0.9180277335313004,0.1428571428571428,0.2036006433242237,1990,10.0,20.0
drizzle,phase_stratified,42,0.0260044642857142,38.4549356223176,0.912038681972389,0.1428571428571428,0.2034591297883171,2008,10.0,20.0
drizzle,phase_stratified,42,0.0261160714285714,38.29059829059829,0.9086452185640072,0.1428571428571428,0.2038084378940425,1964,10.0,20.0
drizzle,phase_stratified,42,0.0262276785714285,38.12765957446808,0.872271246298523,0.1428571428571428,0.2033503582534711,2022,10.0,20.0
drizzle,phase_stratified,42,0.0263392857142857,37.96610169491525,0.89077323112098,0.1428571428571428,0.2033349106460696,2024,10.0,20.0
drizzle,phase_stratified,42,0.0264508928571428,37.80590717299578,0.9236067241459278,0.1428571428571428,0.2033349106460696,2024,10.0,20.0
drizzle,phase_stratified,42,0.0265625,37.64705882352941,0.9237764625813878,0.1428571428571428,0.2033813215758187,2018,10.0,20.0
drizzle,phase_stratified,42,0.0266741071428571,37.48953974895397,0.9126973379779176,0.1428571428571428,0.2030306380195964,2064,10.0,20.0
drizzle,phase_stratified,42,0.0267857142857142,37.333333333333336,0.9140546312274672,0.1428571428571428,0.2030156542404139,2066,10.0,20.0
drizzle,phase_stratified,42,0.0268973214285714,37.178423236514526,0.9253586832046778,0.1428571428571428,0.2035217914243075,2000,10.0,20.0
drizzle,phase_stratified,42,0.0270089285714285,37.02479338842976,0.9306576788195964,0.1428571428571428,0.2027641788313575,2100,10.0,20.0
drizzle,phase_stratified,42,0.0271205357142857,36.87242798353909,0.881000683554867,0.1428571428571428,0.2028081162093127,2094,10.0,20.0
drizzle,phase_stratified,42,0.0272321428571428,36.72131147540984,0.8317194363282028,0.1428571428571428,0.2029410568997539,2076,10.0,20.0
drizzle,phase_stratified,42,0.02734375,36.57142857142857,0.886713913135355,0.1428571428571428,0.2028522407870987,2088,10.0,20.0
drizzle,phase_stratified,42,0.0274553571428571,36.42276422764228,0.8466593476170358,0.1428571428571428,0.2025186732278199,2134,10.0,20.0
drizzle,phase_stratified,42,0.0275669642857142,36.2753036437247,0.8962096021347691,0.1428571428571428,0.2027641788313575,2100,10.0,20.0
drizzle,phase_stratified,42,0.0276785714285714,36.12903225806452,0.900000943011673,0.1428571428571428,0.2028228035362232,2092,10.0,20.0
drizzle,phase_stratified,42,0.0277901785714285,35.98393574297189,0.8354353994961792,0.1428571428571428,0.2024051399747265,2150,10.0,20.0
drizzle,phase_stratified,42,0.0279017857142857,35.84,0.8074558352122423,0.1428571428571428,0.2023910364655755,2152,10.0,20.0
drizzle,phase_stratified,42,0.0280133928571428,35.69721115537849,0.891895415714213,0.1428571428571428,0.2029410568997539,2076,10.0,20.0
drizzle,phase_stratified,42,0.028125,35.55555555555556,0.9258353641340122,0.1428571428571428,0.2019903125784703,2210,10.0,20.0
drizzle,phase_stratified,42,0.0282366071428571,35.41501976284585,0.899719085004607,0.1428571428571428,0.2025615744137129,2128,10.0,20.0
drizzle,phase_stratified,42,0.0283482142857142,35.275590551181104,0.8953277896517631,0.1428571428571428,0.2022094435726972,2178,10.0,20.0
drizzle,phase_stratified,42,0.0284598214285714,35.13725490196079,0.8895124811452745,0.1428571428571428,0.2020038700244288,2208,10.0,20.0
drizzle,phase_stratified,42,0.0285714285714285,35.0,0.8990772297432171,0.1428571428571428,0.2022789044223676,2168,10.0,20.0
drizzle,phase_stratified,42,0.0286830357142857,34.86381322957199,0.8655912916676235,0.1428571428571428,0.2020992851374054,2194,10.0,20.0
drizzle,phase_stratified,42,0.0287946428571428,34.72868217054264,0.8541360836674923,0.1428571428571428,0.202195608178844,2180,10.0,20.0
drizzle,phase_stratified,42,0.0289062499999999,34.5945945945946,0.8387610251055263,0.1428571428571428,0.2018157070765534,2236,10.0,20.0
drizzle,phase_stratified,42,0.0290178571428571,34.46153846153847,0.8291240090149053,0.1428571428571428,0.2021267127315704,2190,10.0,20.0
drizzle,phase_stratified,42,0.0291294642857142,34.32950191570881,0.8195378545543094,0.1428571428571428,0.2016571866342782,2260,10.0,20.0
drizzle,phase_stratified,42,0.0292410714285714,34.19847328244275,0.7796713743444961,0.1428571428571428,0.2019767733303769,2212,10.0,20.0
drizzle,phase_stratified,42,0.0293526785714285,34.06844106463878,0.6333511976694682,0.1428571428571428,0.2014882519598821,2286,10.0,20.0
drizzle,phase_stratified,42,0.0294642857142857,33.93939393939394,0.6716982421263432,0.1428571428571428,0.2017625873961334,2244,10.0,20.0
drizzle,phase_stratified,42,0.0295758928571428,33.81132075471698,0.8316164050074432,0.1428571428571428,0.2016571866342782,2260,10.0,20.0
drizzle,phase_stratified,42,0.0296875,33.68421052631579,0.8131790488372093,0.1428571428571428,0.2013094831885863,2314,10.0,20.0
drizzle,phase_stratified,42,0.0297991071428571,33.55805243445693,0.8095943978544504,0.1428571428571428,0.2017891120370053,2240,10.0,20.0
drizzle,phase_stratified,42,0.0299107142857142,33.43283582089553,0.7631666495667581,0.1428571428571428,0.2013348244886467,2310,10.0,20.0
drizzle,phase_stratified,42,0.0300223214285714,33.30855018587361,0.8008419042608232,0.1428571428571428,0.2015011455003894,2284,10.0,20.0
drizzle,phase_stratified,42,0.0301339285714285,33.18518518518518,0.8165563349409714,0.1428571428571428,0.2016310093645684,2264,10.0,20.0
drizzle,phase_stratified,42,0.0302455357142857,33.06273062730627,0.8189075797605156,0.1428571428571428,0.2009370050423326,2374,10.0,20.0
drizzle,phase_stratified,42,0.0303571428571428,32.94117647058824,0.800565543271203,0.1428571428571428,0.2012715929299637,2320,10.0,20.0
drizzle,phase_stratified,42,0.03046875,32.820512820512825,0.7919568128466007,0.1428571428571428,0.2014240345538633,2296,10.0,20.0
drizzle,phase_stratified,42,0.0305803571428571,32.7007299270073,0.8637526465327635,0.1428571428571428,0.200912670519183,2378,10.0,20.0
drizzle,phase_stratified,42,0.0306919642857142,32.581818181818186,0.8374285534825346,0.1428571428571428,0.2011712595883994,2336,10.0,20.0
drizzle,phase_stratified,42,0.0308035714285714,32.46376811594203,0.8210518292782063,0.1428571428571428,0.2011712595883994,2336,10.0,20.0
drizzle,phase_stratified,42,0.0309151785714285,32.34657039711192,0.6474527374678084,0.1428571428571428,0.2007919033772631,2398,10.0,20.0
drizzle,phase_stratified,42,0.0310267857142857,32.230215827338135,0.6484050300587708,0.1428571428571428,0.2008520992222212,2388,10.0,20.0
drizzle,phase_stratified,42,0.0311383928571428,32.11469534050179,0.6886164270881813,0.1428571428571428,0.2012968369115936,2316,10.0,20.0
drizzle,phase_stratified,42,0.03125,32.0,0.6428608636058588,0.1428571428571428,0.2006017549809297,2430,10.0,20.0
drizzle,phase_stratified,42,0.0313616071428571,31.88612099644128,0.6151978266319242,0.1428571428571428,0.2005899942187709,2432,10.0,20.0
drizzle,phase_stratified,42,0.0314732142857142,31.77304964539007,0.6570279933023366,0.1428571428571428,0.200912670519183,2378,10.0,20.0
drizzle,phase_stratified,42,0.0315848214285714,31.66077738515901,0.6656699663529666,0.1428571428571428,0.2005899942187709,2432,10.0,20.0
drizzle,phase_stratified,42,0.0316964285714285,31.549295774647888,0.7869257149778107,0.1428571428571428,0.200732079113671,2408,10.0,20.0
drizzle,phase_stratified,42,0.0318080357142857,31.438596491228072,0.8303734306094607,0.1428571428571428,0.20043839988598,2458,10.0,20.0
drizzle,phase_stratified,42,0.0319196428571428,31.32867132867133,0.8286316256815787,0.1428571428571428,0.2006371236795788,2424,10.0,20.0
drizzle,phase_stratified,42,0.03203125,31.219512195121958,0.7941414479358346,0.1428571428571428,0.2004037543659979,2464,10.0,20.0
drizzle,phase_stratified,42,0.0321428571428571,31.111111111111114,0.7300149623051407,0.1428571428571428,0.2003233998560821,2478,10.0,20.0
drizzle,phase_stratified,42,0.0322544642857142,31.00346020761246,0.6779041977990905,0.1428571428571428,0.2007559644747356,2404,10.0,20.0
drizzle,phase_stratified,42,0.0323660714285714,30.896551724137936,0.6793427183409959,0.1428571428571428,0.2001759442030165,2504,10.0,20.0
drizzle,phase_stratified,42,0.0324776785714285,30.790378006872857,0.6430838309970678,0.1428571428571428,0.2001198345049269,2514,10.0,20.0
drizzle,phase_stratified,42,0.0325892857142857,30.684931506849317,0.5206604565243165,0.1428571428571428,0.2003807268757523,2468,10.0,20.0
drizzle,phase_stratified,42,0.0327008928571428,30.580204778156997,0.6393823573113143,0.1428571428571428,0.2002210721270711,2496,10.0,20.0
drizzle,phase_stratified,42,0.0328125,30.476190476190474,0.6516673004688359,0.1428571428571428,0.1999424885446575,2546,10.0,20.0
drizzle,phase_stratified,42,0.0329241071428571,30.372881355932204,0.6684218801396522,0.1428571428571428,0.2003577547434476,2472,10.0,20.0
drizzle,phase_stratified,42,0.0330357142857142,30.27027027027027,0.4965087088318058,0.1428571428571428,0.1999205530286925,2550,10.0,20.0
drizzle,phase_stratified,42,0.0331473214285714,30.16835016835017,0.5933963073472243,0.1428571428571428,0.199822472066994,2568,10.0,20.0
drizzle,phase_stratified,42,0.0332589285714285,30.06711409395973,0.6784675596073071,0.1428571428571428,0.2002210721270711,2496,10.0,20.0
drizzle,phase_stratified,42,0.0333705357142857,29.96655518394649,0.4994642208871332,0.1428571428571428,0.1998116372127451,2570,10.0,20.0
drizzle,phase_stratified,42,0.0334821428571428,29.866666666666667,0.5719489073386953,0.1428571428571428,0.1996932746537533,2592,10.0,20.0
drizzle,phase_stratified,42,0.03359375,29.76744186046512,0.419487713727239,0.1428571428571428,0.1999975519761266,2536,10.0,20.0
drizzle,phase_stratified,42,0.0337053571428571,29.668874172185436,0.3561961775115089,0.1428571428571428,0.1996825884237628,2594,10.0,20.0
drizzle,phase_stratified,42,0.0338169642857142,29.570957095709574,0.5231514578054965,0.1428571428571428,0.1997576502130963,2580,10.0,20.0
drizzle,phase_stratified,42,0.0339285714285714,29.47368421052632,0.6659898197487848,0.1428571428571428,0.1996293402812111,2604,10.0,20.0
drizzle,phase_stratified,42,0.0340401785714285,29.377049180327877,0.5851454216985682,0.1428571428571428,0.1997039731387492,2590,10.0,20.0
drizzle,phase_stratified,42,0.0341517857142857,29.28104575163399,0.4127781485824739,0.1428571428571428,0.1995447720660188,2620,10.0,20.0
drizzle,phase_stratified,42,0.0342633928571428,29.185667752443,0.5071769923037439,0.1428571428571428,0.1995869599845832,2612,10.0,20.0
drizzle,phase_stratified,42,0.0343749999999999,29.090909090909093,0.458568497435336,0.1428571428571428,0.199534254974734,2622,10.0,20.0
drizzle,phase_stratified,42,0.0344866071428571,28.996763754045304,0.4736353856016329,0.1428571428571428,0.1992343504572705,2680,10.0,20.0
drizzle,phase_stratified,42,0.0345982142857142,28.90322580645161,0.3932409741073427,0.1428571428571428,0.1994089724741445,2646,10.0,20.0
drizzle,phase_stratified,42,0.0347098214285714,28.810289389067524,0.4530104800286673,0.1428571428571428,0.1994818477208715,2632,10.0,20.0
drizzle,phase_stratified,42,0.0348214285714285,28.717948717948715,0.4595207621563238,0.1428571428571428,0.1992547230040948,2676,10.0,20.0
drizzle,phase_stratified,42,0.0349330357142857,28.62619808306709,0.3824556519545626,0.1428571428571428,0.199163400800433,2694,10.0,20.0
drizzle,phase_stratified,42,0.0350446428571428,28.53503184713376,0.3814272101127181,0.1428571428571428,0.1992956041395799,2668,10.0,20.0
drizzle,phase_stratified,42,0.03515625,28.444444444444443,0.3802420019861484,0.1428571428571428,0.1992343504572705,2680,10.0,20.0
drizzle,phase_stratified,42,0.0352678571428571,28.35443037974684,0.4355157773712496,0.1428571428571428,0.199163400800433,2694,10.0,20.0
drizzle,phase_stratified,42,0.0353794642857142,28.26498422712934,0.5977385736085438,0.1428571428571428,0.1990330795727298,2720,10.0,20.0
drizzle,phase_stratified,42,0.0354910714285714,28.17610062893082,0.617674132420319,0.1428571428571428,0.1992343504572705,2680,10.0,20.0
drizzle,phase_stratified,42,0.0356026785714285,28.087774294670847,0.4895956850792649,0.1428571428571428,0.1987296503731864,2782,10.0,20.0
drizzle,phase_stratified,42,0.0357142857142857,28.0,0.3769126381511251,0.1428571428571428,0.1991937405678583,2688,10.0,20.0
drizzle,phase_stratified,42,0.0358258928571428,27.912772585669785,0.3578379675439763,0.1428571428571428,0.1989735537884928,2732,10.0,20.0
drizzle,phase_stratified,42,0.0359375,27.826086956521745,0.3822041965946188,0.1428571428571428,0.1986339047996277,2802,10.0,20.0
drizzle,phase_stratified,42,0.0360491071428571,27.73993808049536,0.2917283051778008,0.1428571428571428,0.1989340853084977,2740,10.0,20.0
drizzle,phase_stratified,42,0.0361607142857142,27.654320987654323,0.2684927370224478,0.1428571428571428,0.1989636705837003,2734,10.0,20.0
drizzle,phase_stratified,42,0.0362723214285714,27.56923076923077,0.275390313684126,0.1428571428571428,0.1987779076146052,2772,10.0,20.0
drizzle,phase_stratified,42,0.0363839285714285,27.48466257668712,0.27229438602049,0.1428571428571428,0.1985674850051077,2816,10.0,20.0
drizzle,phase_stratified,42,0.0364955357142857,27.400611620795104,0.3612729332513294,0.1428571428571428,0.1988069863080571,2766,10.0,20.0
drizzle,phase_stratified,42,0.0366071428571428,27.317073170731707,0.3432019151215303,0.1428571428571428,0.1984734461683511,2836,10.0,20.0
drizzle,phase_stratified,42,0.03671875,27.23404255319149,0.3886314673114656,0.1428571428571428,0.1985674850051077,2816,10.0,20.0
drizzle,phase_stratified,42,0.0368303571428571,27.151515151515152,0.3585463306712335,0.1428571428571428,0.1987296503731864,2782,10.0,20.0
drizzle,phase_stratified,42,0.0369419642857142,27.069486404833835,0.2573034789917187,0.1428571428571428,0.1983434350217766,2864,10.0,20.0
drizzle,phase_stratified,42,0.0370535714285714,26.98795180722892,0.3356194022252428,0.1428571428571428,0.1985297507229984,2824,10.0,20.0
drizzle,phase_stratified,42,0.0371651785714285,26.906906906906908,0.2852184855323201,0.1428571428571428,0.1983711351284909,2858,10.0,20.0
drizzle,phase_stratified,42,0.0372767857142857,26.826347305389223,0.1959069233475648,0.1428571428571428,0.1984734461683511,2836,10.0,20.0
drizzle,phase_stratified,42,0.0373883928571428,26.746268656716417,0.2502197884168242,0.1428571428571428,0.1984547565946868,2840,10.0,20.0
drizzle,phase_stratified,42,0.0375,26.666666666666668,0.1597610293337671,0.1428571428571428,0.198188081181184,2898,10.0,20.0
drizzle,phase_stratified,42,0.0376116071428571,26.58753709198813,0.2783373025310906,0.1428571428571428,0.1984361060978909,2844,10.0,20.0
drizzle,phase_stratified,42,0.0377232142857142,26.50887573964497,0.2415972977324738,0.1428571428571428,0.197955649201342,2950,10.0,20.0
drizzle,phase_stratified,42,0.0378348214285714,26.4306784660767,0.2058155082128255,0.1428571428571428,0.1983066354118547,2872,10.0,20.0
drizzle,phase_stratified,42,0.0379464285714285,26.35294117647059,0.1987807802851169,0.1428571428571428,0.1982882926807455,2876,10.0,20.0
drizzle,phase_stratified,42,0.0380580357142857,26.27565982404692,0.1121993817806552,0.1428571428571428,0.1980265142410688,2934,10.0,20.0
drizzle,phase_stratified,42,0.0381696428571428,26.198830409356727,0.1214897121617426,0.1428571428571428,0.1981069271457448,2916,10.0,20.0
drizzle,phase_stratified,42,0.0382812499999999,26.12244897959184,0.1359773765523643,0.1428571428571428,0.1982152991985056,2892,10.0,20.0
drizzle,phase_stratified,42,0.0383928571428571,26.04651162790698,0.0984762770168732,0.1428571428571428,0.1979380221425124,2954,10.0,20.0
drizzle,phase_stratified,42,0.0385044642857142,25.97101449275362,0.1440708639011825,0.1428571428571428,0.1978243048483752,2980,10.0,20.0
drizzle,phase_stratified,42,0.0386160714285714,25.89595375722543,0.1593460337138789,0.1428571428571428,0.1982517207110504,2884,10.0,20.0
drizzle,phase_stratified,42,0.0387276785714285,25.821325648414984,0.0451385398124864,0.1428571428571428,0.1978156184587228,2982,10.0,20.0
drizzle,phase_stratified,42,0.0388392857142857,25.74712643678161,0.1034966128779342,0.1428571428571428,0.1976012347238812,3032,10.0,20.0
drizzle,phase_stratified,42,0.0389508928571428,25.673352435530084,0.0830252776206852,0.1428571428571428,0.1981609467848357,2904,10.0,20.0
drizzle,phase_stratified,42,0.0390625,25.6,0.1199112973614102,0.1428571428571428,0.1975253385684874,3050,10.0,20.0
drizzle,phase_stratified,42,0.0391741071428571,25.527065527065528,0.118728102604436,0.1428571428571428,0.1978417036508865,2976,10.0,20.0
drizzle,phase_stratified,42,0.0392857142857142,25.454545454545457,-0.0385036125777874,0.1428571428571428,0.1976097089758139,3030,10.0,20.0
drizzle,phase_stratified,42,0.0393973214285714,25.38243626062323,0.0178782546698016,0.1428571428571428,0.1977550552720954,2996,10.0,20.0
drizzle,phase_stratified,42,0.0395089285714285,25.31073446327684,0.0252348238690292,0.1428571428571428,0.1976522052914655,3020,10.0,20.0
drizzle,phase_stratified,42,0.0396205357142857,25.23943661971831,-0.0204377071987603,0.1428571428571428,0.1975085631250675,3054,10.0,20.0
drizzle,phase_stratified,42,0.0397321428571428,25.168539325842698,0.0796894349582751,0.1428571428571428,0.1977034778080056,3008,10.0,20.0
drizzle,phase_stratified,42,0.03984375,25.09803921568628,0.1467571564454166,0.1428571428571428,0.1974334759038504,3072,10.0,20.0
drizzle,phase_stratified,42,0.0399553571428571,25.027932960893857,0.0312788292010271,0.1428571428571428,0.1973920427713976,3082,10.0,20.0
drizzle,phase_stratified,42,0.0400669642857142,24.95821727019499,0.0034432181630623,0.1428571428571428,0.1976692624332035,3016,10.0,20.0
drizzle,phase_stratified,42,0.0401785714285714,24.888888888888893,0.0785385777923055,0.1428571428571428,0.1973179644760539,3100,10.0,20.0
drizzle,phase_stratified,42,0.0402901785714285,24.81994459833795,0.1512645336007026,0.1428571428571428,0.1974251732503782,3074,10.0,20.0
drizzle,phase_stratified,42,0.0404017857142857,24.75138121546961,0.0849169560579266,0.1428571428571428,0.1974501053420018,3068,10.0,20.0
drizzle,phase_stratified,42,0.0405133928571428,24.683195592286506,-0.0256955260718242,0.1428571428571428,0.1973672786929232,3088,10.0,20.0
drizzle,phase_stratified,42,0.040625,24.615384615384613,-0.1050768538530073,0.1428571428571428,0.1970358524551192,3170,10.0,20.0
drizzle,phase_stratified,42,0.0407366071428571,24.54794520547945,0.0009284599804274,0.1428571428571428,0.197483461108339,3060,10.0,20.0
drizzle,phase_stratified,42,0.0408482142857142,24.48087431693989,-0.1098195980356999,0.1428571428571428,0.1971797686409065,3134,10.0,20.0
drizzle,phase_stratified,42,0.0409598214285714,24.4141689373297,-0.0583487946057037,0.1428571428571428,0.1970121025281447,3176,10.0,20.0
drizzle,phase_stratified,42,0.0410714285714285,24.347826086956523,-0.084942716247441,0.1428571428571428,0.1973837801208618,3084,10.0,20.0
drizzle,phase_stratified,42,0.0411830357142857,24.281842818428185,-0.0549411835132268,0.1428571428571428,0.1969569445542536,3190,10.0,20.0
drizzle,phase_stratified,42,0.0412946428571428,24.216216216216218,0.1113409125490009,0.1428571428571428,0.1970755845534379,3160,10.0,20.0
drizzle,phase_stratified,42,0.04140625,24.150943396226417,-0.1084444623007164,0.1428571428571428,0.1970755845534379,3160,10.0,20.0
drizzle,phase_stratified,42,0.0415178571428571,24.086021505376344,-0.0100646449305762,0.1428571428571428,0.1970676231905725,3162,10.0,20.0
drizzle,phase_stratified,42,0.0416294642857142,24.021447721179623,0.0113716820718734,0.1428571428571428,0.1969805395290804,3184,10.0,20.0
drizzle,phase_stratified,42,0.0417410714285714,23.9572192513369,-0.0257346598571487,0.1428571428571428,0.1969648022093162,3188,10.0,20.0
drizzle,phase_stratified,42,0.0418526785714285,23.89333333333333,-0.0633326098855651,0.1428571428571428,0.1969099519742507,3202,10.0,20.0
drizzle,phase_stratified,42,0.0419642857142857,23.82978723404256,-0.1197954422313544,0.1428571428571428,0.1966864592271897,3260,10.0,20.0
drizzle,phase_stratified,42,0.0420758928571428,23.766578249336877,-0.2146443708280359,0.1428571428571428,0.1969177658715863,3200,10.0,20.0
drizzle,phase_stratified,42,0.0421874999999999,23.703703703703702,-0.2229592981491009,0.1428571428571428,0.1969255870335849,3198,10.0,20.0
drizzle,phase_stratified,42,0.0422991071428571,23.64116094986808,-0.2002158125965494,0.1428571428571428,0.1966258439043441,3276,10.0,20.0
drizzle,phase_stratified,42,0.0424107142857142,23.57894736842105,-0.178252885129809,0.1428571428571428,0.1967398616607217,3246,10.0,20.0
drizzle,phase_stratified,42,0.0425223214285714,23.517060367454068,-0.1763813127730137,0.1428571428571428,0.1969334154715303,3196,10.0,20.0
drizzle,phase_stratified,42,0.0426339285714285,23.455497382198956,-0.2132480898001858,0.1428571428571428,0.1966258439043441,3276,10.0,20.0
drizzle,phase_stratified,42,0.0427455357142857,23.39425587467363,-0.1651771638653248,0.1428571428571428,0.1965881824046505,3286,10.0,20.0
drizzle,phase_stratified,42,0.0428571428571428,23.33333333333333,-0.1346456268247985,0.1428571428571428,0.1965656672086994,3292,10.0,20.0
drizzle,phase_stratified,42,0.04296875,23.272727272727277,-0.1020369314348765,0.1428571428571428,0.1967475185413739,3244,10.0,20.0
drizzle,phase_stratified,42,0.0430803571428571,23.212435233160623,-0.1615026391993223,0.1428571428571428,0.1962784168022305,3370,10.0,20.0
drizzle,phase_stratified,42,0.0431919642857142,23.15245478036176,-0.1800547432919002,0.1428571428571428,0.1966560964042497,3268,10.0,20.0
drizzle,phase_stratified,42,0.0433035714285714,23.09278350515464,-0.282619133448277,0.1428571428571428,0.1965506909503124,3296,10.0,20.0
drizzle,phase_stratified,42,0.0434151785714285,23.033419023136247,-0.2839037565102952,0.1428571428571428,0.1963511216307145,3350,10.0,20.0
drizzle,phase_stratified,42,0.0435267857142857,22.97435897435897,-0.2355313651478638,0.1428571428571428,0.1964910551328568,3312,10.0,20.0
drizzle,phase_stratified,42,0.0436383928571428,22.915601023017903,-0.2508050436866781,0.1428571428571428,0.1965506909503124,3296,10.0,20.0
drizzle,phase_stratified,42,0.04375,22.857142857142858,-0.2755887911818464,0.1428571428571428,0.1962063508480442,3390,10.0,20.0
drizzle,phase_stratified,42,0.0438616071428571,22.798982188295167,-0.3280252520826875,0.1428571428571428,0.1962711816127212,3372,10.0,20.0
drizzle,phase_stratified,42,0.0439732142857142,22.74111675126904,-0.290093048887137,0.1428571428571428,0.196395055136365,3338,10.0,20.0
drizzle,phase_stratified,42,0.0440848214285714,22.683544303797472,-0.2831701053441816,0.1428571428571428,0.1961420300215933,3408,10.0,20.0
drizzle,phase_stratified,42,0.0441964285714285,22.62626262626263,-0.2971571668938574,0.1428571428571428,0.1962856583803224,3368,10.0,20.0
drizzle,phase_stratified,42,0.0443080357142857,22.569269521410583,-0.2941336977962406,0.1428571428571428,0.196307421540427,3362,10.0,20.0
drizzle,phase_stratified,42,0.0444196428571428,22.51256281407035,-0.1782141952602871,0.1428571428571428,0.1960429733306717,3436,10.0,20.0
drizzle,phase_stratified,42,0.04453125,22.45614035087719,-0.2496878359451254,0.1428571428571428,0.1962423045527175,3380,10.0,20.0
drizzle,phase_stratified,42,0.0446428571428571,22.4,-0.3702985310865146,0.1428571428571428,0.1961634140509999,3402,10.0,20.0
drizzle,phase_stratified,42,0.0447544642857142,22.34413965087282,-0.3174423527399251,0.1428571428571428,0.1960852786619623,3424,10.0,20.0
drizzle,phase_stratified,42,0.0448660714285714,22.28855721393035,-0.3124870649147887,0.1428571428571428,0.1960852786619623,3424,10.0,20.0
drizzle,phase_stratified,42,0.0449776785714285,22.233250620347395,-0.3418503668968481,0.1428571428571428,0.1958690389922738,3486,10.0,20.0
drizzle,phase_stratified,42,0.0450892857142857,22.17821782178218,-0.308601997459639,0.1428571428571428,0.1960994294749999,3420,10.0,20.0
drizzle,phase_stratified,42,0.0452008928571428,22.123456790123456,-0.280014675881805,0.1428571428571428,0.1959869068376995,3452,10.0,20.0
drizzle,phase_stratified,42,0.0453125,22.06896551724138,-0.3406886725766784,0.1428571428571428,0.1957868626614645,3510,10.0,20.0
drizzle,phase_stratified,42,0.0454241071428571,22.014742014742016,-0.2664444111044777,0.1428571428571428,0.195959018311031,3460,10.0,20.0
drizzle,phase_stratified,42,0.0455357142857142,21.96078431372549,-0.2756090155276104,0.1428571428571428,0.1959242922263356,3470,10.0,20.0
drizzle,phase_stratified,42,0.0456473214285714,21.90709046454768,-0.30312143730592,0.1428571428571428,0.1959312255268662,3468,10.0,20.0
drizzle,phase_stratified,42,0.0457589285714285,21.853658536585368,-0.2779687440205038,0.1428571428571428,0.1957800523636975,3512,10.0,20.0
drizzle,phase_stratified,42,0.0458705357142857,21.800486618004868,-0.2751833465151778,0.1428571428571428,0.1957460872064342,3522,10.0,20.0
drizzle,phase_stratified,42,0.0459821428571428,21.74757281553398,-0.324423154555831,0.1428571428571428,0.1956718663126018,3544,10.0,20.0
drizzle,phase_stratified,42,0.0460937499999999,21.69491525423729,-0.3082400498114326,0.1428571428571428,0.1960148916587855,3444,10.0,20.0
drizzle,phase_stratified,42,0.0462053571428571,21.64251207729469,-0.3082307630416235,0.1428571428571428,0.1955452674697989,3582,10.0,20.0
drizzle,phase_stratified,42,0.0463169642857142,21.59036144578313,-0.3495572405601772,0.1428571428571428,0.1955783886350091,3572,10.0,20.0
drizzle,phase_stratified,42,0.0464285714285714,21.538461538461537,-0.2534885187193675,0.1428571428571428,0.1958759250004609,3484,10.0,20.0
drizzle,phase_stratified,42,0.0465401785714285,21.48681055155875,-0.2666754967722122,0.1428571428571428,0.1953622989600466,3638,10.0,20.0
drizzle,phase_stratified,42,0.0466517857142857,21.43540669856459,-0.2925219679030176,0.1428571428571428,0.19572577688551,3528,10.0,20.0
drizzle,phase_stratified,42,0.0467633928571428,21.384248210023863,-0.3330633874371731,0.1428571428571428,0.1956584452065916,3548,10.0,20.0
drizzle,phase_stratified,42,0.046875,21.33333333333333,-0.3411327680250037,0.1428571428571428,0.1954011523493912,3626,10.0,20.0
drizzle,phase_stratified,42,0.0469866071428571,21.282660332541568,-0.4080568667154194,0.1428571428571428,0.1954467237729354,3612,10.0,20.0
drizzle,phase_stratified,42,0.0470982142857142,21.232227488151658,-0.4967211068534463,0.1428571428571428,0.1954663349047849,3606,10.0,20.0
drizzle,phase_stratified,42,0.0472098214285714,21.18203309692672,-0.4170087679147605,0.1428571428571428,0.1955651236363731,3576,10.0,20.0
drizzle,phase_stratified,42,0.0473214285714285,21.13207547169812,-0.3670041974507519,0.1428571428571428,0.1953429436834727,3644,10.0,20.0
drizzle,phase_stratified,42,0.0474330357142857,21.08235294117647,-0.4019131931369476,0.1428571428571428,0.1953752288807075,3634,10.0,20.0
drizzle,phase_stratified,42,0.0475446428571428,21.03286384976526,-0.4326010233119764,0.1428571428571428,0.195499128227856,3596,10.0,20.0
drizzle,phase_stratified,42,0.04765625,20.98360655737705,-0.4545426833345363,0.1428571428571428,0.1952787670045239,3664,10.0,20.0
drizzle,phase_stratified,42,0.0477678571428571,20.93457943925234,-0.4766054879707326,0.1428571428571428,0.1953622989600466,3638,10.0,20.0
drizzle,phase_stratified,42,0.0478794642857142,20.88578088578089,-0.4237680348918368,0.1428571428571428,0.1952532420597071,3672,10.0,20.0
drizzle,phase_stratified,42,0.0479910714285714,20.837209302325583,-0.4751127448473104,0.1428571428571428,0.1953429436834727,3644,10.0,20.0
drizzle,phase_stratified,42,0.0481026785714285,20.788863109048727,-0.5089982439359299,0.1428571428571428,0.1950209946989822,3746,10.0,20.0
drizzle,phase_stratified,42,0.0482142857142857,20.740740740740744,-0.4569326464780287,0.1428571428571428,0.1953043749955331,3656,10.0,20.0
drizzle,phase_stratified,42,0.0483258928571428,20.69284064665127,-0.528653490696636,0.1428571428571428,0.1952659941794608,3668,10.0,20.0
drizzle,phase_stratified,42,0.0484375,20.64516129032258,-0.6086780445674889,0.1428571428571428,0.19493488938335,3774,10.0,20.0
drizzle,phase_stratified,42,0.0485491071428571,20.597701149425287,-0.5748390387316573,0.1428571428571428,0.1953946635106547,3628,10.0,20.0
drizzle,phase_stratified,42,0.0486607142857142,20.55045871559633,-0.5599064163931319,0.1428571428571428,0.1948982774922543,3786,10.0,20.0
drizzle,phase_stratified,42,0.0487723214285714,20.503432494279178,-0.6527887546203499,0.1428571428571428,0.1950644073370485,3732,10.0,20.0
drizzle,phase_stratified,42,0.0488839285714285,20.45662100456621,-0.6014501816321043,0.1428571428571428,0.1951897900889341,3692,10.0,20.0
drizzle,phase_stratified,42,0.0489955357142857,20.41002277904328,-0.6304898960289552,0.1428571428571428,0.1949104622494575,3782,10.0,20.0
drizzle,phase_stratified,42,0.0491071428571428,20.363636363636363,-0.7243883956802875,0.1428571428571428,0.1950024631046887,3752,10.0,20.0
drizzle,phase_stratified,42,0.04921875,20.31746031746032,-0.7408632433815807,0.1428571428571428,0.1949901331855966,3756,10.0,20.0
drizzle,phase_stratified,42,0.0493303571428571,20.27149321266968,-0.8186177441128716,0.1428571428571428,0.1948739653457362,3794,10.0,20.0
drizzle,phase_stratified,42,0.0494419642857142,20.225733634311517,-0.8341706295470953,0.1428571428571428,0.1948800362270396,3792,10.0,20.0
drizzle,phase_stratified,42,0.0495535714285714,20.18018018018018,-0.8578021377765099,0.1428571428571428,0.1948921922940433,3788,10.0,20.0
drizzle,phase_stratified,42,0.0496651785714285,20.13483146067416,-0.9231699630904062,0.1428571428571428,0.1950209946989822,3746,10.0,20.0
drizzle,phase_stratified,42,0.0497767857142857,20.08968609865471,-0.9005472249687111,0.1428571428571428,0.1947595159215046,3832,10.0,20.0
drizzle,phase_stratified,42,0.0498883928571428,20.04474272930649,-0.9659820580739854,0.1428571428571428,0.1948557812357967,3800,10.0,20.0
drizzle,phase_stratified,42,0.0499999999999999,20.0,-0.9901236338865445,0.1428571428571428,0.8417399583909729,2,10.0,20.0
drizzle,odd_even,-1,0.0,inf,0.9999998136530708,0.1428571428571428,0.7560610050770457,3,10.0,20.0
drizzle,odd_even,-1,0.0001116071428571,8960.0,0.9999997621378112,0.1428571428571428,0.5160568456025979,12,10.0,20.0
drizzle,odd_even,-1,0.0002232142857142,4480.0,0.9999992513699734,0.1428571428571428,0.4384638960994643,22,10.0,20.0
drizzle,odd_even,-1,0.0003348214285714,2986.6666666666665,0.9999995838834024,0.1428571428571428,0.4119273995859466,28,10.0,20.0
drizzle,odd_even,-1,0.0004464285714285,2240.0,0.9999987208892214,0.1428571428571428,0.376849289408951,40,10.0,20.0
drizzle,odd_even,-1,0.0005580357142857,1792.0,0.9999994856752672,0.1428571428571428,0.3572655453148874,50,10.0,20.0
drizzle,odd_even,-1,0.0006696428571428,1493.3333333333333,0.9999994030169403,0.1428571428571428,0.3607189084162777,48,10.0,20.0
drizzle,odd_even,-1,0.0007812499999999,1280.0,0.999999131898029,0.1428571428571428,0.3330194415460661,68,10.0,20.0
drizzle,odd_even,-1,0.0008928571428571,1120.0,0.9999993845899728,0.1428571428571428,0.3308883459615167,70,10.0,20.0
drizzle,odd_even,-1,0.0010044642857142,995.5555555555557,0.9999991193136596,0.1428571428571428,0.3249810597764377,76,10.0,20.0
drizzle,odd_even,-1,0.0011160714285714,896.0,0.9999992170312888,0.1428571428571428,0.3120228149867766,92,10.0,20.0
drizzle,odd_even,-1,0.0012276785714285,814.5454545454546,0.999997554935848,0.1428571428571428,0.303074545636718,106,10.0,20.0
drizzle,odd_even,-1,0.0013392857142857,746.6666666666666,0.9999975229128534,0.1428571428571428,0.309276869488276,96,10.0,20.0
drizzle,odd_even,-1,0.0014508928571428,689.2307692307692,0.9999980915647032,0.1428571428571428,0.297657677511583,116,10.0,20.0
drizzle,odd_even,-1,0.0015624999999999,640.0,0.9999965815429278,0.1428571428571428,0.289420288912266,134,10.0,20.0
drizzle,odd_even,-1,0.0016741071428571,597.3333333333334,0.9999907679088738,0.1428571428571428,0.2956748612128594,120,10.0,20.0
drizzle,odd_even,-1,0.0017857142857142,560.0,0.9999926062230318,0.1428571428571428,0.2847638081271247,146,10.0,20.0
drizzle,odd_even,-1,0.0018973214285714,527.0588235294118,0.9999938718232794,0.1428571428571428,0.2812856424436456,156,10.0,20.0
drizzle,odd_even,-1,0.0020089285714285,497.7777777777778,0.9999966780928852,0.1428571428571428,0.2870201871950258,140,10.0,20.0
drizzle,odd_even,-1,0.0021205357142857,471.5789473684211,0.9999952587386032,0.1428571428571428,0.2757709533720164,174,10.0,20.0
drizzle,odd_even,-1,0.0022321428571428,448.0,0.9999949966632364,0.1428571428571428,0.2752091333889933,176,10.0,20.0
drizzle,odd_even,-1,0.00234375,426.6666666666667,0.9999966369032626,0.1428571428571428,0.273051000260408,184,10.0,20.0
drizzle,odd_even,-1,0.0024553571428571,407.2727272727273,0.9999943524456472,0.1428571428571428,0.2705369635786124,194,10.0,20.0
drizzle,odd_even,-1,0.0025669642857142,389.5652173913044,0.9999934141731848,0.1428571428571428,0.269116846861646,200,10.0,20.0
drizzle,odd_even,-1,0.0026785714285714,373.3333333333333,0.9999862070787106,0.1428571428571428,0.2673166390391592,208,10.0,20.0
drizzle,odd_even,-1,0.0027901785714285,358.4,0.99996457939841,0.1428571428571428,0.2668822084027434,210,10.0,20.0
drizzle,odd_even,-1,0.0029017857142857,344.6153846153846,0.9999779608258188,0.1428571428571428,0.2617315099101021,236,10.0,20.0
drizzle,odd_even,-1,0.0030133928571428,331.8518518518519,0.999973982115734,0.1428571428571428,0.2632250986856457,228,10.0,20.0
drizzle,odd_even,-1,0.0031249999999999,320.0,0.9999748050919768,0.1428571428571428,0.2613695641695868,238,10.0,20.0
drizzle,odd_even,-1,0.0032366071428571,308.96551724137936,0.9999817469312948,0.1428571428571428,0.2576597972433477,260,10.0,20.0
drizzle,odd_even,-1,0.0033482142857142,298.6666666666667,0.9999658276119652,0.1428571428571428,0.2586250244740691,254,10.0,20.0
drizzle,odd_even,-1,0.0034598214285714,289.03225806451616,0.9999793014604786,0.1428571428571428,0.2552370970586252,276,10.0,20.0
drizzle,odd_even,-1,0.0035714285714285,280.0,0.9999874294820984,0.1428571428571428,0.2558232643037454,272,10.0,20.0
drizzle,odd_even,-1,0.0036830357142857,271.5151515151515,0.9999857162209654,0.1428571428571428,0.2527449491574839,294,10.0,20.0
drizzle,odd_even,-1,0.0037946428571428,263.5294117647059,0.9999807420305488,0.1428571428571428,0.2541010745146297,284,10.0,20.0
drizzle,odd_even,-1,0.00390625,256.0,0.99996554460287,0.1428571428571428,0.2514544516681247,304,10.0,20.0
drizzle,odd_even,-1,0.0040178571428571,248.8888888888889,0.9999539252376838,0.1428571428571428,0.2492808358345323,322,10.0,20.0
drizzle,odd_even,-1,0.0041294642857142,242.16216216216216,0.9999293253658244,0.1428571428571428,0.2514544516681247,304,10.0,20.0
drizzle,odd_even,-1,0.0042410714285714,235.78947368421052,0.9999258399427048,0.1428571428571428,0.2490502694584327,324,10.0,20.0
drizzle,odd_even,-1,0.0043526785714285,229.74358974358967,0.9999136665933106,0.1428571428571428,0.2458237679817894,354,10.0,20.0
drizzle,odd_even,-1,0.0044642857142857,224.0,0.9999409516578216,0.1428571428571428,0.2477092467132213,336,10.0,20.0
drizzle,odd_even,-1,0.0045758928571428,218.53658536585365,0.9998849332537956,0.1428571428571428,0.24643640318775,348,10.0,20.0
drizzle,odd_even,-1,0.0046875,213.33333333333331,0.9998939280509954,0.1428571428571428,0.2442617325963765,370,10.0,20.0
drizzle,odd_even,-1,0.0047991071428571,208.37209302325584,0.9999264757664024,0.1428571428571428,0.2440734187181129,372,10.0,20.0
drizzle,odd_even,-1,0.0049107142857142,203.63636363636363,0.9998936894360752,0.1428571428571428,0.2438865796149162,374,10.0,20.0
drizzle,odd_even,-1,0.0050223214285714,199.11111111111117,0.9998712650642888,0.1428571428571428,0.2412486646688545,404,10.0,20.0
drizzle,odd_even,-1,0.0051339285714285,194.7826086956522,0.9999472766032768,0.1428571428571428,0.2422683287804758,392,10.0,20.0
drizzle,odd_even,-1,0.0052455357142857,190.63829787234044,0.9999481469999094,0.1428571428571428,0.2427954615022515,386,10.0,20.0
drizzle,odd_even,-1,0.0053571428571428,186.66666666666663,0.999921320860963,0.1428571428571428,0.2396441629955907,424,10.0,20.0
drizzle,odd_even,-1,0.00546875,182.8571428571429,0.9998783614624728,0.1428571428571428,0.2402723965958697,416,10.0,20.0
drizzle,odd_even,-1,0.0055803571428571,179.2,0.9998203045334184,0.1428571428571428,0.2388828626474958,434,10.0,20.0
drizzle,odd_even,-1,0.0056919642857142,175.68627450980392,0.9998448954614584,0.1428571428571428,0.2384383044776066,440,10.0,20.0
drizzle,odd_even,-1,0.0058035714285714,172.3076923076923,0.9998355759239136,0.1428571428571428,0.2375752861223202,452,10.0,20.0
drizzle,odd_even,-1,0.0059151785714285,169.05660377358492,0.9998005310276536,0.1428571428571428,0.2368813596143089,462,10.0,20.0
drizzle,odd_even,-1,0.0060267857142857,165.92592592592595,0.9997535775969614,0.1428571428571428,0.2378591915591398,448,10.0,20.0
drizzle,odd_even,-1,0.0061383928571428,162.9090909090909,0.9997851758781818,0.1428571428571428,0.2351758618232783,488,10.0,20.0
drizzle,odd_even,-1,0.0062499999999999,160.0,0.9998664434719275,0.1428571428571428,0.2360771637720961,474,10.0,20.0
drizzle,odd_even,-1,0.0063616071428571,157.19298245614036,0.9998795962150256,0.1428571428571428,0.2356861717750645,480,10.0,20.0
drizzle,odd_even,-1,0.0064732142857142,154.48275862068968,0.9998445997459808,0.1428571428571428,0.2335986882619074,514,10.0,20.0
drizzle,odd_even,-1,0.0065848214285714,151.864406779661,0.9996408124692616,0.1428571428571428,0.2334822234793085,516,10.0,20.0
drizzle,odd_even,-1,0.0066964285714285,149.33333333333334,0.999760829024138,0.1428571428571428,0.2346776788694962,496,10.0,20.0
drizzle,odd_even,-1,0.0068080357142857,146.88524590163934,0.9998239996810844,0.1428571428571428,0.2324630405554131,534,10.0,20.0
drizzle,odd_even,-1,0.0069196428571428,144.51612903225808,0.9998442631014766,0.1428571428571428,0.2319183585810605,544,10.0,20.0
drizzle,odd_even,-1,0.00703125,142.22222222222223,0.999839565335458,0.1428571428571428,0.2334822234793085,516,10.0,20.0
drizzle,odd_even,-1,0.0071428571428571,140.0,0.9998578802641288,0.1428571428571428,0.2311800367418298,558,10.0,20.0
drizzle,odd_even,-1,0.0072544642857142,137.84615384615387,0.9998613223504852,0.1428571428571428,0.2306691194292109,568,10.0,20.0
drizzle,odd_even,-1,0.0073660714285714,135.75757575757575,0.9998861515091813,0.1428571428571428,0.2325737769606136,532,10.0,20.0
drizzle,odd_even,-1,0.0074776785714285,133.7313432835821,0.9997092130708872,0.1428571428571428,0.2286595678521021,610,10.0,20.0
drizzle,odd_even,-1,0.0075892857142857,131.76470588235296,0.9995484412429472,0.1428571428571428,0.2300731936178756,580,10.0,20.0
drizzle,odd_even,-1,0.0077008928571428,129.85507246376812,0.999714519461568,0.1428571428571428,0.2298785627993883,584,10.0,20.0
drizzle,odd_even,-1,0.0078125,128.0,0.9996812168012532,0.1428571428571428,0.2284787995617485,614,10.0,20.0
drizzle,odd_even,-1,0.0079241071428571,126.19718309859157,0.9996655967319864,0.1428571428571428,0.2285689665452805,612,10.0,20.0
drizzle,odd_even,-1,0.0080357142857142,124.44444444444446,0.999679459414491,0.1428571428571428,0.22794672665157,626,10.0,20.0
drizzle,odd_even,-1,0.0081473214285714,122.73972602739724,0.9994760016477908,0.1428571428571428,0.2285689665452805,612,10.0,20.0
drizzle,odd_even,-1,0.0082589285714285,121.08108108108108,0.999554539215702,0.1428571428571428,0.2275146618834237,636,10.0,20.0
drizzle,odd_even,-1,0.0083705357142857,119.46666666666668,0.9996362746512668,0.1428571428571428,0.2270924761106944,646,10.0,20.0
drizzle,odd_even,-1,0.0084821428571428,117.89473684210527,0.9997544159190646,0.1428571428571428,0.2270091913293758,648,10.0,20.0
drizzle,odd_even,-1,0.0085937499999999,116.36363636363636,0.999695595912102,0.1428571428571428,0.2268437508936127,652,10.0,20.0
drizzle,odd_even,-1,0.0087053571428571,114.87179487179486,0.9996563730126212,0.1428571428571428,0.2258036549339749,678,10.0,20.0
drizzle,odd_even,-1,0.0088169642857142,113.41772151898736,0.9996337909774704,0.1428571428571428,0.225726081334338,680,10.0,20.0
drizzle,odd_even,-1,0.0089285714285714,112.0,0.9996896898677012,0.1428571428571428,0.225726081334338,680,10.0,20.0
drizzle,odd_even,-1,0.0090401785714285,110.61728395061728,0.9995134177469436,0.1428571428571428,0.2247472633332211,706,10.0,20.0
drizzle,odd_even,-1,0.0091517857142857,109.26829268292684,0.999512795844666,0.1428571428571428,0.2252675931499613,692,10.0,20.0
drizzle,odd_even,-1,0.0092633928571428,107.95180722891568,0.99932072490689,0.1428571428571428,0.2251173562968774,696,10.0,20.0
drizzle,odd_even,-1,0.009375,106.66666666666669,0.9994053392535476,0.1428571428571428,0.2234763476204035,742,10.0,20.0
drizzle,odd_even,-1,0.0094866071428571,105.41176470588236,0.9993420725506976,0.1428571428571428,0.2246741699298705,708,10.0,20.0
drizzle,odd_even,-1,0.0095982142857142,104.18604651162792,0.9991642200655696,0.1428571428571428,0.2228088426230386,762,10.0,20.0
drizzle,odd_even,-1,0.0097098214285714,102.98850574712644,0.9981115550934976,0.1428571428571428,0.2236817900769284,736,10.0,20.0
drizzle,odd_even,-1,0.0098214285714285,101.81818181818184,0.9976611860478656,0.1428571428571428,0.2228744263580901,760,10.0,20.0
drizzle,odd_even,-1,0.0099330357142857,100.6741573033708,0.9990865128550256,0.1428571428571428,0.2222931505883404,778,10.0,20.0
drizzle,odd_even,-1,0.0100446428571428,99.55555555555556,0.9991914865687616,0.1428571428571428,0.2226136037363606,768,10.0,20.0
drizzle,odd_even,-1,0.01015625,98.46153846153844,0.9992778402971084,0.1428571428571428,0.2228744263580901,760,10.0,20.0
drizzle,odd_even,-1,0.0102678571428571,97.3913043478261,0.9990968470397174,0.1428571428571428,0.2219165276078127,790,10.0,20.0
drizzle,odd_even,-1,0.0103794642857142,96.34408602150538,0.9990712777640716,0.1428571428571428,0.2212474895498582,812,10.0,20.0
drizzle,odd_even,-1,0.0104910714285714,95.31914893617022,0.9991201813601251,0.1428571428571428,0.2214876516950723,804,10.0,20.0
drizzle,odd_even,-1,0.0106026785714285,94.3157894736842,0.999024315078973,0.1428571428571428,0.2213072021289054,810,10.0,20.0
drizzle,odd_even,-1,0.0107142857142857,93.33333333333331,0.9991336310947184,0.1428571428571428,0.2206620549790673,832,10.0,20.0
drizzle,odd_even,-1,0.0108258928571428,92.37113402061856,0.9991108464674732,0.1428571428571428,0.2216090580540805,800,10.0,20.0
drizzle,odd_even,-1,0.0109375,91.42857142857144,0.9992860679314076,0.1428571428571428,0.2198217694523472,862,10.0,20.0
drizzle,odd_even,-1,0.0110491071428571,90.50505050505052,0.9992246271184428,0.1428571428571428,0.2202084457452045,848,10.0,20.0
drizzle,odd_even,-1,0.0111607142857142,89.6,0.998680687374589,0.1428571428571428,0.2192851642681468,882,10.0,20.0
drizzle,odd_even,-1,0.0112723214285714,88.71287128712872,0.998142103993978,0.1428571428571428,0.2207774717881565,828,10.0,20.0
drizzle,odd_even,-1,0.0113839285714285,87.84313725490196,0.9981862902558732,0.1428571428571428,0.2195511974861926,872,10.0,20.0
drizzle,odd_even,-1,0.0114955357142857,86.99029126213593,0.9982728697509268,0.1428571428571428,0.2185633641097324,910,10.0,20.0
drizzle,odd_even,-1,0.0116071428571428,86.15384615384615,0.998070496608534,0.1428571428571428,0.219658874403757,868,10.0,20.0
drizzle,odd_even,-1,0.01171875,85.33333333333333,0.9977998581903964,0.1428571428571428,0.2190235438935731,892,10.0,20.0
drizzle,odd_even,-1,0.0118303571428571,84.52830188679246,0.9976608395314804,0.1428571428571428,0.2181654494608149,926,10.0,20.0
drizzle,odd_even,-1,0.0119419642857142,83.73831775700936,0.9971626344952816,0.1428571428571428,0.2184129445874899,916,10.0,20.0
drizzle,odd_even,-1,0.0120535714285714,82.96296296296298,0.9984533926162048,0.1428571428571428,0.2185130620438174,912,10.0,20.0
drizzle,odd_even,-1,0.0121651785714285,82.20183486238533,0.9985025461469852,0.1428571428571428,0.2175872333505372,950,10.0,20.0
drizzle,odd_even,-1,0.0122767857142857,81.45454545454545,0.9986278726488496,0.1428571428571428,0.2174460382980466,956,10.0,20.0
drizzle,odd_even,-1,0.0123883928571428,80.72072072072072,0.9983658486433904,0.1428571428571428,0.2186138295756464,908,10.0,20.0
drizzle,odd_even,-1,0.0124999999999999,80.0,0.9977738433872536,0.1428571428571428,0.2167592020410763,986,10.0,20.0
drizzle,odd_even,-1,0.0126116071428571,79.29203539823008,0.997794299250202,0.1428571428571428,0.2172598002849458,964,10.0,20.0
drizzle,odd_even,-1,0.0127232142857142,78.59649122807018,0.9971814637988478,0.1428571428571428,0.2172135969360878,966,10.0,20.0
drizzle,odd_even,-1,0.0128348214285714,77.91304347826087,0.996069729642665,0.1428571428571428,0.2164491434615864,1000,10.0,20.0
drizzle,odd_even,-1,0.0129464285714285,77.24137931034484,0.9960370873421138,0.1428571428571428,0.2165370745864878,996,10.0,20.0
drizzle,odd_even,-1,0.0130580357142857,76.58119658119658,0.996672894966666,0.1428571428571428,0.2164930439704948,998,10.0,20.0
drizzle,odd_even,-1,0.0131696428571428,75.9322033898305,0.9970429225014408,0.1428571428571428,0.2161025471823696,1016,10.0,20.0
drizzle,odd_even,-1,0.01328125,75.29411764705883,0.9973717647765862,0.1428571428571428,0.2161884370392599,1012,10.0,20.0
drizzle,odd_even,-1,0.0133928571428571,74.66666666666667,0.995639142704392,0.1428571428571428,0.2160597892917823,1018,10.0,20.0
drizzle,odd_even,-1,0.0135044642857142,74.04958677685951,0.9957390330686414,0.1428571428571428,0.2155149963469613,1044,10.0,20.0
drizzle,odd_even,-1,0.0136160714285714,73.44262295081967,0.9967806203727988,0.1428571428571428,0.2156804721338265,1036,10.0,20.0
drizzle,odd_even,-1,0.0137276785714285,72.84552845528455,0.9945557085004284,0.1428571428571428,0.2149898847142843,1070,10.0,20.0
drizzle,odd_even,-1,0.0138392857142857,72.25806451612904,0.9936030295719808,0.1428571428571428,0.2154329591143752,1048,10.0,20.0
drizzle,odd_even,-1,0.0139508928571428,71.68,0.9905592706915088,0.1428571428571428,0.2148713755575323,1076,10.0,20.0
drizzle,odd_even,-1,0.0140625,71.11111111111111,0.99380190710759,0.1428571428571428,0.2147538387963811,1082,10.0,20.0
drizzle,odd_even,-1,0.0141741071428571,70.55118110236221,0.9960732938733318,0.1428571428571428,0.2147148736637772,1084,10.0,20.0
drizzle,odd_even,-1,0.0142857142857142,70.0,0.9960950674793688,0.1428571428571428,0.214598612838695,1090,10.0,20.0
drizzle,odd_even,-1,0.0143973214285714,69.45736434108528,0.9947628583212706,0.1428571428571428,0.2142554308637757,1108,10.0,20.0
drizzle,odd_even,-1,0.0145089285714285,68.92307692307693,0.989173640354276,0.1428571428571428,0.2145600691583009,1092,10.0,20.0
drizzle,odd_even,-1,0.0146205357142857,68.3969465648855,0.989011342405274,0.1428571428571428,0.2135572866402534,1146,10.0,20.0
drizzle,odd_even,-1,0.0147321428571428,67.87878787878788,0.9940098389023216,0.1428571428571428,0.2136652285367596,1140,10.0,20.0
drizzle,odd_even,-1,0.01484375,67.36842105263158,0.9905250161684948,0.1428571428571428,0.2143309783773013,1104,10.0,20.0
drizzle,odd_even,-1,0.0149553571428571,66.86567164179105,0.9894768888697048,0.1428571428571428,0.2127904682995096,1190,10.0,20.0
drizzle,odd_even,-1,0.0150669642857142,66.37037037037037,0.9908296340782564,0.1428571428571428,0.2137376574801886,1136,10.0,20.0
drizzle,odd_even,-1,0.0151785714285714,65.88235294117648,0.9901221021402185,0.1428571428571428,0.213521491467742,1148,10.0,20.0
drizzle,odd_even,-1,0.0152901785714285,65.4014598540146,0.9887285341204388,0.1428571428571428,0.2128584363536048,1186,10.0,20.0
drizzle,odd_even,-1,0.0154017857142857,64.92753623188406,0.9867251023517284,0.1428571428571428,0.2128244100298337,1188,10.0,20.0
drizzle,odd_even,-1,0.0155133928571428,64.46043165467627,0.9883313336426414,0.1428571428571428,0.2133792274907273,1156,10.0,20.0
drizzle,odd_even,-1,0.015625,64.0,0.9877606380872488,0.1428571428571428,0.212000361835817,1238,10.0,20.0
drizzle,odd_even,-1,0.0157366071428571,63.54609929078014,0.9937698052791394,0.1428571428571428,0.2124887421904062,1208,10.0,20.0
drizzle,odd_even,-1,0.0158482142857142,63.098591549295776,0.9954284714229332,0.1428571428571428,0.2127228372174348,1194,10.0,20.0
drizzle,odd_even,-1,0.0159598214285714,62.65734265734266,0.9946767144798844,0.1428571428571428,0.2120323741059451,1236,10.0,20.0
drizzle,odd_even,-1,0.0160714285714285,62.22222222222223,0.9919563615245496,0.1428571428571428,0.2120323741059451,1236,10.0,20.0
drizzle,odd_even,-1,0.0161830357142857,61.79310344827587,0.9833227470816608,0.1428571428571428,0.2118730736998089,1246,10.0,20.0
drizzle,odd_even,-1,0.0162946428571428,61.36986301369863,0.9845227083402792,0.1428571428571428,0.2121611933102115,1228,10.0,20.0
drizzle,odd_even,-1,0.01640625,60.95238095238095,0.982526397410682,0.1428571428571428,0.2115910454545059,1264,10.0,20.0
drizzle,odd_even,-1,0.0165178571428571,60.54054054054054,0.9738600088581708,0.1428571428571428,0.2114983526925959,1270,10.0,20.0
drizzle,odd_even,-1,0.0166294642857142,60.13422818791946,0.977369143238841,0.1428571428571428,0.2117783981647436,1252,10.0,20.0
drizzle,odd_even,-1,0.0167410714285714,59.73333333333333,0.9700959294234216,0.1428571428571428,0.2113452956125264,1280,10.0,20.0
drizzle,odd_even,-1,0.0168526785714285,59.33774834437087,0.977068189038743,0.1428571428571428,0.2105483488067576,1334,10.0,20.0
drizzle,odd_even,-1,0.0169642857142857,58.94736842105264,0.987700812295182,0.1428571428571428,0.2115910454545059,1264,10.0,20.0
drizzle,odd_even,-1,0.0170758928571428,58.56209150326798,0.9898271764811436,0.1428571428571428,0.2108086150166004,1316,10.0,20.0
drizzle,odd_even,-1,0.0171874999999999,58.18181818181819,0.9901529029359032,0.1428571428571428,0.2104912166657718,1338,10.0,20.0
drizzle,odd_even,-1,0.0172991071428571,57.80645161290322,0.9857409197861492,0.1428571428571428,0.2112241179090306,1288,10.0,20.0
drizzle,odd_even,-1,0.0174107142857142,57.43589743589743,0.979933607877568,0.1428571428571428,0.2100982504593116,1366,10.0,20.0
drizzle,odd_even,-1,0.0175223214285714,57.07006369426752,0.988821608987836,0.1428571428571428,0.2103494855946407,1348,10.0,20.0
drizzle,odd_even,-1,0.0176339285714285,56.70886075949368,0.9748262728226408,0.1428571428571428,0.2104627452831332,1340,10.0,20.0
drizzle,odd_even,-1,0.0177455357142857,56.35220125786164,0.9609485274990844,0.1428571428571428,0.2102651915533084,1354,10.0,20.0
drizzle,odd_even,-1,0.0178571428571428,56.0,0.9682669808112933,0.1428571428571428,0.2097977593216134,1388,10.0,20.0
drizzle,odd_even,-1,0.01796875,55.65217391304349,0.9775850161481958,0.1428571428571428,0.2100155915120907,1372,10.0,20.0
drizzle,odd_even,-1,0.0180803571428571,55.308641975308646,0.9799391099748718,0.1428571428571428,0.2099334658515717,1378,10.0,20.0
drizzle,odd_even,-1,0.0181919642857142,54.96932515337424,0.9770910436513692,0.1428571428571428,0.2096902317670164,1396,10.0,20.0
drizzle,odd_even,-1,0.0183035714285714,54.63414634146341,0.9700471917739638,0.1428571428571428,0.2097438812042647,1392,10.0,20.0
drizzle,odd_even,-1,0.0184151785714285,54.30303030303031,0.971317018515768,0.1428571428571428,0.2092432201153945,1430,10.0,20.0
drizzle,odd_even,-1,0.0185267857142857,53.97590361445784,0.9610078154507692,0.1428571428571428,0.2093730479578857,1420,10.0,20.0
drizzle,odd_even,-1,0.0186383928571428,53.65269461077845,0.9510107509930232,0.1428571428571428,0.209583612479093,1404,10.0,20.0
drizzle,odd_even,-1,0.01875,53.333333333333336,0.956927493898744,0.1428571428571428,0.2090891897428512,1442,10.0,20.0
drizzle,odd_even,-1,0.0188616071428571,53.01775147928994,0.9624362439854096,0.1428571428571428,0.2091147294392002,1440,10.0,20.0
drizzle,odd_even,-1,0.0189732142857142,52.70588235294118,0.968727526073847,0.1428571428571428,0.2087867491561456,1466,10.0,20.0
drizzle,odd_even,-1,0.0190848214285714,52.397660818713454,0.938945514234372,0.1428571428571428,0.2089622735436332,1452,10.0,20.0
drizzle,odd_even,-1,0.0191964285714285,52.09302325581396,0.9366738152454556,0.1428571428571428,0.2086136893270175,1480,10.0,20.0
drizzle,odd_even,-1,0.0193080357142857,51.79190751445086,0.929932523512672,0.1428571428571428,0.2084915522694511,1490,10.0,20.0
drizzle,odd_even,-1,0.0194196428571428,51.49425287356322,0.9479297391192472,0.1428571428571428,0.2088616687032425,1460,10.0,20.0
drizzle,odd_even,-1,0.01953125,51.2,0.9522563779969136,0.1428571428571428,0.2083225851457242,1504,10.0,20.0
drizzle,odd_even,-1,0.0196428571428571,50.909090909090914,0.9362661497413948,0.1428571428571428,0.208203313754897,1514,10.0,20.0
drizzle,odd_even,-1,0.0197544642857142,50.62146892655368,0.9136930249891828,0.1428571428571428,0.2080852033992908,1524,10.0,20.0
drizzle,odd_even,-1,0.0198660714285714,50.3370786516854,0.9127925122343457,0.1428571428571428,0.2082270745422638,1512,10.0,20.0
drizzle,odd_even,-1,0.0199776785714285,50.05586592178771,0.916363953884382,0.1428571428571428,0.2076466470245122,1562,10.0,20.0
drizzle,odd_even,-1,0.0200892857142857,49.777777777777786,0.9286869232628816,0.1428571428571428,0.2081795994075472,1516,10.0,20.0
drizzle,odd_even,-1,0.0202008928571428,49.50276243093922,0.9588107548008824,0.1428571428571428,0.2081795994075472,1516,10.0,20.0
drizzle,odd_even,-1,0.0203125,49.230769230769226,0.9529433199978214,0.1428571428571428,0.2071581805789342,1606,10.0,20.0
drizzle,odd_even,-1,0.0204241071428571,48.96174863387978,0.9302724968730386,0.1428571428571428,0.2078523911652866,1544,10.0,20.0
drizzle,odd_even,-1,0.0205357142857142,48.69565217391305,0.9463608079046054,0.1428571428571428,0.2075114249856273,1574,10.0,20.0
drizzle,odd_even,-1,0.0206473214285714,48.43243243243244,0.9775509217733208,0.1428571428571428,0.207311430402214,1592,10.0,20.0
drizzle,odd_even,-1,0.0207589285714285,48.17204301075269,0.9781924016863082,0.1428571428571428,0.2076693336987428,1560,10.0,20.0
drizzle,odd_even,-1,0.0208705357142857,47.9144385026738,0.959890191782423,0.1428571428571428,0.2072455083727941,1598,10.0,20.0
drizzle,odd_even,-1,0.0209821428571428,47.65957446808511,0.9331893355480544,0.1428571428571428,0.2067941070263127,1640,10.0,20.0
drizzle,odd_even,-1,0.0210937499999999,47.40740740740741,0.9508221483649092,0.1428571428571428,0.2070931065498322,1612,10.0,20.0
drizzle,odd_even,-1,0.0212053571428571,47.1578947368421,0.9333704059544222,0.1428571428571428,0.2073334862634729,1590,10.0,20.0
drizzle,odd_even,-1,0.0213169642857142,46.91099476439791,0.9256781414598794,0.1428571428571428,0.2068363565335541,1636,10.0,20.0
drizzle,odd_even,-1,0.0214285714285714,46.66666666666666,0.915856442159144,0.1428571428571428,0.2064615217968669,1672,10.0,20.0
drizzle,odd_even,-1,0.0215401785714285,46.424870466321245,0.9449984706788436,0.1428571428571428,0.2067730394848072,1642,10.0,20.0
drizzle,odd_even,-1,0.0216517857142857,46.18556701030928,0.9635173481918892,0.1428571428571428,0.2065437788369747,1664,10.0,20.0
drizzle,odd_even,-1,0.0217633928571428,45.94871794871795,0.9680284892143554,0.1428571428571428,0.2069213164900138,1628,10.0,20.0
drizzle,odd_even,-1,0.021875,45.71428571428572,0.9592016161404464,0.1428571428571428,0.206158178650043,1702,10.0,20.0
drizzle,odd_even,-1,0.0219866071428571,45.48223350253807,0.9761842820145636,0.1428571428571428,0.2063798459329584,1680,10.0,20.0
drizzle,odd_even,-1,0.0220982142857142,45.25252525252526,0.9604868906865088,0.1428571428571428,0.206078622289126,1710,10.0,20.0
drizzle,odd_even,-1,0.0222098214285714,45.0251256281407,0.9461104135222967,0.1428571428571428,0.2060193161196826,1716,10.0,20.0
drizzle,odd_even,-1,0.0223214285714285,44.8,0.9282582579195432,0.1428571428571428,0.2064206116472992,1676,10.0,20.0
drizzle,odd_even,-1,0.0224330357142857,44.5771144278607,0.910400809812592,0.1428571428571428,0.2056889614604431,1750,10.0,20.0
drizzle,odd_even,-1,0.0225446428571428,44.35643564356436,0.9281568974442292,0.1428571428571428,0.2058626578498174,1732,10.0,20.0
drizzle,odd_even,-1,0.02265625,44.13793103448276,0.9335585346906944,0.1428571428571428,0.2062584069365462,1692,10.0,20.0
drizzle,odd_even,-1,0.0227678571428571,43.92156862745098,0.9285644315139842,0.1428571428571428,0.2056126106638809,1758,10.0,20.0
drizzle,odd_even,-1,0.0228794642857142,43.707317073170735,0.9321272122001129,0.1428571428571428,0.2056316500151757,1756,10.0,20.0
drizzle,odd_even,-1,0.0229910714285714,43.49514563106796,0.9235716165457212,0.1428571428571428,0.2059799491398533,1720,10.0,20.0
drizzle,odd_even,-1,0.0231026785714285,43.28502415458938,0.9542084425199692,0.1428571428571428,0.2050559530372921,1818,10.0,20.0
drizzle,odd_even,-1,0.0232142857142857,43.07692307692307,0.9643562783916964,0.1428571428571428,0.2052937774969842,1792,10.0,20.0
drizzle,odd_even,-1,0.0233258928571428,42.87081339712918,0.9579193621023302,0.1428571428571428,0.2057851306726144,1740,10.0,20.0
drizzle,odd_even,-1,0.0234375,42.66666666666666,0.9600374649330106,0.1428571428571428,0.2049478815407546,1830,10.0,20.0
drizzle,odd_even,-1,0.0235491071428571,42.46445497630332,0.9188820668827246,0.1428571428571428,0.2053308201973659,1788,10.0,20.0
drizzle,odd_even,-1,0.0236607142857142,42.26415094339623,0.9325059628862088,0.1428571428571428,0.2051650873580342,1806,10.0,20.0
drizzle,odd_even,-1,0.0237723214285714,42.06572769953052,0.9192263567554946,0.1428571428571428,0.2050017855189013,1824,10.0,20.0
drizzle,odd_even,-1,0.0238839285714285,41.86915887850468,0.8908444070874724,0.1428571428571428,0.2050378677827802,1820,10.0,20.0
drizzle,odd_even,-1,0.0239955357142857,41.674418604651166,0.8956124899556647,0.1428571428571428,0.2047348586899047,1854,10.0,20.0
drizzle,odd_even,-1,0.0241071428571428,41.48148148148149,0.9008597604706412,0.1428571428571428,0.2048942389677943,1836,10.0,20.0
drizzle,odd_even,-1,0.02421875,41.29032258064516,0.8867767938562063,0.1428571428571428,0.2048231185224603,1844,10.0,20.0
drizzle,odd_even,-1,0.0243303571428571,41.10091743119266,0.8749713638453915,0.1428571428571428,0.2042870341501426,1906,10.0,20.0
drizzle,odd_even,-1,0.0244419642857142,40.91324200913242,0.8832498922328299,0.1428571428571428,0.2048586214341934,1840,10.0,20.0
drizzle,odd_even,-1,0.0245535714285714,40.72727272727273,0.8969818661317067,0.1428571428571428,0.2044399789200111,1888,10.0,20.0
drizzle,odd_even,-1,0.0246651785714285,40.542986425339365,0.9240767938200968,0.1428571428571428,0.2043208362905999,1902,10.0,20.0
drizzle,odd_even,-1,0.0247767857142857,40.36036036036036,0.952486704321443,0.1428571428571428,0.2047877296177013,1848,10.0,20.0
drizzle,odd_even,-1,0.0248883928571428,40.17937219730942,0.9571219273987316,0.1428571428571428,0.2040698564620377,1932,10.0,20.0
drizzle,odd_even,-1,0.0249999999999999,40.0,0.9074049211475944,0.1428571428571428,0.2040533300824112,1934,10.0,20.0
drizzle,odd_even,-1,0.0251116071428571,39.82222222222222,0.8868553723055286,0.1428571428571428,0.2044399789200111,1888,10.0,20.0
drizzle,odd_even,-1,0.0252232142857142,39.64601769911504,0.8750487415091054,0.1428571428571428,0.2039547014341571,1946,10.0,20.0
drizzle,odd_even,-1,0.0253348214285714,39.47136563876652,0.8558516076860304,0.1428571428571428,0.2038084378940425,1964,10.0,20.0
drizzle,odd_even,-1,0.0254464285714285,39.29824561403509,0.8627431128523405,0.1428571428571428,0.2039710768126413,1944,10.0,20.0
drizzle,odd_even,-1,0.0255580357142857,39.12663755458515,0.8801271122201652,0.1428571428571428,0.2038245910506852,1962,10.0,20.0
drizzle,odd_even,-1,0.0256696428571428,38.95652173913044,0.87555127485376,0.1428571428571428,0.2036800851992616,1980,10.0,20.0
drizzle,odd_even,-1,0.02578125,38.78787878787879,0.9000905982142069,0.1428571428571428,0.2040698564620377,1932,10.0,20.0
drizzle,odd_even,-1,0.0258928571428571,38.62068965517242,0.9342254031486472,0.1428571428571428,0.2036006433242237,1990,10.0,20.0
drizzle,odd_even,-1,0.0260044642857142,38.4549356223176,0.9265758042033236,0.1428571428571428,0.2034591297883171,2008,10.0,20.0
drizzle,odd_even,-1,0.0261160714285714,38.29059829059829,0.9190446970812306,0.1428571428571428,0.2038084378940425,1964,10.0,20.0
drizzle,odd_even,-1,0.0262276785714285,38.12765957446808,0.8878601420552077,0.1428571428571428,0.2033503582534711,2022,10.0,20.0
drizzle,odd_even,-1,0.0263392857142857,37.96610169491525,0.9106015278761298,0.1428571428571428,0.2033349106460696,2024,10.0,20.0
drizzle,odd_even,-1,0.0264508928571428,37.80590717299578,0.9358610956158228,0.1428571428571428,0.2033349106460696,2024,10.0,20.0
drizzle,odd_even,-1,0.0265625,37.64705882352941,0.9375190805272604,0.1428571428571428,0.2033813215758187,2018,10.0,20.0
drizzle,odd_even,-1,0.0266741071428571,37.48953974895397,0.926875576901792,0.1428571428571428,0.2030306380195964,2064,10.0,20.0
drizzle,odd_even,-1,0.0267857142857142,37.333333333333336,0.9312981044521652,0.1428571428571428,0.2030156542404139,2066,10.0,20.0
drizzle,odd_even,-1,0.0268973214285714,37.178423236514526,0.9365632785263186,0.1428571428571428,0.2035217914243075,2000,10.0,20.0
drizzle,odd_even,-1,0.0270089285714285,37.02479338842976,0.9407922584929932,0.1428571428571428,0.2027641788313575,2100,10.0,20.0
drizzle,odd_even,-1,0.0271205357142857,36.87242798353909,0.902221406265292,0.1428571428571428,0.2028081162093127,2094,10.0,20.0
drizzle,odd_even,-1,0.0272321428571428,36.72131147540984,0.859610166077436,0.1428571428571428,0.2029410568997539,2076,10.0,20.0
drizzle,odd_even,-1,0.02734375,36.57142857142857,0.9143412936590052,0.1428571428571428,0.2028522407870987,2088,10.0,20.0
drizzle,odd_even,-1,0.0274553571428571,36.42276422764228,0.8727329747133576,0.1428571428571428,0.2025186732278199,2134,10.0,20.0
drizzle,odd_even,-1,0.0275669642857142,36.2753036437247,0.9209700088943762,0.1428571428571428,0.2027641788313575,2100,10.0,20.0
drizzle,odd_even,-1,0.0276785714285714,36.12903225806452,0.9130095995141646,0.1428571428571428,0.2028228035362232,2092,10.0,20.0
drizzle,odd_even,-1,0.0277901785714285,35.98393574297189,0.8627248401116296,0.1428571428571428,0.2024051399747265,2150,10.0,20.0
drizzle,odd_even,-1,0.0279017857142857,35.84,0.8445656747341186,0.1428571428571428,0.2023910364655755,2152,10.0,20.0
drizzle,odd_even,-1,0.0280133928571428,35.69721115537849,0.9149834356729524,0.1428571428571428,0.2029410568997539,2076,10.0,20.0
drizzle,odd_even,-1,0.028125,35.55555555555556,0.938411322788976,0.1428571428571428,0.2019903125784703,2210,10.0,20.0
drizzle,odd_even,-1,0.0282366071428571,35.41501976284585,0.9219453631868048,0.1428571428571428,0.2025615744137129,2128,10.0,20.0
drizzle,odd_even,-1,0.0283482142857142,35.275590551181104,0.9108040296423332,0.1428571428571428,0.2022094435726972,2178,10.0,20.0
drizzle,odd_even,-1,0.0284598214285714,35.13725490196079,0.9108286172998752,0.1428571428571428,0.2020038700244288,2208,10.0,20.0
drizzle,odd_even,-1,0.0285714285714285,35.0,0.9138723664882504,0.1428571428571428,0.2022789044223676,2168,10.0,20.0
drizzle,odd_even,-1,0.0286830357142857,34.86381322957199,0.8960775984608796,0.1428571428571428,0.2020992851374054,2194,10.0,20.0
drizzle,odd_even,-1,0.0287946428571428,34.72868217054264,0.8832189937707383,0.1428571428571428,0.202195608178844,2180,10.0,20.0
drizzle,odd_even,-1,0.0289062499999999,34.5945945945946,0.8690575234214789,0.1428571428571428,0.2018157070765534,2236,10.0,20.0
drizzle,odd_even,-1,0.0290178571428571,34.46153846153847,0.8753124822553463,0.1428571428571428,0.2021267127315704,2190,10.0,20.0
drizzle,odd_even,-1,0.0291294642857142,34.32950191570881,0.851803250427835,0.1428571428571428,0.2016571866342782,2260,10.0,20.0
drizzle,odd_even,-1,0.0292410714285714,34.19847328244275,0.8184369702937438,0.1428571428571428,0.2019767733303769,2212,10.0,20.0
drizzle,odd_even,-1,0.0293526785714285,34.06844106463878,0.7036367408143143,0.1428571428571428,0.2014882519598821,2286,10.0,20.0
drizzle,odd_even,-1,0.0294642857142857,33.93939393939394,0.7614616664139325,0.1428571428571428,0.2017625873961334,2244,10.0,20.0
drizzle,odd_even,-1,0.0295758928571428,33.81132075471698,0.8702430310681453,0.1428571428571428,0.2016571866342782,2260,10.0,20.0
drizzle,odd_even,-1,0.0296875,33.68421052631579,0.8475751863436332,0.1428571428571428,0.2013094831885863,2314,10.0,20.0
drizzle,odd_even,-1,0.0297991071428571,33.55805243445693,0.832560930122625,0.1428571428571428,0.2017891120370053,2240,10.0,20.0
drizzle,odd_even,-1,0.0299107142857142,33.43283582089553,0.8076372682642088,0.1428571428571428,0.2013348244886467,2310,10.0,20.0
drizzle,odd_even,-1,0.0300223214285714,33.30855018587361,0.8323370153442803,0.1428571428571428,0.2015011455003894,2284,10.0,20.0
drizzle,odd_even,-1,0.0301339285714285,33.18518518518518,0.8515678506684289,0.1428571428571428,0.2016310093645684,2264,10.0,20.0
drizzle,odd_even,-1,0.0302455357142857,33.06273062730627,0.8517517734090213,0.1428571428571428,0.2009370050423326,2374,10.0,20.0
drizzle,odd_even,-1,0.0303571428571428,32.94117647058824,0.8421680837198109,0.1428571428571428,0.2012715929299637,2320,10.0,20.0
drizzle,odd_even,-1,0.03046875,32.820512820512825,0.8291662982604943,0.1428571428571428,0.2014240345538633,2296,10.0,20.0
drizzle,odd_even,-1,0.0305803571428571,32.7007299270073,0.8924182114690667,0.1428571428571428,0.200912670519183,2378,10.0,20.0
drizzle,odd_even,-1,0.0306919642857142,32.581818181818186,0.8690154249626602,0.1428571428571428,0.2011712595883994,2336,10.0,20.0
drizzle,odd_even,-1,0.0308035714285714,32.46376811594203,0.8654733296836686,0.1428571428571428,0.2011712595883994,2336,10.0,20.0
drizzle,odd_even,-1,0.0309151785714285,32.34657039711192,0.7167303793046317,0.1428571428571428,0.2007919033772631,2398,10.0,20.0
drizzle,odd_even,-1,0.0310267857142857,32.230215827338135,0.7209477927494768,0.1428571428571428,0.2008520992222212,2388,10.0,20.0
drizzle,odd_even,-1,0.0311383928571428,32.11469534050179,0.7628791186015232,0.1428571428571428,0.2012968369115936,2316,10.0,20.0
drizzle,odd_even,-1,0.03125,32.0,0.7333717517978506,0.1428571428571428,0.2006017549809297,2430,10.0,20.0
drizzle,odd_even,-1,0.0313616071428571,31.88612099644128,0.7144594941179321,0.1428571428571428,0.2005899942187709,2432,10.0,20.0
drizzle,odd_even,-1,0.0314732142857142,31.77304964539007,0.8017954224606283,0.1428571428571428,0.200912670519183,2378,10.0,20.0
drizzle,odd_even,-1,0.0315848214285714,31.66077738515901,0.7519704351641747,0.1428571428571428,0.2005899942187709,2432,10.0,20.0
drizzle,odd_even,-1,0.0316964285714285,31.549295774647888,0.8391757992975987,0.1428571428571428,0.200732079113671,2408,10.0,20.0
drizzle,odd_even,-1,0.0318080357142857,31.438596491228072,0.8726304547607558,0.1428571428571428,0.20043839988598,2458,10.0,20.0
drizzle,odd_even,-1,0.0319196428571428,31.32867132867133,0.8648580042825399,0.1428571428571428,0.2006371236795788,2424,10.0,20.0
drizzle,odd_even,-1,0.03203125,31.219512195121958,0.8434188000285106,0.1428571428571428,0.2004037543659979,2464,10.0,20.0
drizzle,odd_even,-1,0.0321428571428571,31.111111111111114,0.8085611360743972,0.1428571428571428,0.2003233998560821,2478,10.0,20.0
drizzle,odd_even,-1,0.0322544642857142,31.00346020761246,0.7617136675256273,0.1428571428571428,0.2007559644747356,2404,10.0,20.0
drizzle,odd_even,-1,0.0323660714285714,30.896551724137936,0.7457187832117387,0.1428571428571428,0.2001759442030165,2504,10.0,20.0
drizzle,odd_even,-1,0.0324776785714285,30.790378006872857,0.7376226610809021,0.1428571428571428,0.2001198345049269,2514,10.0,20.0
drizzle,odd_even,-1,0.0325892857142857,30.684931506849317,0.6388288262792055,0.1428571428571428,0.2003807268757523,2468,10.0,20.0
drizzle,odd_even,-1,0.0327008928571428,30.580204778156997,0.7233224402537215,0.1428571428571428,0.2002210721270711,2496,10.0,20.0
drizzle,odd_even,-1,0.0328125,30.476190476190474,0.7439202260523967,0.1428571428571428,0.1999424885446575,2546,10.0,20.0
drizzle,odd_even,-1,0.0329241071428571,30.372881355932204,0.7682617797090264,0.1428571428571428,0.2003577547434476,2472,10.0,20.0
drizzle,odd_even,-1,0.0330357142857142,30.27027027027027,0.6518652453665196,0.1428571428571428,0.1999205530286925,2550,10.0,20.0
drizzle,odd_even,-1,0.0331473214285714,30.16835016835017,0.693423626371738,0.1428571428571428,0.199822472066994,2568,10.0,20.0
drizzle,odd_even,-1,0.0332589285714285,30.06711409395973,0.7679455375984415,0.1428571428571428,0.2002210721270711,2496,10.0,20.0
drizzle,odd_even,-1,0.0333705357142857,29.96655518394649,0.6408028990762498,0.1428571428571428,0.1998116372127451,2570,10.0,20.0
drizzle,odd_even,-1,0.0334821428571428,29.866666666666667,0.6530020729762451,0.1428571428571428,0.1996932746537533,2592,10.0,20.0
drizzle,odd_even,-1,0.03359375,29.76744186046512,0.5575953510059743,0.1428571428571428,0.1999975519761266,2536,10.0,20.0
drizzle,odd_even,-1,0.0337053571428571,29.668874172185436,0.5721202871272242,0.1428571428571428,0.1996825884237628,2594,10.0,20.0
drizzle,odd_even,-1,0.0338169642857142,29.570957095709574,0.6475160327731191,0.1428571428571428,0.1997576502130963,2580,10.0,20.0
drizzle,odd_even,-1,0.0339285714285714,29.47368421052632,0.7547146745821485,0.1428571428571428,0.1996293402812111,2604,10.0,20.0
drizzle,odd_even,-1,0.0340401785714285,29.377049180327877,0.7066354895294057,0.1428571428571428,0.1997039731387492,2590,10.0,20.0
drizzle,odd_even,-1,0.0341517857142857,29.28104575163399,0.558870237991714,0.1428571428571428,0.1995447720660188,2620,10.0,20.0
drizzle,odd_even,-1,0.0342633928571428,29.185667752443,0.6233393902695193,0.1428571428571428,0.1995869599845832,2612,10.0,20.0
drizzle,odd_even,-1,0.0343749999999999,29.090909090909093,0.7092076562045717,0.1428571428571428,0.199534254974734,2622,10.0,20.0
drizzle,odd_even,-1,0.0344866071428571,28.996763754045304,0.6092134818654666,0.1428571428571428,0.1992343504572705,2680,10.0,20.0
drizzle,odd_even,-1,0.0345982142857142,28.90322580645161,0.5669461550994203,0.1428571428571428,0.1994089724741445,2646,10.0,20.0
drizzle,odd_even,-1,0.0347098214285714,28.810289389067524,0.6176629531393091,0.1428571428571428,0.1994818477208715,2632,10.0,20.0
drizzle,odd_even,-1,0.0348214285714285,28.717948717948715,0.574851807903877,0.1428571428571428,0.1992547230040948,2676,10.0,20.0
drizzle,odd_even,-1,0.0349330357142857,28.62619808306709,0.5391046526515388,0.1428571428571428,0.199163400800433,2694,10.0,20.0
drizzle,odd_even,-1,0.0350446428571428,28.53503184713376,0.5014865150088538,0.1428571428571428,0.1992956041395799,2668,10.0,20.0
drizzle,odd_even,-1,0.03515625,28.444444444444443,0.552003657021058,0.1428571428571428,0.1992343504572705,2680,10.0,20.0
drizzle,odd_even,-1,0.0352678571428571,28.35443037974684,0.5847552950444296,0.1428571428571428,0.199163400800433,2694,10.0,20.0
drizzle,odd_even,-1,0.0353794642857142,28.26498422712934,0.7319667001656819,0.1428571428571428,0.1990330795727298,2720,10.0,20.0
drizzle,odd_even,-1,0.0354910714285714,28.17610062893082,0.7369429486979676,0.1428571428571428,0.1992343504572705,2680,10.0,20.0
drizzle,odd_even,-1,0.0356026785714285,28.087774294670847,0.658419832192609,0.1428571428571428,0.1987296503731864,2782,10.0,20.0
drizzle,odd_even,-1,0.0357142857142857,28.0,0.5401904503261026,0.1428571428571428,0.1991937405678583,2688,10.0,20.0
drizzle,odd_even,-1,0.0358258928571428,27.912772585669785,0.4996255422537367,0.1428571428571428,0.1989735537884928,2732,10.0,20.0
drizzle,odd_even,-1,0.0359375,27.826086956521745,0.5691534008769175,0.1428571428571428,0.1986339047996277,2802,10.0,20.0
drizzle,odd_even,-1,0.0360491071428571,27.73993808049536,0.4571194052673843,0.1428571428571428,0.1989340853084977,2740,10.0,20.0
drizzle,odd_even,-1,0.0361607142857142,27.654320987654323,0.4457292247994486,0.1428571428571428,0.1989636705837003,2734,10.0,20.0
drizzle,odd_even,-1,0.0362723214285714,27.56923076923077,0.436825507231656,0.1428571428571428,0.1987779076146052,2772,10.0,20.0
drizzle,odd_even,-1,0.0363839285714285,27.48466257668712,0.4373187254631604,0.1428571428571428,0.1985674850051077,2816,10.0,20.0
drizzle,odd_even,-1,0.0364955357142857,27.400611620795104,0.5195313323492474,0.1428571428571428,0.1988069863080571,2766,10.0,20.0
drizzle,odd_even,-1,0.0366071428571428,27.317073170731707,0.510208852645872,0.1428571428571428,0.1984734461683511,2836,10.0,20.0
drizzle,odd_even,-1,0.03671875,27.23404255319149,0.5219743197512289,0.1428571428571428,0.1985674850051077,2816,10.0,20.0
drizzle,odd_even,-1,0.0368303571428571,27.151515151515152,0.5466107192117653,0.1428571428571428,0.1987296503731864,2782,10.0,20.0
drizzle,odd_even,-1,0.0369419642857142,27.069486404833835,0.4439087273837878,0.1428571428571428,0.1983434350217766,2864,10.0,20.0
drizzle,odd_even,-1,0.0370535714285714,26.98795180722892,0.4992129561246078,0.1428571428571428,0.1985297507229984,2824,10.0,20.0
drizzle,odd_even,-1,0.0371651785714285,26.906906906906908,0.4817199475838911,0.1428571428571428,0.1983711351284909,2858,10.0,20.0
drizzle,odd_even,-1,0.0372767857142857,26.826347305389223,0.3315089615391677,0.1428571428571428,0.1984734461683511,2836,10.0,20.0
drizzle,odd_even,-1,0.0373883928571428,26.746268656716417,0.4620129675990753,0.1428571428571428,0.1984547565946868,2840,10.0,20.0
drizzle,odd_even,-1,0.0375,26.666666666666668,0.4075742448857626,0.1428571428571428,0.198188081181184,2898,10.0,20.0
drizzle,odd_even,-1,0.0376116071428571,26.58753709198813,0.5206776686859513,0.1428571428571428,0.1984361060978909,2844,10.0,20.0
drizzle,odd_even,-1,0.0377232142857142,26.50887573964497,0.4568687718675836,0.1428571428571428,0.197955649201342,2950,10.0,20.0
drizzle,odd_even,-1,0.0378348214285714,26.4306784660767,0.4510130242571343,0.1428571428571428,0.1983066354118547,2872,10.0,20.0
drizzle,odd_even,-1,0.0379464285714285,26.35294117647059,0.3854611163481127,0.1428571428571428,0.1982882926807455,2876,10.0,20.0
drizzle,odd_even,-1,0.0380580357142857,26.27565982404692,0.3508833130915012,0.1428571428571428,0.1980265142410688,2934,10.0,20.0
drizzle,odd_even,-1,0.0381696428571428,26.198830409356727,0.3435108979239536,0.1428571428571428,0.1981069271457448,2916,10.0,20.0
drizzle,odd_even,-1,0.0382812499999999,26.12244897959184,0.3648437877754253,0.1428571428571428,0.1982152991985056,2892,10.0,20.0
drizzle,odd_even,-1,0.0383928571428571,26.04651162790698,0.3594107467893334,0.1428571428571428,0.1979380221425124,2954,10.0,20.0
drizzle,odd_even,-1,0.0385044642857142,25.97101449275362,0.3757329460843696,0.1428571428571428,0.1978243048483752,2980,10.0,20.0
drizzle,odd_even,-1,0.0386160714285714,25.89595375722543,0.395845900869845,0.1428571428571428,0.1982517207110504,2884,10.0,20.0
drizzle,odd_even,-1,0.0387276785714285,25.821325648414984,0.3165125713801406,0.1428571428571428,0.1978156184587228,2982,10.0,20.0
drizzle,odd_even,-1,0.0388392857142857,25.74712643678161,0.3093850099052639,0.1428571428571428,0.1976012347238812,3032,10.0,20.0
drizzle,odd_even,-1,0.0389508928571428,25.673352435530084,0.3164155581419878,0.1428571428571428,0.1981609467848357,2904,10.0,20.0
drizzle,odd_even,-1,0.0390625,25.6,0.3472505987892401,0.1428571428571428,0.1975253385684874,3050,10.0,20.0
drizzle,odd_even,-1,0.0391741071428571,25.527065527065528,0.360066817223195,0.1428571428571428,0.1978417036508865,2976,10.0,20.0
drizzle,odd_even,-1,0.0392857142857142,25.454545454545457,0.2828017823181605,0.1428571428571428,0.1976097089758139,3030,10.0,20.0
drizzle,odd_even,-1,0.0393973214285714,25.38243626062323,0.2725251331514759,0.1428571428571428,0.1977550552720954,2996,10.0,20.0
drizzle,odd_even,-1,0.0395089285714285,25.31073446327684,0.294748206249475,0.1428571428571428,0.1976522052914655,3020,10.0,20.0
drizzle,odd_even,-1,0.0396205357142857,25.23943661971831,0.2767501664752343,0.1428571428571428,0.1975085631250675,3054,10.0,20.0
drizzle,odd_even,-1,0.0397321428571428,25.168539325842698,0.2945849079125969,0.1428571428571428,0.1977034778080056,3008,10.0,20.0
drizzle,odd_even,-1,0.03984375,25.09803921568628,0.3636932573084742,0.1428571428571428,0.1974334759038504,3072,10.0,20.0
drizzle,odd_even,-1,0.0399553571428571,25.027932960893857,0.3375644722398584,0.1428571428571428,0.1973920427713976,3082,10.0,20.0
drizzle,odd_even,-1,0.0400669642857142,24.95821727019499,0.283506017054624,0.1428571428571428,0.1976692624332035,3016,10.0,20.0
drizzle,odd_even,-1,0.0401785714285714,24.888888888888893,0.3457342859372282,0.1428571428571428,0.1973179644760539,3100,10.0,20.0
drizzle,odd_even,-1,0.0402901785714285,24.81994459833795,0.4229546232347485,0.1428571428571428,0.1974251732503782,3074,10.0,20.0
drizzle,odd_even,-1,0.0404017857142857,24.75138121546961,0.3379342600271844,0.1428571428571428,0.1974501053420018,3068,10.0,20.0
drizzle,odd_even,-1,0.0405133928571428,24.683195592286506,0.2694383367315917,0.1428571428571428,0.1973672786929232,3088,10.0,20.0
drizzle,odd_even,-1,0.040625,24.615384615384613,0.2603933684840762,0.1428571428571428,0.1970358524551192,3170,10.0,20.0
drizzle,odd_even,-1,0.0407366071428571,24.54794520547945,0.3100328609632714,0.1428571428571428,0.197483461108339,3060,10.0,20.0
drizzle,odd_even,-1,0.0408482142857142,24.48087431693989,0.2556261302764087,0.1428571428571428,0.1971797686409065,3134,10.0,20.0
drizzle,odd_even,-1,0.0409598214285714,24.4141689373297,0.24774189874576,0.1428571428571428,0.1970121025281447,3176,10.0,20.0
drizzle,odd_even,-1,0.0410714285714285,24.347826086956523,0.2665207970605148,0.1428571428571428,0.1973837801208618,3084,10.0,20.0
drizzle,odd_even,-1,0.0411830357142857,24.281842818428185,0.2936056623199503,0.1428571428571428,0.1969569445542536,3190,10.0,20.0
drizzle,odd_even,-1,0.0412946428571428,24.216216216216218,0.3936542444238313,0.1428571428571428,0.1970755845534379,3160,10.0,20.0
drizzle,odd_even,-1,0.04140625,24.150943396226417,0.2957807802776723,0.1428571428571428,0.1970755845534379,3160,10.0,20.0
drizzle,odd_even,-1,0.0415178571428571,24.086021505376344,0.3302241230469019,0.1428571428571428,0.1970676231905725,3162,10.0,20.0
drizzle,odd_even,-1,0.0416294642857142,24.021447721179623,0.3285728341003732,0.1428571428571428,0.1969805395290804,3184,10.0,20.0
drizzle,odd_even,-1,0.0417410714285714,23.9572192513369,0.3143105364187251,0.1428571428571428,0.1969648022093162,3188,10.0,20.0
drizzle,odd_even,-1,0.0418526785714285,23.89333333333333,0.2749460466355266,0.1428571428571428,0.1969099519742507,3202,10.0,20.0
drizzle,odd_even,-1,0.0419642857142857,23.82978723404256,0.2286615782622862,0.1428571428571428,0.1966864592271897,3260,10.0,20.0
drizzle,odd_even,-1,0.0420758928571428,23.766578249336877,0.2125341973007062,0.1428571428571428,0.1969177658715863,3200,10.0,20.0
drizzle,odd_even,-1,0.0421874999999999,23.703703703703702,0.252717690962598,0.1428571428571428,0.1969255870335849,3198,10.0,20.0
drizzle,odd_even,-1,0.0422991071428571,23.64116094986808,0.2583366340665591,0.1428571428571428,0.1966258439043441,3276,10.0,20.0
drizzle,odd_even,-1,0.0424107142857142,23.57894736842105,0.2464948926765922,0.1428571428571428,0.1967398616607217,3246,10.0,20.0
drizzle,odd_even,-1,0.0425223214285714,23.517060367454068,0.2883555750787892,0.1428571428571428,0.1969334154715303,3196,10.0,20.0
drizzle,odd_even,-1,0.0426339285714285,23.455497382198956,0.2721714647625798,0.1428571428571428,0.1966258439043441,3276,10.0,20.0
drizzle,odd_even,-1,0.0427455357142857,23.39425587467363,0.2957697312724526,0.1428571428571428,0.1965881824046505,3286,10.0,20.0
drizzle,odd_even,-1,0.0428571428571428,23.33333333333333,0.2827132557687035,0.1428571428571428,0.1965656672086994,3292,10.0,20.0
drizzle,odd_even,-1,0.04296875,23.272727272727277,0.3041283716937572,0.1428571428571428,0.1967475185413739,3244,10.0,20.0
drizzle,odd_even,-1,0.0430803571428571,23.212435233160623,0.2946062359634154,0.1428571428571428,0.1962784168022305,3370,10.0,20.0
drizzle,odd_even,-1,0.0431919642857142,23.15245478036176,0.2647781918434037,0.1428571428571428,0.1966560964042497,3268,10.0,20.0
drizzle,odd_even,-1,0.0433035714285714,23.09278350515464,0.2606424771626381,0.1428571428571428,0.1965506909503124,3296,10.0,20.0
drizzle,odd_even,-1,0.0434151785714285,23.033419023136247,0.2541663257514959,0.1428571428571428,0.1963511216307145,3350,10.0,20.0
drizzle,odd_even,-1,0.0435267857142857,22.97435897435897,0.2635910459764524,0.1428571428571428,0.1964910551328568,3312,10.0,20.0
drizzle,odd_even,-1,0.0436383928571428,22.915601023017903,0.2321392570963872,0.1428571428571428,0.1965506909503124,3296,10.0,20.0
drizzle,odd_even,-1,0.04375,22.857142857142858,0.2314157155460806,0.1428571428571428,0.1962063508480442,3390,10.0,20.0
drizzle,odd_even,-1,0.0438616071428571,22.798982188295167,0.2021939650174389,0.1428571428571428,0.1962711816127212,3372,10.0,20.0
drizzle,odd_even,-1,0.0439732142857142,22.74111675126904,0.239345948767416,0.1428571428571428,0.196395055136365,3338,10.0,20.0
drizzle,odd_even,-1,0.0440848214285714,22.683544303797472,0.2040291484758744,0.1428571428571428,0.1961420300215933,3408,10.0,20.0
drizzle,odd_even,-1,0.0441964285714285,22.62626262626263,0.2127854428904074,0.1428571428571428,0.1962856583803224,3368,10.0,20.0
drizzle,odd_even,-1,0.0443080357142857,22.569269521410583,0.245130530423541,0.1428571428571428,0.196307421540427,3362,10.0,20.0
drizzle,odd_even,-1,0.0444196428571428,22.51256281407035,0.2917100331611424,0.1428571428571428,0.1960429733306717,3436,10.0,20.0
drizzle,odd_even,-1,0.04453125,22.45614035087719,0.2574893868819835,0.1428571428571428,0.1962423045527175,3380,10.0,20.0
drizzle,odd_even,-1,0.0446428571428571,22.4,0.2199829691572584,0.1428571428571428,0.1961634140509999,3402,10.0,20.0
drizzle,odd_even,-1,0.0447544642857142,22.34413965087282,0.2062216419853557,0.1428571428571428,0.1960852786619623,3424,10.0,20.0
drizzle,odd_even,-1,0.0448660714285714,22.28855721393035,0.1965972846965206,0.1428571428571428,0.1960852786619623,3424,10.0,20.0
drizzle,odd_even,-1,0.0449776785714285,22.233250620347395,0.2251770391809497,0.1428571428571428,0.1958690389922738,3486,10.0,20.0
drizzle,odd_even,-1,0.0450892857142857,22.17821782178218,0.1968538839695496,0.1428571428571428,0.1960994294749999,3420,10.0,20.0
drizzle,odd_even,-1,0.0452008928571428,22.123456790123456,0.2218185318109717,0.1428571428571428,0.1959869068376995,3452,10.0,20.0
drizzle,odd_even,-1,0.0453125,22.06896551724138,0.2061560622536303,0.1428571428571428,0.1957868626614645,3510,10.0,20.0
drizzle,odd_even,-1,0.0454241071428571,22.014742014742016,0.2585862627983017,0.1428571428571428,0.195959018311031,3460,10.0,20.0
drizzle,odd_even,-1,0.0455357142857142,21.96078431372549,0.2598130172449392,0.1428571428571428,0.1959242922263356,3470,10.0,20.0
drizzle,odd_even,-1,0.0456473214285714,21.90709046454768,0.2047608323069351,0.1428571428571428,0.1959312255268662,3468,10.0,20.0
drizzle,odd_even,-1,0.0457589285714285,21.853658536585368,0.1910869764747932,0.1428571428571428,0.1957800523636975,3512,10.0,20.0
drizzle,odd_even,-1,0.0458705357142857,21.800486618004868,0.1466303556100137,0.1428571428571428,0.1957460872064342,3522,10.0,20.0
drizzle,odd_even,-1,0.0459821428571428,21.74757281553398,0.1751222827220475,0.1428571428571428,0.1956718663126018,3544,10.0,20.0
drizzle,odd_even,-1,0.0460937499999999,21.69491525423729,0.2706979523671493,0.1428571428571428,0.1960148916587855,3444,10.0,20.0
drizzle,odd_even,-1,0.0462053571428571,21.64251207729469,0.2035070450525982,0.1428571428571428,0.1955452674697989,3582,10.0,20.0
drizzle,odd_even,-1,0.0463169642857142,21.59036144578313,0.2106210233042214,0.1428571428571428,0.1955783886350091,3572,10.0,20.0
drizzle,odd_even,-1,0.0464285714285714,21.538461538461537,0.1995146437822171,0.1428571428571428,0.1958759250004609,3484,10.0,20.0
drizzle,odd_even,-1,0.0465401785714285,21.48681055155875,0.1959191241925329,0.1428571428571428,0.1953622989600466,3638,10.0,20.0
drizzle,odd_even,-1,0.0466517857142857,21.43540669856459,0.2076727214958302,0.1428571428571428,0.19572577688551,3528,10.0,20.0
drizzle,odd_even,-1,0.0467633928571428,21.384248210023863,0.1642227083618299,0.1428571428571428,0.1956584452065916,3548,10.0,20.0
drizzle,odd_even,-1,0.046875,21.33333333333333,0.1875605926647885,0.1428571428571428,0.1954011523493912,3626,10.0,20.0
drizzle,odd_even,-1,0.0469866071428571,21.282660332541568,0.2167621086731273,0.1428571428571428,0.1954467237729354,3612,10.0,20.0
drizzle,odd_even,-1,0.0470982142857142,21.232227488151658,0.2083603837682363,0.1428571428571428,0.1954663349047849,3606,10.0,20.0
drizzle,odd_even,-1,0.0472098214285714,21.18203309692672,0.244981067889921,0.1428571428571428,0.1955651236363731,3576,10.0,20.0
drizzle,odd_even,-1,0.0473214285714285,21.13207547169812,0.2448537535116605,0.1428571428571428,0.1953429436834727,3644,10.0,20.0
drizzle,odd_even,-1,0.0474330357142857,21.08235294117647,0.1990213165947963,0.1428571428571428,0.1953752288807075,3634,10.0,20.0
drizzle,odd_even,-1,0.0475446428571428,21.03286384976526,0.2229165047135855,0.1428571428571428,0.195499128227856,3596,10.0,20.0
drizzle,odd_even,-1,0.04765625,20.98360655737705,0.1768334348602325,0.1428571428571428,0.1952787670045239,3664,10.0,20.0
drizzle,odd_even,-1,0.0477678571428571,20.93457943925234,0.1731202797192817,0.1428571428571428,0.1953622989600466,3638,10.0,20.0
drizzle,odd_even,-1,0.0478794642857142,20.88578088578089,0.1873546388299458,0.1428571428571428,0.1952532420597071,3672,10.0,20.0
drizzle,odd_even,-1,0.0479910714285714,20.837209302325583,0.1652321305016979,0.1428571428571428,0.1953429436834727,3644,10.0,20.0
drizzle,odd_even,-1,0.0481026785714285,20.788863109048727,0.1734626175160882,0.1428571428571428,0.1950209946989822,3746,10.0,20.0
drizzle,odd_even,-1,0.0482142857142857,20.740740740740744,0.2240649995406039,0.1428571428571428,0.1953043749955331,3656,10.0,20.0
drizzle,odd_even,-1,0.0483258928571428,20.69284064665127,0.1785104917798414,0.1428571428571428,0.1952659941794608,3668,10.0,20.0
drizzle,odd_even,-1,0.0484375,20.64516129032258,0.1912952455867152,0.1428571428571428,0.19493488938335,3774,10.0,20.0
drizzle,odd_even,-1,0.0485491071428571,20.597701149425287,0.1371569876067436,0.1428571428571428,0.1953946635106547,3628,10.0,20.0
drizzle,odd_even,-1,0.0486607142857142,20.55045871559633,0.1612995456065523,0.1428571428571428,0.1948982774922543,3786,10.0,20.0
drizzle,odd_even,-1,0.0487723214285714,20.503432494279178,0.1655078741633367,0.1428571428571428,0.1950644073370485,3732,10.0,20.0
drizzle,odd_even,-1,0.0488839285714285,20.45662100456621,0.1313116741006285,0.1428571428571428,0.1951897900889341,3692,10.0,20.0
drizzle,odd_even,-1,0.0489955357142857,20.41002277904328,0.1160802094285919,0.1428571428571428,0.1949104622494575,3782,10.0,20.0
drizzle,odd_even,-1,0.0491071428571428,20.363636363636363,0.0846880847586086,0.1428571428571428,0.1950024631046887,3752,10.0,20.0
drizzle,odd_even,-1,0.04921875,20.31746031746032,0.1061132189387257,0.1428571428571428,0.1949901331855966,3756,10.0,20.0
drizzle,odd_even,-1,0.0493303571428571,20.27149321266968,0.0672458357081833,0.1428571428571428,0.1948739653457362,3794,10.0,20.0
drizzle,odd_even,-1,0.0494419642857142,20.225733634311517,0.0854873191425663,0.1428571428571428,0.1948800362270396,3792,10.0,20.0
drizzle,odd_even,-1,0.0495535714285714,20.18018018018018,-0.0085883377764815,0.1428571428571428,0.1948921922940433,3788,10.0,20.0
drizzle,odd_even,-1,0.0496651785714285,20.13483146067416,0.0963154402226709,0.1428571428571428,0.1950209946989822,3746,10.0,20.0
drizzle,odd_even,-1,0.0497767857142857,20.08968609865471,0.0227210406039881,0.1428571428571428,0.1947595159215046,3832,10.0,20.0
drizzle,odd_even,-1,0.0498883928571428,20.04474272930649,-0.2551981063696026,0.1428571428571428,0.1948557812357967,3800,10.0,20.0
drizzle,odd_even,-1,0.0499999999999999,20.0,-0.0733568701712776,0.1428571428571428,0.8417399583909729,2,10.0,20.0
