method,stage,frequency_um_inv,period_um,frc,threshold_1_7,threshold_half_bit,n_ring_pixels,hr_pitch_um,pixel_size_um
v11_vs_drz,before,0.0,inf,0.9999974801690782,0.14285714285714285,0.7560610050770457,3,10.0,20.0
v11_vs_drz,before,0.00011160714285714285,8960.0,0.9999223206794224,0.14285714285714285,0.5160568456025979,12,10.0,20.0
v11_vs_drz,before,0.0002232142857142857,4480.0,0.9995878637594804,0.14285714285714285,0.43846389609946435,22,10.0,20.0
v11_vs_drz,before,0.0003348214285714286,2986.6666666666665,0.9999037782886896,0.14285714285714285,0.41192739958594665,28,10.0,20.0
v11_vs_drz,before,0.0004464285714285714,2240.0,0.999334445012947,0.14285714285714285,0.37684928940895107,40,10.0,20.0
v11_vs_drz,before,0.0005580357142857143,1792.0,0.9997975727335606,0.14285714285714285,0.3572655453148874,50,10.0,20.0
v11_vs_drz,before,0.0006696428571428571,1493.3333333333333,0.9993547600023386,0.14285714285714285,0.3607189084162777,48,10.0,20.0
v11_vs_drz,before,0.0007812499999999999,1280.0,0.9986079641914952,0.14285714285714285,0.33301944154606616,68,10.0,20.0
v11_vs_drz,before,0.0008928571428571428,1120.0,0.9985252170512252,0.14285714285714285,0.3308883459615167,70,10.0,20.0
v11_vs_drz,before,0.0010044642857142856,995.5555555555557,0.9984748826684909,0.14285714285714285,0.32498105977643776,76,10.0,20.0
v11_vs_drz,before,0.0011160714285714285,896.0,0.998243717027252,0.14285714285714285,0.3120228149867766,92,10.0,20.0
v11_vs_drz,before,0.0012276785714285714,814.5454545454546,0.9973751585718358,0.14285714285714285,0.30307454563671804,106,10.0,20.0
v11_vs_drz,before,0.0013392857142857143,746.6666666666666,0.9971740798019066,0.14285714285714285,0.309276869488276,96,10.0,20.0
v11_vs_drz,before,0.0014508928571428572,689.2307692307692,0.9971064468709411,0.14285714285714285,0.297657677511583,116,10.0,20.0
v11_vs_drz,before,0.0015624999999999999,640.0,0.996237601741989,0.14285714285714285,0.28942028891226607,134,10.0,20.0
v11_vs_drz,before,0.0016741071428571428,597.3333333333334,0.9935819456060284,0.14285714285714285,0.2956748612128594,120,10.0,20.0
v11_vs_drz,before,0.0017857142857142857,560.0,0.9957973887470469,0.14285714285714285,0.28476380812712476,146,10.0,20.0
v11_vs_drz,before,0.0018973214285714286,527.0588235294118,0.9943627180335983,0.14285714285714285,0.2812856424436456,156,10.0,20.0
v11_vs_drz,before,0.0020089285714285712,497.7777777777778,0.9970716351715934,0.14285714285714285,0.28702018719502587,140,10.0,20.0
v11_vs_drz,before,0.002120535714285714,471.5789473684211,0.9952082629531529,0.14285714285714285,0.2757709533720164,174,10.0,20.0
v11_vs_drz,before,0.002232142857142857,448.0,0.9973722682011216,0.14285714285714285,0.27520913338899333,176,10.0,20.0
v11_vs_drz,before,0.00234375,426.6666666666667,0.9980319567432753,0.14285714285714285,0.273051000260408,184,10.0,20.0
v11_vs_drz,before,0.002455357142857143,407.2727272727273,0.997280649669979,0.14285714285714285,0.2705369635786124,194,10.0,20.0
v11_vs_drz,before,0.0025669642857142857,389.5652173913044,0.9955339177104467,0.14285714285714285,0.269116846861646,200,10.0,20.0
v11_vs_drz,before,0.0026785714285714286,373.3333333333333,0.9946972692720886,0.14285714285714285,0.26731663903915925,208,10.0,20.0
v11_vs_drz,before,0.0027901785714285715,358.4,0.9961823240492043,0.14285714285714285,0.2668822084027434,210,10.0,20.0
v11_vs_drz,before,0.0029017857142857144,344.6153846153846,0.9941645413657194,0.14285714285714285,0.26173150991010213,236,10.0,20.0
v11_vs_drz,before,0.003013392857142857,331.8518518518519,0.9959331515891362,0.14285714285714285,0.2632250986856457,228,10.0,20.0
v11_vs_drz,before,0.0031249999999999997,320.0,0.9950462428521014,0.14285714285714285,0.2613695641695868,238,10.0,20.0
v11_vs_drz,before,0.0032366071428571426,308.96551724137936,0.9953915439683778,0.14285714285714285,0.2576597972433477,260,10.0,20.0
v11_vs_drz,before,0.0033482142857142855,298.6666666666667,0.9920541060806537,0.14285714285714285,0.2586250244740691,254,10.0,20.0
v11_vs_drz,before,0.0034598214285714284,289.03225806451616,0.9948277781910537,0.14285714285714285,0.25523709705862524,276,10.0,20.0
v11_vs_drz,before,0.0035714285714285713,280.0,0.9931217197878521,0.14285714285714285,0.25582326430374547,272,10.0,20.0
v11_vs_drz,before,0.003683035714285714,271.5151515151515,0.9882658688513036,0.14285714285714285,0.2527449491574839,294,10.0,20.0
v11_vs_drz,before,0.003794642857142857,263.5294117647059,0.9871405632052784,0.14285714285714285,0.25410107451462977,284,10.0,20.0
v11_vs_drz,before,0.00390625,256.0,0.9848989149152756,0.14285714285714285,0.2514544516681247,304,10.0,20.0
v11_vs_drz,before,0.0040178571428571425,248.8888888888889,0.9902242869320839,0.14285714285714285,0.24928083583453234,322,10.0,20.0
v11_vs_drz,before,0.004129464285714286,242.16216216216216,0.9885468863968039,0.14285714285714285,0.2514544516681247,304,10.0,20.0
v11_vs_drz,before,0.004241071428571428,235.78947368421055,0.9871118970433781,0.14285714285714285,0.24905026945843273,324,10.0,20.0
v11_vs_drz,before,0.004352678571428572,229.74358974358972,0.9889279767303787,0.14285714285714285,0.24582376798178943,354,10.0,20.0
v11_vs_drz,before,0.004464285714285714,224.0,0.9938025223139851,0.14285714285714285,0.24770924671322134,336,10.0,20.0
v11_vs_drz,before,0.004575892857142857,218.53658536585365,0.9852307449462997,0.14285714285714285,0.24643640318775006,348,10.0,20.0
v11_vs_drz,before,0.0046875,213.33333333333334,0.977773326998382,0.14285714285714285,0.24426173259637654,370,10.0,20.0
v11_vs_drz,before,0.004799107142857142,208.37209302325584,0.9838422751996333,0.14285714285714285,0.24407341871811294,372,10.0,20.0
v11_vs_drz,before,0.004910714285714286,203.63636363636365,0.9837392169668364,0.14285714285714285,0.24388657961491628,374,10.0,20.0
v11_vs_drz,before,0.005022321428571428,199.11111111111114,0.9821222972676728,0.14285714285714285,0.24124866466885456,404,10.0,20.0
v11_vs_drz,before,0.005133928571428571,194.7826086956522,0.9800433264269074,0.14285714285714285,0.24226832878047586,392,10.0,20.0
v11_vs_drz,before,0.005245535714285714,190.63829787234044,0.9832314442028677,0.14285714285714285,0.2427954615022515,386,10.0,20.0
v11_vs_drz,before,0.005357142857142857,186.66666666666666,0.9835274393609208,0.14285714285714285,0.23964416299559071,424,10.0,20.0
v11_vs_drz,before,0.00546875,182.85714285714286,0.9860858708049276,0.14285714285714285,0.24027239659586974,416,10.0,20.0
v11_vs_drz,before,0.005580357142857143,179.2,0.988520607519657,0.14285714285714285,0.2388828626474958,434,10.0,20.0
v11_vs_drz,before,0.0056919642857142854,175.68627450980392,0.9817431690323841,0.14285714285714285,0.2384383044776066,440,10.0,20.0
v11_vs_drz,before,0.005803571428571429,172.3076923076923,0.9672482439649105,0.14285714285714285,0.23757528612232023,452,10.0,20.0
v11_vs_drz,before,0.005915178571428571,169.05660377358492,0.9698154658386333,0.14285714285714285,0.23688135961430892,462,10.0,20.0
v11_vs_drz,before,0.006026785714285714,165.92592592592595,0.9688516985745563,0.14285714285714285,0.23785919155913984,448,10.0,20.0
v11_vs_drz,before,0.006138392857142857,162.9090909090909,0.9730808005756957,0.14285714285714285,0.23517586182327832,488,10.0,20.0
v11_vs_drz,before,0.0062499999999999995,160.0,0.9684529330639581,0.14285714285714285,0.23607716377209612,474,10.0,20.0
v11_vs_drz,before,0.006361607142857143,157.19298245614036,0.9708023686742197,0.14285714285714285,0.23568617177506457,480,10.0,20.0
v11_vs_drz,before,0.006473214285714285,154.48275862068968,0.9812442432083232,0.14285714285714285,0.23359868826190747,514,10.0,20.0
v11_vs_drz,before,0.006584821428571429,151.864406779661,0.9769044117123362,0.14285714285714285,0.23348222347930858,516,10.0,20.0
v11_vs_drz,before,0.006696428571428571,149.33333333333334,0.9798726077467526,0.14285714285714285,0.23467767886949623,496,10.0,20.0
v11_vs_drz,before,0.006808035714285714,146.88524590163934,0.9755637339618026,0.14285714285714285,0.23246304055541317,534,10.0,20.0
v11_vs_drz,before,0.006919642857142857,144.51612903225808,0.9762442316424348,0.14285714285714285,0.23191835858106052,544,10.0,20.0
v11_vs_drz,before,0.00703125,142.22222222222223,0.973355348824013,0.14285714285714285,0.23348222347930858,516,10.0,20.0
v11_vs_drz,before,0.007142857142857143,140.0,0.9672493974436001,0.14285714285714285,0.23118003674182988,558,10.0,20.0
v11_vs_drz,before,0.007254464285714285,137.84615384615387,0.9603019089514022,0.14285714285714285,0.23066911942921098,568,10.0,20.0
v11_vs_drz,before,0.007366071428571428,135.75757575757575,0.9545373353532768,0.14285714285714285,0.23257377696061368,532,10.0,20.0
v11_vs_drz,before,0.007477678571428571,133.7313432835821,0.960431339958341,0.14285714285714285,0.22865956785210217,610,10.0,20.0
v11_vs_drz,before,0.007589285714285714,131.76470588235296,0.9675765158982127,0.14285714285714285,0.2300731936178756,580,10.0,20.0
v11_vs_drz,before,0.007700892857142857,129.85507246376812,0.968609934927913,0.14285714285714285,0.22987856279938831,584,10.0,20.0
v11_vs_drz,before,0.0078125,128.0,0.9740421072217545,0.14285714285714285,0.22847879956174852,614,10.0,20.0
v11_vs_drz,before,0.007924107142857142,126.19718309859155,0.982805279104083,0.14285714285714285,0.22856896654528058,612,10.0,20.0
v11_vs_drz,before,0.008035714285714285,124.44444444444446,0.9830300244729492,0.14285714285714285,0.22794672665157004,626,10.0,20.0
v11_vs_drz,before,0.008147321428571429,122.73972602739725,0.9742778879195724,0.14285714285714285,0.22856896654528058,612,10.0,20.0
v11_vs_drz,before,0.008258928571428572,121.08108108108108,0.9533401255533369,0.14285714285714285,0.22751466188342373,636,10.0,20.0
v11_vs_drz,before,0.008370535714285714,119.46666666666667,0.9435556793895868,0.14285714285714285,0.22709247611069447,646,10.0,20.0
v11_vs_drz,before,0.008482142857142856,117.89473684210527,0.9337482063473881,0.14285714285714285,0.2270091913293758,648,10.0,20.0
v11_vs_drz,before,0.008593749999999999,116.36363636363637,0.9477715048474091,0.14285714285714285,0.22684375089361272,652,10.0,20.0
v11_vs_drz,before,0.008705357142857143,114.87179487179486,0.9505683572220973,0.14285714285714285,0.22580365493397495,678,10.0,20.0
v11_vs_drz,before,0.008816964285714286,113.41772151898735,0.954495967085213,0.14285714285714285,0.22572608133433805,680,10.0,20.0
v11_vs_drz,before,0.008928571428571428,112.0,0.9622015222035987,0.14285714285714285,0.22572608133433805,680,10.0,20.0
v11_vs_drz,before,0.00904017857142857,110.61728395061729,0.9594659147055074,0.14285714285714285,0.2247472633332211,706,10.0,20.0
v11_vs_drz,before,0.009151785714285715,109.26829268292683,0.9674445357713971,0.14285714285714285,0.2252675931499613,692,10.0,20.0
v11_vs_drz,before,0.009263392857142857,107.95180722891567,0.9659100274587994,0.14285714285714285,0.22511735629687746,696,10.0,20.0
v11_vs_drz,before,0.009375,106.66666666666667,0.9492048491261482,0.14285714285714285,0.22347634762040358,742,10.0,20.0
v11_vs_drz,before,0.009486607142857142,105.41176470588236,0.936448764135366,0.14285714285714285,0.22467416992987052,708,10.0,20.0
v11_vs_drz,before,0.009598214285714285,104.18604651162792,0.9147584938976528,0.14285714285714285,0.22280884262303868,762,10.0,20.0
v11_vs_drz,before,0.009709821428571429,102.98850574712644,0.9248351417056162,0.14285714285714285,0.22368179007692848,736,10.0,20.0
v11_vs_drz,before,0.009821428571428571,101.81818181818183,0.9130596750632088,0.14285714285714285,0.22287442635809016,760,10.0,20.0
v11_vs_drz,before,0.009933035714285714,100.67415730337079,0.9155534009751428,0.14285714285714285,0.22229315058834048,778,10.0,20.0
v11_vs_drz,before,0.010044642857142856,99.55555555555557,0.9343543578668926,0.14285714285714285,0.22261360373636063,768,10.0,20.0
v11_vs_drz,before,0.01015625,98.46153846153845,0.95573798679922,0.14285714285714285,0.22287442635809016,760,10.0,20.0
v11_vs_drz,before,0.010267857142857143,97.3913043478261,0.9567099096903482,0.14285714285714285,0.22191652760781277,790,10.0,20.0
v11_vs_drz,before,0.010379464285714285,96.34408602150538,0.9449633694280237,0.14285714285714285,0.2212474895498582,812,10.0,20.0
v11_vs_drz,before,0.010491071428571428,95.31914893617022,0.9336320140468658,0.14285714285714285,0.2214876516950723,804,10.0,20.0
v11_vs_drz,before,0.010602678571428572,94.3157894736842,0.9432620214921213,0.14285714285714285,0.22130720212890542,810,10.0,20.0
v11_vs_drz,before,0.010714285714285714,93.33333333333333,0.9261027105005677,0.14285714285714285,0.2206620549790673,832,10.0,20.0
v11_vs_drz,before,0.010825892857142857,92.37113402061856,0.9212068614305678,0.14285714285714285,0.2216090580540805,800,10.0,20.0
v11_vs_drz,before,0.0109375,91.42857142857143,0.9002799856300523,0.14285714285714285,0.2198217694523472,862,10.0,20.0
v11_vs_drz,before,0.011049107142857142,90.50505050505052,0.9003602929996667,0.14285714285714285,0.22020844574520457,848,10.0,20.0
v11_vs_drz,before,0.011160714285714286,89.6,0.905497469184757,0.14285714285714285,0.21928516426814687,882,10.0,20.0
v11_vs_drz,before,0.011272321428571428,88.71287128712872,0.9126229146044288,0.14285714285714285,0.22077747178815657,828,10.0,20.0
v11_vs_drz,before,0.011383928571428571,87.84313725490196,0.9391681617031008,0.14285714285714285,0.21955119748619267,872,10.0,20.0
v11_vs_drz,before,0.011495535714285713,86.99029126213593,0.9520923844999978,0.14285714285714285,0.21856336410973248,910,10.0,20.0
v11_vs_drz,before,0.011607142857142858,86.15384615384615,0.951086311073222,0.14285714285714285,0.21965887440375706,868,10.0,20.0
v11_vs_drz,before,0.01171875,85.33333333333333,0.9031829814166037,0.14285714285714285,0.21902354389357315,892,10.0,20.0
v11_vs_drz,before,0.011830357142857142,84.52830188679246,0.9239018752424681,0.14285714285714285,0.2181654494608149,926,10.0,20.0
v11_vs_drz,before,0.011941964285714285,83.73831775700936,0.9236455256998491,0.14285714285714285,0.21841294458748992,916,10.0,20.0
v11_vs_drz,before,0.012053571428571427,82.96296296296298,0.8709638038298102,0.14285714285714285,0.21851306204381743,912,10.0,20.0
v11_vs_drz,before,0.012165178571428572,82.20183486238533,0.8797681720116737,0.14285714285714285,0.21758723335053728,950,10.0,20.0
v11_vs_drz,before,0.012276785714285714,81.45454545454545,0.8904420310633546,0.14285714285714285,0.21744603829804665,956,10.0,20.0
v11_vs_drz,before,0.012388392857142856,80.72072072072072,0.9224784843708879,0.14285714285714285,0.21861382957564643,908,10.0,20.0
v11_vs_drz,before,0.012499999999999999,80.0,0.9235009569216345,0.14285714285714285,0.21675920204107632,986,10.0,20.0
v11_vs_drz,before,0.012611607142857143,79.29203539823008,0.903287153048038,0.14285714285714285,0.21725980028494588,964,10.0,20.0
v11_vs_drz,before,0.012723214285714286,78.59649122807018,0.9162969860823135,0.14285714285714285,0.21721359693608783,966,10.0,20.0
v11_vs_drz,before,0.012834821428571428,77.91304347826087,0.8981808505929975,0.14285714285714285,0.21644914346158642,1000,10.0,20.0
v11_vs_drz,before,0.01294642857142857,77.24137931034484,0.9010947718991462,0.14285714285714285,0.21653707458648785,996,10.0,20.0
v11_vs_drz,before,0.013058035714285715,76.58119658119658,0.900582901416384,0.14285714285714285,0.21649304397049488,998,10.0,20.0
v11_vs_drz,before,0.013169642857142857,75.9322033898305,0.849017959965356,0.14285714285714285,0.21610254718236965,1016,10.0,20.0
v11_vs_drz,before,0.01328125,75.29411764705883,0.8485432695614398,0.14285714285714285,0.21618843703925994,1012,10.0,20.0
v11_vs_drz,before,0.013392857142857142,74.66666666666667,0.9001336605754456,0.14285714285714285,0.21605978929178232,1018,10.0,20.0
v11_vs_drz,before,0.013504464285714285,74.04958677685951,0.8746537129798997,0.14285714285714285,0.21551499634696136,1044,10.0,20.0
v11_vs_drz,before,0.013616071428571429,73.44262295081967,0.8681049679120227,0.14285714285714285,0.21568047213382657,1036,10.0,20.0
v11_vs_drz,before,0.013727678571428571,72.84552845528455,0.8479904530705263,0.14285714285714285,0.21498988471428435,1070,10.0,20.0
v11_vs_drz,before,0.013839285714285714,72.25806451612904,0.8675977338608516,0.14285714285714285,0.21543295911437524,1048,10.0,20.0
v11_vs_drz,before,0.013950892857142856,71.68,0.9078148457409329,0.14285714285714285,0.2148713755575323,1076,10.0,20.0
v11_vs_drz,before,0.0140625,71.11111111111111,0.9242814957049538,0.14285714285714285,0.21475383879638116,1082,10.0,20.0
v11_vs_drz,before,0.014174107142857143,70.55118110236221,0.8948100990529416,0.14285714285714285,0.21471487366377726,1084,10.0,20.0
v11_vs_drz,before,0.014285714285714285,70.0,0.8646344214513993,0.14285714285714285,0.21459861283869502,1090,10.0,20.0
v11_vs_drz,before,0.014397321428571428,69.45736434108528,0.8431649520297719,0.14285714285714285,0.21425543086377571,1108,10.0,20.0
v11_vs_drz,before,0.01450892857142857,68.92307692307693,0.852895916224954,0.14285714285714285,0.21456006915830092,1092,10.0,20.0
v11_vs_drz,before,0.014620535714285714,68.3969465648855,0.8173644801709965,0.14285714285714285,0.21355728664025345,1146,10.0,20.0
v11_vs_drz,before,0.014732142857142857,67.87878787878788,0.833001786478487,0.14285714285714285,0.21366522853675965,1140,10.0,20.0
v11_vs_drz,before,0.01484375,67.36842105263158,0.84075934532136,0.14285714285714285,0.2143309783773013,1104,10.0,20.0
v11_vs_drz,before,0.014955357142857142,66.86567164179105,0.851482188247779,0.14285714285714285,0.21279046829950965,1190,10.0,20.0
v11_vs_drz,before,0.015066964285714286,66.37037037037037,0.8929055276449719,0.14285714285714285,0.21373765748018866,1136,10.0,20.0
v11_vs_drz,before,0.015178571428571428,65.88235294117648,0.8752671393946065,0.14285714285714285,0.21352149146774207,1148,10.0,20.0
v11_vs_drz,before,0.015290178571428571,65.4014598540146,0.8367455946762051,0.14285714285714285,0.21285843635360488,1186,10.0,20.0
v11_vs_drz,before,0.015401785714285713,64.92753623188406,0.831885971016181,0.14285714285714285,0.21282441002983377,1188,10.0,20.0
v11_vs_drz,before,0.015513392857142856,64.46043165467627,0.8305991607077211,0.14285714285714285,0.21337922749072738,1156,10.0,20.0
v11_vs_drz,before,0.015625,64.0,0.7753512140289655,0.14285714285714285,0.212000361835817,1238,10.0,20.0
v11_vs_drz,before,0.015736607142857142,63.54609929078014,0.7985795638087646,0.14285714285714285,0.2124887421904062,1208,10.0,20.0
v11_vs_drz,before,0.015848214285714285,63.098591549295776,0.826665655600693,0.14285714285714285,0.2127228372174348,1194,10.0,20.0
v11_vs_drz,before,0.015959821428571427,62.65734265734266,0.8596742456078813,0.14285714285714285,0.2120323741059451,1236,10.0,20.0
v11_vs_drz,before,0.01607142857142857,62.22222222222223,0.8621906088299051,0.14285714285714285,0.2120323741059451,1236,10.0,20.0
v11_vs_drz,before,0.016183035714285712,61.79310344827587,0.7894860631473295,0.14285714285714285,0.21187307369980893,1246,10.0,20.0
v11_vs_drz,before,0.016294642857142858,61.36986301369863,0.8451864375862748,0.14285714285714285,0.21216119331021152,1228,10.0,20.0
v11_vs_drz,before,0.01640625,60.95238095238095,0.829532519079943,0.14285714285714285,0.21159104545450594,1264,10.0,20.0
v11_vs_drz,before,0.016517857142857143,60.54054054054054,0.8039945557139634,0.14285714285714285,0.21149835269259598,1270,10.0,20.0
v11_vs_drz,before,0.016629464285714286,60.13422818791946,0.7896487274971343,0.14285714285714285,0.21177839816474361,1252,10.0,20.0
v11_vs_drz,before,0.016741071428571428,59.733333333333334,0.7963792347341954,0.14285714285714285,0.21134529561252643,1280,10.0,20.0
v11_vs_drz,before,0.01685267857142857,59.337748344370866,0.7846852930931241,0.14285714285714285,0.21054834880675766,1334,10.0,20.0
v11_vs_drz,before,0.016964285714285713,58.94736842105264,0.8034333501091235,0.14285714285714285,0.21159104545450594,1264,10.0,20.0
v11_vs_drz,before,0.017075892857142855,58.56209150326798,0.8534493300762572,0.14285714285714285,0.21080861501660042,1316,10.0,20.0
v11_vs_drz,before,0.017187499999999998,58.18181818181819,0.8711278342184896,0.14285714285714285,0.2104912166657718,1338,10.0,20.0
v11_vs_drz,before,0.017299107142857144,57.806451612903224,0.7917809125566625,0.14285714285714285,0.2112241179090306,1288,10.0,20.0
v11_vs_drz,before,0.017410714285714286,57.43589743589743,0.7536446817853452,0.14285714285714285,0.21009825045931166,1366,10.0,20.0
v11_vs_drz,before,0.01752232142857143,57.07006369426752,0.8067144633816087,0.14285714285714285,0.21034948559464076,1348,10.0,20.0
v11_vs_drz,before,0.01763392857142857,56.708860759493675,0.7662216362573256,0.14285714285714285,0.21046274528313325,1340,10.0,20.0
v11_vs_drz,before,0.017745535714285714,56.35220125786164,0.7178733002642953,0.14285714285714285,0.2102651915533084,1354,10.0,20.0
v11_vs_drz,before,0.017857142857142856,56.0,0.6991805872674463,0.14285714285714285,0.20979775932161346,1388,10.0,20.0
v11_vs_drz,before,0.01796875,55.652173913043484,0.713310078403357,0.14285714285714285,0.21001559151209073,1372,10.0,20.0
v11_vs_drz,before,0.01808035714285714,55.308641975308646,0.7165079223406503,0.14285714285714285,0.20993346585157174,1378,10.0,20.0
v11_vs_drz,before,0.018191964285714284,54.96932515337424,0.7124411724201488,0.14285714285714285,0.20969023176701643,1396,10.0,20.0
v11_vs_drz,before,0.01830357142857143,54.63414634146341,0.7642141316851806,0.14285714285714285,0.20974388120426476,1392,10.0,20.0
v11_vs_drz,before,0.018415178571428572,54.303030303030305,0.7994040047425327,0.14285714285714285,0.20924322011539456,1430,10.0,20.0
v11_vs_drz,before,0.018526785714285714,53.975903614457835,0.7244124196586696,0.14285714285714285,0.20937304795788578,1420,10.0,20.0
v11_vs_drz,before,0.018638392857142857,53.65269461077845,0.7057155190664482,0.14285714285714285,0.20958361247909307,1404,10.0,20.0
v11_vs_drz,before,0.01875,53.333333333333336,0.7541036052591404,0.14285714285714285,0.20908918974285123,1442,10.0,20.0
v11_vs_drz,before,0.018861607142857142,53.01775147928994,0.6885566233740678,0.14285714285714285,0.2091147294392002,1440,10.0,20.0
v11_vs_drz,before,0.018973214285714284,52.70588235294118,0.7580153024381827,0.14285714285714285,0.20878674915614567,1466,10.0,20.0
v11_vs_drz,before,0.019084821428571427,52.397660818713454,0.7180723307065979,0.14285714285714285,0.20896227354363328,1452,10.0,20.0
v11_vs_drz,before,0.01919642857142857,52.09302325581396,0.6837048006952251,0.14285714285714285,0.20861368932701757,1480,10.0,20.0
v11_vs_drz,before,0.019308035714285715,51.79190751445086,0.6846136648169574,0.14285714285714285,0.20849155226945118,1490,10.0,20.0
v11_vs_drz,before,0.019419642857142858,51.49425287356322,0.7038129692941298,0.14285714285714285,0.20886166870324252,1460,10.0,20.0
v11_vs_drz,before,0.01953125,51.2,0.7468706060035842,0.14285714285714285,0.20832258514572422,1504,10.0,20.0
v11_vs_drz,before,0.019642857142857142,50.909090909090914,0.619600849299567,0.14285714285714285,0.20820331375489703,1514,10.0,20.0
v11_vs_drz,before,0.019754464285714285,50.621468926553675,0.612847007152694,0.14285714285714285,0.2080852033992908,1524,10.0,20.0
v11_vs_drz,before,0.019866071428571427,50.337078651685395,0.6200751080122645,0.14285714285714285,0.20822707454226386,1512,10.0,20.0
v11_vs_drz,before,0.01997767857142857,50.05586592178771,0.6818680249526156,0.14285714285714285,0.2076466470245122,1562,10.0,20.0
v11_vs_drz,before,0.020089285714285712,49.777777777777786,0.6885854352635065,0.14285714285714285,0.20817959940754727,1516,10.0,20.0
v11_vs_drz,before,0.020200892857142858,49.50276243093922,0.7645576162286299,0.14285714285714285,0.20817959940754727,1516,10.0,20.0
v11_vs_drz,before,0.0203125,49.230769230769226,0.6907257218417996,0.14285714285714285,0.2071581805789342,1606,10.0,20.0
v11_vs_drz,before,0.020424107142857143,48.96174863387978,0.7276984565564598,0.14285714285714285,0.2078523911652866,1544,10.0,20.0
v11_vs_drz,before,0.020535714285714286,48.69565217391305,0.701024575100576,0.14285714285714285,0.20751142498562736,1574,10.0,20.0
v11_vs_drz,before,0.020647321428571428,48.432432432432435,0.741738686229738,0.14285714285714285,0.207311430402214,1592,10.0,20.0
v11_vs_drz,before,0.02075892857142857,48.17204301075269,0.8065830959326312,0.14285714285714285,0.20766933369874285,1560,10.0,20.0
v11_vs_drz,before,0.020870535714285713,47.9144385026738,0.771209493374815,0.14285714285714285,0.2072455083727941,1598,10.0,20.0
v11_vs_drz,before,0.020982142857142855,47.65957446808511,0.6073534274502028,0.14285714285714285,0.20679410702631273,1640,10.0,20.0
v11_vs_drz,before,0.021093749999999998,47.40740740740741,0.6271251539941788,0.14285714285714285,0.2070931065498322,1612,10.0,20.0
v11_vs_drz,before,0.021205357142857144,47.1578947368421,0.6027134576154678,0.14285714285714285,0.20733348626347292,1590,10.0,20.0
v11_vs_drz,before,0.021316964285714286,46.910994764397905,0.5519874575785458,0.14285714285714285,0.2068363565335541,1636,10.0,20.0
v11_vs_drz,before,0.02142857142857143,46.666666666666664,0.5750197149259166,0.14285714285714285,0.20646152179686691,1672,10.0,20.0
v11_vs_drz,before,0.02154017857142857,46.424870466321245,0.6243822376635243,0.14285714285714285,0.20677303948480721,1642,10.0,20.0
v11_vs_drz,before,0.021651785714285714,46.18556701030928,0.696445660507573,0.14285714285714285,0.20654377883697478,1664,10.0,20.0
v11_vs_drz,before,0.021763392857142856,45.94871794871795,0.6382411995592376,0.14285714285714285,0.2069213164900138,1628,10.0,20.0
v11_vs_drz,before,0.021875,45.714285714285715,0.6789573290093466,0.14285714285714285,0.20615817865004304,1702,10.0,20.0
v11_vs_drz,before,0.02198660714285714,45.48223350253807,0.8136250248182577,0.14285714285714285,0.2063798459329584,1680,10.0,20.0
v11_vs_drz,before,0.022098214285714284,45.25252525252526,0.7737576359732871,0.14285714285714285,0.20607862228912602,1710,10.0,20.0
v11_vs_drz,before,0.02220982142857143,45.0251256281407,0.746999881416677,0.14285714285714285,0.2060193161196826,1716,10.0,20.0
v11_vs_drz,before,0.022321428571428572,44.8,0.7127584203009086,0.14285714285714285,0.2064206116472992,1676,10.0,20.0
v11_vs_drz,before,0.022433035714285714,44.5771144278607,0.6330436138420078,0.14285714285714285,0.20568896146044316,1750,10.0,20.0
v11_vs_drz,before,0.022544642857142857,44.35643564356436,0.6817437562470029,0.14285714285714285,0.20586265784981742,1732,10.0,20.0
v11_vs_drz,before,0.02265625,44.13793103448276,0.7907815139310267,0.14285714285714285,0.20625840693654623,1692,10.0,20.0
v11_vs_drz,before,0.022767857142857142,43.92156862745098,0.7714319260864534,0.14285714285714285,0.20561261066388095,1758,10.0,20.0
v11_vs_drz,before,0.022879464285714284,43.707317073170735,0.6691105893898814,0.14285714285714285,0.20563165001517575,1756,10.0,20.0
v11_vs_drz,before,0.022991071428571427,43.49514563106796,0.5793709677459549,0.14285714285714285,0.2059799491398533,1720,10.0,20.0
v11_vs_drz,before,0.02310267857142857,43.28502415458938,0.7258439945664279,0.14285714285714285,0.2050559530372921,1818,10.0,20.0
v11_vs_drz,before,0.023214285714285715,43.07692307692307,0.7289972128507197,0.14285714285714285,0.20529377749698421,1792,10.0,20.0
v11_vs_drz,before,0.023325892857142858,42.87081339712918,0.6502831749542701,0.14285714285714285,0.20578513067261447,1740,10.0,20.0
v11_vs_drz,before,0.0234375,42.666666666666664,0.5585486508874193,0.14285714285714285,0.2049478815407546,1830,10.0,20.0
v11_vs_drz,before,0.023549107142857142,42.464454976303315,0.5304361499129084,0.14285714285714285,0.2053308201973659,1788,10.0,20.0
v11_vs_drz,before,0.023660714285714285,42.26415094339623,0.6708029692652198,0.14285714285714285,0.2051650873580342,1806,10.0,20.0
v11_vs_drz,before,0.023772321428571427,42.06572769953052,0.6536511083428478,0.14285714285714285,0.20500178551890139,1824,10.0,20.0
v11_vs_drz,before,0.02388392857142857,41.86915887850468,0.6090612677528408,0.14285714285714285,0.2050378677827802,1820,10.0,20.0
v11_vs_drz,before,0.023995535714285712,41.674418604651166,0.5751433995083357,0.14285714285714285,0.20473485868990474,1854,10.0,20.0
v11_vs_drz,before,0.024107142857142855,41.48148148148149,0.6916204072851746,0.14285714285714285,0.20489423896779435,1836,10.0,20.0
v11_vs_drz,before,0.02421875,41.29032258064516,0.6477460404316845,0.14285714285714285,0.20482311852246032,1844,10.0,20.0
v11_vs_drz,before,0.024330357142857143,41.10091743119266,0.545009723292457,0.14285714285714285,0.20428703415014268,1906,10.0,20.0
v11_vs_drz,before,0.024441964285714286,40.91324200913242,0.6203079197909638,0.14285714285714285,0.20485862143419345,1840,10.0,20.0
v11_vs_drz,before,0.024553571428571428,40.72727272727273,0.6342441256547866,0.14285714285714285,0.20443997892001115,1888,10.0,20.0
v11_vs_drz,before,0.02466517857142857,40.542986425339365,0.652204680585938,0.14285714285714285,0.20432083629059994,1902,10.0,20.0
v11_vs_drz,before,0.024776785714285713,40.36036036036036,0.5830196973030799,0.14285714285714285,0.20478772961770136,1848,10.0,20.0
v11_vs_drz,before,0.024888392857142855,40.17937219730942,0.6022842432350013,0.14285714285714285,0.20406985646203774,1932,10.0,20.0
v11_vs_drz,before,0.024999999999999998,40.0,0.6145748908658449,0.14285714285714285,0.20405333008241125,1934,10.0,20.0
v11_vs_drz,before,0.02511160714285714,39.82222222222222,0.668172818194317,0.14285714285714285,0.20443997892001115,1888,10.0,20.0
v11_vs_drz,before,0.025223214285714286,39.64601769911504,0.5579600714009069,0.14285714285714285,0.20395470143415717,1946,10.0,20.0
v11_vs_drz,before,0.02533482142857143,39.47136563876652,0.4753565545179371,0.14285714285714285,0.20380843789404254,1964,10.0,20.0
v11_vs_drz,before,0.02544642857142857,39.29824561403509,0.47300017903280955,0.14285714285714285,0.20397107681264137,1944,10.0,20.0
v11_vs_drz,before,0.025558035714285714,39.12663755458515,0.5936466101896172,0.14285714285714285,0.2038245910506852,1962,10.0,20.0
v11_vs_drz,before,0.025669642857142856,38.95652173913044,0.6533748237940379,0.14285714285714285,0.20368008519926165,1980,10.0,20.0
v11_vs_drz,before,0.02578125,38.78787878787879,0.6040983953921553,0.14285714285714285,0.20406985646203774,1932,10.0,20.0
v11_vs_drz,before,0.02589285714285714,38.62068965517242,0.5351716659651339,0.14285714285714285,0.20360064332422378,1990,10.0,20.0
v11_vs_drz,before,0.026004464285714284,38.4549356223176,0.5221870444266293,0.14285714285714285,0.20345912978831718,2008,10.0,20.0
v11_vs_drz,before,0.02611607142857143,38.29059829059829,0.685705736257145,0.14285714285714285,0.20380843789404254,1964,10.0,20.0
v11_vs_drz,before,0.026227678571428572,38.12765957446808,0.5970719269174266,0.14285714285714285,0.20335035825347117,2022,10.0,20.0
v11_vs_drz,before,0.026339285714285714,37.96610169491525,0.6116310878244624,0.14285714285714285,0.20333491064606968,2024,10.0,20.0
v11_vs_drz,before,0.026450892857142857,37.80590717299578,0.6764158913642995,0.14285714285714285,0.20333491064606968,2024,10.0,20.0
v11_vs_drz,before,0.0265625,37.64705882352941,0.5608787687624356,0.14285714285714285,0.20338132157581876,2018,10.0,20.0
v11_vs_drz,before,0.026674107142857142,37.48953974895397,0.5018353690193942,0.14285714285714285,0.2030306380195964,2064,10.0,20.0
v11_vs_drz,before,0.026785714285714284,37.333333333333336,0.5421027568356893,0.14285714285714285,0.2030156542404139,2066,10.0,20.0
v11_vs_drz,before,0.026897321428571427,37.178423236514526,0.548838151105683,0.14285714285714285,0.20352179142430754,2000,10.0,20.0
v11_vs_drz,before,0.02700892857142857,37.02479338842976,0.5097753201726648,0.14285714285714285,0.20276417883135758,2100,10.0,20.0
v11_vs_drz,before,0.027120535714285715,36.87242798353909,0.5331127049473541,0.14285714285714285,0.20280811620931277,2094,10.0,20.0
v11_vs_drz,before,0.027232142857142858,36.721311475409834,0.5853376943027445,0.14285714285714285,0.20294105689975392,2076,10.0,20.0
v11_vs_drz,before,0.02734375,36.57142857142857,0.5278000432979282,0.14285714285714285,0.20285224078709876,2088,10.0,20.0
v11_vs_drz,before,0.027455357142857142,36.422764227642276,0.5560248606654223,0.14285714285714285,0.20251867322781997,2134,10.0,20.0
v11_vs_drz,before,0.027566964285714285,36.2753036437247,0.7269090501754462,0.14285714285714285,0.20276417883135758,2100,10.0,20.0
v11_vs_drz,before,0.027678571428571427,36.12903225806452,0.6358140147842871,0.14285714285714285,0.20282280353622323,2092,10.0,20.0
v11_vs_drz,before,0.02779017857142857,35.98393574297189,0.47377588293659567,0.14285714285714285,0.2024051399747265,2150,10.0,20.0
v11_vs_drz,before,0.027901785714285712,35.84,0.4577982014402828,0.14285714285714285,0.2023910364655755,2152,10.0,20.0
v11_vs_drz,before,0.028013392857142855,35.69721115537849,0.5591313618175645,0.14285714285714285,0.20294105689975392,2076,10.0,20.0
v11_vs_drz,before,0.028125,35.55555555555556,0.5571177227179348,0.14285714285714285,0.20199031257847036,2210,10.0,20.0
v11_vs_drz,before,0.028236607142857143,35.41501976284585,0.4851770840494281,0.14285714285714285,0.20256157441371295,2128,10.0,20.0
v11_vs_drz,before,0.028348214285714286,35.275590551181104,0.49655752428596805,0.14285714285714285,0.20220944357269727,2178,10.0,20.0
v11_vs_drz,before,0.028459821428571428,35.13725490196079,0.5283974075137298,0.14285714285714285,0.2020038700244288,2208,10.0,20.0
v11_vs_drz,before,0.02857142857142857,35.0,0.6424966814718217,0.14285714285714285,0.20227890442236768,2168,10.0,20.0
v11_vs_drz,before,0.028683035714285713,34.86381322957199,0.6452874267394233,0.14285714285714285,0.20209928513740544,2194,10.0,20.0
v11_vs_drz,before,0.028794642857142855,34.72868217054264,0.513577638467162,0.14285714285714285,0.20219560817884408,2180,10.0,20.0
v11_vs_drz,before,0.028906249999999998,34.5945945945946,0.505665760958079,0.14285714285714285,0.2018157070765534,2236,10.0,20.0
v11_vs_drz,before,0.02901785714285714,34.46153846153847,0.473657193626282,0.14285714285714285,0.20212671273157043,2190,10.0,20.0
v11_vs_drz,before,0.029129464285714286,34.32950191570881,0.4682506081063614,0.14285714285714285,0.20165718663427828,2260,10.0,20.0
v11_vs_drz,before,0.02924107142857143,34.19847328244275,0.3406968658113992,0.14285714285714285,0.20197677333037697,2212,10.0,20.0
v11_vs_drz,before,0.02935267857142857,34.06844106463878,0.3407006623723258,0.14285714285714285,0.20148825195988218,2286,10.0,20.0
v11_vs_drz,before,0.029464285714285714,33.93939393939394,0.32337659347941167,0.14285714285714285,0.20176258739613345,2244,10.0,20.0
v11_vs_drz,before,0.029575892857142856,33.81132075471698,0.3123719887856515,0.14285714285714285,0.20165718663427828,2260,10.0,20.0
v11_vs_drz,before,0.0296875,33.68421052631579,0.3095753141717635,0.14285714285714285,0.20130948318858632,2314,10.0,20.0
v11_vs_drz,before,0.02979910714285714,33.55805243445693,0.4721891021828748,0.14285714285714285,0.20178911203700534,2240,10.0,20.0
v11_vs_drz,before,0.029910714285714284,33.43283582089553,0.4989553687894548,0.14285714285714285,0.20133482448864679,2310,10.0,20.0
v11_vs_drz,before,0.030022321428571426,33.30855018587361,0.5372620371727941,0.14285714285714285,0.20150114550038942,2284,10.0,20.0
v11_vs_drz,before,0.030133928571428572,33.18518518518518,0.35535137269213135,0.14285714285714285,0.20163100936456846,2264,10.0,20.0
v11_vs_drz,before,0.030245535714285714,33.06273062730627,0.36031308115070115,0.14285714285714285,0.20093700504233267,2374,10.0,20.0
v11_vs_drz,before,0.030357142857142857,32.94117647058824,0.37912791066184925,0.14285714285714285,0.20127159292996374,2320,10.0,20.0
v11_vs_drz,before,0.03046875,32.820512820512825,0.40429549035088325,0.14285714285714285,0.2014240345538633,2296,10.0,20.0
v11_vs_drz,before,0.030580357142857142,32.7007299270073,0.3844153210690994,0.14285714285714285,0.20091267051918305,2378,10.0,20.0
v11_vs_drz,before,0.030691964285714284,32.581818181818186,0.27976887169816556,0.14285714285714285,0.20117125958839946,2336,10.0,20.0
v11_vs_drz,before,0.030803571428571427,32.46376811594203,0.22148618171953716,0.14285714285714285,0.20117125958839946,2336,10.0,20.0
v11_vs_drz,before,0.03091517857142857,32.34657039711192,0.3105707341633237,0.14285714285714285,0.20079190337726316,2398,10.0,20.0
v11_vs_drz,before,0.03102678571428571,32.230215827338135,0.30735741802164335,0.14285714285714285,0.2008520992222212,2388,10.0,20.0
v11_vs_drz,before,0.031138392857142858,32.11469534050179,0.43593585881356167,0.14285714285714285,0.20129683691159364,2316,10.0,20.0
v11_vs_drz,before,0.03125,32.0,0.40206923604329775,0.14285714285714285,0.20060175498092978,2430,10.0,20.0
v11_vs_drz,before,0.03136160714285714,31.88612099644128,0.3493080149779545,0.14285714285714285,0.2005899942187709,2432,10.0,20.0
v11_vs_drz,before,0.031473214285714285,31.77304964539007,0.42725916953477405,0.14285714285714285,0.20091267051918305,2378,10.0,20.0
v11_vs_drz,before,0.03158482142857143,31.66077738515901,0.38085560899027054,0.14285714285714285,0.2005899942187709,2432,10.0,20.0
v11_vs_drz,before,0.03169642857142857,31.549295774647888,0.3045392744259394,0.14285714285714285,0.20073207911367105,2408,10.0,20.0
v11_vs_drz,before,0.03180803571428571,31.438596491228072,0.27058388633738634,0.14285714285714285,0.20043839988598003,2458,10.0,20.0
v11_vs_drz,before,0.031919642857142855,31.32867132867133,0.2789007628644117,0.14285714285714285,0.20063712367957884,2424,10.0,20.0
v11_vs_drz,before,0.03203125,31.219512195121954,0.476298532140908,0.14285714285714285,0.2004037543659979,2464,10.0,20.0
v11_vs_drz,before,0.03214285714285714,31.111111111111114,0.4028497420791597,0.14285714285714285,0.2003233998560821,2478,10.0,20.0
v11_vs_drz,before,0.03225446428571428,31.00346020761246,0.31762233980192167,0.14285714285714285,0.20075596447473562,2404,10.0,20.0
v11_vs_drz,before,0.032366071428571425,30.896551724137936,0.3482925126758764,0.14285714285714285,0.2001759442030165,2504,10.0,20.0
v11_vs_drz,before,0.03247767857142857,30.790378006872857,0.3313574179349456,0.14285714285714285,0.20011983450492699,2514,10.0,20.0
v11_vs_drz,before,0.032589285714285716,30.684931506849313,0.27987562929534265,0.14285714285714285,0.20038072687575237,2468,10.0,20.0
v11_vs_drz,before,0.03270089285714286,30.580204778156993,0.3563593367084366,0.14285714285714285,0.20022107212707113,2496,10.0,20.0
v11_vs_drz,before,0.0328125,30.476190476190474,0.292034147470011,0.14285714285714285,0.1999424885446575,2546,10.0,20.0
v11_vs_drz,before,0.032924107142857144,30.372881355932204,0.246518528644692,0.14285714285714285,0.2003577547434476,2472,10.0,20.0
v11_vs_drz,before,0.033035714285714286,30.27027027027027,0.2447059559783074,0.14285714285714285,0.19992055302869258,2550,10.0,20.0
v11_vs_drz,before,0.03314732142857143,30.16835016835017,0.23908457560469115,0.14285714285714285,0.19982247206699402,2568,10.0,20.0
v11_vs_drz,before,0.03325892857142857,30.06711409395973,0.11483074070388777,0.14285714285714285,0.20022107212707113,2496,10.0,20.0
v11_vs_drz,before,0.033370535714285714,29.96655518394649,0.11218170112505148,0.14285714285714285,0.19981163721274517,2570,10.0,20.0
v11_vs_drz,before,0.033482142857142856,29.866666666666667,0.29091595604837805,0.14285714285714285,0.19969327465375333,2592,10.0,20.0
v11_vs_drz,before,0.03359375,29.767441860465116,0.21449673023816768,0.14285714285714285,0.19999755197612662,2536,10.0,20.0
v11_vs_drz,before,0.03370535714285714,29.668874172185433,0.17983298246156645,0.14285714285714285,0.19968258842376282,2594,10.0,20.0
v11_vs_drz,before,0.033816964285714284,29.570957095709574,0.2689456497560406,0.14285714285714285,0.1997576502130963,2580,10.0,20.0
v11_vs_drz,before,0.033928571428571426,29.47368421052632,0.4134385122468197,0.14285714285714285,0.19962934028121115,2604,10.0,20.0
v11_vs_drz,before,0.03404017857142857,29.377049180327873,0.2330478445303439,0.14285714285714285,0.19970397313874927,2590,10.0,20.0
v11_vs_drz,before,0.03415178571428571,29.28104575163399,0.2242795506090905,0.14285714285714285,0.1995447720660188,2620,10.0,20.0
v11_vs_drz,before,0.03426339285714285,29.185667752443,0.18912044682914417,0.14285714285714285,0.1995869599845832,2612,10.0,20.0
v11_vs_drz,before,0.034374999999999996,29.090909090909093,0.15616131755148724,0.14285714285714285,0.19953425497473404,2622,10.0,20.0
v11_vs_drz,before,0.034486607142857145,28.996763754045304,0.300539839361948,0.14285714285714285,0.19923435045727056,2680,10.0,20.0
v11_vs_drz,before,0.03459821428571429,28.903225806451612,0.21416394673171,0.14285714285714285,0.19940897247414457,2646,10.0,20.0
v11_vs_drz,before,0.03470982142857143,28.810289389067524,0.3032965251808242,0.14285714285714285,0.19948184772087152,2632,10.0,20.0
v11_vs_drz,before,0.03482142857142857,28.717948717948715,0.22057196023868933,0.14285714285714285,0.19925472300409489,2676,10.0,20.0
v11_vs_drz,before,0.034933035714285715,28.62619808306709,0.12673930814313625,0.14285714285714285,0.199163400800433,2694,10.0,20.0
v11_vs_drz,before,0.03504464285714286,28.53503184713376,0.14864408231059945,0.14285714285714285,0.19929560413957997,2668,10.0,20.0
v11_vs_drz,before,0.03515625,28.444444444444443,0.21948891489564373,0.14285714285714285,0.19923435045727056,2680,10.0,20.0
v11_vs_drz,before,0.03526785714285714,28.354430379746837,0.18967701794709546,0.14285714285714285,0.199163400800433,2694,10.0,20.0
v11_vs_drz,before,0.035379464285714285,28.26498422712934,0.10724020980328426,0.14285714285714285,0.19903307957272984,2720,10.0,20.0
v11_vs_drz,before,0.03549107142857143,28.17610062893082,0.09363289165267592,0.14285714285714285,0.19923435045727056,2680,10.0,20.0
v11_vs_drz,before,0.03560267857142857,28.087774294670847,0.22877320597112596,0.14285714285714285,0.1987296503731864,2782,10.0,20.0
v11_vs_drz,before,0.03571428571428571,28.0,0.17614199829119231,0.14285714285714285,0.19919374056785832,2688,10.0,20.0
v11_vs_drz,before,0.035825892857142855,27.912772585669785,0.1655523858262379,0.14285714285714285,0.19897355378849282,2732,10.0,20.0
v11_vs_drz,before,0.0359375,27.826086956521742,0.25503417745052054,0.14285714285714285,0.19863390479962775,2802,10.0,20.0
v11_vs_drz,before,0.03604910714285714,27.73993808049536,0.06893941902079094,0.14285714285714285,0.19893408530849774,2740,10.0,20.0
v11_vs_drz,before,0.03616071428571428,27.654320987654323,0.18964417064506,0.14285714285714285,0.1989636705837003,2734,10.0,20.0
v11_vs_drz,before,0.036272321428571425,27.56923076923077,0.13062115445946706,0.14285714285714285,0.1987779076146052,2772,10.0,20.0
v11_vs_drz,before,0.03638392857142857,27.48466257668712,0.1776816466973302,0.14285714285714285,0.1985674850051077,2816,10.0,20.0
v11_vs_drz,before,0.036495535714285716,27.400611620795104,0.13020009387911052,0.14285714285714285,0.19880698630805718,2766,10.0,20.0
v11_vs_drz,before,0.03660714285714286,27.317073170731707,0.11683712126572232,0.14285714285714285,0.19847344616835114,2836,10.0,20.0
v11_vs_drz,before,0.03671875,27.23404255319149,0.16816384728374997,0.14285714285714285,0.1985674850051077,2816,10.0,20.0
v11_vs_drz,before,0.036830357142857144,27.151515151515152,0.2591940726977782,0.14285714285714285,0.1987296503731864,2782,10.0,20.0
v11_vs_drz,before,0.036941964285714286,27.069486404833835,0.17780513032846612,0.14285714285714285,0.1983434350217766,2864,10.0,20.0
v11_vs_drz,before,0.03705357142857143,26.987951807228917,0.14692249461991452,0.14285714285714285,0.19852975072299847,2824,10.0,20.0
v11_vs_drz,before,0.03716517857142857,26.906906906906908,0.11090717477433429,0.14285714285714285,0.19837113512849097,2858,10.0,20.0
v11_vs_drz,before,0.037276785714285714,26.826347305389223,0.13090180474045315,0.14285714285714285,0.19847344616835114,2836,10.0,20.0
v11_vs_drz,before,0.037388392857142856,26.746268656716417,0.13990550336795746,0.14285714285714285,0.1984547565946868,2840,10.0,20.0
v11_vs_drz,before,0.0375,26.666666666666668,0.10543927206834787,0.14285714285714285,0.19818808118118406,2898,10.0,20.0
v11_vs_drz,before,0.03761160714285714,26.587537091988132,0.07612254648665838,0.14285714285714285,0.19843610609789097,2844,10.0,20.0
v11_vs_drz,before,0.037723214285714284,26.50887573964497,0.02253415467557047,0.14285714285714285,0.19795564920134207,2950,10.0,20.0
v11_vs_drz,before,0.037834821428571426,26.4306784660767,0.09708962242459968,0.14285714285714285,0.19830663541185475,2872,10.0,20.0
v11_vs_drz,before,0.03794642857142857,26.35294117647059,0.1579482908068802,0.14285714285714285,0.1982882926807455,2876,10.0,20.0
v11_vs_drz,before,0.03805803571428571,26.275659824046922,0.13232390333948382,0.14285714285714285,0.19802651424106882,2934,10.0,20.0
v11_vs_drz,before,0.03816964285714285,26.198830409356727,0.0809812809378417,0.14285714285714285,0.1981069271457448,2916,10.0,20.0
v11_vs_drz,before,0.038281249999999996,26.12244897959184,0.08734151904865796,0.14285714285714285,0.1982152991985056,2892,10.0,20.0
v11_vs_drz,before,0.03839285714285714,26.04651162790698,0.13510349917943038,0.14285714285714285,0.19793802214251247,2954,10.0,20.0
v11_vs_drz,before,0.03850446428571429,25.97101449275362,0.01918161691459543,0.14285714285714285,0.19782430484837527,2980,10.0,20.0
v11_vs_drz,before,0.03861607142857143,25.89595375722543,0.14903729735416058,0.14285714285714285,0.19825172071105046,2884,10.0,20.0
v11_vs_drz,before,0.03872767857142857,25.821325648414984,0.06676248221123984,0.14285714285714285,0.1978156184587228,2982,10.0,20.0
v11_vs_drz,before,0.038839285714285715,25.74712643678161,0.079437278324276,0.14285714285714285,0.19760123472388125,3032,10.0,20.0
v11_vs_drz,before,0.03895089285714286,25.673352435530084,0.05763318885321084,0.14285714285714285,0.1981609467848357,2904,10.0,20.0
v11_vs_drz,before,0.0390625,25.6,0.07425211357826372,0.14285714285714285,0.1975253385684874,3050,10.0,20.0
v11_vs_drz,before,0.03917410714285714,25.527065527065528,0.06792817657060703,0.14285714285714285,0.19784170365088652,2976,10.0,20.0
v11_vs_drz,before,0.039285714285714285,25.454545454545457,0.07415605588705004,0.14285714285714285,0.1976097089758139,3030,10.0,20.0
v11_vs_drz,before,0.03939732142857143,25.38243626062323,0.11492463301289964,0.14285714285714285,0.1977550552720954,2996,10.0,20.0
v11_vs_drz,before,0.03950892857142857,25.310734463276837,0.09052284566805571,0.14285714285714285,0.19765220529146557,3020,10.0,20.0
v11_vs_drz,before,0.03962053571428571,25.23943661971831,0.018421189917775867,0.14285714285714285,0.1975085631250675,3054,10.0,20.0
v11_vs_drz,before,0.039732142857142855,25.168539325842698,0.0753499374340129,0.14285714285714285,0.19770347780800562,3008,10.0,20.0
v11_vs_drz,before,0.03984375,25.098039215686278,0.12920582644113515,0.14285714285714285,0.19743347590385044,3072,10.0,20.0
v11_vs_drz,before,0.03995535714285714,25.027932960893857,0.0244128685736902,0.14285714285714285,0.19739204277139769,3082,10.0,20.0
v11_vs_drz,before,0.04006696428571428,24.95821727019499,0.10038770850138794,0.14285714285714285,0.1976692624332035,3016,10.0,20.0
v11_vs_drz,before,0.040178571428571425,24.888888888888893,-0.01476092584038279,0.14285714285714285,0.19731796447605393,3100,10.0,20.0
v11_vs_drz,before,0.04029017857142857,24.81994459833795,0.0632654131384976,0.14285714285714285,0.1974251732503782,3074,10.0,20.0
v11_vs_drz,before,0.040401785714285716,24.75138121546961,0.09845721571608985,0.14285714285714285,0.19745010534200189,3068,10.0,20.0
v11_vs_drz,before,0.04051339285714286,24.683195592286502,0.10378246274975561,0.14285714285714285,0.19736727869292328,3088,10.0,20.0
v11_vs_drz,before,0.040625,24.615384615384613,0.07287606562187741,0.14285714285714285,0.1970358524551192,3170,10.0,20.0
v11_vs_drz,before,0.040736607142857144,24.54794520547945,0.028897322969543324,0.14285714285714285,0.197483461108339,3060,10.0,20.0
v11_vs_drz,before,0.040848214285714286,24.48087431693989,0.033057886196086975,0.14285714285714285,0.19717976864090656,3134,10.0,20.0
v11_vs_drz,before,0.04095982142857143,24.4141689373297,0.05135548060587139,0.14285714285714285,0.19701210252814472,3176,10.0,20.0
v11_vs_drz,before,0.04107142857142857,24.347826086956523,0.06524495467168388,0.14285714285714285,0.19738378012086183,3084,10.0,20.0
v11_vs_drz,before,0.041183035714285714,24.281842818428185,0.07397658251697795,0.14285714285714285,0.19695694455425367,3190,10.0,20.0
v11_vs_drz,before,0.041294642857142856,24.216216216216218,0.0039464973633561795,0.14285714285714285,0.1970755845534379,3160,10.0,20.0
v11_vs_drz,before,0.04140625,24.150943396226417,0.032258255763188394,0.14285714285714285,0.1970755845534379,3160,10.0,20.0
v11_vs_drz,before,0.04151785714285714,24.086021505376344,0.0975194888936309,0.14285714285714285,0.19706762319057258,3162,10.0,20.0
v11_vs_drz,before,0.041629464285714284,24.021447721179626,0.10369335483785504,0.14285714285714285,0.19698053952908048,3184,10.0,20.0
v11_vs_drz,before,0.041741071428571426,23.9572192513369,0.0849811483276187,0.14285714285714285,0.19696480220931625,3188,10.0,20.0
v11_vs_drz,before,0.04185267857142857,23.893333333333334,0.049541187950683886,0.14285714285714285,0.19690995197425074,3202,10.0,20.0
v11_vs_drz,before,0.04196428571428571,23.829787234042556,0.02315367567063358,0.14285714285714285,0.1966864592271897,3260,10.0,20.0
v11_vs_drz,before,0.04207589285714285,23.766578249336874,0.04010683915915175,0.14285714285714285,0.19691776587158633,3200,10.0,20.0
v11_vs_drz,before,0.042187499999999996,23.703703703703706,0.06946537784461108,0.14285714285714285,0.19692558703358493,3198,10.0,20.0
v11_vs_drz,before,0.04229910714285714,23.641160949868077,0.1087523486403032,0.14285714285714285,0.19662584390434415,3276,10.0,20.0
v11_vs_drz,before,0.04241071428571429,23.57894736842105,0.02815939880007411,0.14285714285714285,0.1967398616607217,3246,10.0,20.0
v11_vs_drz,before,0.04252232142857143,23.517060367454068,0.046972173261675756,0.14285714285714285,0.1969334154715303,3196,10.0,20.0
v11_vs_drz,before,0.04263392857142857,23.455497382198953,0.030106175220454168,0.14285714285714285,0.19662584390434415,3276,10.0,20.0
v11_vs_drz,before,0.042745535714285715,23.39425587467363,0.0846510921467634,0.14285714285714285,0.19658818240465054,3286,10.0,20.0
v11_vs_drz,before,0.04285714285714286,23.333333333333332,0.02200787203944242,0.14285714285714285,0.19656566720869945,3292,10.0,20.0
v11_vs_drz,before,0.04296875,23.272727272727273,0.002303363514246532,0.14285714285714285,0.19674751854137398,3244,10.0,20.0
v11_vs_drz,before,0.04308035714285714,23.212435233160623,-0.00848299110390844,0.14285714285714285,0.19627841680223054,3370,10.0,20.0
v11_vs_drz,before,0.043191964285714285,23.152454780361758,0.05972382829980587,0.14285714285714285,0.19665609640424975,3268,10.0,20.0
v11_vs_drz,before,0.04330357142857143,23.09278350515464,0.07709699933308355,0.14285714285714285,0.1965506909503124,3296,10.0,20.0
v11_vs_drz,before,0.04341517857142857,23.033419023136247,0.06695960191665311,0.14285714285714285,0.19635112163071453,3350,10.0,20.0
v11_vs_drz,before,0.04352678571428571,22.974358974358974,0.01517990662207866,0.14285714285714285,0.19649105513285683,3312,10.0,20.0
v11_vs_drz,before,0.043638392857142855,22.915601023017903,0.031426611471301956,0.14285714285714285,0.1965506909503124,3296,10.0,20.0
v11_vs_drz,before,0.04375,22.857142857142858,0.0714368169904647,0.14285714285714285,0.19620635084804425,3390,10.0,20.0
v11_vs_drz,before,0.04386160714285714,22.798982188295167,0.08618549471246778,0.14285714285714285,0.19627118161272125,3372,10.0,20.0
v11_vs_drz,before,0.04397321428571428,22.741116751269036,0.09933323924174203,0.14285714285714285,0.19639505513636507,3338,10.0,20.0
v11_vs_drz,before,0.044084821428571425,22.683544303797472,0.009224388629035941,0.14285714285714285,0.19614203002159336,3408,10.0,20.0
v11_vs_drz,before,0.04419642857142857,22.62626262626263,0.036749227886533876,0.14285714285714285,0.19628565838032241,3368,10.0,20.0
v11_vs_drz,before,0.04430803571428571,22.569269521410583,0.01546473218211225,0.14285714285714285,0.19630742154042707,3362,10.0,20.0
v11_vs_drz,before,0.04441964285714286,22.51256281407035,-0.026901509826307072,0.14285714285714285,0.19604297333067175,3436,10.0,20.0
v11_vs_drz,before,0.04453125,22.45614035087719,0.04040214426921897,0.14285714285714285,0.19624230455271754,3380,10.0,20.0
v11_vs_drz,before,0.044642857142857144,22.4,0.055738648181142054,0.14285714285714285,0.19616341405099993,3402,10.0,20.0
v11_vs_drz,before,0.044754464285714286,22.34413965087282,0.0338763811945072,0.14285714285714285,0.19608527866196232,3424,10.0,20.0
v11_vs_drz,before,0.04486607142857143,22.28855721393035,0.02455119477161873,0.14285714285714285,0.19608527866196232,3424,10.0,20.0
v11_vs_drz,before,0.04497767857142857,22.233250620347395,0.015735571642453264,0.14285714285714285,0.19586903899227384,3486,10.0,20.0
v11_vs_drz,before,0.045089285714285714,22.17821782178218,0.02307268837499984,0.14285714285714285,0.19609942947499998,3420,10.0,20.0
v11_vs_drz,before,0.045200892857142856,22.123456790123456,0.04312286590103601,0.14285714285714285,0.19598690683769954,3452,10.0,20.0
v11_vs_drz,before,0.0453125,22.06896551724138,0.03859521221126491,0.14285714285714285,0.19578686266146458,3510,10.0,20.0
v11_vs_drz,before,0.04542410714285714,22.014742014742016,-0.003503639323481573,0.14285714285714285,0.195959018311031,3460,10.0,20.0
v11_vs_drz,before,0.045535714285714284,21.96078431372549,-0.0255685389920504,0.14285714285714285,0.1959242922263356,3470,10.0,20.0
v11_vs_drz,before,0.045647321428571426,21.90709046454768,0.030594567487442853,0.14285714285714285,0.1959312255268662,3468,10.0,20.0
v11_vs_drz,before,0.04575892857142857,21.853658536585368,0.026381720899387538,0.14285714285714285,0.19578005236369755,3512,10.0,20.0
v11_vs_drz,before,0.04587053571428571,21.800486618004868,-0.011894113965304876,0.14285714285714285,0.1957460872064342,3522,10.0,20.0
v11_vs_drz,before,0.04598214285714285,21.74757281553398,0.026444169706110687,0.14285714285714285,0.19567186631260183,3544,10.0,20.0
v11_vs_drz,before,0.046093749999999996,21.69491525423729,0.005861182086856353,0.14285714285714285,0.19601489165878555,3444,10.0,20.0
v11_vs_drz,before,0.04620535714285714,21.64251207729469,0.01132079762235507,0.14285714285714285,0.19554526746979894,3582,10.0,20.0
v11_vs_drz,before,0.04631696428571429,21.59036144578313,0.02381788674189209,0.14285714285714285,0.19557838863500912,3572,10.0,20.0
v11_vs_drz,before,0.04642857142857143,21.538461538461537,0.025109358140094948,0.14285714285714285,0.19587592500046092,3484,10.0,20.0
v11_vs_drz,before,0.04654017857142857,21.48681055155875,-0.015406502636380884,0.14285714285714285,0.19536229896004664,3638,10.0,20.0
v11_vs_drz,before,0.046651785714285715,21.43540669856459,-0.024582060664381726,0.14285714285714285,0.19572577688551,3528,10.0,20.0
v11_vs_drz,before,0.04676339285714286,21.384248210023866,0.0041074227714556185,0.14285714285714285,0.19565844520659162,3548,10.0,20.0
v11_vs_drz,before,0.046875,21.333333333333332,-0.002947119556720974,0.14285714285714285,0.19540115234939126,3626,10.0,20.0
v11_vs_drz,before,0.04698660714285714,21.282660332541568,0.03143127188885906,0.14285714285714285,0.19544672377293545,3612,10.0,20.0
v11_vs_drz,before,0.047098214285714285,21.232227488151658,0.04945771053508577,0.14285714285714285,0.1954663349047849,3606,10.0,20.0
v11_vs_drz,before,0.04720982142857143,21.182033096926716,0.039903996372931155,0.14285714285714285,0.1955651236363731,3576,10.0,20.0
v11_vs_drz,before,0.04732142857142857,21.132075471698116,0.023757693749073286,0.14285714285714285,0.19534294368347277,3644,10.0,20.0
v11_vs_drz,before,0.04743303571428571,21.08235294117647,0.03984479306591513,0.14285714285714285,0.19537522888070752,3634,10.0,20.0
v11_vs_drz,before,0.047544642857142855,21.03286384976526,0.025365312037698175,0.14285714285714285,0.19549912822785603,3596,10.0,20.0
v11_vs_drz,before,0.04765625,20.98360655737705,-0.011087585324054839,0.14285714285714285,0.19527876700452393,3664,10.0,20.0
v11_vs_drz,before,0.04776785714285714,20.93457943925234,0.01747840715905997,0.14285714285714285,0.19536229896004664,3638,10.0,20.0
v11_vs_drz,before,0.04787946428571428,20.88578088578089,-0.013975133380364428,0.14285714285714285,0.1952532420597071,3672,10.0,20.0
v11_vs_drz,before,0.047991071428571425,20.837209302325583,0.00477547817318218,0.14285714285714285,0.19534294368347277,3644,10.0,20.0
v11_vs_drz,before,0.04810267857142857,20.788863109048727,0.0286583683392298,0.14285714285714285,0.1950209946989822,3746,10.0,20.0
v11_vs_drz,before,0.04821428571428571,20.740740740740744,-0.009198224985301897,0.14285714285714285,0.19530437499553316,3656,10.0,20.0
v11_vs_drz,before,0.04832589285714286,20.69284064665127,-0.007437545508156037,0.14285714285714285,0.19526599417946083,3668,10.0,20.0
v11_vs_drz,before,0.0484375,20.64516129032258,0.02718131665189813,0.14285714285714285,0.19493488938335007,3774,10.0,20.0
v11_vs_drz,before,0.048549107142857144,20.597701149425287,-0.01687966040585714,0.14285714285714285,0.19539466351065476,3628,10.0,20.0
v11_vs_drz,before,0.048660714285714286,20.55045871559633,0.006717801844041815,0.14285714285714285,0.19489827749225433,3786,10.0,20.0
v11_vs_drz,before,0.04877232142857143,20.503432494279178,-0.005299336009504661,0.14285714285714285,0.19506440733704855,3732,10.0,20.0
v11_vs_drz,before,0.04888392857142857,20.45662100456621,0.03759491725364697,0.14285714285714285,0.19518979008893414,3692,10.0,20.0
v11_vs_drz,before,0.048995535714285714,20.41002277904328,0.011268780576495331,0.14285714285714285,0.19491046224945754,3782,10.0,20.0
v11_vs_drz,before,0.049107142857142856,20.363636363636363,-0.010899921148146365,0.14285714285714285,0.19500246310468877,3752,10.0,20.0
v11_vs_drz,before,0.04921875,20.317460317460316,0.012879989917820186,0.14285714285714285,0.19499013318559666,3756,10.0,20.0
v11_vs_drz,before,0.04933035714285714,20.271493212669682,-0.008763497509801836,0.14285714285714285,0.1948739653457362,3794,10.0,20.0
v11_vs_drz,before,0.049441964285714284,20.225733634311513,0.015356407824556922,0.14285714285714285,0.19488003622703962,3792,10.0,20.0
v11_vs_drz,before,0.049553571428571426,20.18018018018018,0.006647500628654547,0.14285714285714285,0.19489219229404334,3788,10.0,20.0
v11_vs_drz,before,0.04966517857142857,20.134831460674157,0.003308814924987721,0.14285714285714285,0.1950209946989822,3746,10.0,20.0
v11_vs_drz,before,0.04977678571428571,20.08968609865471,-0.0036373483937336376,0.14285714285714285,0.19475951592150462,3832,10.0,20.0
v11_vs_drz,before,0.04988839285714285,20.04474272930649,0.009654323420258678,0.14285714285714285,0.19485578123579675,3800,10.0,20.0
v11_vs_drz,before,0.049999999999999996,20.0,-0.9191517170118143,0.14285714285714285,0.8417399583909729,2,10.0,20.0
v11_vs_drz,after,0.0,inf,0.9999860239934916,0.14285714285714285,0.7560610050770457,3,10.0,20.0
v11_vs_drz,after,0.00011160714285714285,8960.0,0.9998876646858046,0.14285714285714285,0.5160568456025979,12,10.0,20.0
v11_vs_drz,after,0.0002232142857142857,4480.0,0.999653438692542,0.14285714285714285,0.43846389609946435,22,10.0,20.0
v11_vs_drz,after,0.0003348214285714286,2986.6666666666665,0.999923118924176,0.14285714285714285,0.41192739958594665,28,10.0,20.0
v11_vs_drz,after,0.0004464285714285714,2240.0,0.9993424734583279,0.14285714285714285,0.37684928940895107,40,10.0,20.0
v11_vs_drz,after,0.0005580357142857143,1792.0,0.9998048506366176,0.14285714285714285,0.3572655453148874,50,10.0,20.0
v11_vs_drz,after,0.0006696428571428571,1493.3333333333333,0.9996962543179543,0.14285714285714285,0.3607189084162777,48,10.0,20.0
v11_vs_drz,after,0.0007812499999999999,1280.0,0.999019432469681,0.14285714285714285,0.33301944154606616,68,10.0,20.0
v11_vs_drz,after,0.0008928571428571428,1120.0,0.9992122096545392,0.14285714285714285,0.3308883459615167,70,10.0,20.0
v11_vs_drz,after,0.0010044642857142856,995.5555555555557,0.9991903896884246,0.14285714285714285,0.32498105977643776,76,10.0,20.0
v11_vs_drz,after,0.0011160714285714285,896.0,0.998795652573602,0.14285714285714285,0.3120228149867766,92,10.0,20.0
v11_vs_drz,after,0.0012276785714285714,814.5454545454546,0.9983573237605888,0.14285714285714285,0.30307454563671804,106,10.0,20.0
v11_vs_drz,after,0.0013392857142857143,746.6666666666666,0.9982856317600788,0.14285714285714285,0.309276869488276,96,10.0,20.0
v11_vs_drz,after,0.0014508928571428572,689.2307692307692,0.999073648829814,0.14285714285714285,0.297657677511583,116,10.0,20.0
v11_vs_drz,after,0.0015624999999999999,640.0,0.9988639820745175,0.14285714285714285,0.28942028891226607,134,10.0,20.0
v11_vs_drz,after,0.0016741071428571428,597.3333333333334,0.9962772332186072,0.14285714285714285,0.2956748612128594,120,10.0,20.0
v11_vs_drz,after,0.0017857142857142857,560.0,0.9978846795815274,0.14285714285714285,0.28476380812712476,146,10.0,20.0
v11_vs_drz,after,0.0018973214285714286,527.0588235294118,0.9971240414168528,0.14285714285714285,0.2812856424436456,156,10.0,20.0
v11_vs_drz,after,0.0020089285714285712,497.7777777777778,0.9992944046585506,0.14285714285714285,0.28702018719502587,140,10.0,20.0
v11_vs_drz,after,0.002120535714285714,471.5789473684211,0.9991660560047674,0.14285714285714285,0.2757709533720164,174,10.0,20.0
v11_vs_drz,after,0.002232142857142857,448.0,0.9996012346714087,0.14285714285714285,0.27520913338899333,176,10.0,20.0
v11_vs_drz,after,0.00234375,426.6666666666667,0.9995800611186055,0.14285714285714285,0.273051000260408,184,10.0,20.0
v11_vs_drz,after,0.002455357142857143,407.2727272727273,0.9993936580205236,0.14285714285714285,0.2705369635786124,194,10.0,20.0
v11_vs_drz,after,0.0025669642857142857,389.5652173913044,0.9995855742367487,0.14285714285714285,0.269116846861646,200,10.0,20.0
v11_vs_drz,after,0.0026785714285714286,373.3333333333333,0.9996806969648496,0.14285714285714285,0.26731663903915925,208,10.0,20.0
v11_vs_drz,after,0.0027901785714285715,358.4,0.9993963559984019,0.14285714285714285,0.2668822084027434,210,10.0,20.0
v11_vs_drz,after,0.0029017857142857144,344.6153846153846,0.9997240279299472,0.14285714285714285,0.26173150991010213,236,10.0,20.0
v11_vs_drz,after,0.003013392857142857,331.8518518518519,0.9996618422911573,0.14285714285714285,0.2632250986856457,228,10.0,20.0
v11_vs_drz,after,0.0031249999999999997,320.0,0.9992759755575005,0.14285714285714285,0.2613695641695868,238,10.0,20.0
v11_vs_drz,after,0.0032366071428571426,308.96551724137936,0.9995014664671281,0.14285714285714285,0.2576597972433477,260,10.0,20.0
v11_vs_drz,after,0.0033482142857142855,298.6666666666667,0.9985961258075262,0.14285714285714285,0.2586250244740691,254,10.0,20.0
v11_vs_drz,after,0.0034598214285714284,289.03225806451616,0.9988769772627151,0.14285714285714285,0.25523709705862524,276,10.0,20.0
v11_vs_drz,after,0.0035714285714285713,280.0,0.9981882221056311,0.14285714285714285,0.25582326430374547,272,10.0,20.0
v11_vs_drz,after,0.003683035714285714,271.5151515151515,0.9986591673423194,0.14285714285714285,0.2527449491574839,294,10.0,20.0
v11_vs_drz,after,0.003794642857142857,263.5294117647059,0.9990239668930189,0.14285714285714285,0.25410107451462977,284,10.0,20.0
v11_vs_drz,after,0.00390625,256.0,0.9969611348899238,0.14285714285714285,0.2514544516681247,304,10.0,20.0
v11_vs_drz,after,0.0040178571428571425,248.8888888888889,0.9974268914492912,0.14285714285714285,0.24928083583453234,322,10.0,20.0
v11_vs_drz,after,0.004129464285714286,242.16216216216216,0.9976950221193275,0.14285714285714285,0.2514544516681247,304,10.0,20.0
v11_vs_drz,after,0.004241071428571428,235.78947368421055,0.9961803270014353,0.14285714285714285,0.24905026945843273,324,10.0,20.0
v11_vs_drz,after,0.004352678571428572,229.74358974358972,0.9949348681846464,0.14285714285714285,0.24582376798178943,354,10.0,20.0
v11_vs_drz,after,0.004464285714285714,224.0,0.9980037824939522,0.14285714285714285,0.24770924671322134,336,10.0,20.0
v11_vs_drz,after,0.004575892857142857,218.53658536585365,0.9936526134165753,0.14285714285714285,0.24643640318775006,348,10.0,20.0
v11_vs_drz,after,0.0046875,213.33333333333334,0.9909592290410798,0.14285714285714285,0.24426173259637654,370,10.0,20.0
v11_vs_drz,after,0.004799107142857142,208.37209302325584,0.9962766958407995,0.14285714285714285,0.24407341871811294,372,10.0,20.0
v11_vs_drz,after,0.004910714285714286,203.63636363636365,0.9962712999047968,0.14285714285714285,0.24388657961491628,374,10.0,20.0
v11_vs_drz,after,0.005022321428571428,199.11111111111114,0.9966696515362082,0.14285714285714285,0.24124866466885456,404,10.0,20.0
v11_vs_drz,after,0.005133928571428571,194.7826086956522,0.9981919078869701,0.14285714285714285,0.24226832878047586,392,10.0,20.0
v11_vs_drz,after,0.005245535714285714,190.63829787234044,0.9983454344431445,0.14285714285714285,0.2427954615022515,386,10.0,20.0
v11_vs_drz,after,0.005357142857142857,186.66666666666666,0.9976598297768642,0.14285714285714285,0.23964416299559071,424,10.0,20.0
v11_vs_drz,after,0.00546875,182.85714285714286,0.9966275817501178,0.14285714285714285,0.24027239659586974,416,10.0,20.0
v11_vs_drz,after,0.005580357142857143,179.2,0.9950018769633756,0.14285714285714285,0.2388828626474958,434,10.0,20.0
v11_vs_drz,after,0.0056919642857142854,175.68627450980392,0.9958783701980768,0.14285714285714285,0.2384383044776066,440,10.0,20.0
v11_vs_drz,after,0.005803571428571429,172.3076923076923,0.9972175357651539,0.14285714285714285,0.23757528612232023,452,10.0,20.0
v11_vs_drz,after,0.005915178571428571,169.05660377358492,0.9956092624523868,0.14285714285714285,0.23688135961430892,462,10.0,20.0
v11_vs_drz,after,0.006026785714285714,165.92592592592595,0.9962272065023949,0.14285714285714285,0.23785919155913984,448,10.0,20.0
v11_vs_drz,after,0.006138392857142857,162.9090909090909,0.9964299309338146,0.14285714285714285,0.23517586182327832,488,10.0,20.0
v11_vs_drz,after,0.0062499999999999995,160.0,0.9977277043980477,0.14285714285714285,0.23607716377209612,474,10.0,20.0
v11_vs_drz,after,0.006361607142857143,157.19298245614036,0.9979165837966987,0.14285714285714285,0.23568617177506457,480,10.0,20.0
v11_vs_drz,after,0.006473214285714285,154.48275862068968,0.9969561081938072,0.14285714285714285,0.23359868826190747,514,10.0,20.0
v11_vs_drz,after,0.006584821428571429,151.864406779661,0.994252383505845,0.14285714285714285,0.23348222347930858,516,10.0,20.0
v11_vs_drz,after,0.006696428571428571,149.33333333333334,0.9960149496156154,0.14285714285714285,0.23467767886949623,496,10.0,20.0
v11_vs_drz,after,0.006808035714285714,146.88524590163934,0.9963972223305386,0.14285714285714285,0.23246304055541317,534,10.0,20.0
v11_vs_drz,after,0.006919642857142857,144.51612903225808,0.9974544885471627,0.14285714285714285,0.23191835858106052,544,10.0,20.0
v11_vs_drz,after,0.00703125,142.22222222222223,0.9977637736365792,0.14285714285714285,0.23348222347930858,516,10.0,20.0
v11_vs_drz,after,0.007142857142857143,140.0,0.9974307092754957,0.14285714285714285,0.23118003674182988,558,10.0,20.0
v11_vs_drz,after,0.007254464285714285,137.84615384615387,0.9981789530268624,0.14285714285714285,0.23066911942921098,568,10.0,20.0
v11_vs_drz,after,0.007366071428571428,135.75757575757575,0.9985653337274749,0.14285714285714285,0.23257377696061368,532,10.0,20.0
v11_vs_drz,after,0.007477678571428571,133.7313432835821,0.9970683198623541,0.14285714285714285,0.22865956785210217,610,10.0,20.0
v11_vs_drz,after,0.007589285714285714,131.76470588235296,0.9953890250977449,0.14285714285714285,0.2300731936178756,580,10.0,20.0
v11_vs_drz,after,0.007700892857142857,129.85507246376812,0.9975263981469579,0.14285714285714285,0.22987856279938831,584,10.0,20.0
v11_vs_drz,after,0.0078125,128.0,0.9962883341649376,0.14285714285714285,0.22847879956174852,614,10.0,20.0
v11_vs_drz,after,0.007924107142857142,126.19718309859155,0.9971744027226728,0.14285714285714285,0.22856896654528058,612,10.0,20.0
v11_vs_drz,after,0.008035714285714285,124.44444444444446,0.9973781815263663,0.14285714285714285,0.22794672665157004,626,10.0,20.0
v11_vs_drz,after,0.008147321428571429,122.73972602739725,0.9962605703828827,0.14285714285714285,0.22856896654528058,612,10.0,20.0
v11_vs_drz,after,0.008258928571428572,121.08108108108108,0.9971047949496287,0.14285714285714285,0.22751466188342373,636,10.0,20.0
v11_vs_drz,after,0.008370535714285714,119.46666666666667,0.9967385314656074,0.14285714285714285,0.22709247611069447,646,10.0,20.0
v11_vs_drz,after,0.008482142857142856,117.89473684210527,0.9978614877466505,0.14285714285714285,0.2270091913293758,648,10.0,20.0
v11_vs_drz,after,0.008593749999999999,116.36363636363637,0.9974290186886784,0.14285714285714285,0.22684375089361272,652,10.0,20.0
v11_vs_drz,after,0.008705357142857143,114.87179487179486,0.996900127648701,0.14285714285714285,0.22580365493397495,678,10.0,20.0
v11_vs_drz,after,0.008816964285714286,113.41772151898735,0.9966185202056131,0.14285714285714285,0.22572608133433805,680,10.0,20.0
v11_vs_drz,after,0.008928571428571428,112.0,0.9969053116125007,0.14285714285714285,0.22572608133433805,680,10.0,20.0
v11_vs_drz,after,0.00904017857142857,110.61728395061729,0.9951779508199422,0.14285714285714285,0.2247472633332211,706,10.0,20.0
v11_vs_drz,after,0.009151785714285715,109.26829268292683,0.9951085757977132,0.14285714285714285,0.2252675931499613,692,10.0,20.0
v11_vs_drz,after,0.009263392857142857,107.95180722891567,0.9940960896872554,0.14285714285714285,0.22511735629687746,696,10.0,20.0
v11_vs_drz,after,0.009375,106.66666666666667,0.9947040408002761,0.14285714285714285,0.22347634762040358,742,10.0,20.0
v11_vs_drz,after,0.009486607142857142,105.41176470588236,0.9945106471232784,0.14285714285714285,0.22467416992987052,708,10.0,20.0
v11_vs_drz,after,0.009598214285714285,104.18604651162792,0.993687153051749,0.14285714285714285,0.22280884262303868,762,10.0,20.0
v11_vs_drz,after,0.009709821428571429,102.98850574712644,0.988001276178918,0.14285714285714285,0.22368179007692848,736,10.0,20.0
v11_vs_drz,after,0.009821428571428571,101.81818181818183,0.9844979756104092,0.14285714285714285,0.22287442635809016,760,10.0,20.0
v11_vs_drz,after,0.009933035714285714,100.67415730337079,0.992897884603392,0.14285714285714285,0.22229315058834048,778,10.0,20.0
v11_vs_drz,after,0.010044642857142856,99.55555555555557,0.9946810855573391,0.14285714285714285,0.22261360373636063,768,10.0,20.0
v11_vs_drz,after,0.01015625,98.46153846153845,0.9933705262931881,0.14285714285714285,0.22287442635809016,760,10.0,20.0
v11_vs_drz,after,0.010267857142857143,97.3913043478261,0.991131284330363,0.14285714285714285,0.22191652760781277,790,10.0,20.0
v11_vs_drz,after,0.010379464285714285,96.34408602150538,0.9912637744035308,0.14285714285714285,0.2212474895498582,812,10.0,20.0
v11_vs_drz,after,0.010491071428571428,95.31914893617022,0.9927281928973358,0.14285714285714285,0.2214876516950723,804,10.0,20.0
v11_vs_drz,after,0.010602678571428572,94.3157894736842,0.9921468034794121,0.14285714285714285,0.22130720212890542,810,10.0,20.0
v11_vs_drz,after,0.010714285714285714,93.33333333333333,0.9925482219570566,0.14285714285714285,0.2206620549790673,832,10.0,20.0
v11_vs_drz,after,0.010825892857142857,92.37113402061856,0.9921413766394482,0.14285714285714285,0.2216090580540805,800,10.0,20.0
v11_vs_drz,after,0.0109375,91.42857142857143,0.9923989910861217,0.14285714285714285,0.2198217694523472,862,10.0,20.0
v11_vs_drz,after,0.011049107142857142,90.50505050505052,0.9926755297333013,0.14285714285714285,0.22020844574520457,848,10.0,20.0
v11_vs_drz,after,0.011160714285714286,89.6,0.987857448994809,0.14285714285714285,0.21928516426814687,882,10.0,20.0
v11_vs_drz,after,0.011272321428571428,88.71287128712872,0.9800429566811663,0.14285714285714285,0.22077747178815657,828,10.0,20.0
v11_vs_drz,after,0.011383928571428571,87.84313725490196,0.9823276921100879,0.14285714285714285,0.21955119748619267,872,10.0,20.0
v11_vs_drz,after,0.011495535714285713,86.99029126213593,0.9825419128410392,0.14285714285714285,0.21856336410973248,910,10.0,20.0
v11_vs_drz,after,0.011607142857142858,86.15384615384615,0.9818270551660332,0.14285714285714285,0.21965887440375706,868,10.0,20.0
v11_vs_drz,after,0.01171875,85.33333333333333,0.9784341374145787,0.14285714285714285,0.21902354389357315,892,10.0,20.0
v11_vs_drz,after,0.011830357142857142,84.52830188679246,0.9782463110041563,0.14285714285714285,0.2181654494608149,926,10.0,20.0
v11_vs_drz,after,0.011941964285714285,83.73831775700936,0.9738093659822966,0.14285714285714285,0.21841294458748992,916,10.0,20.0
v11_vs_drz,after,0.012053571428571427,82.96296296296298,0.9854756130979279,0.14285714285714285,0.21851306204381743,912,10.0,20.0
v11_vs_drz,after,0.012165178571428572,82.20183486238533,0.9889533568102677,0.14285714285714285,0.21758723335053728,950,10.0,20.0
v11_vs_drz,after,0.012276785714285714,81.45454545454545,0.9891209809478048,0.14285714285714285,0.21744603829804665,956,10.0,20.0
v11_vs_drz,after,0.012388392857142856,80.72072072072072,0.9889013420780028,0.14285714285714285,0.21861382957564643,908,10.0,20.0
v11_vs_drz,after,0.012499999999999999,80.0,0.9838173604333379,0.14285714285714285,0.21675920204107632,986,10.0,20.0
v11_vs_drz,after,0.012611607142857143,79.29203539823008,0.9840419891720399,0.14285714285714285,0.21725980028494588,964,10.0,20.0
v11_vs_drz,after,0.012723214285714286,78.59649122807018,0.9831970957159942,0.14285714285714285,0.21721359693608783,966,10.0,20.0
v11_vs_drz,after,0.012834821428571428,77.91304347826087,0.9741969094223267,0.14285714285714285,0.21644914346158642,1000,10.0,20.0
v11_vs_drz,after,0.01294642857142857,77.24137931034484,0.9765405972398439,0.14285714285714285,0.21653707458648785,996,10.0,20.0
v11_vs_drz,after,0.013058035714285715,76.58119658119658,0.9802337191732563,0.14285714285714285,0.21649304397049488,998,10.0,20.0
v11_vs_drz,after,0.013169642857142857,75.9322033898305,0.982926419748112,0.14285714285714285,0.21610254718236965,1016,10.0,20.0
v11_vs_drz,after,0.01328125,75.29411764705883,0.9843748963013563,0.14285714285714285,0.21618843703925994,1012,10.0,20.0
v11_vs_drz,after,0.013392857142857142,74.66666666666667,0.9735227178268284,0.14285714285714285,0.21605978929178232,1018,10.0,20.0
v11_vs_drz,after,0.013504464285714285,74.04958677685951,0.9771545794810096,0.14285714285714285,0.21551499634696136,1044,10.0,20.0
v11_vs_drz,after,0.013616071428571429,73.44262295081967,0.9828131965115715,0.14285714285714285,0.21568047213382657,1036,10.0,20.0
v11_vs_drz,after,0.013727678571428571,72.84552845528455,0.9698152723362982,0.14285714285714285,0.21498988471428435,1070,10.0,20.0
v11_vs_drz,after,0.013839285714285714,72.25806451612904,0.9712377016357122,0.14285714285714285,0.21543295911437524,1048,10.0,20.0
v11_vs_drz,after,0.013950892857142856,71.68,0.9517648546987716,0.14285714285714285,0.2148713755575323,1076,10.0,20.0
v11_vs_drz,after,0.0140625,71.11111111111111,0.9688091933824943,0.14285714285714285,0.21475383879638116,1082,10.0,20.0
v11_vs_drz,after,0.014174107142857143,70.55118110236221,0.9802341348849596,0.14285714285714285,0.21471487366377726,1084,10.0,20.0
v11_vs_drz,after,0.014285714285714285,70.0,0.9800604576732928,0.14285714285714285,0.21459861283869502,1090,10.0,20.0
v11_vs_drz,after,0.014397321428571428,69.45736434108528,0.9774310554934496,0.14285714285714285,0.21425543086377571,1108,10.0,20.0
v11_vs_drz,after,0.01450892857142857,68.92307692307693,0.9497462652706741,0.14285714285714285,0.21456006915830092,1092,10.0,20.0
v11_vs_drz,after,0.014620535714285714,68.3969465648855,0.9527913014465741,0.14285714285714285,0.21355728664025345,1146,10.0,20.0
v11_vs_drz,after,0.014732142857142857,67.87878787878788,0.9754309314966306,0.14285714285714285,0.21366522853675965,1140,10.0,20.0
v11_vs_drz,after,0.01484375,67.36842105263158,0.961251558675916,0.14285714285714285,0.2143309783773013,1104,10.0,20.0
v11_vs_drz,after,0.014955357142857142,66.86567164179105,0.9527520011174835,0.14285714285714285,0.21279046829950965,1190,10.0,20.0
v11_vs_drz,after,0.015066964285714286,66.37037037037037,0.9677969726917383,0.14285714285714285,0.21373765748018866,1136,10.0,20.0
v11_vs_drz,after,0.015178571428571428,65.88235294117648,0.9605949199475509,0.14285714285714285,0.21352149146774207,1148,10.0,20.0
v11_vs_drz,after,0.015290178571428571,65.4014598540146,0.9527073313335962,0.14285714285714285,0.21285843635360488,1186,10.0,20.0
v11_vs_drz,after,0.015401785714285713,64.92753623188406,0.9515343755723626,0.14285714285714285,0.21282441002983377,1188,10.0,20.0
v11_vs_drz,after,0.015513392857142856,64.46043165467627,0.9583894635165986,0.14285714285714285,0.21337922749072738,1156,10.0,20.0
v11_vs_drz,after,0.015625,64.0,0.953083891963635,0.14285714285714285,0.212000361835817,1238,10.0,20.0
v11_vs_drz,after,0.015736607142857142,63.54609929078014,0.9808234034156592,0.14285714285714285,0.2124887421904062,1208,10.0,20.0
v11_vs_drz,after,0.015848214285714285,63.098591549295776,0.9838760528171668,0.14285714285714285,0.2127228372174348,1194,10.0,20.0
v11_vs_drz,after,0.015959821428571427,62.65734265734266,0.9819584168880131,0.14285714285714285,0.2120323741059451,1236,10.0,20.0
v11_vs_drz,after,0.01607142857142857,62.22222222222223,0.9728360886117239,0.14285714285714285,0.2120323741059451,1236,10.0,20.0
v11_vs_drz,after,0.016183035714285712,61.79310344827587,0.9450761819247125,0.14285714285714285,0.21187307369980893,1246,10.0,20.0
v11_vs_drz,after,0.016294642857142858,61.36986301369863,0.9465275648750235,0.14285714285714285,0.21216119331021152,1228,10.0,20.0
v11_vs_drz,after,0.01640625,60.95238095238095,0.930299175420072,0.14285714285714285,0.21159104545450594,1264,10.0,20.0
v11_vs_drz,after,0.016517857142857143,60.54054054054054,0.9123422223016852,0.14285714285714285,0.21149835269259598,1270,10.0,20.0
v11_vs_drz,after,0.016629464285714286,60.13422818791946,0.9310236076007355,0.14285714285714285,0.21177839816474361,1252,10.0,20.0
v11_vs_drz,after,0.016741071428571428,59.733333333333334,0.9111403894155272,0.14285714285714285,0.21134529561252643,1280,10.0,20.0
v11_vs_drz,after,0.01685267857142857,59.337748344370866,0.9357993001086348,0.14285714285714285,0.21054834880675766,1334,10.0,20.0
v11_vs_drz,after,0.016964285714285713,58.94736842105264,0.9612528082261955,0.14285714285714285,0.21159104545450594,1264,10.0,20.0
v11_vs_drz,after,0.017075892857142855,58.56209150326798,0.9731148878832968,0.14285714285714285,0.21080861501660042,1316,10.0,20.0
v11_vs_drz,after,0.017187499999999998,58.18181818181819,0.9686410028949842,0.14285714285714285,0.2104912166657718,1338,10.0,20.0
v11_vs_drz,after,0.017299107142857144,57.806451612903224,0.9535627103251076,0.14285714285714285,0.2112241179090306,1288,10.0,20.0
v11_vs_drz,after,0.017410714285714286,57.43589743589743,0.9446092005542326,0.14285714285714285,0.21009825045931166,1366,10.0,20.0
v11_vs_drz,after,0.01752232142857143,57.07006369426752,0.9716260619332776,0.14285714285714285,0.21034948559464076,1348,10.0,20.0
v11_vs_drz,after,0.01763392857142857,56.708860759493675,0.9299955768729082,0.14285714285714285,0.21046274528313325,1340,10.0,20.0
v11_vs_drz,after,0.017745535714285714,56.35220125786164,0.8905366605975105,0.14285714285714285,0.2102651915533084,1354,10.0,20.0
v11_vs_drz,after,0.017857142857142856,56.0,0.896934797862165,0.14285714285714285,0.20979775932161346,1388,10.0,20.0
v11_vs_drz,after,0.01796875,55.652173913043484,0.9389910797745634,0.14285714285714285,0.21001559151209073,1372,10.0,20.0
v11_vs_drz,after,0.01808035714285714,55.308641975308646,0.941018087309152,0.14285714285714285,0.20993346585157174,1378,10.0,20.0
v11_vs_drz,after,0.018191964285714284,54.96932515337424,0.93281612013229,0.14285714285714285,0.20969023176701643,1396,10.0,20.0
v11_vs_drz,after,0.01830357142857143,54.63414634146341,0.9200814941455807,0.14285714285714285,0.20974388120426476,1392,10.0,20.0
v11_vs_drz,after,0.018415178571428572,54.303030303030305,0.9280573565061278,0.14285714285714285,0.20924322011539456,1430,10.0,20.0
v11_vs_drz,after,0.018526785714285714,53.975903614457835,0.8955323978878038,0.14285714285714285,0.20937304795788578,1420,10.0,20.0
v11_vs_drz,after,0.018638392857142857,53.65269461077845,0.8757127798891702,0.14285714285714285,0.20958361247909307,1404,10.0,20.0
v11_vs_drz,after,0.01875,53.333333333333336,0.8932481451225098,0.14285714285714285,0.20908918974285123,1442,10.0,20.0
v11_vs_drz,after,0.018861607142857142,53.01775147928994,0.8959105918166708,0.14285714285714285,0.2091147294392002,1440,10.0,20.0
v11_vs_drz,after,0.018973214285714284,52.70588235294118,0.9208226838657281,0.14285714285714285,0.20878674915614567,1466,10.0,20.0
v11_vs_drz,after,0.019084821428571427,52.397660818713454,0.8154386309592331,0.14285714285714285,0.20896227354363328,1452,10.0,20.0
v11_vs_drz,after,0.01919642857142857,52.09302325581396,0.8487537931049549,0.14285714285714285,0.20861368932701757,1480,10.0,20.0
v11_vs_drz,after,0.019308035714285715,51.79190751445086,0.8226386419274354,0.14285714285714285,0.20849155226945118,1490,10.0,20.0
v11_vs_drz,after,0.019419642857142858,51.49425287356322,0.8676533065705732,0.14285714285714285,0.20886166870324252,1460,10.0,20.0
v11_vs_drz,after,0.01953125,51.2,0.8742502978728451,0.14285714285714285,0.20832258514572422,1504,10.0,20.0
v11_vs_drz,after,0.019642857142857142,50.909090909090914,0.7949133064700902,0.14285714285714285,0.20820331375489703,1514,10.0,20.0
v11_vs_drz,after,0.019754464285714285,50.621468926553675,0.7992076329024347,0.14285714285714285,0.2080852033992908,1524,10.0,20.0
v11_vs_drz,after,0.019866071428571427,50.337078651685395,0.7977048982163879,0.14285714285714285,0.20822707454226386,1512,10.0,20.0
v11_vs_drz,after,0.01997767857142857,50.05586592178771,0.8271396065369377,0.14285714285714285,0.2076466470245122,1562,10.0,20.0
v11_vs_drz,after,0.020089285714285712,49.777777777777786,0.8444301248763579,0.14285714285714285,0.20817959940754727,1516,10.0,20.0
v11_vs_drz,after,0.020200892857142858,49.50276243093922,0.9083783540310438,0.14285714285714285,0.20817959940754727,1516,10.0,20.0
v11_vs_drz,after,0.0203125,49.230769230769226,0.905075356915365,0.14285714285714285,0.2071581805789342,1606,10.0,20.0
v11_vs_drz,after,0.020424107142857143,48.96174863387978,0.8595398430861833,0.14285714285714285,0.2078523911652866,1544,10.0,20.0
v11_vs_drz,after,0.020535714285714286,48.69565217391305,0.8936317160489287,0.14285714285714285,0.20751142498562736,1574,10.0,20.0
v11_vs_drz,after,0.020647321428571428,48.432432432432435,0.9509367129568883,0.14285714285714285,0.207311430402214,1592,10.0,20.0
v11_vs_drz,after,0.02075892857142857,48.17204301075269,0.9470473902798299,0.14285714285714285,0.20766933369874285,1560,10.0,20.0
v11_vs_drz,after,0.020870535714285713,47.9144385026738,0.9174375394488954,0.14285714285714285,0.2072455083727941,1598,10.0,20.0
v11_vs_drz,after,0.020982142857142855,47.65957446808511,0.8637341877206581,0.14285714285714285,0.20679410702631273,1640,10.0,20.0
v11_vs_drz,after,0.021093749999999998,47.40740740740741,0.9019446467584973,0.14285714285714285,0.2070931065498322,1612,10.0,20.0
v11_vs_drz,after,0.021205357142857144,47.1578947368421,0.8850507825770358,0.14285714285714285,0.20733348626347292,1590,10.0,20.0
v11_vs_drz,after,0.021316964285714286,46.910994764397905,0.8558685155533359,0.14285714285714285,0.2068363565335541,1636,10.0,20.0
v11_vs_drz,after,0.02142857142857143,46.666666666666664,0.8485805188973645,0.14285714285714285,0.20646152179686691,1672,10.0,20.0
v11_vs_drz,after,0.02154017857142857,46.424870466321245,0.8920783264698412,0.14285714285714285,0.20677303948480721,1642,10.0,20.0
v11_vs_drz,after,0.021651785714285714,46.18556701030928,0.9293502670852731,0.14285714285714285,0.20654377883697478,1664,10.0,20.0
v11_vs_drz,after,0.021763392857142856,45.94871794871795,0.9397137168474661,0.14285714285714285,0.2069213164900138,1628,10.0,20.0
v11_vs_drz,after,0.021875,45.714285714285715,0.928813114465824,0.14285714285714285,0.20615817865004304,1702,10.0,20.0
v11_vs_drz,after,0.02198660714285714,45.48223350253807,0.9534130082295397,0.14285714285714285,0.2063798459329584,1680,10.0,20.0
v11_vs_drz,after,0.022098214285714284,45.25252525252526,0.9298521297003332,0.14285714285714285,0.20607862228912602,1710,10.0,20.0
v11_vs_drz,after,0.02220982142857143,45.0251256281407,0.8987863691037304,0.14285714285714285,0.2060193161196826,1716,10.0,20.0
v11_vs_drz,after,0.022321428571428572,44.8,0.872606886233612,0.14285714285714285,0.2064206116472992,1676,10.0,20.0
v11_vs_drz,after,0.022433035714285714,44.5771144278607,0.844528723909158,0.14285714285714285,0.20568896146044316,1750,10.0,20.0
v11_vs_drz,after,0.022544642857142857,44.35643564356436,0.8781060353114889,0.14285714285714285,0.20586265784981742,1732,10.0,20.0
v11_vs_drz,after,0.02265625,44.13793103448276,0.8765592793632282,0.14285714285714285,0.20625840693654623,1692,10.0,20.0
v11_vs_drz,after,0.022767857142857142,43.92156862745098,0.8749267190711365,0.14285714285714285,0.20561261066388095,1758,10.0,20.0
v11_vs_drz,after,0.022879464285714284,43.707317073170735,0.8809524885010448,0.14285714285714285,0.20563165001517575,1756,10.0,20.0
v11_vs_drz,after,0.022991071428571427,43.49514563106796,0.8659978745182765,0.14285714285714285,0.2059799491398533,1720,10.0,20.0
v11_vs_drz,after,0.02310267857142857,43.28502415458938,0.909275337393325,0.14285714285714285,0.2050559530372921,1818,10.0,20.0
v11_vs_drz,after,0.023214285714285715,43.07692307692307,0.9333272552014806,0.14285714285714285,0.20529377749698421,1792,10.0,20.0
v11_vs_drz,after,0.023325892857142858,42.87081339712918,0.928331058330744,0.14285714285714285,0.20578513067261447,1740,10.0,20.0
v11_vs_drz,after,0.0234375,42.666666666666664,0.9326818956517595,0.14285714285714285,0.2049478815407546,1830,10.0,20.0
v11_vs_drz,after,0.023549107142857142,42.464454976303315,0.8696995150898207,0.14285714285714285,0.2053308201973659,1788,10.0,20.0
v11_vs_drz,after,0.023660714285714285,42.26415094339623,0.8904185474599313,0.14285714285714285,0.2051650873580342,1806,10.0,20.0
v11_vs_drz,after,0.023772321428571427,42.06572769953052,0.8708251979095493,0.14285714285714285,0.20500178551890139,1824,10.0,20.0
v11_vs_drz,after,0.02388392857142857,41.86915887850468,0.8176857235448155,0.14285714285714285,0.2050378677827802,1820,10.0,20.0
v11_vs_drz,after,0.023995535714285712,41.674418604651166,0.8284120035624056,0.14285714285714285,0.20473485868990474,1854,10.0,20.0
v11_vs_drz,after,0.024107142857142855,41.48148148148149,0.8370241785014981,0.14285714285714285,0.20489423896779435,1836,10.0,20.0
v11_vs_drz,after,0.02421875,41.29032258064516,0.8064876154567877,0.14285714285714285,0.20482311852246032,1844,10.0,20.0
v11_vs_drz,after,0.024330357142857143,41.10091743119266,0.761282125121629,0.14285714285714285,0.20428703415014268,1906,10.0,20.0
v11_vs_drz,after,0.024441964285714286,40.91324200913242,0.8056336091132948,0.14285714285714285,0.20485862143419345,1840,10.0,20.0
v11_vs_drz,after,0.024553571428571428,40.72727272727273,0.8273520188806159,0.14285714285714285,0.20443997892001115,1888,10.0,20.0
v11_vs_drz,after,0.02466517857142857,40.542986425339365,0.8703321394963268,0.14285714285714285,0.20432083629059994,1902,10.0,20.0
v11_vs_drz,after,0.024776785714285713,40.36036036036036,0.9120423982130932,0.14285714285714285,0.20478772961770136,1848,10.0,20.0
v11_vs_drz,after,0.024888392857142855,40.17937219730942,0.9357048058805857,0.14285714285714285,0.20406985646203774,1932,10.0,20.0
v11_vs_drz,after,0.024999999999999998,40.0,0.8149701343494612,0.14285714285714285,0.20405333008241125,1934,10.0,20.0
v11_vs_drz,after,0.02511160714285714,39.82222222222222,0.810493823561409,0.14285714285714285,0.20443997892001115,1888,10.0,20.0
v11_vs_drz,after,0.025223214285714286,39.64601769911504,0.782574166594864,0.14285714285714285,0.20395470143415717,1946,10.0,20.0
v11_vs_drz,after,0.02533482142857143,39.47136563876652,0.7687206489285099,0.14285714285714285,0.20380843789404254,1964,10.0,20.0
v11_vs_drz,after,0.02544642857142857,39.29824561403509,0.7924002416794386,0.14285714285714285,0.20397107681264137,1944,10.0,20.0
v11_vs_drz,after,0.025558035714285714,39.12663755458515,0.8128425251572644,0.14285714285714285,0.2038245910506852,1962,10.0,20.0
v11_vs_drz,after,0.025669642857142856,38.95652173913044,0.8191798457826215,0.14285714285714285,0.20368008519926165,1980,10.0,20.0
v11_vs_drz,after,0.02578125,38.78787878787879,0.8396184388201469,0.14285714285714285,0.20406985646203774,1932,10.0,20.0
v11_vs_drz,after,0.02589285714285714,38.62068965517242,0.8849532695051182,0.14285714285714285,0.20360064332422378,1990,10.0,20.0
v11_vs_drz,after,0.026004464285714284,38.4549356223176,0.8780688943039264,0.14285714285714285,0.20345912978831718,2008,10.0,20.0
v11_vs_drz,after,0.02611607142857143,38.29059829059829,0.8720590051656345,0.14285714285714285,0.20380843789404254,1964,10.0,20.0
v11_vs_drz,after,0.026227678571428572,38.12765957446808,0.8169955232241994,0.14285714285714285,0.20335035825347117,2022,10.0,20.0
v11_vs_drz,after,0.026339285714285714,37.96610169491525,0.8612234876574589,0.14285714285714285,0.20333491064606968,2024,10.0,20.0
v11_vs_drz,after,0.026450892857142857,37.80590717299578,0.894444534819237,0.14285714285714285,0.20333491064606968,2024,10.0,20.0
v11_vs_drz,after,0.0265625,37.64705882352941,0.8923365315933142,0.14285714285714285,0.20338132157581876,2018,10.0,20.0
v11_vs_drz,after,0.026674107142857142,37.48953974895397,0.8652932769523314,0.14285714285714285,0.2030306380195964,2064,10.0,20.0
v11_vs_drz,after,0.026785714285714284,37.333333333333336,0.8810976579566363,0.14285714285714285,0.2030156542404139,2066,10.0,20.0
v11_vs_drz,after,0.026897321428571427,37.178423236514526,0.8931679692912468,0.14285714285714285,0.20352179142430754,2000,10.0,20.0
v11_vs_drz,after,0.02700892857142857,37.02479338842976,0.9034427173077613,0.14285714285714285,0.20276417883135758,2100,10.0,20.0
v11_vs_drz,after,0.027120535714285715,36.87242798353909,0.8372178014567028,0.14285714285714285,0.20280811620931277,2094,10.0,20.0
v11_vs_drz,after,0.027232142857142858,36.721311475409834,0.7728302939563705,0.14285714285714285,0.20294105689975392,2076,10.0,20.0
v11_vs_drz,after,0.02734375,36.57142857142857,0.8495004505646764,0.14285714285714285,0.20285224078709876,2088,10.0,20.0
v11_vs_drz,after,0.027455357142857142,36.422764227642276,0.7805839252255872,0.14285714285714285,0.20251867322781997,2134,10.0,20.0
v11_vs_drz,after,0.027566964285714285,36.2753036437247,0.8550844690833649,0.14285714285714285,0.20276417883135758,2100,10.0,20.0
v11_vs_drz,after,0.027678571428571427,36.12903225806452,0.8620064379178161,0.14285714285714285,0.20282280353622323,2092,10.0,20.0
v11_vs_drz,after,0.02779017857142857,35.98393574297189,0.7484991360381925,0.14285714285714285,0.2024051399747265,2150,10.0,20.0
v11_vs_drz,after,0.027901785714285712,35.84,0.7315227672025266,0.14285714285714285,0.2023910364655755,2152,10.0,20.0
v11_vs_drz,after,0.028013392857142855,35.69721115537849,0.8547968488211359,0.14285714285714285,0.20294105689975392,2076,10.0,20.0
v11_vs_drz,after,0.028125,35.55555555555556,0.8993549293908127,0.14285714285714285,0.20199031257847036,2210,10.0,20.0
v11_vs_drz,after,0.028236607142857143,35.41501976284585,0.8585620333487968,0.14285714285714285,0.20256157441371295,2128,10.0,20.0
v11_vs_drz,after,0.028348214285714286,35.275590551181104,0.8485599011372824,0.14285714285714285,0.20220944357269727,2178,10.0,20.0
v11_vs_drz,after,0.028459821428571428,35.13725490196079,0.8434856305145163,0.14285714285714285,0.2020038700244288,2208,10.0,20.0
v11_vs_drz,after,0.02857142857142857,35.0,0.8524504859593156,0.14285714285714285,0.20227890442236768,2168,10.0,20.0
v11_vs_drz,after,0.028683035714285713,34.86381322957199,0.8204393142183519,0.14285714285714285,0.20209928513740544,2194,10.0,20.0
v11_vs_drz,after,0.028794642857142855,34.72868217054264,0.8038866805514626,0.14285714285714285,0.20219560817884408,2180,10.0,20.0
v11_vs_drz,after,0.028906249999999998,34.5945945945946,0.7628310961307317,0.14285714285714285,0.2018157070765534,2236,10.0,20.0
v11_vs_drz,after,0.02901785714285714,34.46153846153847,0.7732706902358202,0.14285714285714285,0.20212671273157043,2190,10.0,20.0
v11_vs_drz,after,0.029129464285714286,34.32950191570881,0.7652231566966675,0.14285714285714285,0.20165718663427828,2260,10.0,20.0
v11_vs_drz,after,0.02924107142857143,34.19847328244275,0.6993794101382659,0.14285714285714285,0.20197677333037697,2212,10.0,20.0
v11_vs_drz,after,0.02935267857142857,34.06844106463878,0.5384377305963889,0.14285714285714285,0.20148825195988218,2286,10.0,20.0
v11_vs_drz,after,0.029464285714285714,33.93939393939394,0.5945018312006262,0.14285714285714285,0.20176258739613345,2244,10.0,20.0
v11_vs_drz,after,0.029575892857142856,33.81132075471698,0.7840169621817925,0.14285714285714285,0.20165718663427828,2260,10.0,20.0
v11_vs_drz,after,0.0296875,33.68421052631579,0.769512469220173,0.14285714285714285,0.20130948318858632,2314,10.0,20.0
v11_vs_drz,after,0.02979910714285714,33.55805243445693,0.7221200021397646,0.14285714285714285,0.20178911203700534,2240,10.0,20.0
v11_vs_drz,after,0.029910714285714284,33.43283582089553,0.6658688337411723,0.14285714285714285,0.20133482448864679,2310,10.0,20.0
v11_vs_drz,after,0.030022321428571426,33.30855018587361,0.7181140354655331,0.14285714285714285,0.20150114550038942,2284,10.0,20.0
v11_vs_drz,after,0.030133928571428572,33.18518518518518,0.74682054077536,0.14285714285714285,0.20163100936456846,2264,10.0,20.0
v11_vs_drz,after,0.030245535714285714,33.06273062730627,0.7425112211868555,0.14285714285714285,0.20093700504233267,2374,10.0,20.0
v11_vs_drz,after,0.030357142857142857,32.94117647058824,0.7326115982514552,0.14285714285714285,0.20127159292996374,2320,10.0,20.0
v11_vs_drz,after,0.03046875,32.820512820512825,0.7247656938705763,0.14285714285714285,0.2014240345538633,2296,10.0,20.0
v11_vs_drz,after,0.030580357142857142,32.7007299270073,0.8139836881742469,0.14285714285714285,0.20091267051918305,2378,10.0,20.0
v11_vs_drz,after,0.030691964285714284,32.581818181818186,0.7901413343588974,0.14285714285714285,0.20117125958839946,2336,10.0,20.0
v11_vs_drz,after,0.030803571428571427,32.46376811594203,0.7747532877552328,0.14285714285714285,0.20117125958839946,2336,10.0,20.0
v11_vs_drz,after,0.03091517857142857,32.34657039711192,0.5722184747788615,0.14285714285714285,0.20079190337726316,2398,10.0,20.0
v11_vs_drz,after,0.03102678571428571,32.230215827338135,0.5057188033448115,0.14285714285714285,0.2008520992222212,2388,10.0,20.0
v11_vs_drz,after,0.031138392857142858,32.11469534050179,0.5771201767975443,0.14285714285714285,0.20129683691159364,2316,10.0,20.0
v11_vs_drz,after,0.03125,32.0,0.5691615898563218,0.14285714285714285,0.20060175498092978,2430,10.0,20.0
v11_vs_drz,after,0.03136160714285714,31.88612099644128,0.5602499781328288,0.14285714285714285,0.2005899942187709,2432,10.0,20.0
v11_vs_drz,after,0.031473214285714285,31.77304964539007,0.5979407522594449,0.14285714285714285,0.20091267051918305,2378,10.0,20.0
v11_vs_drz,after,0.03158482142857143,31.66077738515901,0.5795411356259658,0.14285714285714285,0.2005899942187709,2432,10.0,20.0
v11_vs_drz,after,0.03169642857142857,31.549295774647888,0.7184592388294656,0.14285714285714285,0.20073207911367105,2408,10.0,20.0
v11_vs_drz,after,0.03180803571428571,31.438596491228072,0.7891023102033301,0.14285714285714285,0.20043839988598003,2458,10.0,20.0
v11_vs_drz,after,0.031919642857142855,31.32867132867133,0.775855797317922,0.14285714285714285,0.20063712367957884,2424,10.0,20.0
v11_vs_drz,after,0.03203125,31.219512195121954,0.7350393085841381,0.14285714285714285,0.2004037543659979,2464,10.0,20.0
v11_vs_drz,after,0.03214285714285714,31.111111111111114,0.6635232535017497,0.14285714285714285,0.2003233998560821,2478,10.0,20.0
v11_vs_drz,after,0.03225446428571428,31.00346020761246,0.5977476825404211,0.14285714285714285,0.20075596447473562,2404,10.0,20.0
v11_vs_drz,after,0.032366071428571425,30.896551724137936,0.620052236557854,0.14285714285714285,0.2001759442030165,2504,10.0,20.0
v11_vs_drz,after,0.03247767857142857,30.790378006872857,0.5824124134284191,0.14285714285714285,0.20011983450492699,2514,10.0,20.0
v11_vs_drz,after,0.032589285714285716,30.684931506849313,0.4671736935420556,0.14285714285714285,0.20038072687575237,2468,10.0,20.0
v11_vs_drz,after,0.03270089285714286,30.580204778156993,0.5908805399187969,0.14285714285714285,0.20022107212707113,2496,10.0,20.0
v11_vs_drz,after,0.0328125,30.476190476190474,0.5901674839646834,0.14285714285714285,0.1999424885446575,2546,10.0,20.0
v11_vs_drz,after,0.032924107142857144,30.372881355932204,0.6231858401700588,0.14285714285714285,0.2003577547434476,2472,10.0,20.0
v11_vs_drz,after,0.033035714285714286,30.27027027027027,0.4409800008789085,0.14285714285714285,0.19992055302869258,2550,10.0,20.0
v11_vs_drz,after,0.03314732142857143,30.16835016835017,0.525842246053129,0.14285714285714285,0.19982247206699402,2568,10.0,20.0
v11_vs_drz,after,0.03325892857142857,30.06711409395973,0.630320649424431,0.14285714285714285,0.20022107212707113,2496,10.0,20.0
v11_vs_drz,after,0.033370535714285714,29.96655518394649,0.48672430786854376,0.14285714285714285,0.19981163721274517,2570,10.0,20.0
v11_vs_drz,after,0.033482142857142856,29.866666666666667,0.4913003435710221,0.14285714285714285,0.19969327465375333,2592,10.0,20.0
v11_vs_drz,after,0.03359375,29.767441860465116,0.355036666261787,0.14285714285714285,0.19999755197612662,2536,10.0,20.0
v11_vs_drz,after,0.03370535714285714,29.668874172185433,0.30659322838471825,0.14285714285714285,0.19968258842376282,2594,10.0,20.0
v11_vs_drz,after,0.033816964285714284,29.570957095709574,0.4571372093203112,0.14285714285714285,0.1997576502130963,2580,10.0,20.0
v11_vs_drz,after,0.033928571428571426,29.47368421052632,0.6132849179290849,0.14285714285714285,0.19962934028121115,2604,10.0,20.0
v11_vs_drz,after,0.03404017857142857,29.377049180327873,0.5454275278856381,0.14285714285714285,0.19970397313874927,2590,10.0,20.0
v11_vs_drz,after,0.03415178571428571,29.28104575163399,0.34352966623185927,0.14285714285714285,0.1995447720660188,2620,10.0,20.0
v11_vs_drz,after,0.03426339285714285,29.185667752443,0.4768297976317369,0.14285714285714285,0.1995869599845832,2612,10.0,20.0
v11_vs_drz,after,0.034374999999999996,29.090909090909093,0.4814771178562331,0.14285714285714285,0.19953425497473404,2622,10.0,20.0
v11_vs_drz,after,0.034486607142857145,28.996763754045304,0.44908105114938596,0.14285714285714285,0.19923435045727056,2680,10.0,20.0
v11_vs_drz,after,0.03459821428571429,28.903225806451612,0.39853992342758027,0.14285714285714285,0.19940897247414457,2646,10.0,20.0
v11_vs_drz,after,0.03470982142857143,28.810289389067524,0.4402678968204531,0.14285714285714285,0.19948184772087152,2632,10.0,20.0
v11_vs_drz,after,0.03482142857142857,28.717948717948715,0.415719951461781,0.14285714285714285,0.19925472300409489,2676,10.0,20.0
v11_vs_drz,after,0.034933035714285715,28.62619808306709,0.39357768636905593,0.14285714285714285,0.199163400800433,2694,10.0,20.0
v11_vs_drz,after,0.03504464285714286,28.53503184713376,0.3433266906212293,0.14285714285714285,0.19929560413957997,2668,10.0,20.0
v11_vs_drz,after,0.03515625,28.444444444444443,0.36580791762654746,0.14285714285714285,0.19923435045727056,2680,10.0,20.0
v11_vs_drz,after,0.03526785714285714,28.354430379746837,0.4218791161193301,0.14285714285714285,0.199163400800433,2694,10.0,20.0
v11_vs_drz,after,0.035379464285714285,28.26498422712934,0.5794340785751458,0.14285714285714285,0.19903307957272984,2720,10.0,20.0
v11_vs_drz,after,0.03549107142857143,28.17610062893082,0.5772475326281534,0.14285714285714285,0.19923435045727056,2680,10.0,20.0
v11_vs_drz,after,0.03560267857142857,28.087774294670847,0.4868084163021733,0.14285714285714285,0.1987296503731864,2782,10.0,20.0
v11_vs_drz,after,0.03571428571428571,28.0,0.4199617611057911,0.14285714285714285,0.19919374056785832,2688,10.0,20.0
v11_vs_drz,after,0.035825892857142855,27.912772585669785,0.33232062133509416,0.14285714285714285,0.19897355378849282,2732,10.0,20.0
v11_vs_drz,after,0.0359375,27.826086956521742,0.3784246751719187,0.14285714285714285,0.19863390479962775,2802,10.0,20.0
v11_vs_drz,after,0.03604910714285714,27.73993808049536,0.30456676543538086,0.14285714285714285,0.19893408530849774,2740,10.0,20.0
v11_vs_drz,after,0.03616071428571428,27.654320987654323,0.2790960472059326,0.14285714285714285,0.1989636705837003,2734,10.0,20.0
v11_vs_drz,after,0.036272321428571425,27.56923076923077,0.3007891629381801,0.14285714285714285,0.1987779076146052,2772,10.0,20.0
v11_vs_drz,after,0.03638392857142857,27.48466257668712,0.25227183701824996,0.14285714285714285,0.1985674850051077,2816,10.0,20.0
v11_vs_drz,after,0.036495535714285716,27.400611620795104,0.36692535095778805,0.14285714285714285,0.19880698630805718,2766,10.0,20.0
v11_vs_drz,after,0.03660714285714286,27.317073170731707,0.3417868879457106,0.14285714285714285,0.19847344616835114,2836,10.0,20.0
v11_vs_drz,after,0.03671875,27.23404255319149,0.36646044461632227,0.14285714285714285,0.1985674850051077,2816,10.0,20.0
v11_vs_drz,after,0.036830357142857144,27.151515151515152,0.3802092296424729,0.14285714285714285,0.1987296503731864,2782,10.0,20.0
v11_vs_drz,after,0.036941964285714286,27.069486404833835,0.28096350937539055,0.14285714285714285,0.1983434350217766,2864,10.0,20.0
v11_vs_drz,after,0.03705357142857143,26.987951807228917,0.3383257779888912,0.14285714285714285,0.19852975072299847,2824,10.0,20.0
v11_vs_drz,after,0.03716517857142857,26.906906906906908,0.37843764233477967,0.14285714285714285,0.19837113512849097,2858,10.0,20.0
v11_vs_drz,after,0.037276785714285714,26.826347305389223,0.21339473119968994,0.14285714285714285,0.19847344616835114,2836,10.0,20.0
v11_vs_drz,after,0.037388392857142856,26.746268656716417,0.2706067594109746,0.14285714285714285,0.1984547565946868,2840,10.0,20.0
v11_vs_drz,after,0.0375,26.666666666666668,0.2645330088717868,0.14285714285714285,0.19818808118118406,2898,10.0,20.0
v11_vs_drz,after,0.03761160714285714,26.587537091988132,0.3439751500621341,0.14285714285714285,0.19843610609789097,2844,10.0,20.0
v11_vs_drz,after,0.037723214285714284,26.50887573964497,0.31946816650378473,0.14285714285714285,0.19795564920134207,2950,10.0,20.0
v11_vs_drz,after,0.037834821428571426,26.4306784660767,0.2619684359924901,0.14285714285714285,0.19830663541185475,2872,10.0,20.0
v11_vs_drz,after,0.03794642857142857,26.35294117647059,0.22750134032265784,0.14285714285714285,0.1982882926807455,2876,10.0,20.0
v11_vs_drz,after,0.03805803571428571,26.275659824046922,0.1786811180386434,0.14285714285714285,0.19802651424106882,2934,10.0,20.0
v11_vs_drz,after,0.03816964285714285,26.198830409356727,0.1968164371073435,0.14285714285714285,0.1981069271457448,2916,10.0,20.0
v11_vs_drz,after,0.038281249999999996,26.12244897959184,0.2155651221790283,0.14285714285714285,0.1982152991985056,2892,10.0,20.0
v11_vs_drz,after,0.03839285714285714,26.04651162790698,0.2009066840603169,0.14285714285714285,0.19793802214251247,2954,10.0,20.0
v11_vs_drz,after,0.03850446428571429,25.97101449275362,0.273334091426429,0.14285714285714285,0.19782430484837527,2980,10.0,20.0
v11_vs_drz,after,0.03861607142857143,25.89595375722543,0.23619665241291346,0.14285714285714285,0.19825172071105046,2884,10.0,20.0
v11_vs_drz,after,0.03872767857142857,25.821325648414984,0.12001963946951345,0.14285714285714285,0.1978156184587228,2982,10.0,20.0
v11_vs_drz,after,0.038839285714285715,25.74712643678161,0.18671714699063946,0.14285714285714285,0.19760123472388125,3032,10.0,20.0
v11_vs_drz,after,0.03895089285714286,25.673352435530084,0.13549834328793703,0.14285714285714285,0.1981609467848357,2904,10.0,20.0
v11_vs_drz,after,0.0390625,25.6,0.22657562925339444,0.14285714285714285,0.1975253385684874,3050,10.0,20.0
v11_vs_drz,after,0.03917410714285714,25.527065527065528,0.2226763111714731,0.14285714285714285,0.19784170365088652,2976,10.0,20.0
v11_vs_drz,after,0.039285714285714285,25.454545454545457,0.10156617633328816,0.14285714285714285,0.1976097089758139,3030,10.0,20.0
v11_vs_drz,after,0.03939732142857143,25.38243626062323,0.1267706947889435,0.14285714285714285,0.1977550552720954,2996,10.0,20.0
v11_vs_drz,after,0.03950892857142857,25.310734463276837,0.10307881452988121,0.14285714285714285,0.19765220529146557,3020,10.0,20.0
v11_vs_drz,after,0.03962053571428571,25.23943661971831,0.1500953726216001,0.14285714285714285,0.1975085631250675,3054,10.0,20.0
v11_vs_drz,after,0.039732142857142855,25.168539325842698,0.15160387003418097,0.14285714285714285,0.19770347780800562,3008,10.0,20.0
v11_vs_drz,after,0.03984375,25.098039215686278,0.26183690499593765,0.14285714285714285,0.19743347590385044,3072,10.0,20.0
v11_vs_drz,after,0.03995535714285714,25.027932960893857,0.1748121444681607,0.14285714285714285,0.19739204277139769,3082,10.0,20.0
v11_vs_drz,after,0.04006696428571428,24.95821727019499,0.1592335591987029,0.14285714285714285,0.1976692624332035,3016,10.0,20.0
v11_vs_drz,after,0.040178571428571425,24.888888888888893,0.22845484868714017,0.14285714285714285,0.19731796447605393,3100,10.0,20.0
v11_vs_drz,after,0.04029017857142857,24.81994459833795,0.24555579657827378,0.14285714285714285,0.1974251732503782,3074,10.0,20.0
v11_vs_drz,after,0.040401785714285716,24.75138121546961,0.20475794364114236,0.14285714285714285,0.19745010534200189,3068,10.0,20.0
v11_vs_drz,after,0.04051339285714286,24.683195592286502,0.14616276592470703,0.14285714285714285,0.19736727869292328,3088,10.0,20.0
v11_vs_drz,after,0.040625,24.615384615384613,0.1626006591971079,0.14285714285714285,0.1970358524551192,3170,10.0,20.0
v11_vs_drz,after,0.040736607142857144,24.54794520547945,0.19528467042609302,0.14285714285714285,0.197483461108339,3060,10.0,20.0
v11_vs_drz,after,0.040848214285714286,24.48087431693989,0.1390791461223452,0.14285714285714285,0.19717976864090656,3134,10.0,20.0
v11_vs_drz,after,0.04095982142857143,24.4141689373297,0.13340668551176063,0.14285714285714285,0.19701210252814472,3176,10.0,20.0
v11_vs_drz,after,0.04107142857142857,24.347826086956523,0.12228684754295478,0.14285714285714285,0.19738378012086183,3084,10.0,20.0
v11_vs_drz,after,0.041183035714285714,24.281842818428185,0.15187064960300717,0.14285714285714285,0.19695694455425367,3190,10.0,20.0
v11_vs_drz,after,0.041294642857142856,24.216216216216218,0.2697793564429402,0.14285714285714285,0.1970755845534379,3160,10.0,20.0
v11_vs_drz,after,0.04140625,24.150943396226417,0.2086653666117585,0.14285714285714285,0.1970755845534379,3160,10.0,20.0
v11_vs_drz,after,0.04151785714285714,24.086021505376344,0.18216943754151368,0.14285714285714285,0.19706762319057258,3162,10.0,20.0
v11_vs_drz,after,0.041629464285714284,24.021447721179626,0.18637082730169655,0.14285714285714285,0.19698053952908048,3184,10.0,20.0
v11_vs_drz,after,0.041741071428571426,23.9572192513369,0.16445982200231168,0.14285714285714285,0.19696480220931625,3188,10.0,20.0
v11_vs_drz,after,0.04185267857142857,23.893333333333334,0.13695204327058197,0.14285714285714285,0.19690995197425074,3202,10.0,20.0
v11_vs_drz,after,0.04196428571428571,23.829787234042556,0.10140961389076318,0.14285714285714285,0.1966864592271897,3260,10.0,20.0
v11_vs_drz,after,0.04207589285714285,23.766578249336874,0.11495592058347588,0.14285714285714285,0.19691776587158633,3200,10.0,20.0
v11_vs_drz,after,0.042187499999999996,23.703703703703706,0.07439310709221036,0.14285714285714285,0.19692558703358493,3198,10.0,20.0
v11_vs_drz,after,0.04229910714285714,23.641160949868077,0.09311252991137169,0.14285714285714285,0.19662584390434415,3276,10.0,20.0
v11_vs_drz,after,0.04241071428571429,23.57894736842105,0.10791754832355706,0.14285714285714285,0.1967398616607217,3246,10.0,20.0
v11_vs_drz,after,0.04252232142857143,23.517060367454068,0.127136257932488,0.14285714285714285,0.1969334154715303,3196,10.0,20.0
v11_vs_drz,after,0.04263392857142857,23.455497382198953,0.09287230383067682,0.14285714285714285,0.19662584390434415,3276,10.0,20.0
v11_vs_drz,after,0.042745535714285715,23.39425587467363,0.12793831089477228,0.14285714285714285,0.19658818240465054,3286,10.0,20.0
v11_vs_drz,after,0.04285714285714286,23.333333333333332,0.17496171822613218,0.14285714285714285,0.19656566720869945,3292,10.0,20.0
v11_vs_drz,after,0.04296875,23.272727272727273,0.12482491157108613,0.14285714285714285,0.19674751854137398,3244,10.0,20.0
v11_vs_drz,after,0.04308035714285714,23.212435233160623,0.13970456248991356,0.14285714285714285,0.19627841680223054,3370,10.0,20.0
v11_vs_drz,after,0.043191964285714285,23.152454780361758,0.10075684332992249,0.14285714285714285,0.19665609640424975,3268,10.0,20.0
v11_vs_drz,after,0.04330357142857143,23.09278350515464,0.09566398331232684,0.14285714285714285,0.1965506909503124,3296,10.0,20.0
v11_vs_drz,after,0.04341517857142857,23.033419023136247,0.07859656446086624,0.14285714285714285,0.19635112163071453,3350,10.0,20.0
v11_vs_drz,after,0.04352678571428571,22.974358974358974,0.056165697100786525,0.14285714285714285,0.19649105513285683,3312,10.0,20.0
v11_vs_drz,after,0.043638392857142855,22.915601023017903,0.04856137878051124,0.14285714285714285,0.1965506909503124,3296,10.0,20.0
v11_vs_drz,after,0.04375,22.857142857142858,0.1295711259719986,0.14285714285714285,0.19620635084804425,3390,10.0,20.0
v11_vs_drz,after,0.04386160714285714,22.798982188295167,0.05955271782101063,0.14285714285714285,0.19627118161272125,3372,10.0,20.0
v11_vs_drz,after,0.04397321428571428,22.741116751269036,0.07234158497377155,0.14285714285714285,0.19639505513636507,3338,10.0,20.0
v11_vs_drz,after,0.044084821428571425,22.683544303797472,0.07274052425951281,0.14285714285714285,0.19614203002159336,3408,10.0,20.0
v11_vs_drz,after,0.04419642857142857,22.62626262626263,0.05751956615283061,0.14285714285714285,0.19628565838032241,3368,10.0,20.0
v11_vs_drz,after,0.04430803571428571,22.569269521410583,0.09011186801689287,0.14285714285714285,0.19630742154042707,3362,10.0,20.0
v11_vs_drz,after,0.04441964285714286,22.51256281407035,0.12099565076366951,0.14285714285714285,0.19604297333067175,3436,10.0,20.0
v11_vs_drz,after,0.04453125,22.45614035087719,0.085951201226328,0.14285714285714285,0.19624230455271754,3380,10.0,20.0
v11_vs_drz,after,0.044642857142857144,22.4,0.04720255584593296,0.14285714285714285,0.19616341405099993,3402,10.0,20.0
v11_vs_drz,after,0.044754464285714286,22.34413965087282,0.045633165455530054,0.14285714285714285,0.19608527866196232,3424,10.0,20.0
v11_vs_drz,after,0.04486607142857143,22.28855721393035,0.0702653817965195,0.14285714285714285,0.19608527866196232,3424,10.0,20.0
v11_vs_drz,after,0.04497767857142857,22.233250620347395,0.07691995682099771,0.14285714285714285,0.19586903899227384,3486,10.0,20.0
v11_vs_drz,after,0.045089285714285714,22.17821782178218,0.05571682169341576,0.14285714285714285,0.19609942947499998,3420,10.0,20.0
v11_vs_drz,after,0.045200892857142856,22.123456790123456,0.0598132781081785,0.14285714285714285,0.19598690683769954,3452,10.0,20.0
v11_vs_drz,after,0.0453125,22.06896551724138,0.07942898741993866,0.14285714285714285,0.19578686266146458,3510,10.0,20.0
v11_vs_drz,after,0.04542410714285714,22.014742014742016,0.07706322762174375,0.14285714285714285,0.195959018311031,3460,10.0,20.0
v11_vs_drz,after,0.045535714285714284,21.96078431372549,0.068088219221139,0.14285714285714285,0.1959242922263356,3470,10.0,20.0
v11_vs_drz,after,0.045647321428571426,21.90709046454768,0.06792138564547447,0.14285714285714285,0.1959312255268662,3468,10.0,20.0
v11_vs_drz,after,0.04575892857142857,21.853658536585368,0.06872295818829675,0.14285714285714285,0.19578005236369755,3512,10.0,20.0
v11_vs_drz,after,0.04587053571428571,21.800486618004868,0.07053744901969962,0.14285714285714285,0.1957460872064342,3522,10.0,20.0
v11_vs_drz,after,0.04598214285714285,21.74757281553398,0.07083251846824408,0.14285714285714285,0.19567186631260183,3544,10.0,20.0
v11_vs_drz,after,0.046093749999999996,21.69491525423729,0.07377941568694259,0.14285714285714285,0.19601489165878555,3444,10.0,20.0
v11_vs_drz,after,0.04620535714285714,21.64251207729469,0.06360124751445868,0.14285714285714285,0.19554526746979894,3582,10.0,20.0
v11_vs_drz,after,0.04631696428571429,21.59036144578313,0.07925018694959474,0.14285714285714285,0.19557838863500912,3572,10.0,20.0
v11_vs_drz,after,0.04642857142857143,21.538461538461537,0.08807396703589494,0.14285714285714285,0.19587592500046092,3484,10.0,20.0
v11_vs_drz,after,0.04654017857142857,21.48681055155875,0.09320441283120685,0.14285714285714285,0.19536229896004664,3638,10.0,20.0
v11_vs_drz,after,0.046651785714285715,21.43540669856459,0.08391731259252605,0.14285714285714285,0.19572577688551,3528,10.0,20.0
v11_vs_drz,after,0.04676339285714286,21.384248210023866,0.02086948400931723,0.14285714285714285,0.19565844520659162,3548,10.0,20.0
v11_vs_drz,after,0.046875,21.333333333333332,0.038708693976187,0.14285714285714285,0.19540115234939126,3626,10.0,20.0
v11_vs_drz,after,0.04698660714285714,21.282660332541568,0.07081077811717892,0.14285714285714285,0.19544672377293545,3612,10.0,20.0
v11_vs_drz,after,0.047098214285714285,21.232227488151658,0.10146092545021565,0.14285714285714285,0.1954663349047849,3606,10.0,20.0
v11_vs_drz,after,0.04720982142857143,21.182033096926716,0.03279205150100801,0.14285714285714285,0.1955651236363731,3576,10.0,20.0
v11_vs_drz,after,0.04732142857142857,21.132075471698116,0.039509359507053234,0.14285714285714285,0.19534294368347277,3644,10.0,20.0
v11_vs_drz,after,0.04743303571428571,21.08235294117647,0.046708234633337536,0.14285714285714285,0.19537522888070752,3634,10.0,20.0
v11_vs_drz,after,0.047544642857142855,21.03286384976526,0.041049939655279706,0.14285714285714285,0.19549912822785603,3596,10.0,20.0
v11_vs_drz,after,0.04765625,20.98360655737705,0.0539240974001042,0.14285714285714285,0.19527876700452393,3664,10.0,20.0
v11_vs_drz,after,0.04776785714285714,20.93457943925234,0.06106490617930153,0.14285714285714285,0.19536229896004664,3638,10.0,20.0
v11_vs_drz,after,0.04787946428571428,20.88578088578089,0.04945363658665069,0.14285714285714285,0.1952532420597071,3672,10.0,20.0
v11_vs_drz,after,0.047991071428571425,20.837209302325583,0.019164301040838255,0.14285714285714285,0.19534294368347277,3644,10.0,20.0
v11_vs_drz,after,0.04810267857142857,20.788863109048727,0.03840040173153251,0.14285714285714285,0.1950209946989822,3746,10.0,20.0
v11_vs_drz,after,0.04821428571428571,20.740740740740744,0.011650936317863805,0.14285714285714285,0.19530437499553316,3656,10.0,20.0
v11_vs_drz,after,0.04832589285714286,20.69284064665127,0.010701505506242126,0.14285714285714285,0.19526599417946083,3668,10.0,20.0
v11_vs_drz,after,0.0484375,20.64516129032258,0.02098660989976769,0.14285714285714285,0.19493488938335007,3774,10.0,20.0
v11_vs_drz,after,0.048549107142857144,20.597701149425287,-0.023632989894965782,0.14285714285714285,0.19539466351065476,3628,10.0,20.0
v11_vs_drz,after,0.048660714285714286,20.55045871559633,0.04040919960864853,0.14285714285714285,0.19489827749225433,3786,10.0,20.0
v11_vs_drz,after,0.04877232142857143,20.503432494279178,0.025697187775670198,0.14285714285714285,0.19506440733704855,3732,10.0,20.0
v11_vs_drz,after,0.04888392857142857,20.45662100456621,0.04502820251752581,0.14285714285714285,0.19518979008893414,3692,10.0,20.0
v11_vs_drz,after,0.048995535714285714,20.41002277904328,0.05076289655774976,0.14285714285714285,0.19491046224945754,3782,10.0,20.0
v11_vs_drz,after,0.049107142857142856,20.363636363636363,0.047721799350759514,0.14285714285714285,0.19500246310468877,3752,10.0,20.0
v11_vs_drz,after,0.04921875,20.317460317460316,0.04384819944168109,0.14285714285714285,0.19499013318559666,3756,10.0,20.0
v11_vs_drz,after,0.04933035714285714,20.271493212669682,-0.008955958198350605,0.14285714285714285,0.1948739653457362,3794,10.0,20.0
v11_vs_drz,after,0.049441964285714284,20.225733634311513,0.011829004299696204,0.14285714285714285,0.19488003622703962,3792,10.0,20.0
v11_vs_drz,after,0.049553571428571426,20.18018018018018,-0.003198791275145439,0.14285714285714285,0.19489219229404334,3788,10.0,20.0
v11_vs_drz,after,0.04966517857142857,20.134831460674157,0.049956308142856204,0.14285714285714285,0.1950209946989822,3746,10.0,20.0
v11_vs_drz,after,0.04977678571428571,20.08968609865471,0.11739372987156887,0.14285714285714285,0.19475951592150462,3832,10.0,20.0
v11_vs_drz,after,0.04988839285714285,20.04474272930649,0.014783370619344701,0.14285714285714285,0.19485578123579675,3800,10.0,20.0
v11_vs_drz,after,0.049999999999999996,20.0,-0.9857338007021833,0.14285714285714285,0.8417399583909729,2,10.0,20.0
c_nodr_vs_drz,before,0.0,inf,0.9999841127603301,0.14285714285714285,0.7560610050770457,3,10.0,20.0
c_nodr_vs_drz,before,0.00011160714285714285,8960.0,0.9999930198005704,0.14285714285714285,0.5160568456025979,12,10.0,20.0
c_nodr_vs_drz,before,0.0002232142857142857,4480.0,0.9999521322862055,0.14285714285714285,0.43846389609946435,22,10.0,20.0
c_nodr_vs_drz,before,0.0003348214285714286,2986.6666666666665,0.999948142787573,0.14285714285714285,0.41192739958594665,28,10.0,20.0
c_nodr_vs_drz,before,0.0004464285714285714,2240.0,0.9995918058200636,0.14285714285714285,0.37684928940895107,40,10.0,20.0
c_nodr_vs_drz,before,0.0005580357142857143,1792.0,0.9999055220690379,0.14285714285714285,0.3572655453148874,50,10.0,20.0
c_nodr_vs_drz,before,0.0006696428571428571,1493.3333333333333,0.9995684843646931,0.14285714285714285,0.3607189084162777,48,10.0,20.0
c_nodr_vs_drz,before,0.0007812499999999999,1280.0,0.999222733472391,0.14285714285714285,0.33301944154606616,68,10.0,20.0
c_nodr_vs_drz,before,0.0008928571428571428,1120.0,0.9988079069225013,0.14285714285714285,0.3308883459615167,70,10.0,20.0
c_nodr_vs_drz,before,0.0010044642857142856,995.5555555555557,0.9984939570233219,0.14285714285714285,0.32498105977643776,76,10.0,20.0
c_nodr_vs_drz,before,0.0011160714285714285,896.0,0.9984527722781504,0.14285714285714285,0.3120228149867766,92,10.0,20.0
c_nodr_vs_drz,before,0.0012276785714285714,814.5454545454546,0.9978212016565993,0.14285714285714285,0.30307454563671804,106,10.0,20.0
c_nodr_vs_drz,before,0.0013392857142857143,746.6666666666666,0.9974331020390647,0.14285714285714285,0.309276869488276,96,10.0,20.0
c_nodr_vs_drz,before,0.0014508928571428572,689.2307692307692,0.9977803914117565,0.14285714285714285,0.297657677511583,116,10.0,20.0
c_nodr_vs_drz,before,0.0015624999999999999,640.0,0.9969864468257311,0.14285714285714285,0.28942028891226607,134,10.0,20.0
c_nodr_vs_drz,before,0.0016741071428571428,597.3333333333334,0.9944731946023022,0.14285714285714285,0.2956748612128594,120,10.0,20.0
c_nodr_vs_drz,before,0.0017857142857142857,560.0,0.9962964619770573,0.14285714285714285,0.28476380812712476,146,10.0,20.0
c_nodr_vs_drz,before,0.0018973214285714286,527.0588235294118,0.9953381684416075,0.14285714285714285,0.2812856424436456,156,10.0,20.0
c_nodr_vs_drz,before,0.0020089285714285712,497.7777777777778,0.9974121379791789,0.14285714285714285,0.28702018719502587,140,10.0,20.0
c_nodr_vs_drz,before,0.002120535714285714,471.5789473684211,0.9958421293707134,0.14285714285714285,0.2757709533720164,174,10.0,20.0
c_nodr_vs_drz,before,0.002232142857142857,448.0,0.997863923631311,0.14285714285714285,0.27520913338899333,176,10.0,20.0
c_nodr_vs_drz,before,0.00234375,426.6666666666667,0.9985705072012517,0.14285714285714285,0.273051000260408,184,10.0,20.0
c_nodr_vs_drz,before,0.002455357142857143,407.2727272727273,0.9981596266572019,0.14285714285714285,0.2705369635786124,194,10.0,20.0
c_nodr_vs_drz,before,0.0025669642857142857,389.5652173913044,0.9966624508130904,0.14285714285714285,0.269116846861646,200,10.0,20.0
c_nodr_vs_drz,before,0.0026785714285714286,373.3333333333333,0.9961878890497339,0.14285714285714285,0.26731663903915925,208,10.0,20.0
c_nodr_vs_drz,before,0.0027901785714285715,358.4,0.9967829487413987,0.14285714285714285,0.2668822084027434,210,10.0,20.0
c_nodr_vs_drz,before,0.0029017857142857144,344.6153846153846,0.9945618283505063,0.14285714285714285,0.26173150991010213,236,10.0,20.0
c_nodr_vs_drz,before,0.003013392857142857,331.8518518518519,0.9965230105418801,0.14285714285714285,0.2632250986856457,228,10.0,20.0
c_nodr_vs_drz,before,0.0031249999999999997,320.0,0.9948184265385708,0.14285714285714285,0.2613695641695868,238,10.0,20.0
c_nodr_vs_drz,before,0.0032366071428571426,308.96551724137936,0.9958114181242194,0.14285714285714285,0.2576597972433477,260,10.0,20.0
c_nodr_vs_drz,before,0.0033482142857142855,298.6666666666667,0.9925382320223429,0.14285714285714285,0.2586250244740691,254,10.0,20.0
c_nodr_vs_drz,before,0.0034598214285714284,289.03225806451616,0.9952808441043443,0.14285714285714285,0.25523709705862524,276,10.0,20.0
c_nodr_vs_drz,before,0.0035714285714285713,280.0,0.9941671927983211,0.14285714285714285,0.25582326430374547,272,10.0,20.0
c_nodr_vs_drz,before,0.003683035714285714,271.5151515151515,0.989597478050657,0.14285714285714285,0.2527449491574839,294,10.0,20.0
c_nodr_vs_drz,before,0.003794642857142857,263.5294117647059,0.9883513429080155,0.14285714285714285,0.25410107451462977,284,10.0,20.0
c_nodr_vs_drz,before,0.00390625,256.0,0.9870542851886381,0.14285714285714285,0.2514544516681247,304,10.0,20.0
c_nodr_vs_drz,before,0.0040178571428571425,248.8888888888889,0.9908824869544031,0.14285714285714285,0.24928083583453234,322,10.0,20.0
c_nodr_vs_drz,before,0.004129464285714286,242.16216216216216,0.989942190664807,0.14285714285714285,0.2514544516681247,304,10.0,20.0
c_nodr_vs_drz,before,0.004241071428571428,235.78947368421055,0.9882250477164278,0.14285714285714285,0.24905026945843273,324,10.0,20.0
c_nodr_vs_drz,before,0.004352678571428572,229.74358974358972,0.9900466036356064,0.14285714285714285,0.24582376798178943,354,10.0,20.0
c_nodr_vs_drz,before,0.004464285714285714,224.0,0.9941488808324678,0.14285714285714285,0.24770924671322134,336,10.0,20.0
c_nodr_vs_drz,before,0.004575892857142857,218.53658536585365,0.9867470216373428,0.14285714285714285,0.24643640318775006,348,10.0,20.0
c_nodr_vs_drz,before,0.0046875,213.33333333333334,0.9825302006613699,0.14285714285714285,0.24426173259637654,370,10.0,20.0
c_nodr_vs_drz,before,0.004799107142857142,208.37209302325584,0.986652457532238,0.14285714285714285,0.24407341871811294,372,10.0,20.0
c_nodr_vs_drz,before,0.004910714285714286,203.63636363636365,0.9862580568823124,0.14285714285714285,0.24388657961491628,374,10.0,20.0
c_nodr_vs_drz,before,0.005022321428571428,199.11111111111114,0.9853791639739929,0.14285714285714285,0.24124866466885456,404,10.0,20.0
c_nodr_vs_drz,before,0.005133928571428571,194.7826086956522,0.9829354360824186,0.14285714285714285,0.24226832878047586,392,10.0,20.0
c_nodr_vs_drz,before,0.005245535714285714,190.63829787234044,0.9857093932619786,0.14285714285714285,0.2427954615022515,386,10.0,20.0
c_nodr_vs_drz,before,0.005357142857142857,186.66666666666666,0.9852570094330773,0.14285714285714285,0.23964416299559071,424,10.0,20.0
c_nodr_vs_drz,before,0.00546875,182.85714285714286,0.9870998113246415,0.14285714285714285,0.24027239659586974,416,10.0,20.0
c_nodr_vs_drz,before,0.005580357142857143,179.2,0.9894234256374514,0.14285714285714285,0.2388828626474958,434,10.0,20.0
c_nodr_vs_drz,before,0.0056919642857142854,175.68627450980392,0.984036418280184,0.14285714285714285,0.2384383044776066,440,10.0,20.0
c_nodr_vs_drz,before,0.005803571428571429,172.3076923076923,0.9728958814461459,0.14285714285714285,0.23757528612232023,452,10.0,20.0
c_nodr_vs_drz,before,0.005915178571428571,169.05660377358492,0.9726363355905553,0.14285714285714285,0.23688135961430892,462,10.0,20.0
c_nodr_vs_drz,before,0.006026785714285714,165.92592592592595,0.9728921895599881,0.14285714285714285,0.23785919155913984,448,10.0,20.0
c_nodr_vs_drz,before,0.006138392857142857,162.9090909090909,0.9777156150110522,0.14285714285714285,0.23517586182327832,488,10.0,20.0
c_nodr_vs_drz,before,0.0062499999999999995,160.0,0.9737282225102031,0.14285714285714285,0.23607716377209612,474,10.0,20.0
c_nodr_vs_drz,before,0.006361607142857143,157.19298245614036,0.975598208535122,0.14285714285714285,0.23568617177506457,480,10.0,20.0
c_nodr_vs_drz,before,0.006473214285714285,154.48275862068968,0.9835574743532288,0.14285714285714285,0.23359868826190747,514,10.0,20.0
c_nodr_vs_drz,before,0.006584821428571429,151.864406779661,0.9790480764008,0.14285714285714285,0.23348222347930858,516,10.0,20.0
c_nodr_vs_drz,before,0.006696428571428571,149.33333333333334,0.9839550149853977,0.14285714285714285,0.23467767886949623,496,10.0,20.0
c_nodr_vs_drz,before,0.006808035714285714,146.88524590163934,0.9809102907840002,0.14285714285714285,0.23246304055541317,534,10.0,20.0
c_nodr_vs_drz,before,0.006919642857142857,144.51612903225808,0.9799132823475338,0.14285714285714285,0.23191835858106052,544,10.0,20.0
c_nodr_vs_drz,before,0.00703125,142.22222222222223,0.9769690424152244,0.14285714285714285,0.23348222347930858,516,10.0,20.0
c_nodr_vs_drz,before,0.007142857142857143,140.0,0.9738593815906493,0.14285714285714285,0.23118003674182988,558,10.0,20.0
c_nodr_vs_drz,before,0.007254464285714285,137.84615384615387,0.9691403951086947,0.14285714285714285,0.23066911942921098,568,10.0,20.0
c_nodr_vs_drz,before,0.007366071428571428,135.75757575757575,0.9641077216864401,0.14285714285714285,0.23257377696061368,532,10.0,20.0
c_nodr_vs_drz,before,0.007477678571428571,133.7313432835821,0.9674817233182023,0.14285714285714285,0.22865956785210217,610,10.0,20.0
c_nodr_vs_drz,before,0.007589285714285714,131.76470588235296,0.9742220096421464,0.14285714285714285,0.2300731936178756,580,10.0,20.0
c_nodr_vs_drz,before,0.007700892857142857,129.85507246376812,0.9733567056459809,0.14285714285714285,0.22987856279938831,584,10.0,20.0
c_nodr_vs_drz,before,0.0078125,128.0,0.9779895420283334,0.14285714285714285,0.22847879956174852,614,10.0,20.0
c_nodr_vs_drz,before,0.007924107142857142,126.19718309859155,0.9864313063589026,0.14285714285714285,0.22856896654528058,612,10.0,20.0
c_nodr_vs_drz,before,0.008035714285714285,124.44444444444446,0.9865180506851479,0.14285714285714285,0.22794672665157004,626,10.0,20.0
c_nodr_vs_drz,before,0.008147321428571429,122.73972602739725,0.979217603141626,0.14285714285714285,0.22856896654528058,612,10.0,20.0
c_nodr_vs_drz,before,0.008258928571428572,121.08108108108108,0.9629589930441519,0.14285714285714285,0.22751466188342373,636,10.0,20.0
c_nodr_vs_drz,before,0.008370535714285714,119.46666666666667,0.9563625125679488,0.14285714285714285,0.22709247611069447,646,10.0,20.0
c_nodr_vs_drz,before,0.008482142857142856,117.89473684210527,0.9475956488447479,0.14285714285714285,0.2270091913293758,648,10.0,20.0
c_nodr_vs_drz,before,0.008593749999999999,116.36363636363637,0.9579844612325709,0.14285714285714285,0.22684375089361272,652,10.0,20.0
c_nodr_vs_drz,before,0.008705357142857143,114.87179487179486,0.9609231476063307,0.14285714285714285,0.22580365493397495,678,10.0,20.0
c_nodr_vs_drz,before,0.008816964285714286,113.41772151898735,0.9649122072659032,0.14285714285714285,0.22572608133433805,680,10.0,20.0
c_nodr_vs_drz,before,0.008928571428571428,112.0,0.9688210034223116,0.14285714285714285,0.22572608133433805,680,10.0,20.0
c_nodr_vs_drz,before,0.00904017857142857,110.61728395061729,0.9703879145181858,0.14285714285714285,0.2247472633332211,706,10.0,20.0
c_nodr_vs_drz,before,0.009151785714285715,109.26829268292683,0.9749693676287495,0.14285714285714285,0.2252675931499613,692,10.0,20.0
c_nodr_vs_drz,before,0.009263392857142857,107.95180722891567,0.9736401755206094,0.14285714285714285,0.22511735629687746,696,10.0,20.0
c_nodr_vs_drz,before,0.009375,106.66666666666667,0.9610434290523764,0.14285714285714285,0.22347634762040358,742,10.0,20.0
c_nodr_vs_drz,before,0.009486607142857142,105.41176470588236,0.9497855698830294,0.14285714285714285,0.22467416992987052,708,10.0,20.0
c_nodr_vs_drz,before,0.009598214285714285,104.18604651162792,0.9335954949057774,0.14285714285714285,0.22280884262303868,762,10.0,20.0
c_nodr_vs_drz,before,0.009709821428571429,102.98850574712644,0.9382826552797264,0.14285714285714285,0.22368179007692848,736,10.0,20.0
c_nodr_vs_drz,before,0.009821428571428571,101.81818181818183,0.9362692898084275,0.14285714285714285,0.22287442635809016,760,10.0,20.0
c_nodr_vs_drz,before,0.009933035714285714,100.67415730337079,0.9376737766653002,0.14285714285714285,0.22229315058834048,778,10.0,20.0
c_nodr_vs_drz,before,0.010044642857142856,99.55555555555557,0.9482251606169616,0.14285714285714285,0.22261360373636063,768,10.0,20.0
c_nodr_vs_drz,before,0.01015625,98.46153846153845,0.9638107261266328,0.14285714285714285,0.22287442635809016,760,10.0,20.0
c_nodr_vs_drz,before,0.010267857142857143,97.3913043478261,0.9662856251939476,0.14285714285714285,0.22191652760781277,790,10.0,20.0
c_nodr_vs_drz,before,0.010379464285714285,96.34408602150538,0.9582239629675855,0.14285714285714285,0.2212474895498582,812,10.0,20.0
c_nodr_vs_drz,before,0.010491071428571428,95.31914893617022,0.9505075703473302,0.14285714285714285,0.2214876516950723,804,10.0,20.0
c_nodr_vs_drz,before,0.010602678571428572,94.3157894736842,0.954833851106292,0.14285714285714285,0.22130720212890542,810,10.0,20.0
c_nodr_vs_drz,before,0.010714285714285714,93.33333333333333,0.9424523137468593,0.14285714285714285,0.2206620549790673,832,10.0,20.0
c_nodr_vs_drz,before,0.010825892857142857,92.37113402061856,0.9347557568423379,0.14285714285714285,0.2216090580540805,800,10.0,20.0
c_nodr_vs_drz,before,0.0109375,91.42857142857143,0.9247679996242195,0.14285714285714285,0.2198217694523472,862,10.0,20.0
c_nodr_vs_drz,before,0.011049107142857142,90.50505050505052,0.9213770069574908,0.14285714285714285,0.22020844574520457,848,10.0,20.0
c_nodr_vs_drz,before,0.011160714285714286,89.6,0.9208592952828012,0.14285714285714285,0.21928516426814687,882,10.0,20.0
c_nodr_vs_drz,before,0.011272321428571428,88.71287128712872,0.9267427849920762,0.14285714285714285,0.22077747178815657,828,10.0,20.0
c_nodr_vs_drz,before,0.011383928571428571,87.84313725490196,0.9550175435110935,0.14285714285714285,0.21955119748619267,872,10.0,20.0
c_nodr_vs_drz,before,0.011495535714285713,86.99029126213593,0.9665056705026457,0.14285714285714285,0.21856336410973248,910,10.0,20.0
c_nodr_vs_drz,before,0.011607142857142858,86.15384615384615,0.9659997145382077,0.14285714285714285,0.21965887440375706,868,10.0,20.0
c_nodr_vs_drz,before,0.01171875,85.33333333333333,0.9344121765846516,0.14285714285714285,0.21902354389357315,892,10.0,20.0
c_nodr_vs_drz,before,0.011830357142857142,84.52830188679246,0.9470268337576668,0.14285714285714285,0.2181654494608149,926,10.0,20.0
c_nodr_vs_drz,before,0.011941964285714285,83.73831775700936,0.9461865734120899,0.14285714285714285,0.21841294458748992,916,10.0,20.0
c_nodr_vs_drz,before,0.012053571428571427,82.96296296296298,0.9102459085711893,0.14285714285714285,0.21851306204381743,912,10.0,20.0
c_nodr_vs_drz,before,0.012165178571428572,82.20183486238533,0.9056580775829497,0.14285714285714285,0.21758723335053728,950,10.0,20.0
c_nodr_vs_drz,before,0.012276785714285714,81.45454545454545,0.9085221711378866,0.14285714285714285,0.21744603829804665,956,10.0,20.0
c_nodr_vs_drz,before,0.012388392857142856,80.72072072072072,0.9377699090667446,0.14285714285714285,0.21861382957564643,908,10.0,20.0
c_nodr_vs_drz,before,0.012499999999999999,80.0,0.9441711619653219,0.14285714285714285,0.21675920204107632,986,10.0,20.0
c_nodr_vs_drz,before,0.012611607142857143,79.29203539823008,0.9299382180542893,0.14285714285714285,0.21725980028494588,964,10.0,20.0
c_nodr_vs_drz,before,0.012723214285714286,78.59649122807018,0.9377501089863639,0.14285714285714285,0.21721359693608783,966,10.0,20.0
c_nodr_vs_drz,before,0.012834821428571428,77.91304347826087,0.9221144321616778,0.14285714285714285,0.21644914346158642,1000,10.0,20.0
c_nodr_vs_drz,before,0.01294642857142857,77.24137931034484,0.9197300120034602,0.14285714285714285,0.21653707458648785,996,10.0,20.0
c_nodr_vs_drz,before,0.013058035714285715,76.58119658119658,0.9245285551739852,0.14285714285714285,0.21649304397049488,998,10.0,20.0
c_nodr_vs_drz,before,0.013169642857142857,75.9322033898305,0.8846559286468969,0.14285714285714285,0.21610254718236965,1016,10.0,20.0
c_nodr_vs_drz,before,0.01328125,75.29411764705883,0.877983977616091,0.14285714285714285,0.21618843703925994,1012,10.0,20.0
c_nodr_vs_drz,before,0.013392857142857142,74.66666666666667,0.9193355360730513,0.14285714285714285,0.21605978929178232,1018,10.0,20.0
c_nodr_vs_drz,before,0.013504464285714285,74.04958677685951,0.90457402810819,0.14285714285714285,0.21551499634696136,1044,10.0,20.0
c_nodr_vs_drz,before,0.013616071428571429,73.44262295081967,0.8937079624237813,0.14285714285714285,0.21568047213382657,1036,10.0,20.0
c_nodr_vs_drz,before,0.013727678571428571,72.84552845528455,0.870623234462729,0.14285714285714285,0.21498988471428435,1070,10.0,20.0
c_nodr_vs_drz,before,0.013839285714285714,72.25806451612904,0.8973048423853539,0.14285714285714285,0.21543295911437524,1048,10.0,20.0
c_nodr_vs_drz,before,0.013950892857142856,71.68,0.9317695201027537,0.14285714285714285,0.2148713755575323,1076,10.0,20.0
c_nodr_vs_drz,before,0.0140625,71.11111111111111,0.9455181706253802,0.14285714285714285,0.21475383879638116,1082,10.0,20.0
c_nodr_vs_drz,before,0.014174107142857143,70.55118110236221,0.9236692206877021,0.14285714285714285,0.21471487366377726,1084,10.0,20.0
c_nodr_vs_drz,before,0.014285714285714285,70.0,0.8987738519751988,0.14285714285714285,0.21459861283869502,1090,10.0,20.0
c_nodr_vs_drz,before,0.014397321428571428,69.45736434108528,0.8684798588735345,0.14285714285714285,0.21425543086377571,1108,10.0,20.0
c_nodr_vs_drz,before,0.01450892857142857,68.92307692307693,0.8846838463856007,0.14285714285714285,0.21456006915830092,1092,10.0,20.0
c_nodr_vs_drz,before,0.014620535714285714,68.3969465648855,0.8514309167223462,0.14285714285714285,0.21355728664025345,1146,10.0,20.0
c_nodr_vs_drz,before,0.014732142857142857,67.87878787878788,0.8588466259112479,0.14285714285714285,0.21366522853675965,1140,10.0,20.0
c_nodr_vs_drz,before,0.01484375,67.36842105263158,0.8646205271543427,0.14285714285714285,0.2143309783773013,1104,10.0,20.0
c_nodr_vs_drz,before,0.014955357142857142,66.86567164179105,0.8827957557903441,0.14285714285714285,0.21279046829950965,1190,10.0,20.0
c_nodr_vs_drz,before,0.015066964285714286,66.37037037037037,0.9154376286536124,0.14285714285714285,0.21373765748018866,1136,10.0,20.0
c_nodr_vs_drz,before,0.015178571428571428,65.88235294117648,0.8934142544159601,0.14285714285714285,0.21352149146774207,1148,10.0,20.0
c_nodr_vs_drz,before,0.015290178571428571,65.4014598540146,0.8666261213267759,0.14285714285714285,0.21285843635360488,1186,10.0,20.0
c_nodr_vs_drz,before,0.015401785714285713,64.92753623188406,0.8658127880966016,0.14285714285714285,0.21282441002983377,1188,10.0,20.0
c_nodr_vs_drz,before,0.015513392857142856,64.46043165467627,0.8722004239034054,0.14285714285714285,0.21337922749072738,1156,10.0,20.0
c_nodr_vs_drz,before,0.015625,64.0,0.8273798873559476,0.14285714285714285,0.212000361835817,1238,10.0,20.0
c_nodr_vs_drz,before,0.015736607142857142,63.54609929078014,0.8332893541762258,0.14285714285714285,0.2124887421904062,1208,10.0,20.0
c_nodr_vs_drz,before,0.015848214285714285,63.098591549295776,0.8499577764360976,0.14285714285714285,0.2127228372174348,1194,10.0,20.0
c_nodr_vs_drz,before,0.015959821428571427,62.65734265734266,0.8869513685004228,0.14285714285714285,0.2120323741059451,1236,10.0,20.0
c_nodr_vs_drz,before,0.01607142857142857,62.22222222222223,0.8810250575123799,0.14285714285714285,0.2120323741059451,1236,10.0,20.0
c_nodr_vs_drz,before,0.016183035714285712,61.79310344827587,0.8359185021965141,0.14285714285714285,0.21187307369980893,1246,10.0,20.0
c_nodr_vs_drz,before,0.016294642857142858,61.36986301369863,0.8665149640243477,0.14285714285714285,0.21216119331021152,1228,10.0,20.0
c_nodr_vs_drz,before,0.01640625,60.95238095238095,0.8535729709707223,0.14285714285714285,0.21159104545450594,1264,10.0,20.0
c_nodr_vs_drz,before,0.016517857142857143,60.54054054054054,0.8390870067353183,0.14285714285714285,0.21149835269259598,1270,10.0,20.0
c_nodr_vs_drz,before,0.016629464285714286,60.13422818791946,0.8200651533962141,0.14285714285714285,0.21177839816474361,1252,10.0,20.0
c_nodr_vs_drz,before,0.016741071428571428,59.733333333333334,0.8440693473602398,0.14285714285714285,0.21134529561252643,1280,10.0,20.0
c_nodr_vs_drz,before,0.01685267857142857,59.337748344370866,0.8140988908732476,0.14285714285714285,0.21054834880675766,1334,10.0,20.0
c_nodr_vs_drz,before,0.016964285714285713,58.94736842105264,0.8368111198005201,0.14285714285714285,0.21159104545450594,1264,10.0,20.0
c_nodr_vs_drz,before,0.017075892857142855,58.56209150326798,0.8845814348417959,0.14285714285714285,0.21080861501660042,1316,10.0,20.0
c_nodr_vs_drz,before,0.017187499999999998,58.18181818181819,0.8895819319825904,0.14285714285714285,0.2104912166657718,1338,10.0,20.0
c_nodr_vs_drz,before,0.017299107142857144,57.806451612903224,0.8288322691959907,0.14285714285714285,0.2112241179090306,1288,10.0,20.0
c_nodr_vs_drz,before,0.017410714285714286,57.43589743589743,0.7833348247870245,0.14285714285714285,0.21009825045931166,1366,10.0,20.0
c_nodr_vs_drz,before,0.01752232142857143,57.07006369426752,0.8356113680420996,0.14285714285714285,0.21034948559464076,1348,10.0,20.0
c_nodr_vs_drz,before,0.01763392857142857,56.708860759493675,0.8062185487452871,0.14285714285714285,0.21046274528313325,1340,10.0,20.0
c_nodr_vs_drz,before,0.017745535714285714,56.35220125786164,0.7758249635947306,0.14285714285714285,0.2102651915533084,1354,10.0,20.0
c_nodr_vs_drz,before,0.017857142857142856,56.0,0.7616105973195089,0.14285714285714285,0.20979775932161346,1388,10.0,20.0
c_nodr_vs_drz,before,0.01796875,55.652173913043484,0.7476479422174211,0.14285714285714285,0.21001559151209073,1372,10.0,20.0
c_nodr_vs_drz,before,0.01808035714285714,55.308641975308646,0.7538298297374695,0.14285714285714285,0.20993346585157174,1378,10.0,20.0
c_nodr_vs_drz,before,0.018191964285714284,54.96932515337424,0.7624071930041539,0.14285714285714285,0.20969023176701643,1396,10.0,20.0
c_nodr_vs_drz,before,0.01830357142857143,54.63414634146341,0.8092815010676918,0.14285714285714285,0.20974388120426476,1392,10.0,20.0
c_nodr_vs_drz,before,0.018415178571428572,54.303030303030305,0.8335803429705972,0.14285714285714285,0.20924322011539456,1430,10.0,20.0
c_nodr_vs_drz,before,0.018526785714285714,53.975903614457835,0.7542402785906206,0.14285714285714285,0.20937304795788578,1420,10.0,20.0
c_nodr_vs_drz,before,0.018638392857142857,53.65269461077845,0.7501743641417193,0.14285714285714285,0.20958361247909307,1404,10.0,20.0
c_nodr_vs_drz,before,0.01875,53.333333333333336,0.784119005106393,0.14285714285714285,0.20908918974285123,1442,10.0,20.0
c_nodr_vs_drz,before,0.018861607142857142,53.01775147928994,0.7043261137697423,0.14285714285714285,0.2091147294392002,1440,10.0,20.0
c_nodr_vs_drz,before,0.018973214285714284,52.70588235294118,0.8013835777635302,0.14285714285714285,0.20878674915614567,1466,10.0,20.0
c_nodr_vs_drz,before,0.019084821428571427,52.397660818713454,0.7307585657631281,0.14285714285714285,0.20896227354363328,1452,10.0,20.0
c_nodr_vs_drz,before,0.01919642857142857,52.09302325581396,0.7085112235927273,0.14285714285714285,0.20861368932701757,1480,10.0,20.0
c_nodr_vs_drz,before,0.019308035714285715,51.79190751445086,0.7170026596926115,0.14285714285714285,0.20849155226945118,1490,10.0,20.0
c_nodr_vs_drz,before,0.019419642857142858,51.49425287356322,0.7341916712424347,0.14285714285714285,0.20886166870324252,1460,10.0,20.0
c_nodr_vs_drz,before,0.01953125,51.2,0.7484947278772646,0.14285714285714285,0.20832258514572422,1504,10.0,20.0
c_nodr_vs_drz,before,0.019642857142857142,50.909090909090914,0.5837975951270595,0.14285714285714285,0.20820331375489703,1514,10.0,20.0
c_nodr_vs_drz,before,0.019754464285714285,50.621468926553675,0.6619051371325803,0.14285714285714285,0.2080852033992908,1524,10.0,20.0
c_nodr_vs_drz,before,0.019866071428571427,50.337078651685395,0.684514746578524,0.14285714285714285,0.20822707454226386,1512,10.0,20.0
c_nodr_vs_drz,before,0.01997767857142857,50.05586592178771,0.685518781021536,0.14285714285714285,0.2076466470245122,1562,10.0,20.0
c_nodr_vs_drz,before,0.020089285714285712,49.777777777777786,0.7325213987854383,0.14285714285714285,0.20817959940754727,1516,10.0,20.0
c_nodr_vs_drz,before,0.020200892857142858,49.50276243093922,0.7806536849272352,0.14285714285714285,0.20817959940754727,1516,10.0,20.0
c_nodr_vs_drz,before,0.0203125,49.230769230769226,0.7028721900381423,0.14285714285714285,0.2071581805789342,1606,10.0,20.0
c_nodr_vs_drz,before,0.020424107142857143,48.96174863387978,0.7516489623189034,0.14285714285714285,0.2078523911652866,1544,10.0,20.0
c_nodr_vs_drz,before,0.020535714285714286,48.69565217391305,0.7348194023769674,0.14285714285714285,0.20751142498562736,1574,10.0,20.0
c_nodr_vs_drz,before,0.020647321428571428,48.432432432432435,0.7917046016707543,0.14285714285714285,0.207311430402214,1592,10.0,20.0
c_nodr_vs_drz,before,0.02075892857142857,48.17204301075269,0.839260240071976,0.14285714285714285,0.20766933369874285,1560,10.0,20.0
c_nodr_vs_drz,before,0.020870535714285713,47.9144385026738,0.7875438134572315,0.14285714285714285,0.2072455083727941,1598,10.0,20.0
c_nodr_vs_drz,before,0.020982142857142855,47.65957446808511,0.6433944256780374,0.14285714285714285,0.20679410702631273,1640,10.0,20.0
c_nodr_vs_drz,before,0.021093749999999998,47.40740740740741,0.6361110440006718,0.14285714285714285,0.2070931065498322,1612,10.0,20.0
c_nodr_vs_drz,before,0.021205357142857144,47.1578947368421,0.6625678697298539,0.14285714285714285,0.20733348626347292,1590,10.0,20.0
c_nodr_vs_drz,before,0.021316964285714286,46.910994764397905,0.6077211260817753,0.14285714285714285,0.2068363565335541,1636,10.0,20.0
c_nodr_vs_drz,before,0.02142857142857143,46.666666666666664,0.6621280490683329,0.14285714285714285,0.20646152179686691,1672,10.0,20.0
c_nodr_vs_drz,before,0.02154017857142857,46.424870466321245,0.6698019691316331,0.14285714285714285,0.20677303948480721,1642,10.0,20.0
c_nodr_vs_drz,before,0.021651785714285714,46.18556701030928,0.7287582495584362,0.14285714285714285,0.20654377883697478,1664,10.0,20.0
c_nodr_vs_drz,before,0.021763392857142856,45.94871794871795,0.6802236234499562,0.14285714285714285,0.2069213164900138,1628,10.0,20.0
c_nodr_vs_drz,before,0.021875,45.714285714285715,0.720634873264336,0.14285714285714285,0.20615817865004304,1702,10.0,20.0
c_nodr_vs_drz,before,0.02198660714285714,45.48223350253807,0.8317348517209542,0.14285714285714285,0.2063798459329584,1680,10.0,20.0
c_nodr_vs_drz,before,0.022098214285714284,45.25252525252526,0.7881031114068995,0.14285714285714285,0.20607862228912602,1710,10.0,20.0
c_nodr_vs_drz,before,0.02220982142857143,45.0251256281407,0.7427041259728175,0.14285714285714285,0.2060193161196826,1716,10.0,20.0
c_nodr_vs_drz,before,0.022321428571428572,44.8,0.7152526954216175,0.14285714285714285,0.2064206116472992,1676,10.0,20.0
c_nodr_vs_drz,before,0.022433035714285714,44.5771144278607,0.6725510787884996,0.14285714285714285,0.20568896146044316,1750,10.0,20.0
c_nodr_vs_drz,before,0.022544642857142857,44.35643564356436,0.7118136339386695,0.14285714285714285,0.20586265784981742,1732,10.0,20.0
c_nodr_vs_drz,before,0.02265625,44.13793103448276,0.8116187945465559,0.14285714285714285,0.20625840693654623,1692,10.0,20.0
c_nodr_vs_drz,before,0.022767857142857142,43.92156862745098,0.7601684556433378,0.14285714285714285,0.20561261066388095,1758,10.0,20.0
c_nodr_vs_drz,before,0.022879464285714284,43.707317073170735,0.7161095390358666,0.14285714285714285,0.20563165001517575,1756,10.0,20.0
c_nodr_vs_drz,before,0.022991071428571427,43.49514563106796,0.6324078139233603,0.14285714285714285,0.2059799491398533,1720,10.0,20.0
c_nodr_vs_drz,before,0.02310267857142857,43.28502415458938,0.7622854123064796,0.14285714285714285,0.2050559530372921,1818,10.0,20.0
c_nodr_vs_drz,before,0.023214285714285715,43.07692307692307,0.7240106732042098,0.14285714285714285,0.20529377749698421,1792,10.0,20.0
c_nodr_vs_drz,before,0.023325892857142858,42.87081339712918,0.6667863324246308,0.14285714285714285,0.20578513067261447,1740,10.0,20.0
c_nodr_vs_drz,before,0.0234375,42.666666666666664,0.6219480154250006,0.14285714285714285,0.2049478815407546,1830,10.0,20.0
c_nodr_vs_drz,before,0.023549107142857142,42.464454976303315,0.6336439808977596,0.14285714285714285,0.2053308201973659,1788,10.0,20.0
c_nodr_vs_drz,before,0.023660714285714285,42.26415094339623,0.7072553119883025,0.14285714285714285,0.2051650873580342,1806,10.0,20.0
c_nodr_vs_drz,before,0.023772321428571427,42.06572769953052,0.6679134192676347,0.14285714285714285,0.20500178551890139,1824,10.0,20.0
c_nodr_vs_drz,before,0.02388392857142857,41.86915887850468,0.6284123911885422,0.14285714285714285,0.2050378677827802,1820,10.0,20.0
c_nodr_vs_drz,before,0.023995535714285712,41.674418604651166,0.6357107862965664,0.14285714285714285,0.20473485868990474,1854,10.0,20.0
c_nodr_vs_drz,before,0.024107142857142855,41.48148148148149,0.7185194931056923,0.14285714285714285,0.20489423896779435,1836,10.0,20.0
c_nodr_vs_drz,before,0.02421875,41.29032258064516,0.6362857702095731,0.14285714285714285,0.20482311852246032,1844,10.0,20.0
c_nodr_vs_drz,before,0.024330357142857143,41.10091743119266,0.5503799072113111,0.14285714285714285,0.20428703415014268,1906,10.0,20.0
c_nodr_vs_drz,before,0.024441964285714286,40.91324200913242,0.623097057963457,0.14285714285714285,0.20485862143419345,1840,10.0,20.0
c_nodr_vs_drz,before,0.024553571428571428,40.72727272727273,0.679042835779754,0.14285714285714285,0.20443997892001115,1888,10.0,20.0
c_nodr_vs_drz,before,0.02466517857142857,40.542986425339365,0.6287140116292813,0.14285714285714285,0.20432083629059994,1902,10.0,20.0
c_nodr_vs_drz,before,0.024776785714285713,40.36036036036036,0.6152061007585802,0.14285714285714285,0.20478772961770136,1848,10.0,20.0
c_nodr_vs_drz,before,0.024888392857142855,40.17937219730942,0.6703947686163612,0.14285714285714285,0.20406985646203774,1932,10.0,20.0
c_nodr_vs_drz,before,0.024999999999999998,40.0,0.6691597829213388,0.14285714285714285,0.20405333008241125,1934,10.0,20.0
c_nodr_vs_drz,before,0.02511160714285714,39.82222222222222,0.679668301171818,0.14285714285714285,0.20443997892001115,1888,10.0,20.0
c_nodr_vs_drz,before,0.025223214285714286,39.64601769911504,0.5698099924022444,0.14285714285714285,0.20395470143415717,1946,10.0,20.0
c_nodr_vs_drz,before,0.02533482142857143,39.47136563876652,0.5268251771886804,0.14285714285714285,0.20380843789404254,1964,10.0,20.0
c_nodr_vs_drz,before,0.02544642857142857,39.29824561403509,0.48289885888857065,0.14285714285714285,0.20397107681264137,1944,10.0,20.0
c_nodr_vs_drz,before,0.025558035714285714,39.12663755458515,0.5945031148448219,0.14285714285714285,0.2038245910506852,1962,10.0,20.0
c_nodr_vs_drz,before,0.025669642857142856,38.95652173913044,0.653999455711789,0.14285714285714285,0.20368008519926165,1980,10.0,20.0
c_nodr_vs_drz,before,0.02578125,38.78787878787879,0.5976708161756713,0.14285714285714285,0.20406985646203774,1932,10.0,20.0
c_nodr_vs_drz,before,0.02589285714285714,38.62068965517242,0.5626158032957003,0.14285714285714285,0.20360064332422378,1990,10.0,20.0
c_nodr_vs_drz,before,0.026004464285714284,38.4549356223176,0.6064256466675512,0.14285714285714285,0.20345912978831718,2008,10.0,20.0
c_nodr_vs_drz,before,0.02611607142857143,38.29059829059829,0.7005647407874567,0.14285714285714285,0.20380843789404254,1964,10.0,20.0
c_nodr_vs_drz,before,0.026227678571428572,38.12765957446808,0.615956908478952,0.14285714285714285,0.20335035825347117,2022,10.0,20.0
c_nodr_vs_drz,before,0.026339285714285714,37.96610169491525,0.6451439406935424,0.14285714285714285,0.20333491064606968,2024,10.0,20.0
c_nodr_vs_drz,before,0.026450892857142857,37.80590717299578,0.7146864770245724,0.14285714285714285,0.20333491064606968,2024,10.0,20.0
c_nodr_vs_drz,before,0.0265625,37.64705882352941,0.6339824234657906,0.14285714285714285,0.20338132157581876,2018,10.0,20.0
c_nodr_vs_drz,before,0.026674107142857142,37.48953974895397,0.5749371715843102,0.14285714285714285,0.2030306380195964,2064,10.0,20.0
c_nodr_vs_drz,before,0.026785714285714284,37.333333333333336,0.581774808952874,0.14285714285714285,0.2030156542404139,2066,10.0,20.0
c_nodr_vs_drz,before,0.026897321428571427,37.178423236514526,0.5649473772768925,0.14285714285714285,0.20352179142430754,2000,10.0,20.0
c_nodr_vs_drz,before,0.02700892857142857,37.02479338842976,0.5565845855353229,0.14285714285714285,0.20276417883135758,2100,10.0,20.0
c_nodr_vs_drz,before,0.027120535714285715,36.87242798353909,0.5955727673358027,0.14285714285714285,0.20280811620931277,2094,10.0,20.0
c_nodr_vs_drz,before,0.027232142857142858,36.721311475409834,0.588046468959905,0.14285714285714285,0.20294105689975392,2076,10.0,20.0
c_nodr_vs_drz,before,0.02734375,36.57142857142857,0.588475327578033,0.14285714285714285,0.20285224078709876,2088,10.0,20.0
c_nodr_vs_drz,before,0.027455357142857142,36.422764227642276,0.6414133316767848,0.14285714285714285,0.20251867322781997,2134,10.0,20.0
c_nodr_vs_drz,before,0.027566964285714285,36.2753036437247,0.7530285304286424,0.14285714285714285,0.20276417883135758,2100,10.0,20.0
c_nodr_vs_drz,before,0.027678571428571427,36.12903225806452,0.6914895989958639,0.14285714285714285,0.20282280353622323,2092,10.0,20.0
c_nodr_vs_drz,before,0.02779017857142857,35.98393574297189,0.528718187549805,0.14285714285714285,0.2024051399747265,2150,10.0,20.0
c_nodr_vs_drz,before,0.027901785714285712,35.84,0.4852136742224631,0.14285714285714285,0.2023910364655755,2152,10.0,20.0
c_nodr_vs_drz,before,0.028013392857142855,35.69721115537849,0.560638248412214,0.14285714285714285,0.20294105689975392,2076,10.0,20.0
c_nodr_vs_drz,before,0.028125,35.55555555555556,0.5887226718328875,0.14285714285714285,0.20199031257847036,2210,10.0,20.0
c_nodr_vs_drz,before,0.028236607142857143,35.41501976284585,0.5493104295132446,0.14285714285714285,0.20256157441371295,2128,10.0,20.0
c_nodr_vs_drz,before,0.028348214285714286,35.275590551181104,0.5616910243267698,0.14285714285714285,0.20220944357269727,2178,10.0,20.0
c_nodr_vs_drz,before,0.028459821428571428,35.13725490196079,0.5874040964870283,0.14285714285714285,0.2020038700244288,2208,10.0,20.0
c_nodr_vs_drz,before,0.02857142857142857,35.0,0.6562762890169587,0.14285714285714285,0.20227890442236768,2168,10.0,20.0
c_nodr_vs_drz,before,0.028683035714285713,34.86381322957199,0.6706573833718964,0.14285714285714285,0.20209928513740544,2194,10.0,20.0
c_nodr_vs_drz,before,0.028794642857142855,34.72868217054264,0.6141624517812349,0.14285714285714285,0.20219560817884408,2180,10.0,20.0
c_nodr_vs_drz,before,0.028906249999999998,34.5945945945946,0.5681170172043916,0.14285714285714285,0.2018157070765534,2236,10.0,20.0
c_nodr_vs_drz,before,0.02901785714285714,34.46153846153847,0.5081707035740388,0.14285714285714285,0.20212671273157043,2190,10.0,20.0
c_nodr_vs_drz,before,0.029129464285714286,34.32950191570881,0.4665651467447263,0.14285714285714285,0.20165718663427828,2260,10.0,20.0
c_nodr_vs_drz,before,0.02924107142857143,34.19847328244275,0.40308560448143654,0.14285714285714285,0.20197677333037697,2212,10.0,20.0
c_nodr_vs_drz,before,0.02935267857142857,34.06844106463878,0.3981845033061435,0.14285714285714285,0.20148825195988218,2286,10.0,20.0
c_nodr_vs_drz,before,0.029464285714285714,33.93939393939394,0.3403582171142348,0.14285714285714285,0.20176258739613345,2244,10.0,20.0
c_nodr_vs_drz,before,0.029575892857142856,33.81132075471698,0.40725679556372746,0.14285714285714285,0.20165718663427828,2260,10.0,20.0
c_nodr_vs_drz,before,0.0296875,33.68421052631579,0.41773461560381936,0.14285714285714285,0.20130948318858632,2314,10.0,20.0
c_nodr_vs_drz,before,0.02979910714285714,33.55805243445693,0.5227201841594686,0.14285714285714285,0.20178911203700534,2240,10.0,20.0
c_nodr_vs_drz,before,0.029910714285714284,33.43283582089553,0.5214094161291551,0.14285714285714285,0.20133482448864679,2310,10.0,20.0
c_nodr_vs_drz,before,0.030022321428571426,33.30855018587361,0.5242224636138322,0.14285714285714285,0.20150114550038942,2284,10.0,20.0
c_nodr_vs_drz,before,0.030133928571428572,33.18518518518518,0.44286891636623726,0.14285714285714285,0.20163100936456846,2264,10.0,20.0
c_nodr_vs_drz,before,0.030245535714285714,33.06273062730627,0.4440656491406886,0.14285714285714285,0.20093700504233267,2374,10.0,20.0
c_nodr_vs_drz,before,0.030357142857142857,32.94117647058824,0.43767709142346023,0.14285714285714285,0.20127159292996374,2320,10.0,20.0
c_nodr_vs_drz,before,0.03046875,32.820512820512825,0.42734451053934663,0.14285714285714285,0.2014240345538633,2296,10.0,20.0
c_nodr_vs_drz,before,0.030580357142857142,32.7007299270073,0.4118055814135976,0.14285714285714285,0.20091267051918305,2378,10.0,20.0
c_nodr_vs_drz,before,0.030691964285714284,32.581818181818186,0.38180958315642327,0.14285714285714285,0.20117125958839946,2336,10.0,20.0
c_nodr_vs_drz,before,0.030803571428571427,32.46376811594203,0.3586524310486169,0.14285714285714285,0.20117125958839946,2336,10.0,20.0
c_nodr_vs_drz,before,0.03091517857142857,32.34657039711192,0.3743445343680516,0.14285714285714285,0.20079190337726316,2398,10.0,20.0
c_nodr_vs_drz,before,0.03102678571428571,32.230215827338135,0.3507835611527358,0.14285714285714285,0.2008520992222212,2388,10.0,20.0
c_nodr_vs_drz,before,0.031138392857142858,32.11469534050179,0.4790271176231225,0.14285714285714285,0.20129683691159364,2316,10.0,20.0
c_nodr_vs_drz,before,0.03125,32.0,0.4534785172485195,0.14285714285714285,0.20060175498092978,2430,10.0,20.0
c_nodr_vs_drz,before,0.03136160714285714,31.88612099644128,0.38310649658148277,0.14285714285714285,0.2005899942187709,2432,10.0,20.0
c_nodr_vs_drz,before,0.031473214285714285,31.77304964539007,0.4442063502437491,0.14285714285714285,0.20091267051918305,2378,10.0,20.0
c_nodr_vs_drz,before,0.03158482142857143,31.66077738515901,0.3838779341425735,0.14285714285714285,0.2005899942187709,2432,10.0,20.0
c_nodr_vs_drz,before,0.03169642857142857,31.549295774647888,0.36622893382070637,0.14285714285714285,0.20073207911367105,2408,10.0,20.0
c_nodr_vs_drz,before,0.03180803571428571,31.438596491228072,0.38409978752705204,0.14285714285714285,0.20043839988598003,2458,10.0,20.0
c_nodr_vs_drz,before,0.031919642857142855,31.32867132867133,0.41706817772087545,0.14285714285714285,0.20063712367957884,2424,10.0,20.0
c_nodr_vs_drz,before,0.03203125,31.219512195121954,0.5147832472291838,0.14285714285714285,0.2004037543659979,2464,10.0,20.0
c_nodr_vs_drz,before,0.03214285714285714,31.111111111111114,0.4633813039129306,0.14285714285714285,0.2003233998560821,2478,10.0,20.0
c_nodr_vs_drz,before,0.03225446428571428,31.00346020761246,0.37445159281804863,0.14285714285714285,0.20075596447473562,2404,10.0,20.0
c_nodr_vs_drz,before,0.032366071428571425,30.896551724137936,0.4043211331396112,0.14285714285714285,0.2001759442030165,2504,10.0,20.0
c_nodr_vs_drz,before,0.03247767857142857,30.790378006872857,0.34917553094391507,0.14285714285714285,0.20011983450492699,2514,10.0,20.0
c_nodr_vs_drz,before,0.032589285714285716,30.684931506849313,0.2876730771038514,0.14285714285714285,0.20038072687575237,2468,10.0,20.0
c_nodr_vs_drz,before,0.03270089285714286,30.580204778156993,0.3600698842618465,0.14285714285714285,0.20022107212707113,2496,10.0,20.0
c_nodr_vs_drz,before,0.0328125,30.476190476190474,0.29311240460643606,0.14285714285714285,0.1999424885446575,2546,10.0,20.0
c_nodr_vs_drz,before,0.032924107142857144,30.372881355932204,0.31835454484865733,0.14285714285714285,0.2003577547434476,2472,10.0,20.0
c_nodr_vs_drz,before,0.033035714285714286,30.27027027027027,0.25172260602268326,0.14285714285714285,0.19992055302869258,2550,10.0,20.0
c_nodr_vs_drz,before,0.03314732142857143,30.16835016835017,0.27521313993202406,0.14285714285714285,0.19982247206699402,2568,10.0,20.0
c_nodr_vs_drz,before,0.03325892857142857,30.06711409395973,0.23465269050461954,0.14285714285714285,0.20022107212707113,2496,10.0,20.0
c_nodr_vs_drz,before,0.033370535714285714,29.96655518394649,0.15944301766536692,0.14285714285714285,0.19981163721274517,2570,10.0,20.0
c_nodr_vs_drz,before,0.033482142857142856,29.866666666666667,0.287396039471519,0.14285714285714285,0.19969327465375333,2592,10.0,20.0
c_nodr_vs_drz,before,0.03359375,29.767441860465116,0.2554617743402839,0.14285714285714285,0.19999755197612662,2536,10.0,20.0
c_nodr_vs_drz,before,0.03370535714285714,29.668874172185433,0.19558579336759332,0.14285714285714285,0.19968258842376282,2594,10.0,20.0
c_nodr_vs_drz,before,0.033816964285714284,29.570957095709574,0.27341533398148093,0.14285714285714285,0.1997576502130963,2580,10.0,20.0
c_nodr_vs_drz,before,0.033928571428571426,29.47368421052632,0.39357439808465805,0.14285714285714285,0.19962934028121115,2604,10.0,20.0
c_nodr_vs_drz,before,0.03404017857142857,29.377049180327873,0.2716919283176669,0.14285714285714285,0.19970397313874927,2590,10.0,20.0
c_nodr_vs_drz,before,0.03415178571428571,29.28104575163399,0.23934547410695178,0.14285714285714285,0.1995447720660188,2620,10.0,20.0
c_nodr_vs_drz,before,0.03426339285714285,29.185667752443,0.23933113199146722,0.14285714285714285,0.1995869599845832,2612,10.0,20.0
c_nodr_vs_drz,before,0.034374999999999996,29.090909090909093,0.22995030129423238,0.14285714285714285,0.19953425497473404,2622,10.0,20.0
c_nodr_vs_drz,before,0.034486607142857145,28.996763754045304,0.25274434160202686,0.14285714285714285,0.19923435045727056,2680,10.0,20.0
c_nodr_vs_drz,before,0.03459821428571429,28.903225806451612,0.25552484413356974,0.14285714285714285,0.19940897247414457,2646,10.0,20.0
c_nodr_vs_drz,before,0.03470982142857143,28.810289389067524,0.34182395968931867,0.14285714285714285,0.19948184772087152,2632,10.0,20.0
c_nodr_vs_drz,before,0.03482142857142857,28.717948717948715,0.25247942066415635,0.14285714285714285,0.19925472300409489,2676,10.0,20.0
c_nodr_vs_drz,before,0.034933035714285715,28.62619808306709,0.16674793441742758,0.14285714285714285,0.199163400800433,2694,10.0,20.0
c_nodr_vs_drz,before,0.03504464285714286,28.53503184713376,0.1673424592393539,0.14285714285714285,0.19929560413957997,2668,10.0,20.0
c_nodr_vs_drz,before,0.03515625,28.444444444444443,0.19858948811673274,0.14285714285714285,0.19923435045727056,2680,10.0,20.0
c_nodr_vs_drz,before,0.03526785714285714,28.354430379746837,0.18120248724365945,0.14285714285714285,0.199163400800433,2694,10.0,20.0
c_nodr_vs_drz,before,0.035379464285714285,28.26498422712934,0.1819797399874346,0.14285714285714285,0.19903307957272984,2720,10.0,20.0
c_nodr_vs_drz,before,0.03549107142857143,28.17610062893082,0.2106045193495924,0.14285714285714285,0.19923435045727056,2680,10.0,20.0
c_nodr_vs_drz,before,0.03560267857142857,28.087774294670847,0.2766631209544581,0.14285714285714285,0.1987296503731864,2782,10.0,20.0
c_nodr_vs_drz,before,0.03571428571428571,28.0,0.18928866063398941,0.14285714285714285,0.19919374056785832,2688,10.0,20.0
c_nodr_vs_drz,before,0.035825892857142855,27.912772585669785,0.16206313783488882,0.14285714285714285,0.19897355378849282,2732,10.0,20.0
c_nodr_vs_drz,before,0.0359375,27.826086956521742,0.27588676693766495,0.14285714285714285,0.19863390479962775,2802,10.0,20.0
c_nodr_vs_drz,before,0.03604910714285714,27.73993808049536,0.1590226726516817,0.14285714285714285,0.19893408530849774,2740,10.0,20.0
c_nodr_vs_drz,before,0.03616071428571428,27.654320987654323,0.18564006833621133,0.14285714285714285,0.1989636705837003,2734,10.0,20.0
c_nodr_vs_drz,before,0.036272321428571425,27.56923076923077,0.16474531872108403,0.14285714285714285,0.1987779076146052,2772,10.0,20.0
c_nodr_vs_drz,before,0.03638392857142857,27.48466257668712,0.15889436787763186,0.14285714285714285,0.1985674850051077,2816,10.0,20.0
c_nodr_vs_drz,before,0.036495535714285716,27.400611620795104,0.1657131187527756,0.14285714285714285,0.19880698630805718,2766,10.0,20.0
c_nodr_vs_drz,before,0.03660714285714286,27.317073170731707,0.18320031606915055,0.14285714285714285,0.19847344616835114,2836,10.0,20.0
c_nodr_vs_drz,before,0.03671875,27.23404255319149,0.22437022789181899,0.14285714285714285,0.1985674850051077,2816,10.0,20.0
c_nodr_vs_drz,before,0.036830357142857144,27.151515151515152,0.27955616110243325,0.14285714285714285,0.1987296503731864,2782,10.0,20.0
c_nodr_vs_drz,before,0.036941964285714286,27.069486404833835,0.16456511394752016,0.14285714285714285,0.1983434350217766,2864,10.0,20.0
c_nodr_vs_drz,before,0.03705357142857143,26.987951807228917,0.171637838965212,0.14285714285714285,0.19852975072299847,2824,10.0,20.0
c_nodr_vs_drz,before,0.03716517857142857,26.906906906906908,0.1898896185482877,0.14285714285714285,0.19837113512849097,2858,10.0,20.0
c_nodr_vs_drz,before,0.037276785714285714,26.826347305389223,0.1448098371681331,0.14285714285714285,0.19847344616835114,2836,10.0,20.0
c_nodr_vs_drz,before,0.037388392857142856,26.746268656716417,0.15234833511720147,0.14285714285714285,0.1984547565946868,2840,10.0,20.0
c_nodr_vs_drz,before,0.0375,26.666666666666668,0.10461355064100843,0.14285714285714285,0.19818808118118406,2898,10.0,20.0
c_nodr_vs_drz,before,0.03761160714285714,26.587537091988132,0.1204312085460127,0.14285714285714285,0.19843610609789097,2844,10.0,20.0
c_nodr_vs_drz,before,0.037723214285714284,26.50887573964497,0.0771050663552114,0.14285714285714285,0.19795564920134207,2950,10.0,20.0
c_nodr_vs_drz,before,0.037834821428571426,26.4306784660767,0.10323623102161289,0.14285714285714285,0.19830663541185475,2872,10.0,20.0
c_nodr_vs_drz,before,0.03794642857142857,26.35294117647059,0.1586567759727287,0.14285714285714285,0.1982882926807455,2876,10.0,20.0
c_nodr_vs_drz,before,0.03805803571428571,26.275659824046922,0.13957432861450966,0.14285714285714285,0.19802651424106882,2934,10.0,20.0
c_nodr_vs_drz,before,0.03816964285714285,26.198830409356727,0.09624092204354455,0.14285714285714285,0.1981069271457448,2916,10.0,20.0
c_nodr_vs_drz,before,0.038281249999999996,26.12244897959184,0.1006356359945823,0.14285714285714285,0.1982152991985056,2892,10.0,20.0
c_nodr_vs_drz,before,0.03839285714285714,26.04651162790698,0.11284696172592625,0.14285714285714285,0.19793802214251247,2954,10.0,20.0
c_nodr_vs_drz,before,0.03850446428571429,25.97101449275362,0.08219711097099339,0.14285714285714285,0.19782430484837527,2980,10.0,20.0
c_nodr_vs_drz,before,0.03861607142857143,25.89595375722543,0.1937353345800952,0.14285714285714285,0.19825172071105046,2884,10.0,20.0
c_nodr_vs_drz,before,0.03872767857142857,25.821325648414984,0.08983351784214753,0.14285714285714285,0.1978156184587228,2982,10.0,20.0
c_nodr_vs_drz,before,0.038839285714285715,25.74712643678161,0.08298814743787956,0.14285714285714285,0.19760123472388125,3032,10.0,20.0
c_nodr_vs_drz,before,0.03895089285714286,25.673352435530084,0.0753289197098942,0.14285714285714285,0.1981609467848357,2904,10.0,20.0
c_nodr_vs_drz,before,0.0390625,25.6,0.1347513552231547,0.14285714285714285,0.1975253385684874,3050,10.0,20.0
c_nodr_vs_drz,before,0.03917410714285714,25.527065527065528,0.12293903804709562,0.14285714285714285,0.19784170365088652,2976,10.0,20.0
c_nodr_vs_drz,before,0.039285714285714285,25.454545454545457,0.08141838277410338,0.14285714285714285,0.1976097089758139,3030,10.0,20.0
c_nodr_vs_drz,before,0.03939732142857143,25.38243626062323,0.11994802032110127,0.14285714285714285,0.1977550552720954,2996,10.0,20.0
c_nodr_vs_drz,before,0.03950892857142857,25.310734463276837,0.07398757603156458,0.14285714285714285,0.19765220529146557,3020,10.0,20.0
c_nodr_vs_drz,before,0.03962053571428571,25.23943661971831,0.04205206217530933,0.14285714285714285,0.1975085631250675,3054,10.0,20.0
c_nodr_vs_drz,before,0.039732142857142855,25.168539325842698,0.1035448432917153,0.14285714285714285,0.19770347780800562,3008,10.0,20.0
c_nodr_vs_drz,before,0.03984375,25.098039215686278,0.1414960238172195,0.14285714285714285,0.19743347590385044,3072,10.0,20.0
c_nodr_vs_drz,before,0.03995535714285714,25.027932960893857,0.07893656303693243,0.14285714285714285,0.19739204277139769,3082,10.0,20.0
c_nodr_vs_drz,before,0.04006696428571428,24.95821727019499,0.09377794542281047,0.14285714285714285,0.1976692624332035,3016,10.0,20.0
c_nodr_vs_drz,before,0.040178571428571425,24.888888888888893,0.02595695008166169,0.14285714285714285,0.19731796447605393,3100,10.0,20.0
c_nodr_vs_drz,before,0.04029017857142857,24.81994459833795,0.11627517225960195,0.14285714285714285,0.1974251732503782,3074,10.0,20.0
c_nodr_vs_drz,before,0.040401785714285716,24.75138121546961,0.11083677178166784,0.14285714285714285,0.19745010534200189,3068,10.0,20.0
c_nodr_vs_drz,before,0.04051339285714286,24.683195592286502,0.09119987040615958,0.14285714285714285,0.19736727869292328,3088,10.0,20.0
c_nodr_vs_drz,before,0.040625,24.615384615384613,0.05597669903289776,0.14285714285714285,0.1970358524551192,3170,10.0,20.0
c_nodr_vs_drz,before,0.040736607142857144,24.54794520547945,0.06118149777692698,0.14285714285714285,0.197483461108339,3060,10.0,20.0
c_nodr_vs_drz,before,0.040848214285714286,24.48087431693989,0.0316206834570216,0.14285714285714285,0.19717976864090656,3134,10.0,20.0
c_nodr_vs_drz,before,0.04095982142857143,24.4141689373297,0.03996965285719699,0.14285714285714285,0.19701210252814472,3176,10.0,20.0
c_nodr_vs_drz,before,0.04107142857142857,24.347826086956523,0.036922696820719976,0.14285714285714285,0.19738378012086183,3084,10.0,20.0
c_nodr_vs_drz,before,0.041183035714285714,24.281842818428185,0.08800777859248542,0.14285714285714285,0.19695694455425367,3190,10.0,20.0
c_nodr_vs_drz,before,0.041294642857142856,24.216216216216218,0.04937682445917348,0.14285714285714285,0.1970755845534379,3160,10.0,20.0
c_nodr_vs_drz,before,0.04140625,24.150943396226417,0.057372863900720605,0.14285714285714285,0.1970755845534379,3160,10.0,20.0
c_nodr_vs_drz,before,0.04151785714285714,24.086021505376344,0.10353871504848934,0.14285714285714285,0.19706762319057258,3162,10.0,20.0
c_nodr_vs_drz,before,0.041629464285714284,24.021447721179626,0.11023450666951562,0.14285714285714285,0.19698053952908048,3184,10.0,20.0
c_nodr_vs_drz,before,0.041741071428571426,23.9572192513369,0.0889537999532647,0.14285714285714285,0.19696480220931625,3188,10.0,20.0
c_nodr_vs_drz,before,0.04185267857142857,23.893333333333334,0.07361210693658675,0.14285714285714285,0.19690995197425074,3202,10.0,20.0
c_nodr_vs_drz,before,0.04196428571428571,23.829787234042556,0.013170200904131053,0.14285714285714285,0.1966864592271897,3260,10.0,20.0
c_nodr_vs_drz,before,0.04207589285714285,23.766578249336874,0.040124715767183024,0.14285714285714285,0.19691776587158633,3200,10.0,20.0
c_nodr_vs_drz,before,0.042187499999999996,23.703703703703706,0.0720554995103427,0.14285714285714285,0.19692558703358493,3198,10.0,20.0
c_nodr_vs_drz,before,0.04229910714285714,23.641160949868077,0.11343020974279325,0.14285714285714285,0.19662584390434415,3276,10.0,20.0
c_nodr_vs_drz,before,0.04241071428571429,23.57894736842105,0.072104873899551,0.14285714285714285,0.1967398616607217,3246,10.0,20.0
c_nodr_vs_drz,before,0.04252232142857143,23.517060367454068,0.05851369649367633,0.14285714285714285,0.1969334154715303,3196,10.0,20.0
c_nodr_vs_drz,before,0.04263392857142857,23.455497382198953,0.061949179580732296,0.14285714285714285,0.19662584390434415,3276,10.0,20.0
c_nodr_vs_drz,before,0.042745535714285715,23.39425587467363,0.09478851321724834,0.14285714285714285,0.19658818240465054,3286,10.0,20.0
c_nodr_vs_drz,before,0.04285714285714286,23.333333333333332,0.029288594422495803,0.14285714285714285,0.19656566720869945,3292,10.0,20.0
c_nodr_vs_drz,before,0.04296875,23.272727272727273,0.005299730866177057,0.14285714285714285,0.19674751854137398,3244,10.0,20.0
c_nodr_vs_drz,before,0.04308035714285714,23.212435233160623,0.012354188426238514,0.14285714285714285,0.19627841680223054,3370,10.0,20.0
c_nodr_vs_drz,before,0.043191964285714285,23.152454780361758,0.0494477346888946,0.14285714285714285,0.19665609640424975,3268,10.0,20.0
c_nodr_vs_drz,before,0.04330357142857143,23.09278350515464,0.05516433801674492,0.14285714285714285,0.1965506909503124,3296,10.0,20.0
c_nodr_vs_drz,before,0.04341517857142857,23.033419023136247,0.04619162155959783,0.14285714285714285,0.19635112163071453,3350,10.0,20.0
c_nodr_vs_drz,before,0.04352678571428571,22.974358974358974,0.049076316597478783,0.14285714285714285,0.19649105513285683,3312,10.0,20.0
c_nodr_vs_drz,before,0.043638392857142855,22.915601023017903,0.04681845702522225,0.14285714285714285,0.1965506909503124,3296,10.0,20.0
c_nodr_vs_drz,before,0.04375,22.857142857142858,0.07797552592118479,0.14285714285714285,0.19620635084804425,3390,10.0,20.0
c_nodr_vs_drz,before,0.04386160714285714,22.798982188295167,0.10794254968562064,0.14285714285714285,0.19627118161272125,3372,10.0,20.0
c_nodr_vs_drz,before,0.04397321428571428,22.741116751269036,0.09061454772012724,0.14285714285714285,0.19639505513636507,3338,10.0,20.0
c_nodr_vs_drz,before,0.044084821428571425,22.683544303797472,0.022047554687830533,0.14285714285714285,0.19614203002159336,3408,10.0,20.0
c_nodr_vs_drz,before,0.04419642857142857,22.62626262626263,0.04648361275324058,0.14285714285714285,0.19628565838032241,3368,10.0,20.0
c_nodr_vs_drz,before,0.04430803571428571,22.569269521410583,0.02699011056046649,0.14285714285714285,0.19630742154042707,3362,10.0,20.0
c_nodr_vs_drz,before,0.04441964285714286,22.51256281407035,0.00012877103138485095,0.14285714285714285,0.19604297333067175,3436,10.0,20.0
c_nodr_vs_drz,before,0.04453125,22.45614035087719,0.05654413294037032,0.14285714285714285,0.19624230455271754,3380,10.0,20.0
c_nodr_vs_drz,before,0.044642857142857144,22.4,0.0752624683278044,0.14285714285714285,0.19616341405099993,3402,10.0,20.0
c_nodr_vs_drz,before,0.044754464285714286,22.34413965087282,0.050182993807585057,0.14285714285714285,0.19608527866196232,3424,10.0,20.0
c_nodr_vs_drz,before,0.04486607142857143,22.28855721393035,0.021736541348527132,0.14285714285714285,0.19608527866196232,3424,10.0,20.0
c_nodr_vs_drz,before,0.04497767857142857,22.233250620347395,0.03531865962304947,0.14285714285714285,0.19586903899227384,3486,10.0,20.0
c_nodr_vs_drz,before,0.045089285714285714,22.17821782178218,0.015866734940354968,0.14285714285714285,0.19609942947499998,3420,10.0,20.0
c_nodr_vs_drz,before,0.045200892857142856,22.123456790123456,0.06608209899616647,0.14285714285714285,0.19598690683769954,3452,10.0,20.0
c_nodr_vs_drz,before,0.0453125,22.06896551724138,0.07765623997187486,0.14285714285714285,0.19578686266146458,3510,10.0,20.0
c_nodr_vs_drz,before,0.04542410714285714,22.014742014742016,0.020955637083919575,0.14285714285714285,0.195959018311031,3460,10.0,20.0
c_nodr_vs_drz,before,0.045535714285714284,21.96078431372549,-0.0032327177765484154,0.14285714285714285,0.1959242922263356,3470,10.0,20.0
c_nodr_vs_drz,before,0.045647321428571426,21.90709046454768,0.03943215887213062,0.14285714285714285,0.1959312255268662,3468,10.0,20.0
c_nodr_vs_drz,before,0.04575892857142857,21.853658536585368,0.04135369071718854,0.14285714285714285,0.19578005236369755,3512,10.0,20.0
c_nodr_vs_drz,before,0.04587053571428571,21.800486618004868,0.018163849192629433,0.14285714285714285,0.1957460872064342,3522,10.0,20.0
c_nodr_vs_drz,before,0.04598214285714285,21.74757281553398,0.05564066005115442,0.14285714285714285,0.19567186631260183,3544,10.0,20.0
c_nodr_vs_drz,before,0.046093749999999996,21.69491525423729,0.024677042892508667,0.14285714285714285,0.19601489165878555,3444,10.0,20.0
c_nodr_vs_drz,before,0.04620535714285714,21.64251207729469,0.009407468291405877,0.14285714285714285,0.19554526746979894,3582,10.0,20.0
c_nodr_vs_drz,before,0.04631696428571429,21.59036144578313,0.029405873349027025,0.14285714285714285,0.19557838863500912,3572,10.0,20.0
c_nodr_vs_drz,before,0.04642857142857143,21.538461538461537,0.03850547911817252,0.14285714285714285,0.19587592500046092,3484,10.0,20.0
c_nodr_vs_drz,before,0.04654017857142857,21.48681055155875,0.012146578294195432,0.14285714285714285,0.19536229896004664,3638,10.0,20.0
c_nodr_vs_drz,before,0.046651785714285715,21.43540669856459,0.004257254702687073,0.14285714285714285,0.19572577688551,3528,10.0,20.0
c_nodr_vs_drz,before,0.04676339285714286,21.384248210023866,0.011261672342873313,0.14285714285714285,0.19565844520659162,3548,10.0,20.0
c_nodr_vs_drz,before,0.046875,21.333333333333332,0.006181726128553359,0.14285714285714285,0.19540115234939126,3626,10.0,20.0
c_nodr_vs_drz,before,0.04698660714285714,21.282660332541568,0.038407435811161676,0.14285714285714285,0.19544672377293545,3612,10.0,20.0
c_nodr_vs_drz,before,0.047098214285714285,21.232227488151658,0.09550470489923221,0.14285714285714285,0.1954663349047849,3606,10.0,20.0
c_nodr_vs_drz,before,0.04720982142857143,21.182033096926716,0.06250508422981753,0.14285714285714285,0.1955651236363731,3576,10.0,20.0
c_nodr_vs_drz,before,0.04732142857142857,21.132075471698116,0.04977314477751766,0.14285714285714285,0.19534294368347277,3644,10.0,20.0
c_nodr_vs_drz,before,0.04743303571428571,21.08235294117647,0.058021344212921065,0.14285714285714285,0.19537522888070752,3634,10.0,20.0
c_nodr_vs_drz,before,0.047544642857142855,21.03286384976526,0.05207517975670497,0.14285714285714285,0.19549912822785603,3596,10.0,20.0
c_nodr_vs_drz,before,0.04765625,20.98360655737705,0.03187141283173601,0.14285714285714285,0.19527876700452393,3664,10.0,20.0
c_nodr_vs_drz,before,0.04776785714285714,20.93457943925234,0.028617203506755787,0.14285714285714285,0.19536229896004664,3638,10.0,20.0
c_nodr_vs_drz,before,0.04787946428571428,20.88578088578089,0.01648628416186819,0.14285714285714285,0.1952532420597071,3672,10.0,20.0
c_nodr_vs_drz,before,0.047991071428571425,20.837209302325583,0.021519713585004752,0.14285714285714285,0.19534294368347277,3644,10.0,20.0
c_nodr_vs_drz,before,0.04810267857142857,20.788863109048727,0.053250786934746976,0.14285714285714285,0.1950209946989822,3746,10.0,20.0
c_nodr_vs_drz,before,0.04821428571428571,20.740740740740744,0.03464649707369144,0.14285714285714285,0.19530437499553316,3656,10.0,20.0
c_nodr_vs_drz,before,0.04832589285714286,20.69284064665127,0.04380006924512709,0.14285714285714285,0.19526599417946083,3668,10.0,20.0
c_nodr_vs_drz,before,0.0484375,20.64516129032258,0.031174891247159147,0.14285714285714285,0.19493488938335007,3774,10.0,20.0
c_nodr_vs_drz,before,0.048549107142857144,20.597701149425287,0.007457526052916607,0.14285714285714285,0.19539466351065476,3628,10.0,20.0
c_nodr_vs_drz,before,0.048660714285714286,20.55045871559633,0.01359837702726322,0.14285714285714285,0.19489827749225433,3786,10.0,20.0
c_nodr_vs_drz,before,0.04877232142857143,20.503432494279178,0.036529317372066855,0.14285714285714285,0.19506440733704855,3732,10.0,20.0
c_nodr_vs_drz,before,0.04888392857142857,20.45662100456621,0.04116853592178601,0.14285714285714285,0.19518979008893414,3692,10.0,20.0
c_nodr_vs_drz,before,0.048995535714285714,20.41002277904328,0.03379038682086702,0.14285714285714285,0.19491046224945754,3782,10.0,20.0
c_nodr_vs_drz,before,0.049107142857142856,20.363636363636363,0.020402547136979296,0.14285714285714285,0.19500246310468877,3752,10.0,20.0
c_nodr_vs_drz,before,0.04921875,20.317460317460316,0.005548598540413664,0.14285714285714285,0.19499013318559666,3756,10.0,20.0
c_nodr_vs_drz,before,0.04933035714285714,20.271493212669682,0.006537468228875006,0.14285714285714285,0.1948739653457362,3794,10.0,20.0
c_nodr_vs_drz,before,0.049441964285714284,20.225733634311513,0.01164857035657442,0.14285714285714285,0.19488003622703962,3792,10.0,20.0
c_nodr_vs_drz,before,0.049553571428571426,20.18018018018018,0.017646397673160823,0.14285714285714285,0.19489219229404334,3788,10.0,20.0
c_nodr_vs_drz,before,0.04966517857142857,20.134831460674157,0.0036658987102640046,0.14285714285714285,0.1950209946989822,3746,10.0,20.0
c_nodr_vs_drz,before,0.04977678571428571,20.08968609865471,-0.003195552694998751,0.14285714285714285,0.19475951592150462,3832,10.0,20.0
c_nodr_vs_drz,before,0.04988839285714285,20.04474272930649,0.033574792065297926,0.14285714285714285,0.19485578123579675,3800,10.0,20.0
c_nodr_vs_drz,before,0.049999999999999996,20.0,0.8377236833356244,0.14285714285714285,0.8417399583909729,2,10.0,20.0
c_nodr_vs_drz,after,0.0,inf,0.9999959326421705,0.14285714285714285,0.7560610050770457,3,10.0,20.0
c_nodr_vs_drz,after,0.00011160714285714285,8960.0,0.9999789368155036,0.14285714285714285,0.5160568456025979,12,10.0,20.0
c_nodr_vs_drz,after,0.0002232142857142857,4480.0,0.9999685022297101,0.14285714285714285,0.43846389609946435,22,10.0,20.0
c_nodr_vs_drz,after,0.0003348214285714286,2986.6666666666665,0.9999395146898334,0.14285714285714285,0.41192739958594665,28,10.0,20.0
c_nodr_vs_drz,after,0.0004464285714285714,2240.0,0.9996924423480795,0.14285714285714285,0.37684928940895107,40,10.0,20.0
c_nodr_vs_drz,after,0.0005580357142857143,1792.0,0.9998795107390074,0.14285714285714285,0.3572655453148874,50,10.0,20.0
c_nodr_vs_drz,after,0.0006696428571428571,1493.3333333333333,0.9999005991778787,0.14285714285714285,0.3607189084162777,48,10.0,20.0
c_nodr_vs_drz,after,0.0007812499999999999,1280.0,0.9995387836457201,0.14285714285714285,0.33301944154606616,68,10.0,20.0
c_nodr_vs_drz,after,0.0008928571428571428,1120.0,0.999534687741752,0.14285714285714285,0.3308883459615167,70,10.0,20.0
c_nodr_vs_drz,after,0.0010044642857142856,995.5555555555557,0.9993219847491753,0.14285714285714285,0.32498105977643776,76,10.0,20.0
c_nodr_vs_drz,after,0.0011160714285714285,896.0,0.9991322384758825,0.14285714285714285,0.3120228149867766,92,10.0,20.0
c_nodr_vs_drz,after,0.0012276785714285714,814.5454545454546,0.9985798865236089,0.14285714285714285,0.30307454563671804,106,10.0,20.0
c_nodr_vs_drz,after,0.0013392857142857143,746.6666666666666,0.9979944096955814,0.14285714285714285,0.309276869488276,96,10.0,20.0
c_nodr_vs_drz,after,0.0014508928571428572,689.2307692307692,0.9991206799343844,0.14285714285714285,0.297657677511583,116,10.0,20.0
c_nodr_vs_drz,after,0.0015624999999999999,640.0,0.9988595695631564,0.14285714285714285,0.28942028891226607,134,10.0,20.0
c_nodr_vs_drz,after,0.0016741071428571428,597.3333333333334,0.9969466383184885,0.14285714285714285,0.2956748612128594,120,10.0,20.0
c_nodr_vs_drz,after,0.0017857142857142857,560.0,0.9979587176933443,0.14285714285714285,0.28476380812712476,146,10.0,20.0
c_nodr_vs_drz,after,0.0018973214285714286,527.0588235294118,0.9982943918492656,0.14285714285714285,0.2812856424436456,156,10.0,20.0
c_nodr_vs_drz,after,0.0020089285714285712,497.7777777777778,0.9996121580404281,0.14285714285714285,0.28702018719502587,140,10.0,20.0
c_nodr_vs_drz,after,0.002120535714285714,471.5789473684211,0.9995984826613092,0.14285714285714285,0.2757709533720164,174,10.0,20.0
c_nodr_vs_drz,after,0.002232142857142857,448.0,0.9998525672203744,0.14285714285714285,0.27520913338899333,176,10.0,20.0
c_nodr_vs_drz,after,0.00234375,426.6666666666667,0.9999215947651163,0.14285714285714285,0.273051000260408,184,10.0,20.0
c_nodr_vs_drz,after,0.002455357142857143,407.2727272727273,0.9999304243667108,0.14285714285714285,0.2705369635786124,194,10.0,20.0
c_nodr_vs_drz,after,0.0025669642857142857,389.5652173913044,0.9999304735149679,0.14285714285714285,0.269116846861646,200,10.0,20.0
c_nodr_vs_drz,after,0.0026785714285714286,373.3333333333333,0.9998689218262303,0.14285714285714285,0.26731663903915925,208,10.0,20.0
c_nodr_vs_drz,after,0.0027901785714285715,358.4,0.9992406652883307,0.14285714285714285,0.2668822084027434,210,10.0,20.0
c_nodr_vs_drz,after,0.0029017857142857144,344.6153846153846,0.9992151984125367,0.14285714285714285,0.26173150991010213,236,10.0,20.0
c_nodr_vs_drz,after,0.003013392857142857,331.8518518518519,0.9993718183780536,0.14285714285714285,0.2632250986856457,228,10.0,20.0
c_nodr_vs_drz,after,0.0031249999999999997,320.0,0.9980888417020966,0.14285714285714285,0.2613695641695868,238,10.0,20.0
c_nodr_vs_drz,after,0.0032366071428571426,308.96551724137936,0.9991148987116251,0.14285714285714285,0.2576597972433477,260,10.0,20.0
c_nodr_vs_drz,after,0.0033482142857142855,298.6666666666667,0.9979048996054533,0.14285714285714285,0.2586250244740691,254,10.0,20.0
c_nodr_vs_drz,after,0.0034598214285714284,289.03225806451616,0.9986534837405077,0.14285714285714285,0.25523709705862524,276,10.0,20.0
c_nodr_vs_drz,after,0.0035714285714285713,280.0,0.9985202909229317,0.14285714285714285,0.25582326430374547,272,10.0,20.0
c_nodr_vs_drz,after,0.003683035714285714,271.5151515151515,0.9984634757646734,0.14285714285714285,0.2527449491574839,294,10.0,20.0
c_nodr_vs_drz,after,0.003794642857142857,263.5294117647059,0.998639845722466,0.14285714285714285,0.25410107451462977,284,10.0,20.0
c_nodr_vs_drz,after,0.00390625,256.0,0.99750709125983,0.14285714285714285,0.2514544516681247,304,10.0,20.0
c_nodr_vs_drz,after,0.0040178571428571425,248.8888888888889,0.9977063675620292,0.14285714285714285,0.24928083583453234,322,10.0,20.0
c_nodr_vs_drz,after,0.004129464285714286,242.16216216216216,0.9977754412066066,0.14285714285714285,0.2514544516681247,304,10.0,20.0
c_nodr_vs_drz,after,0.004241071428571428,235.78947368421055,0.996264379639873,0.14285714285714285,0.24905026945843273,324,10.0,20.0
c_nodr_vs_drz,after,0.004352678571428572,229.74358974358972,0.9955793563641071,0.14285714285714285,0.24582376798178943,354,10.0,20.0
c_nodr_vs_drz,after,0.004464285714285714,224.0,0.998343227501085,0.14285714285714285,0.24770924671322134,336,10.0,20.0
c_nodr_vs_drz,after,0.004575892857142857,218.53658536585365,0.9945643417546732,0.14285714285714285,0.24643640318775006,348,10.0,20.0
c_nodr_vs_drz,after,0.0046875,213.33333333333334,0.9937089891516542,0.14285714285714285,0.24426173259637654,370,10.0,20.0
c_nodr_vs_drz,after,0.004799107142857142,208.37209302325584,0.9974124501839684,0.14285714285714285,0.24407341871811294,372,10.0,20.0
c_nodr_vs_drz,after,0.004910714285714286,203.63636363636365,0.9974488461323584,0.14285714285714285,0.24388657961491628,374,10.0,20.0
c_nodr_vs_drz,after,0.005022321428571428,199.11111111111114,0.9973321387657882,0.14285714285714285,0.24124866466885456,404,10.0,20.0
c_nodr_vs_drz,after,0.005133928571428571,194.7826086956522,0.9986832475465813,0.14285714285714285,0.24226832878047586,392,10.0,20.0
c_nodr_vs_drz,after,0.005245535714285714,190.63829787234044,0.9988604125316622,0.14285714285714285,0.2427954615022515,386,10.0,20.0
c_nodr_vs_drz,after,0.005357142857142857,186.66666666666666,0.998160364556054,0.14285714285714285,0.23964416299559071,424,10.0,20.0
c_nodr_vs_drz,after,0.00546875,182.85714285714286,0.9969795082638022,0.14285714285714285,0.24027239659586974,416,10.0,20.0
c_nodr_vs_drz,after,0.005580357142857143,179.2,0.995002883430069,0.14285714285714285,0.2388828626474958,434,10.0,20.0
c_nodr_vs_drz,after,0.0056919642857142854,175.68627450980392,0.9964121463221116,0.14285714285714285,0.2384383044776066,440,10.0,20.0
c_nodr_vs_drz,after,0.005803571428571429,172.3076923076923,0.9972861194378362,0.14285714285714285,0.23757528612232023,452,10.0,20.0
c_nodr_vs_drz,after,0.005915178571428571,169.05660377358492,0.9935717730313967,0.14285714285714285,0.23688135961430892,462,10.0,20.0
c_nodr_vs_drz,after,0.006026785714285714,165.92592592592595,0.9957025643151198,0.14285714285714285,0.23785919155913984,448,10.0,20.0
c_nodr_vs_drz,after,0.006138392857142857,162.9090909090909,0.9961106134250769,0.14285714285714285,0.23517586182327832,488,10.0,20.0
c_nodr_vs_drz,after,0.0062499999999999995,160.0,0.9976200701217852,0.14285714285714285,0.23607716377209612,474,10.0,20.0
c_nodr_vs_drz,after,0.006361607142857143,157.19298245614036,0.9980315989335916,0.14285714285714285,0.23568617177506457,480,10.0,20.0
c_nodr_vs_drz,after,0.006473214285714285,154.48275862068968,0.9972109905136818,0.14285714285714285,0.23359868826190747,514,10.0,20.0
c_nodr_vs_drz,after,0.006584821428571429,151.864406779661,0.994064169179182,0.14285714285714285,0.23348222347930858,516,10.0,20.0
c_nodr_vs_drz,after,0.006696428571428571,149.33333333333334,0.9966341366471894,0.14285714285714285,0.23467767886949623,496,10.0,20.0
c_nodr_vs_drz,after,0.006808035714285714,146.88524590163934,0.9975325109392994,0.14285714285714285,0.23246304055541317,534,10.0,20.0
c_nodr_vs_drz,after,0.006919642857142857,144.51612903225808,0.9979980704568908,0.14285714285714285,0.23191835858106052,544,10.0,20.0
c_nodr_vs_drz,after,0.00703125,142.22222222222223,0.9980165875706332,0.14285714285714285,0.23348222347930858,516,10.0,20.0
c_nodr_vs_drz,after,0.007142857142857143,140.0,0.9979784028511196,0.14285714285714285,0.23118003674182988,558,10.0,20.0
c_nodr_vs_drz,after,0.007254464285714285,137.84615384615387,0.9986721650063055,0.14285714285714285,0.23066911942921098,568,10.0,20.0
c_nodr_vs_drz,after,0.007366071428571428,135.75757575757575,0.998910080271377,0.14285714285714285,0.23257377696061368,532,10.0,20.0
c_nodr_vs_drz,after,0.007477678571428571,133.7313432835821,0.9977676265631213,0.14285714285714285,0.22865956785210217,610,10.0,20.0
c_nodr_vs_drz,after,0.007589285714285714,131.76470588235296,0.9968597613729108,0.14285714285714285,0.2300731936178756,580,10.0,20.0
c_nodr_vs_drz,after,0.007700892857142857,129.85507246376812,0.9976664585803227,0.14285714285714285,0.22987856279938831,584,10.0,20.0
c_nodr_vs_drz,after,0.0078125,128.0,0.9974275710039987,0.14285714285714285,0.22847879956174852,614,10.0,20.0
c_nodr_vs_drz,after,0.007924107142857142,126.19718309859155,0.9980575391298282,0.14285714285714285,0.22856896654528058,612,10.0,20.0
c_nodr_vs_drz,after,0.008035714285714285,124.44444444444446,0.998025234668947,0.14285714285714285,0.22794672665157004,626,10.0,20.0
c_nodr_vs_drz,after,0.008147321428571429,122.73972602739725,0.9971653577444022,0.14285714285714285,0.22856896654528058,612,10.0,20.0
c_nodr_vs_drz,after,0.008258928571428572,121.08108108108108,0.9975772363734707,0.14285714285714285,0.22751466188342373,636,10.0,20.0
c_nodr_vs_drz,after,0.008370535714285714,119.46666666666667,0.9982771843558119,0.14285714285714285,0.22709247611069447,646,10.0,20.0
c_nodr_vs_drz,after,0.008482142857142856,117.89473684210527,0.9987748297992232,0.14285714285714285,0.2270091913293758,648,10.0,20.0
c_nodr_vs_drz,after,0.008593749999999999,116.36363636363637,0.9984261150896222,0.14285714285714285,0.22684375089361272,652,10.0,20.0
c_nodr_vs_drz,after,0.008705357142857143,114.87179487179486,0.9984138271768791,0.14285714285714285,0.22580365493397495,678,10.0,20.0
c_nodr_vs_drz,after,0.008816964285714286,113.41772151898735,0.9983548755954098,0.14285714285714285,0.22572608133433805,680,10.0,20.0
c_nodr_vs_drz,after,0.008928571428571428,112.0,0.9985484032937293,0.14285714285714285,0.22572608133433805,680,10.0,20.0
c_nodr_vs_drz,after,0.00904017857142857,110.61728395061729,0.9977538330913245,0.14285714285714285,0.2247472633332211,706,10.0,20.0
c_nodr_vs_drz,after,0.009151785714285715,109.26829268292683,0.9976548465363599,0.14285714285714285,0.2252675931499613,692,10.0,20.0
c_nodr_vs_drz,after,0.009263392857142857,107.95180722891567,0.9974486678405613,0.14285714285714285,0.22511735629687746,696,10.0,20.0
c_nodr_vs_drz,after,0.009375,106.66666666666667,0.9974303226210993,0.14285714285714285,0.22347634762040358,742,10.0,20.0
c_nodr_vs_drz,after,0.009486607142857142,105.41176470588236,0.9969973675097007,0.14285714285714285,0.22467416992987052,708,10.0,20.0
c_nodr_vs_drz,after,0.009598214285714285,104.18604651162792,0.9966519669609607,0.14285714285714285,0.22280884262303868,762,10.0,20.0
c_nodr_vs_drz,after,0.009709821428571429,102.98850574712644,0.9909819787517195,0.14285714285714285,0.22368179007692848,736,10.0,20.0
c_nodr_vs_drz,after,0.009821428571428571,101.81818181818183,0.9900333559643201,0.14285714285714285,0.22287442635809016,760,10.0,20.0
c_nodr_vs_drz,after,0.009933035714285714,100.67415730337079,0.9955992412444052,0.14285714285714285,0.22229315058834048,778,10.0,20.0
c_nodr_vs_drz,after,0.010044642857142856,99.55555555555557,0.9964374481584316,0.14285714285714285,0.22261360373636063,768,10.0,20.0
c_nodr_vs_drz,after,0.01015625,98.46153846153845,0.9960010884634315,0.14285714285714285,0.22287442635809016,760,10.0,20.0
c_nodr_vs_drz,after,0.010267857142857143,97.3913043478261,0.9952769690182813,0.14285714285714285,0.22191652760781277,790,10.0,20.0
c_nodr_vs_drz,after,0.010379464285714285,96.34408602150538,0.9948751092760894,0.14285714285714285,0.2212474895498582,812,10.0,20.0
c_nodr_vs_drz,after,0.010491071428571428,95.31914893617022,0.995088853468957,0.14285714285714285,0.2214876516950723,804,10.0,20.0
c_nodr_vs_drz,after,0.010602678571428572,94.3157894736842,0.995215464205022,0.14285714285714285,0.22130720212890542,810,10.0,20.0
c_nodr_vs_drz,after,0.010714285714285714,93.33333333333333,0.9954767585531462,0.14285714285714285,0.2206620549790673,832,10.0,20.0
c_nodr_vs_drz,after,0.010825892857142857,92.37113402061856,0.9950311629102853,0.14285714285714285,0.2216090580540805,800,10.0,20.0
c_nodr_vs_drz,after,0.0109375,91.42857142857143,0.9961478653381606,0.14285714285714285,0.2198217694523472,862,10.0,20.0
c_nodr_vs_drz,after,0.011049107142857142,90.50505050505052,0.9957688106178694,0.14285714285714285,0.22020844574520457,848,10.0,20.0
c_nodr_vs_drz,after,0.011160714285714286,89.6,0.9941010120744364,0.14285714285714285,0.21928516426814687,882,10.0,20.0
c_nodr_vs_drz,after,0.011272321428571428,88.71287128712872,0.9896447212272232,0.14285714285714285,0.22077747178815657,828,10.0,20.0
c_nodr_vs_drz,after,0.011383928571428571,87.84313725490196,0.9903686475057024,0.14285714285714285,0.21955119748619267,872,10.0,20.0
c_nodr_vs_drz,after,0.011495535714285713,86.99029126213593,0.9915792104957217,0.14285714285714285,0.21856336410973248,910,10.0,20.0
c_nodr_vs_drz,after,0.011607142857142858,86.15384615384615,0.989701069044985,0.14285714285714285,0.21965887440375706,868,10.0,20.0
c_nodr_vs_drz,after,0.01171875,85.33333333333333,0.9879695937922568,0.14285714285714285,0.21902354389357315,892,10.0,20.0
c_nodr_vs_drz,after,0.011830357142857142,84.52830188679246,0.9872781172490561,0.14285714285714285,0.2181654494608149,926,10.0,20.0
c_nodr_vs_drz,after,0.011941964285714285,83.73831775700936,0.9861658183268621,0.14285714285714285,0.21841294458748992,916,10.0,20.0
c_nodr_vs_drz,after,0.012053571428571427,82.96296296296298,0.9929388865945419,0.14285714285714285,0.21851306204381743,912,10.0,20.0
c_nodr_vs_drz,after,0.012165178571428572,82.20183486238533,0.9938646267670895,0.14285714285714285,0.21758723335053728,950,10.0,20.0
c_nodr_vs_drz,after,0.012276785714285714,81.45454545454545,0.9940224170406582,0.14285714285714285,0.21744603829804665,956,10.0,20.0
c_nodr_vs_drz,after,0.012388392857142856,80.72072072072072,0.9925158906545883,0.14285714285714285,0.21861382957564643,908,10.0,20.0
c_nodr_vs_drz,after,0.012499999999999999,80.0,0.991224505019597,0.14285714285714285,0.21675920204107632,986,10.0,20.0
c_nodr_vs_drz,after,0.012611607142857143,79.29203539823008,0.9906442211085509,0.14285714285714285,0.21725980028494588,964,10.0,20.0
c_nodr_vs_drz,after,0.012723214285714286,78.59649122807018,0.9901273557399747,0.14285714285714285,0.21721359693608783,966,10.0,20.0
c_nodr_vs_drz,after,0.012834821428571428,77.91304347826087,0.9854252770600023,0.14285714285714285,0.21644914346158642,1000,10.0,20.0
c_nodr_vs_drz,after,0.01294642857142857,77.24137931034484,0.9832669066319384,0.14285714285714285,0.21653707458648785,996,10.0,20.0
c_nodr_vs_drz,after,0.013058035714285715,76.58119658119658,0.9877394280264786,0.14285714285714285,0.21649304397049488,998,10.0,20.0
c_nodr_vs_drz,after,0.013169642857142857,75.9322033898305,0.9882641777104324,0.14285714285714285,0.21610254718236965,1016,10.0,20.0
c_nodr_vs_drz,after,0.01328125,75.29411764705883,0.9895596034221938,0.14285714285714285,0.21618843703925994,1012,10.0,20.0
c_nodr_vs_drz,after,0.013392857142857142,74.66666666666667,0.9828468554733564,0.14285714285714285,0.21605978929178232,1018,10.0,20.0
c_nodr_vs_drz,after,0.013504464285714285,74.04958677685951,0.9854150792247722,0.14285714285714285,0.21551499634696136,1044,10.0,20.0
c_nodr_vs_drz,after,0.013616071428571429,73.44262295081967,0.9890607651413074,0.14285714285714285,0.21568047213382657,1036,10.0,20.0
c_nodr_vs_drz,after,0.013727678571428571,72.84552845528455,0.980531480392516,0.14285714285714285,0.21498988471428435,1070,10.0,20.0
c_nodr_vs_drz,after,0.013839285714285714,72.25806451612904,0.978924753914911,0.14285714285714285,0.21543295911437524,1048,10.0,20.0
c_nodr_vs_drz,after,0.013950892857142856,71.68,0.9698529101825584,0.14285714285714285,0.2148713755575323,1076,10.0,20.0
c_nodr_vs_drz,after,0.0140625,71.11111111111111,0.9776793676920232,0.14285714285714285,0.21475383879638116,1082,10.0,20.0
c_nodr_vs_drz,after,0.014174107142857143,70.55118110236221,0.9869919321841283,0.14285714285714285,0.21471487366377726,1084,10.0,20.0
c_nodr_vs_drz,after,0.014285714285714285,70.0,0.9872830939197653,0.14285714285714285,0.21459861283869502,1090,10.0,20.0
c_nodr_vs_drz,after,0.014397321428571428,69.45736434108528,0.9836336307648917,0.14285714285714285,0.21425543086377571,1108,10.0,20.0
c_nodr_vs_drz,after,0.01450892857142857,68.92307692307693,0.9660429000396085,0.14285714285714285,0.21456006915830092,1092,10.0,20.0
c_nodr_vs_drz,after,0.014620535714285714,68.3969465648855,0.9646462813352595,0.14285714285714285,0.21355728664025345,1146,10.0,20.0
c_nodr_vs_drz,after,0.014732142857142857,67.87878787878788,0.9791136191149614,0.14285714285714285,0.21366522853675965,1140,10.0,20.0
c_nodr_vs_drz,after,0.01484375,67.36842105263158,0.969525489738656,0.14285714285714285,0.2143309783773013,1104,10.0,20.0
c_nodr_vs_drz,after,0.014955357142857142,66.86567164179105,0.9671409756276262,0.14285714285714285,0.21279046829950965,1190,10.0,20.0
c_nodr_vs_drz,after,0.015066964285714286,66.37037037037037,0.977876135765954,0.14285714285714285,0.21373765748018866,1136,10.0,20.0
c_nodr_vs_drz,after,0.015178571428571428,65.88235294117648,0.9701734880982053,0.14285714285714285,0.21352149146774207,1148,10.0,20.0
c_nodr_vs_drz,after,0.015290178571428571,65.4014598540146,0.965189726660999,0.14285714285714285,0.21285843635360488,1186,10.0,20.0
c_nodr_vs_drz,after,0.015401785714285713,64.92753623188406,0.9613544525681721,0.14285714285714285,0.21282441002983377,1188,10.0,20.0
c_nodr_vs_drz,after,0.015513392857142856,64.46043165467627,0.9662661282112064,0.14285714285714285,0.21337922749072738,1156,10.0,20.0
c_nodr_vs_drz,after,0.015625,64.0,0.9672815924235353,0.14285714285714285,0.212000361835817,1238,10.0,20.0
c_nodr_vs_drz,after,0.015736607142857142,63.54609929078014,0.9843887249803316,0.14285714285714285,0.2124887421904062,1208,10.0,20.0
c_nodr_vs_drz,after,0.015848214285714285,63.098591549295776,0.9862871723567115,0.14285714285714285,0.2127228372174348,1194,10.0,20.0
c_nodr_vs_drz,after,0.015959821428571427,62.65734265734266,0.9835434031842879,0.14285714285714285,0.2120323741059451,1236,10.0,20.0
c_nodr_vs_drz,after,0.01607142857142857,62.22222222222223,0.9767039804569112,0.14285714285714285,0.2120323741059451,1236,10.0,20.0
c_nodr_vs_drz,after,0.016183035714285712,61.79310344827587,0.9591598175764783,0.14285714285714285,0.21187307369980893,1246,10.0,20.0
c_nodr_vs_drz,after,0.016294642857142858,61.36986301369863,0.9564144323327425,0.14285714285714285,0.21216119331021152,1228,10.0,20.0
c_nodr_vs_drz,after,0.01640625,60.95238095238095,0.9480849753139711,0.14285714285714285,0.21159104545450594,1264,10.0,20.0
c_nodr_vs_drz,after,0.016517857142857143,60.54054054054054,0.9277201656450583,0.14285714285714285,0.21149835269259598,1270,10.0,20.0
c_nodr_vs_drz,after,0.016629464285714286,60.13422818791946,0.9448386102467569,0.14285714285714285,0.21177839816474361,1252,10.0,20.0
c_nodr_vs_drz,after,0.016741071428571428,59.733333333333334,0.9249267005112317,0.14285714285714285,0.21134529561252643,1280,10.0,20.0
c_nodr_vs_drz,after,0.01685267857142857,59.337748344370866,0.9464625110563218,0.14285714285714285,0.21054834880675766,1334,10.0,20.0
c_nodr_vs_drz,after,0.016964285714285713,58.94736842105264,0.9672888645438714,0.14285714285714285,0.21159104545450594,1264,10.0,20.0
c_nodr_vs_drz,after,0.017075892857142855,58.56209150326798,0.9753911766435536,0.14285714285714285,0.21080861501660042,1316,10.0,20.0
c_nodr_vs_drz,after,0.017187499999999998,58.18181818181819,0.974011435367458,0.14285714285714285,0.2104912166657718,1338,10.0,20.0
c_nodr_vs_drz,after,0.017299107142857144,57.806451612903224,0.9645691756936376,0.14285714285714285,0.2112241179090306,1288,10.0,20.0
c_nodr_vs_drz,after,0.017410714285714286,57.43589743589743,0.950478423894183,0.14285714285714285,0.21009825045931166,1366,10.0,20.0
c_nodr_vs_drz,after,0.01752232142857143,57.07006369426752,0.9745616303951933,0.14285714285714285,0.21034948559464076,1348,10.0,20.0
c_nodr_vs_drz,after,0.01763392857142857,56.708860759493675,0.9321408049784424,0.14285714285714285,0.21046274528313325,1340,10.0,20.0
c_nodr_vs_drz,after,0.017745535714285714,56.35220125786164,0.9147335672487992,0.14285714285714285,0.2102651915533084,1354,10.0,20.0
c_nodr_vs_drz,after,0.017857142857142856,56.0,0.9223476992211274,0.14285714285714285,0.20979775932161346,1388,10.0,20.0
c_nodr_vs_drz,after,0.01796875,55.652173913043484,0.9437493493440676,0.14285714285714285,0.21001559151209073,1372,10.0,20.0
c_nodr_vs_drz,after,0.01808035714285714,55.308641975308646,0.9544513221980865,0.14285714285714285,0.20993346585157174,1378,10.0,20.0
c_nodr_vs_drz,after,0.018191964285714284,54.96932515337424,0.942570488435748,0.14285714285714285,0.20969023176701643,1396,10.0,20.0
c_nodr_vs_drz,after,0.01830357142857143,54.63414634146341,0.9304854011065077,0.14285714285714285,0.20974388120426476,1392,10.0,20.0
c_nodr_vs_drz,after,0.018415178571428572,54.303030303030305,0.9334186056839391,0.14285714285714285,0.20924322011539456,1430,10.0,20.0
c_nodr_vs_drz,after,0.018526785714285714,53.975903614457835,0.9054687680931087,0.14285714285714285,0.20937304795788578,1420,10.0,20.0
c_nodr_vs_drz,after,0.018638392857142857,53.65269461077845,0.8888067982619414,0.14285714285714285,0.20958361247909307,1404,10.0,20.0
c_nodr_vs_drz,after,0.01875,53.333333333333336,0.8979394171407404,0.14285714285714285,0.20908918974285123,1442,10.0,20.0
c_nodr_vs_drz,after,0.018861607142857142,53.01775147928994,0.901708762370599,0.14285714285714285,0.2091147294392002,1440,10.0,20.0
c_nodr_vs_drz,after,0.018973214285714284,52.70588235294118,0.9294439888401826,0.14285714285714285,0.20878674915614567,1466,10.0,20.0
c_nodr_vs_drz,after,0.019084821428571427,52.397660818713454,0.8292384647008454,0.14285714285714285,0.20896227354363328,1452,10.0,20.0
c_nodr_vs_drz,after,0.01919642857142857,52.09302325581396,0.8645412522236535,0.14285714285714285,0.20861368932701757,1480,10.0,20.0
c_nodr_vs_drz,after,0.019308035714285715,51.79190751445086,0.8359272339585025,0.14285714285714285,0.20849155226945118,1490,10.0,20.0
c_nodr_vs_drz,after,0.019419642857142858,51.49425287356322,0.8891923898387809,0.14285714285714285,0.20886166870324252,1460,10.0,20.0
c_nodr_vs_drz,after,0.01953125,51.2,0.8644657505651658,0.14285714285714285,0.20832258514572422,1504,10.0,20.0
c_nodr_vs_drz,after,0.019642857142857142,50.909090909090914,0.7315832567211257,0.14285714285714285,0.20820331375489703,1514,10.0,20.0
c_nodr_vs_drz,after,0.019754464285714285,50.621468926553675,0.8187203978931177,0.14285714285714285,0.2080852033992908,1524,10.0,20.0
c_nodr_vs_drz,after,0.019866071428571427,50.337078651685395,0.823388783490259,0.14285714285714285,0.20822707454226386,1512,10.0,20.0
c_nodr_vs_drz,after,0.01997767857142857,50.05586592178771,0.8364084342631762,0.14285714285714285,0.2076466470245122,1562,10.0,20.0
c_nodr_vs_drz,after,0.020089285714285712,49.777777777777786,0.8518323653849592,0.14285714285714285,0.20817959940754727,1516,10.0,20.0
c_nodr_vs_drz,after,0.020200892857142858,49.50276243093922,0.9177316018660708,0.14285714285714285,0.20817959940754727,1516,10.0,20.0
c_nodr_vs_drz,after,0.0203125,49.230769230769226,0.9051780727439759,0.14285714285714285,0.2071581805789342,1606,10.0,20.0
c_nodr_vs_drz,after,0.020424107142857143,48.96174863387978,0.8561562059554161,0.14285714285714285,0.2078523911652866,1544,10.0,20.0
c_nodr_vs_drz,after,0.020535714285714286,48.69565217391305,0.9067895187835742,0.14285714285714285,0.20751142498562736,1574,10.0,20.0
c_nodr_vs_drz,after,0.020647321428571428,48.432432432432435,0.952276660628528,0.14285714285714285,0.207311430402214,1592,10.0,20.0
c_nodr_vs_drz,after,0.02075892857142857,48.17204301075269,0.9494191331573675,0.14285714285714285,0.20766933369874285,1560,10.0,20.0
c_nodr_vs_drz,after,0.020870535714285713,47.9144385026738,0.9266463897294948,0.14285714285714285,0.2072455083727941,1598,10.0,20.0
c_nodr_vs_drz,after,0.020982142857142855,47.65957446808511,0.8722138234271957,0.14285714285714285,0.20679410702631273,1640,10.0,20.0
c_nodr_vs_drz,after,0.021093749999999998,47.40740740740741,0.9039022526119204,0.14285714285714285,0.2070931065498322,1612,10.0,20.0
c_nodr_vs_drz,after,0.021205357142857144,47.1578947368421,0.8853254211676772,0.14285714285714285,0.20733348626347292,1590,10.0,20.0
c_nodr_vs_drz,after,0.021316964285714286,46.910994764397905,0.8284920447819301,0.14285714285714285,0.2068363565335541,1636,10.0,20.0
c_nodr_vs_drz,after,0.02142857142857143,46.666666666666664,0.869133357866084,0.14285714285714285,0.20646152179686691,1672,10.0,20.0
c_nodr_vs_drz,after,0.02154017857142857,46.424870466321245,0.9062069528839082,0.14285714285714285,0.20677303948480721,1642,10.0,20.0
c_nodr_vs_drz,after,0.021651785714285714,46.18556701030928,0.9377193975395424,0.14285714285714285,0.20654377883697478,1664,10.0,20.0
c_nodr_vs_drz,after,0.021763392857142856,45.94871794871795,0.9370085359768058,0.14285714285714285,0.2069213164900138,1628,10.0,20.0
c_nodr_vs_drz,after,0.021875,45.714285714285715,0.9200496636213312,0.14285714285714285,0.20615817865004304,1702,10.0,20.0
c_nodr_vs_drz,after,0.02198660714285714,45.48223350253807,0.9573755386807666,0.14285714285714285,0.2063798459329584,1680,10.0,20.0
c_nodr_vs_drz,after,0.022098214285714284,45.25252525252526,0.9213051345289193,0.14285714285714285,0.20607862228912602,1710,10.0,20.0
c_nodr_vs_drz,after,0.02220982142857143,45.0251256281407,0.9041723810540094,0.14285714285714285,0.2060193161196826,1716,10.0,20.0
c_nodr_vs_drz,after,0.022321428571428572,44.8,0.8601996030595085,0.14285714285714285,0.2064206116472992,1676,10.0,20.0
c_nodr_vs_drz,after,0.022433035714285714,44.5771144278607,0.8413628103591636,0.14285714285714285,0.20568896146044316,1750,10.0,20.0
c_nodr_vs_drz,after,0.022544642857142857,44.35643564356436,0.8711154250686856,0.14285714285714285,0.20586265784981742,1732,10.0,20.0
c_nodr_vs_drz,after,0.02265625,44.13793103448276,0.8820270969383499,0.14285714285714285,0.20625840693654623,1692,10.0,20.0
c_nodr_vs_drz,after,0.022767857142857142,43.92156862745098,0.8708986695404245,0.14285714285714285,0.20561261066388095,1758,10.0,20.0
c_nodr_vs_drz,after,0.022879464285714284,43.707317073170735,0.8801060591696409,0.14285714285714285,0.20563165001517575,1756,10.0,20.0
c_nodr_vs_drz,after,0.022991071428571427,43.49514563106796,0.8681778215579885,0.14285714285714285,0.2059799491398533,1720,10.0,20.0
c_nodr_vs_drz,after,0.02310267857142857,43.28502415458938,0.9203837732623495,0.14285714285714285,0.2050559530372921,1818,10.0,20.0
c_nodr_vs_drz,after,0.023214285714285715,43.07692307692307,0.9319098541610074,0.14285714285714285,0.20529377749698421,1792,10.0,20.0
c_nodr_vs_drz,after,0.023325892857142858,42.87081339712918,0.9322839802358893,0.14285714285714285,0.20578513067261447,1740,10.0,20.0
c_nodr_vs_drz,after,0.0234375,42.666666666666664,0.9365813851978608,0.14285714285714285,0.2049478815407546,1830,10.0,20.0
c_nodr_vs_drz,after,0.023549107142857142,42.464454976303315,0.880464328203164,0.14285714285714285,0.2053308201973659,1788,10.0,20.0
c_nodr_vs_drz,after,0.023660714285714285,42.26415094339623,0.8856474887717386,0.14285714285714285,0.2051650873580342,1806,10.0,20.0
c_nodr_vs_drz,after,0.023772321428571427,42.06572769953052,0.8498246627394089,0.14285714285714285,0.20500178551890139,1824,10.0,20.0
c_nodr_vs_drz,after,0.02388392857142857,41.86915887850468,0.820974834293487,0.14285714285714285,0.2050378677827802,1820,10.0,20.0
c_nodr_vs_drz,after,0.023995535714285712,41.674418604651166,0.8208980507251424,0.14285714285714285,0.20473485868990474,1854,10.0,20.0
c_nodr_vs_drz,after,0.024107142857142855,41.48148148148149,0.8385536568571366,0.14285714285714285,0.20489423896779435,1836,10.0,20.0
c_nodr_vs_drz,after,0.02421875,41.29032258064516,0.7869342705147475,0.14285714285714285,0.20482311852246032,1844,10.0,20.0
c_nodr_vs_drz,after,0.024330357142857143,41.10091743119266,0.7582202755139436,0.14285714285714285,0.20428703415014268,1906,10.0,20.0
c_nodr_vs_drz,after,0.024441964285714286,40.91324200913242,0.8207872786706272,0.14285714285714285,0.20485862143419345,1840,10.0,20.0
c_nodr_vs_drz,after,0.024553571428571428,40.72727272727273,0.8290927823533716,0.14285714285714285,0.20443997892001115,1888,10.0,20.0
c_nodr_vs_drz,after,0.02466517857142857,40.542986425339365,0.8652098080030446,0.14285714285714285,0.20432083629059994,1902,10.0,20.0
c_nodr_vs_drz,after,0.024776785714285713,40.36036036036036,0.9147306793673733,0.14285714285714285,0.20478772961770136,1848,10.0,20.0
c_nodr_vs_drz,after,0.024888392857142855,40.17937219730942,0.9361704713723632,0.14285714285714285,0.20406985646203774,1932,10.0,20.0
c_nodr_vs_drz,after,0.024999999999999998,40.0,0.8293188702976251,0.14285714285714285,0.20405333008241125,1934,10.0,20.0
c_nodr_vs_drz,after,0.02511160714285714,39.82222222222222,0.7844395428199282,0.14285714285714285,0.20443997892001115,1888,10.0,20.0
c_nodr_vs_drz,after,0.025223214285714286,39.64601769911504,0.7454727648453736,0.14285714285714285,0.20395470143415717,1946,10.0,20.0
c_nodr_vs_drz,after,0.02533482142857143,39.47136563876652,0.7835567291121451,0.14285714285714285,0.20380843789404254,1964,10.0,20.0
c_nodr_vs_drz,after,0.02544642857142857,39.29824561403509,0.8004954258741186,0.14285714285714285,0.20397107681264137,1944,10.0,20.0
c_nodr_vs_drz,after,0.025558035714285714,39.12663755458515,0.828075423869113,0.14285714285714285,0.2038245910506852,1962,10.0,20.0
c_nodr_vs_drz,after,0.025669642857142856,38.95652173913044,0.7967076637291002,0.14285714285714285,0.20368008519926165,1980,10.0,20.0
c_nodr_vs_drz,after,0.02578125,38.78787878787879,0.8425617570233744,0.14285714285714285,0.20406985646203774,1932,10.0,20.0
c_nodr_vs_drz,after,0.02589285714285714,38.62068965517242,0.8831624990805054,0.14285714285714285,0.20360064332422378,1990,10.0,20.0
c_nodr_vs_drz,after,0.026004464285714284,38.4549356223176,0.8692555428320734,0.14285714285714285,0.20345912978831718,2008,10.0,20.0
c_nodr_vs_drz,after,0.02611607142857143,38.29059829059829,0.8757374210582711,0.14285714285714285,0.20380843789404254,1964,10.0,20.0
c_nodr_vs_drz,after,0.026227678571428572,38.12765957446808,0.8141469450860577,0.14285714285714285,0.20335035825347117,2022,10.0,20.0
c_nodr_vs_drz,after,0.026339285714285714,37.96610169491525,0.8724557715744248,0.14285714285714285,0.20333491064606968,2024,10.0,20.0
c_nodr_vs_drz,after,0.026450892857142857,37.80590717299578,0.9057030046155644,0.14285714285714285,0.20333491064606968,2024,10.0,20.0
c_nodr_vs_drz,after,0.0265625,37.64705882352941,0.895305804611159,0.14285714285714285,0.20338132157581876,2018,10.0,20.0
c_nodr_vs_drz,after,0.026674107142857142,37.48953974895397,0.8662495845229297,0.14285714285714285,0.2030306380195964,2064,10.0,20.0
c_nodr_vs_drz,after,0.026785714285714284,37.333333333333336,0.8889746966070861,0.14285714285714285,0.2030156542404139,2066,10.0,20.0
c_nodr_vs_drz,after,0.026897321428571427,37.178423236514526,0.902711653281316,0.14285714285714285,0.20352179142430754,2000,10.0,20.0
c_nodr_vs_drz,after,0.02700892857142857,37.02479338842976,0.9143521739879785,0.14285714285714285,0.20276417883135758,2100,10.0,20.0
c_nodr_vs_drz,after,0.027120535714285715,36.87242798353909,0.8343557656655686,0.14285714285714285,0.20280811620931277,2094,10.0,20.0
c_nodr_vs_drz,after,0.027232142857142858,36.721311475409834,0.7727747767172097,0.14285714285714285,0.20294105689975392,2076,10.0,20.0
c_nodr_vs_drz,after,0.02734375,36.57142857142857,0.8377553243105258,0.14285714285714285,0.20285224078709876,2088,10.0,20.0
c_nodr_vs_drz,after,0.027455357142857142,36.422764227642276,0.7942956224411803,0.14285714285714285,0.20251867322781997,2134,10.0,20.0
c_nodr_vs_drz,after,0.027566964285714285,36.2753036437247,0.8653442836514641,0.14285714285714285,0.20276417883135758,2100,10.0,20.0
c_nodr_vs_drz,after,0.027678571428571427,36.12903225806452,0.8529834548787864,0.14285714285714285,0.20282280353622323,2092,10.0,20.0
c_nodr_vs_drz,after,0.02779017857142857,35.98393574297189,0.7611196379052033,0.14285714285714285,0.2024051399747265,2150,10.0,20.0
c_nodr_vs_drz,after,0.027901785714285712,35.84,0.7383736457339642,0.14285714285714285,0.2023910364655755,2152,10.0,20.0
c_nodr_vs_drz,after,0.028013392857142855,35.69721115537849,0.8682433158633983,0.14285714285714285,0.20294105689975392,2076,10.0,20.0
c_nodr_vs_drz,after,0.028125,35.55555555555556,0.9073446853875463,0.14285714285714285,0.20199031257847036,2210,10.0,20.0
c_nodr_vs_drz,after,0.028236607142857143,35.41501976284585,0.8671627597628806,0.14285714285714285,0.20256157441371295,2128,10.0,20.0
c_nodr_vs_drz,after,0.028348214285714286,35.275590551181104,0.85893530047663,0.14285714285714285,0.20220944357269727,2178,10.0,20.0
c_nodr_vs_drz,after,0.028459821428571428,35.13725490196079,0.8425334539969482,0.14285714285714285,0.2020038700244288,2208,10.0,20.0
c_nodr_vs_drz,after,0.02857142857142857,35.0,0.8553820004090519,0.14285714285714285,0.20227890442236768,2168,10.0,20.0
c_nodr_vs_drz,after,0.028683035714285713,34.86381322957199,0.8260021363566076,0.14285714285714285,0.20209928513740544,2194,10.0,20.0
c_nodr_vs_drz,after,0.028794642857142855,34.72868217054264,0.8003901234057454,0.14285714285714285,0.20219560817884408,2180,10.0,20.0
c_nodr_vs_drz,after,0.028906249999999998,34.5945945945946,0.7812211510852378,0.14285714285714285,0.2018157070765534,2236,10.0,20.0
c_nodr_vs_drz,after,0.02901785714285714,34.46153846153847,0.7750280093414849,0.14285714285714285,0.20212671273157043,2190,10.0,20.0
c_nodr_vs_drz,after,0.029129464285714286,34.32950191570881,0.7536026512041387,0.14285714285714285,0.20165718663427828,2260,10.0,20.0
c_nodr_vs_drz,after,0.02924107142857143,34.19847328244275,0.7102858365664725,0.14285714285714285,0.20197677333037697,2212,10.0,20.0
c_nodr_vs_drz,after,0.02935267857142857,34.06844106463878,0.5227139298426019,0.14285714285714285,0.20148825195988218,2286,10.0,20.0
c_nodr_vs_drz,after,0.029464285714285714,33.93939393939394,0.6145284151336563,0.14285714285714285,0.20176258739613345,2244,10.0,20.0
c_nodr_vs_drz,after,0.029575892857142856,33.81132075471698,0.772759836892362,0.14285714285714285,0.20165718663427828,2260,10.0,20.0
c_nodr_vs_drz,after,0.0296875,33.68421052631579,0.7762078248893814,0.14285714285714285,0.20130948318858632,2314,10.0,20.0
c_nodr_vs_drz,after,0.02979910714285714,33.55805243445693,0.7426019924700601,0.14285714285714285,0.20178911203700534,2240,10.0,20.0
c_nodr_vs_drz,after,0.029910714285714284,33.43283582089553,0.6900609169083849,0.14285714285714285,0.20133482448864679,2310,10.0,20.0
c_nodr_vs_drz,after,0.030022321428571426,33.30855018587361,0.7241091148701623,0.14285714285714285,0.20150114550038942,2284,10.0,20.0
c_nodr_vs_drz,after,0.030133928571428572,33.18518518518518,0.7401003730974081,0.14285714285714285,0.20163100936456846,2264,10.0,20.0
c_nodr_vs_drz,after,0.030245535714285714,33.06273062730627,0.7556583894704517,0.14285714285714285,0.20093700504233267,2374,10.0,20.0
c_nodr_vs_drz,after,0.030357142857142857,32.94117647058824,0.7542309182331234,0.14285714285714285,0.20127159292996374,2320,10.0,20.0
c_nodr_vs_drz,after,0.03046875,32.820512820512825,0.7491706944149119,0.14285714285714285,0.2014240345538633,2296,10.0,20.0
c_nodr_vs_drz,after,0.030580357142857142,32.7007299270073,0.8271558453475093,0.14285714285714285,0.20091267051918305,2378,10.0,20.0
c_nodr_vs_drz,after,0.030691964285714284,32.581818181818186,0.8018429192207955,0.14285714285714285,0.20117125958839946,2336,10.0,20.0
c_nodr_vs_drz,after,0.030803571428571427,32.46376811594203,0.7818973428813148,0.14285714285714285,0.20117125958839946,2336,10.0,20.0
c_nodr_vs_drz,after,0.03091517857142857,32.34657039711192,0.5779891189831368,0.14285714285714285,0.20079190337726316,2398,10.0,20.0
c_nodr_vs_drz,after,0.03102678571428571,32.230215827338135,0.5023800817587674,0.14285714285714285,0.2008520992222212,2388,10.0,20.0
c_nodr_vs_drz,after,0.031138392857142858,32.11469534050179,0.6104669192868701,0.14285714285714285,0.20129683691159364,2316,10.0,20.0
c_nodr_vs_drz,after,0.03125,32.0,0.5952600715384694,0.14285714285714285,0.20060175498092978,2430,10.0,20.0
c_nodr_vs_drz,after,0.03136160714285714,31.88612099644128,0.5749045210772273,0.14285714285714285,0.2005899942187709,2432,10.0,20.0
c_nodr_vs_drz,after,0.031473214285714285,31.77304964539007,0.597371561701625,0.14285714285714285,0.20091267051918305,2378,10.0,20.0
c_nodr_vs_drz,after,0.03158482142857143,31.66077738515901,0.5654064990343111,0.14285714285714285,0.2005899942187709,2432,10.0,20.0
c_nodr_vs_drz,after,0.03169642857142857,31.549295774647888,0.7407722453198137,0.14285714285714285,0.20073207911367105,2408,10.0,20.0
c_nodr_vs_drz,after,0.03180803571428571,31.438596491228072,0.8049262860521422,0.14285714285714285,0.20043839988598003,2458,10.0,20.0
c_nodr_vs_drz,after,0.031919642857142855,31.32867132867133,0.7943654612838748,0.14285714285714285,0.20063712367957884,2424,10.0,20.0
c_nodr_vs_drz,after,0.03203125,31.219512195121954,0.7374239851493537,0.14285714285714285,0.2004037543659979,2464,10.0,20.0
c_nodr_vs_drz,after,0.03214285714285714,31.111111111111114,0.679613164651363,0.14285714285714285,0.2003233998560821,2478,10.0,20.0
c_nodr_vs_drz,after,0.03225446428571428,31.00346020761246,0.6176841188159703,0.14285714285714285,0.20075596447473562,2404,10.0,20.0
c_nodr_vs_drz,after,0.032366071428571425,30.896551724137936,0.6114945772654717,0.14285714285714285,0.2001759442030165,2504,10.0,20.0
c_nodr_vs_drz,after,0.03247767857142857,30.790378006872857,0.5671329086015026,0.14285714285714285,0.20011983450492699,2514,10.0,20.0
c_nodr_vs_drz,after,0.032589285714285716,30.684931506849313,0.4486277600862347,0.14285714285714285,0.20038072687575237,2468,10.0,20.0
c_nodr_vs_drz,after,0.03270089285714286,30.580204778156993,0.5992029483860676,0.14285714285714285,0.20022107212707113,2496,10.0,20.0
c_nodr_vs_drz,after,0.0328125,30.476190476190474,0.6146206513267181,0.14285714285714285,0.1999424885446575,2546,10.0,20.0
c_nodr_vs_drz,after,0.032924107142857144,30.372881355932204,0.6128538092242678,0.14285714285714285,0.2003577547434476,2472,10.0,20.0
c_nodr_vs_drz,after,0.033035714285714286,30.27027027027027,0.427301781671602,0.14285714285714285,0.19992055302869258,2550,10.0,20.0
c_nodr_vs_drz,after,0.03314732142857143,30.16835016835017,0.5162198746271213,0.14285714285714285,0.19982247206699402,2568,10.0,20.0
c_nodr_vs_drz,after,0.03325892857142857,30.06711409395973,0.6195875175064369,0.14285714285714285,0.20022107212707113,2496,10.0,20.0
c_nodr_vs_drz,after,0.033370535714285714,29.96655518394649,0.4774874071114553,0.14285714285714285,0.19981163721274517,2570,10.0,20.0
c_nodr_vs_drz,after,0.033482142857142856,29.866666666666667,0.4575993059417639,0.14285714285714285,0.19969327465375333,2592,10.0,20.0
c_nodr_vs_drz,after,0.03359375,29.767441860465116,0.34980840682875247,0.14285714285714285,0.19999755197612662,2536,10.0,20.0
c_nodr_vs_drz,after,0.03370535714285714,29.668874172185433,0.3403170895310051,0.14285714285714285,0.19968258842376282,2594,10.0,20.0
c_nodr_vs_drz,after,0.033816964285714284,29.570957095709574,0.46614201698403496,0.14285714285714285,0.1997576502130963,2580,10.0,20.0
c_nodr_vs_drz,after,0.033928571428571426,29.47368421052632,0.6241149178929905,0.14285714285714285,0.19962934028121115,2604,10.0,20.0
c_nodr_vs_drz,after,0.03404017857142857,29.377049180327873,0.5264427824950342,0.14285714285714285,0.19970397313874927,2590,10.0,20.0
c_nodr_vs_drz,after,0.03415178571428571,29.28104575163399,0.353966900503146,0.14285714285714285,0.1995447720660188,2620,10.0,20.0
c_nodr_vs_drz,after,0.03426339285714285,29.185667752443,0.4829524175945259,0.14285714285714285,0.1995869599845832,2612,10.0,20.0
c_nodr_vs_drz,after,0.034374999999999996,29.090909090909093,0.4794198708019586,0.14285714285714285,0.19953425497473404,2622,10.0,20.0
c_nodr_vs_drz,after,0.034486607142857145,28.996763754045304,0.42696121742160154,0.14285714285714285,0.19923435045727056,2680,10.0,20.0
c_nodr_vs_drz,after,0.03459821428571429,28.903225806451612,0.39976173409492544,0.14285714285714285,0.19940897247414457,2646,10.0,20.0
c_nodr_vs_drz,after,0.03470982142857143,28.810289389067524,0.46754701449301195,0.14285714285714285,0.19948184772087152,2632,10.0,20.0
c_nodr_vs_drz,after,0.03482142857142857,28.717948717948715,0.4247948554128763,0.14285714285714285,0.19925472300409489,2676,10.0,20.0
c_nodr_vs_drz,after,0.034933035714285715,28.62619808306709,0.3778127791273323,0.14285714285714285,0.199163400800433,2694,10.0,20.0
c_nodr_vs_drz,after,0.03504464285714286,28.53503184713376,0.35348229902071965,0.14285714285714285,0.19929560413957997,2668,10.0,20.0
c_nodr_vs_drz,after,0.03515625,28.444444444444443,0.35387014434262415,0.14285714285714285,0.19923435045727056,2680,10.0,20.0
c_nodr_vs_drz,after,0.03526785714285714,28.354430379746837,0.44300117970386654,0.14285714285714285,0.199163400800433,2694,10.0,20.0
c_nodr_vs_drz,after,0.035379464285714285,28.26498422712934,0.584644645577237,0.14285714285714285,0.19903307957272984,2720,10.0,20.0
c_nodr_vs_drz,after,0.03549107142857143,28.17610062893082,0.5775706699368639,0.14285714285714285,0.19923435045727056,2680,10.0,20.0
c_nodr_vs_drz,after,0.03560267857142857,28.087774294670847,0.5003570281694739,0.14285714285714285,0.1987296503731864,2782,10.0,20.0
c_nodr_vs_drz,after,0.03571428571428571,28.0,0.41585385028660443,0.14285714285714285,0.19919374056785832,2688,10.0,20.0
c_nodr_vs_drz,after,0.035825892857142855,27.912772585669785,0.3286129544114146,0.14285714285714285,0.19897355378849282,2732,10.0,20.0
c_nodr_vs_drz,after,0.0359375,27.826086956521742,0.362662066768356,0.14285714285714285,0.19863390479962775,2802,10.0,20.0
c_nodr_vs_drz,after,0.03604910714285714,27.73993808049536,0.31300952136284704,0.14285714285714285,0.19893408530849774,2740,10.0,20.0
c_nodr_vs_drz,after,0.03616071428571428,27.654320987654323,0.28356868857617795,0.14285714285714285,0.1989636705837003,2734,10.0,20.0
c_nodr_vs_drz,after,0.036272321428571425,27.56923076923077,0.2791322780511894,0.14285714285714285,0.1987779076146052,2772,10.0,20.0
c_nodr_vs_drz,after,0.03638392857142857,27.48466257668712,0.24325251548344473,0.14285714285714285,0.1985674850051077,2816,10.0,20.0
c_nodr_vs_drz,after,0.036495535714285716,27.400611620795104,0.35829976676587366,0.14285714285714285,0.19880698630805718,2766,10.0,20.0
c_nodr_vs_drz,after,0.03660714285714286,27.317073170731707,0.3682475542199264,0.14285714285714285,0.19847344616835114,2836,10.0,20.0
c_nodr_vs_drz,after,0.03671875,27.23404255319149,0.37910433333947163,0.14285714285714285,0.1985674850051077,2816,10.0,20.0
c_nodr_vs_drz,after,0.036830357142857144,27.151515151515152,0.37300612812710837,0.14285714285714285,0.1987296503731864,2782,10.0,20.0
c_nodr_vs_drz,after,0.036941964285714286,27.069486404833835,0.28271495442217587,0.14285714285714285,0.1983434350217766,2864,10.0,20.0
c_nodr_vs_drz,after,0.03705357142857143,26.987951807228917,0.3242872880122317,0.14285714285714285,0.19852975072299847,2824,10.0,20.0
c_nodr_vs_drz,after,0.03716517857142857,26.906906906906908,0.38194253310433435,0.14285714285714285,0.19837113512849097,2858,10.0,20.0
c_nodr_vs_drz,after,0.037276785714285714,26.826347305389223,0.234166286649429,0.14285714285714285,0.19847344616835114,2836,10.0,20.0
c_nodr_vs_drz,after,0.037388392857142856,26.746268656716417,0.2685471305300495,0.14285714285714285,0.1984547565946868,2840,10.0,20.0
c_nodr_vs_drz,after,0.0375,26.666666666666668,0.2535365074216642,0.14285714285714285,0.19818808118118406,2898,10.0,20.0
c_nodr_vs_drz,after,0.03761160714285714,26.587537091988132,0.3468602933406248,0.14285714285714285,0.19843610609789097,2844,10.0,20.0
c_nodr_vs_drz,after,0.037723214285714284,26.50887573964497,0.32781975222432286,0.14285714285714285,0.19795564920134207,2950,10.0,20.0
c_nodr_vs_drz,after,0.037834821428571426,26.4306784660767,0.26287233975631746,0.14285714285714285,0.19830663541185475,2872,10.0,20.0
c_nodr_vs_drz,after,0.03794642857142857,26.35294117647059,0.220276833127948,0.14285714285714285,0.1982882926807455,2876,10.0,20.0
c_nodr_vs_drz,after,0.03805803571428571,26.275659824046922,0.2102038504858009,0.14285714285714285,0.19802651424106882,2934,10.0,20.0
c_nodr_vs_drz,after,0.03816964285714285,26.198830409356727,0.22376688738501507,0.14285714285714285,0.1981069271457448,2916,10.0,20.0
c_nodr_vs_drz,after,0.038281249999999996,26.12244897959184,0.20428952429084568,0.14285714285714285,0.1982152991985056,2892,10.0,20.0
c_nodr_vs_drz,after,0.03839285714285714,26.04651162790698,0.18338818640023913,0.14285714285714285,0.19793802214251247,2954,10.0,20.0
c_nodr_vs_drz,after,0.03850446428571429,25.97101449275362,0.273481610101603,0.14285714285714285,0.19782430484837527,2980,10.0,20.0
c_nodr_vs_drz,after,0.03861607142857143,25.89595375722543,0.27160089533214565,0.14285714285714285,0.19825172071105046,2884,10.0,20.0
c_nodr_vs_drz,after,0.03872767857142857,25.821325648414984,0.11956922138745511,0.14285714285714285,0.1978156184587228,2982,10.0,20.0
c_nodr_vs_drz,after,0.038839285714285715,25.74712643678161,0.1622943053155762,0.14285714285714285,0.19760123472388125,3032,10.0,20.0
c_nodr_vs_drz,after,0.03895089285714286,25.673352435530084,0.16063945350068753,0.14285714285714285,0.1981609467848357,2904,10.0,20.0
c_nodr_vs_drz,after,0.0390625,25.6,0.2350581104077475,0.14285714285714285,0.1975253385684874,3050,10.0,20.0
c_nodr_vs_drz,after,0.03917410714285714,25.527065527065528,0.23686265379915808,0.14285714285714285,0.19784170365088652,2976,10.0,20.0
c_nodr_vs_drz,after,0.039285714285714285,25.454545454545457,0.08655700504798816,0.14285714285714285,0.1976097089758139,3030,10.0,20.0
c_nodr_vs_drz,after,0.03939732142857143,25.38243626062323,0.09458189921450699,0.14285714285714285,0.1977550552720954,2996,10.0,20.0
c_nodr_vs_drz,after,0.03950892857142857,25.310734463276837,0.10671552635185663,0.14285714285714285,0.19765220529146557,3020,10.0,20.0
c_nodr_vs_drz,after,0.03962053571428571,25.23943661971831,0.15699638087118076,0.14285714285714285,0.1975085631250675,3054,10.0,20.0
c_nodr_vs_drz,after,0.039732142857142855,25.168539325842698,0.17834214272371118,0.14285714285714285,0.19770347780800562,3008,10.0,20.0
c_nodr_vs_drz,after,0.03984375,25.098039215686278,0.2688099984695686,0.14285714285714285,0.19743347590385044,3072,10.0,20.0
c_nodr_vs_drz,after,0.03995535714285714,25.027932960893857,0.20439251870039182,0.14285714285714285,0.19739204277139769,3082,10.0,20.0
c_nodr_vs_drz,after,0.04006696428571428,24.95821727019499,0.15744458880361417,0.14285714285714285,0.1976692624332035,3016,10.0,20.0
c_nodr_vs_drz,after,0.040178571428571425,24.888888888888893,0.2334444483945762,0.14285714285714285,0.19731796447605393,3100,10.0,20.0
c_nodr_vs_drz,after,0.04029017857142857,24.81994459833795,0.2814892422363104,0.14285714285714285,0.1974251732503782,3074,10.0,20.0
c_nodr_vs_drz,after,0.040401785714285716,24.75138121546961,0.21425952895373515,0.14285714285714285,0.19745010534200189,3068,10.0,20.0
c_nodr_vs_drz,after,0.04051339285714286,24.683195592286502,0.16976062638969996,0.14285714285714285,0.19736727869292328,3088,10.0,20.0
c_nodr_vs_drz,after,0.040625,24.615384615384613,0.17122058934602008,0.14285714285714285,0.1970358524551192,3170,10.0,20.0
c_nodr_vs_drz,after,0.040736607142857144,24.54794520547945,0.20156285451351827,0.14285714285714285,0.197483461108339,3060,10.0,20.0
c_nodr_vs_drz,after,0.040848214285714286,24.48087431693989,0.14626060205393074,0.14285714285714285,0.19717976864090656,3134,10.0,20.0
c_nodr_vs_drz,after,0.04095982142857143,24.4141689373297,0.1316529504484347,0.14285714285714285,0.19701210252814472,3176,10.0,20.0
c_nodr_vs_drz,after,0.04107142857142857,24.347826086956523,0.11679054285620684,0.14285714285714285,0.19738378012086183,3084,10.0,20.0
c_nodr_vs_drz,after,0.041183035714285714,24.281842818428185,0.17355841942200342,0.14285714285714285,0.19695694455425367,3190,10.0,20.0
c_nodr_vs_drz,after,0.041294642857142856,24.216216216216218,0.27108030253228915,0.14285714285714285,0.1970755845534379,3160,10.0,20.0
c_nodr_vs_drz,after,0.04140625,24.150943396226417,0.18841681536874322,0.14285714285714285,0.1970755845534379,3160,10.0,20.0
c_nodr_vs_drz,after,0.04151785714285714,24.086021505376344,0.1998026613154408,0.14285714285714285,0.19706762319057258,3162,10.0,20.0
c_nodr_vs_drz,after,0.041629464285714284,24.021447721179626,0.20400210180973205,0.14285714285714285,0.19698053952908048,3184,10.0,20.0
c_nodr_vs_drz,after,0.041741071428571426,23.9572192513369,0.14910509898859622,0.14285714285714285,0.19696480220931625,3188,10.0,20.0
c_nodr_vs_drz,after,0.04185267857142857,23.893333333333334,0.15274668586130855,0.14285714285714285,0.19690995197425074,3202,10.0,20.0
c_nodr_vs_drz,after,0.04196428571428571,23.829787234042556,0.11536579294646275,0.14285714285714285,0.1966864592271897,3260,10.0,20.0
c_nodr_vs_drz,after,0.04207589285714285,23.766578249336874,0.116334663516565,0.14285714285714285,0.19691776587158633,3200,10.0,20.0
c_nodr_vs_drz,after,0.042187499999999996,23.703703703703706,0.08576332863420333,0.14285714285714285,0.19692558703358493,3198,10.0,20.0
c_nodr_vs_drz,after,0.04229910714285714,23.641160949868077,0.10443287139507243,0.14285714285714285,0.19662584390434415,3276,10.0,20.0
c_nodr_vs_drz,after,0.04241071428571429,23.57894736842105,0.11834367257958148,0.14285714285714285,0.1967398616607217,3246,10.0,20.0
c_nodr_vs_drz,after,0.04252232142857143,23.517060367454068,0.1484402606000271,0.14285714285714285,0.1969334154715303,3196,10.0,20.0
c_nodr_vs_drz,after,0.04263392857142857,23.455497382198953,0.12198641611419804,0.14285714285714285,0.19662584390434415,3276,10.0,20.0
c_nodr_vs_drz,after,0.042745535714285715,23.39425587467363,0.13647659477632532,0.14285714285714285,0.19658818240465054,3286,10.0,20.0
c_nodr_vs_drz,after,0.04285714285714286,23.333333333333332,0.17489552182481208,0.14285714285714285,0.19656566720869945,3292,10.0,20.0
c_nodr_vs_drz,after,0.04296875,23.272727272727273,0.1259460902957499,0.14285714285714285,0.19674751854137398,3244,10.0,20.0
c_nodr_vs_drz,after,0.04308035714285714,23.212435233160623,0.15490153010743607,0.14285714285714285,0.19627841680223054,3370,10.0,20.0
c_nodr_vs_drz,after,0.043191964285714285,23.152454780361758,0.12337283852128086,0.14285714285714285,0.19665609640424975,3268,10.0,20.0
c_nodr_vs_drz,after,0.04330357142857143,23.09278350515464,0.08763760480176613,0.14285714285714285,0.1965506909503124,3296,10.0,20.0
c_nodr_vs_drz,after,0.04341517857142857,23.033419023136247,0.07145167954106924,0.14285714285714285,0.19635112163071453,3350,10.0,20.0
c_nodr_vs_drz,after,0.04352678571428571,22.974358974358974,0.07458119087809212,0.14285714285714285,0.19649105513285683,3312,10.0,20.0
c_nodr_vs_drz,after,0.043638392857142855,22.915601023017903,0.07261856548218314,0.14285714285714285,0.1965506909503124,3296,10.0,20.0
c_nodr_vs_drz,after,0.04375,22.857142857142858,0.1162871989325318,0.14285714285714285,0.19620635084804425,3390,10.0,20.0
c_nodr_vs_drz,after,0.04386160714285714,22.798982188295167,0.07320850030400225,0.14285714285714285,0.19627118161272125,3372,10.0,20.0
c_nodr_vs_drz,after,0.04397321428571428,22.741116751269036,0.09928211069545687,0.14285714285714285,0.19639505513636507,3338,10.0,20.0
c_nodr_vs_drz,after,0.044084821428571425,22.683544303797472,0.08986174607682364,0.14285714285714285,0.19614203002159336,3408,10.0,20.0
c_nodr_vs_drz,after,0.04419642857142857,22.62626262626263,0.07363225007597593,0.14285714285714285,0.19628565838032241,3368,10.0,20.0
c_nodr_vs_drz,after,0.04430803571428571,22.569269521410583,0.09449280146900164,0.14285714285714285,0.19630742154042707,3362,10.0,20.0
c_nodr_vs_drz,after,0.04441964285714286,22.51256281407035,0.13565702447445407,0.14285714285714285,0.19604297333067175,3436,10.0,20.0
c_nodr_vs_drz,after,0.04453125,22.45614035087719,0.11624209692453688,0.14285714285714285,0.19624230455271754,3380,10.0,20.0
c_nodr_vs_drz,after,0.044642857142857144,22.4,0.1073891814818561,0.14285714285714285,0.19616341405099993,3402,10.0,20.0
c_nodr_vs_drz,after,0.044754464285714286,22.34413965087282,0.07174583403321495,0.14285714285714285,0.19608527866196232,3424,10.0,20.0
c_nodr_vs_drz,after,0.04486607142857143,22.28855721393035,0.053835653483282495,0.14285714285714285,0.19608527866196232,3424,10.0,20.0
c_nodr_vs_drz,after,0.04497767857142857,22.233250620347395,0.095454879425725,0.14285714285714285,0.19586903899227384,3486,10.0,20.0
c_nodr_vs_drz,after,0.045089285714285714,22.17821782178218,0.07535818580828489,0.14285714285714285,0.19609942947499998,3420,10.0,20.0
c_nodr_vs_drz,after,0.045200892857142856,22.123456790123456,0.08668223446440476,0.14285714285714285,0.19598690683769954,3452,10.0,20.0
c_nodr_vs_drz,after,0.0453125,22.06896551724138,0.09187147312066972,0.14285714285714285,0.19578686266146458,3510,10.0,20.0
c_nodr_vs_drz,after,0.04542410714285714,22.014742014742016,0.1067976736085619,0.14285714285714285,0.195959018311031,3460,10.0,20.0
c_nodr_vs_drz,after,0.045535714285714284,21.96078431372549,0.10834566100057612,0.14285714285714285,0.1959242922263356,3470,10.0,20.0
c_nodr_vs_drz,after,0.045647321428571426,21.90709046454768,0.08826760364745724,0.14285714285714285,0.1959312255268662,3468,10.0,20.0
c_nodr_vs_drz,after,0.04575892857142857,21.853658536585368,0.0838859437993926,0.14285714285714285,0.19578005236369755,3512,10.0,20.0
c_nodr_vs_drz,after,0.04587053571428571,21.800486618004868,0.08600529030960614,0.14285714285714285,0.1957460872064342,3522,10.0,20.0
c_nodr_vs_drz,after,0.04598214285714285,21.74757281553398,0.09077974002751292,0.14285714285714285,0.19567186631260183,3544,10.0,20.0
c_nodr_vs_drz,after,0.046093749999999996,21.69491525423729,0.08420098622800472,0.14285714285714285,0.19601489165878555,3444,10.0,20.0
c_nodr_vs_drz,after,0.04620535714285714,21.64251207729469,0.08473484090242346,0.14285714285714285,0.19554526746979894,3582,10.0,20.0
c_nodr_vs_drz,after,0.04631696428571429,21.59036144578313,0.0917874818907415,0.14285714285714285,0.19557838863500912,3572,10.0,20.0
c_nodr_vs_drz,after,0.04642857142857143,21.538461538461537,0.10909824654299669,0.14285714285714285,0.19587592500046092,3484,10.0,20.0
c_nodr_vs_drz,after,0.04654017857142857,21.48681055155875,0.09172983355734388,0.14285714285714285,0.19536229896004664,3638,10.0,20.0
c_nodr_vs_drz,after,0.046651785714285715,21.43540669856459,0.09614803062050012,0.14285714285714285,0.19572577688551,3528,10.0,20.0
c_nodr_vs_drz,after,0.04676339285714286,21.384248210023866,0.042956046754076854,0.14285714285714285,0.19565844520659162,3548,10.0,20.0
c_nodr_vs_drz,after,0.046875,21.333333333333332,0.06661282861270217,0.14285714285714285,0.19540115234939126,3626,10.0,20.0
c_nodr_vs_drz,after,0.04698660714285714,21.282660332541568,0.08182512934539986,0.14285714285714285,0.19544672377293545,3612,10.0,20.0
c_nodr_vs_drz,after,0.047098214285714285,21.232227488151658,0.08495870189927808,0.14285714285714285,0.1954663349047849,3606,10.0,20.0
c_nodr_vs_drz,after,0.04720982142857143,21.182033096926716,0.05064948213554377,0.14285714285714285,0.1955651236363731,3576,10.0,20.0
c_nodr_vs_drz,after,0.04732142857142857,21.132075471698116,0.06872531537512712,0.14285714285714285,0.19534294368347277,3644,10.0,20.0
c_nodr_vs_drz,after,0.04743303571428571,21.08235294117647,0.05864196698063211,0.14285714285714285,0.19537522888070752,3634,10.0,20.0
c_nodr_vs_drz,after,0.047544642857142855,21.03286384976526,0.07716117316694965,0.14285714285714285,0.19549912822785603,3596,10.0,20.0
c_nodr_vs_drz,after,0.04765625,20.98360655737705,0.08860667733240009,0.14285714285714285,0.19527876700452393,3664,10.0,20.0
c_nodr_vs_drz,after,0.04776785714285714,20.93457943925234,0.08498111030852054,0.14285714285714285,0.19536229896004664,3638,10.0,20.0
c_nodr_vs_drz,after,0.04787946428571428,20.88578088578089,0.07689516914746987,0.14285714285714285,0.1952532420597071,3672,10.0,20.0
c_nodr_vs_drz,after,0.047991071428571425,20.837209302325583,0.054126876901179365,0.14285714285714285,0.19534294368347277,3644,10.0,20.0
c_nodr_vs_drz,after,0.04810267857142857,20.788863109048727,0.06759490433172588,0.14285714285714285,0.1950209946989822,3746,10.0,20.0
c_nodr_vs_drz,after,0.04821428571428571,20.740740740740744,0.044162029311532444,0.14285714285714285,0.19530437499553316,3656,10.0,20.0
c_nodr_vs_drz,after,0.04832589285714286,20.69284064665127,0.07836407930115723,0.14285714285714285,0.19526599417946083,3668,10.0,20.0
c_nodr_vs_drz,after,0.0484375,20.64516129032258,0.0814047775437793,0.14285714285714285,0.19493488938335007,3774,10.0,20.0
c_nodr_vs_drz,after,0.048549107142857144,20.597701149425287,0.032096674244748415,0.14285714285714285,0.19539466351065476,3628,10.0,20.0
c_nodr_vs_drz,after,0.048660714285714286,20.55045871559633,0.05142553854191794,0.14285714285714285,0.19489827749225433,3786,10.0,20.0
c_nodr_vs_drz,after,0.04877232142857143,20.503432494279178,0.07765412103820743,0.14285714285714285,0.19506440733704855,3732,10.0,20.0
c_nodr_vs_drz,after,0.04888392857142857,20.45662100456621,0.0856438755773612,0.14285714285714285,0.19518979008893414,3692,10.0,20.0
c_nodr_vs_drz,after,0.048995535714285714,20.41002277904328,0.08105240742391895,0.14285714285714285,0.19491046224945754,3782,10.0,20.0
c_nodr_vs_drz,after,0.049107142857142856,20.363636363636363,0.09795511103246424,0.14285714285714285,0.19500246310468877,3752,10.0,20.0
c_nodr_vs_drz,after,0.04921875,20.317460317460316,0.08011010438231984,0.14285714285714285,0.19499013318559666,3756,10.0,20.0
c_nodr_vs_drz,after,0.04933035714285714,20.271493212669682,0.0670946346631907,0.14285714285714285,0.1948739653457362,3794,10.0,20.0
c_nodr_vs_drz,after,0.049441964285714284,20.225733634311513,0.0496964960402495,0.14285714285714285,0.19488003622703962,3792,10.0,20.0
c_nodr_vs_drz,after,0.049553571428571426,20.18018018018018,0.03732618732722309,0.14285714285714285,0.19489219229404334,3788,10.0,20.0
c_nodr_vs_drz,after,0.04966517857142857,20.134831460674157,0.10807616043339746,0.14285714285714285,0.1950209946989822,3746,10.0,20.0
c_nodr_vs_drz,after,0.04977678571428571,20.08968609865471,0.17441024727803936,0.14285714285714285,0.19475951592150462,3832,10.0,20.0
c_nodr_vs_drz,after,0.04988839285714285,20.04474272930649,0.039316735437003446,0.14285714285714285,0.19485578123579675,3800,10.0,20.0
c_nodr_vs_drz,after,0.049999999999999996,20.0,0.6878342735847351,0.14285714285714285,0.8417399583909729,2,10.0,20.0
d_dr01_vs_drz,before,0.0,inf,0.9999957391164159,0.14285714285714285,0.7560610050770457,3,10.0,20.0
d_dr01_vs_drz,before,0.00011160714285714285,8960.0,0.9999959715958531,0.14285714285714285,0.5160568456025979,12,10.0,20.0
d_dr01_vs_drz,before,0.0002232142857142857,4480.0,0.9998555489198765,0.14285714285714285,0.43846389609946435,22,10.0,20.0
d_dr01_vs_drz,before,0.0003348214285714286,2986.6666666666665,0.9997754284505469,0.14285714285714285,0.41192739958594665,28,10.0,20.0
d_dr01_vs_drz,before,0.0004464285714285714,2240.0,0.999386253618028,0.14285714285714285,0.37684928940895107,40,10.0,20.0
d_dr01_vs_drz,before,0.0005580357142857143,1792.0,0.9998553418230033,0.14285714285714285,0.3572655453148874,50,10.0,20.0
d_dr01_vs_drz,before,0.0006696428571428571,1493.3333333333333,0.9996553339711503,0.14285714285714285,0.3607189084162777,48,10.0,20.0
d_dr01_vs_drz,before,0.0007812499999999999,1280.0,0.9992495069432651,0.14285714285714285,0.33301944154606616,68,10.0,20.0
d_dr01_vs_drz,before,0.0008928571428571428,1120.0,0.9987084704353788,0.14285714285714285,0.3308883459615167,70,10.0,20.0
d_dr01_vs_drz,before,0.0010044642857142856,995.5555555555557,0.9987940224442103,0.14285714285714285,0.32498105977643776,76,10.0,20.0
d_dr01_vs_drz,before,0.0011160714285714285,896.0,0.9987128988642563,0.14285714285714285,0.3120228149867766,92,10.0,20.0
d_dr01_vs_drz,before,0.0012276785714285714,814.5454545454546,0.9980149877961129,0.14285714285714285,0.30307454563671804,106,10.0,20.0
d_dr01_vs_drz,before,0.0013392857142857143,746.6666666666666,0.9969223617087541,0.14285714285714285,0.309276869488276,96,10.0,20.0
d_dr01_vs_drz,before,0.0014508928571428572,689.2307692307692,0.9979500574595724,0.14285714285714285,0.297657677511583,116,10.0,20.0
d_dr01_vs_drz,before,0.0015624999999999999,640.0,0.9972397183853646,0.14285714285714285,0.28942028891226607,134,10.0,20.0
d_dr01_vs_drz,before,0.0016741071428571428,597.3333333333334,0.9942840468526561,0.14285714285714285,0.2956748612128594,120,10.0,20.0
d_dr01_vs_drz,before,0.0017857142857142857,560.0,0.9965915213755197,0.14285714285714285,0.28476380812712476,146,10.0,20.0
d_dr01_vs_drz,before,0.0018973214285714286,527.0588235294118,0.996363586264514,0.14285714285714285,0.2812856424436456,156,10.0,20.0
d_dr01_vs_drz,before,0.0020089285714285712,497.7777777777778,0.9979765457610035,0.14285714285714285,0.28702018719502587,140,10.0,20.0
d_dr01_vs_drz,before,0.002120535714285714,471.5789473684211,0.9968460726657986,0.14285714285714285,0.2757709533720164,174,10.0,20.0
d_dr01_vs_drz,before,0.002232142857142857,448.0,0.9980615731204742,0.14285714285714285,0.27520913338899333,176,10.0,20.0
d_dr01_vs_drz,before,0.00234375,426.6666666666667,0.9986481760014881,0.14285714285714285,0.273051000260408,184,10.0,20.0
d_dr01_vs_drz,before,0.002455357142857143,407.2727272727273,0.9981688766327796,0.14285714285714285,0.2705369635786124,194,10.0,20.0
d_dr01_vs_drz,before,0.0025669642857142857,389.5652173913044,0.9965953837698034,0.14285714285714285,0.269116846861646,200,10.0,20.0
d_dr01_vs_drz,before,0.0026785714285714286,373.3333333333333,0.9961564341272297,0.14285714285714285,0.26731663903915925,208,10.0,20.0
d_dr01_vs_drz,before,0.0027901785714285715,358.4,0.9969100287688327,0.14285714285714285,0.2668822084027434,210,10.0,20.0
d_dr01_vs_drz,before,0.0029017857142857144,344.6153846153846,0.9948497760604488,0.14285714285714285,0.26173150991010213,236,10.0,20.0
d_dr01_vs_drz,before,0.003013392857142857,331.8518518518519,0.9967351265488712,0.14285714285714285,0.2632250986856457,228,10.0,20.0
d_dr01_vs_drz,before,0.0031249999999999997,320.0,0.9947044893457389,0.14285714285714285,0.2613695641695868,238,10.0,20.0
d_dr01_vs_drz,before,0.0032366071428571426,308.96551724137936,0.9960560851644412,0.14285714285714285,0.2576597972433477,260,10.0,20.0
d_dr01_vs_drz,before,0.0033482142857142855,298.6666666666667,0.9928997699571042,0.14285714285714285,0.2586250244740691,254,10.0,20.0
d_dr01_vs_drz,before,0.0034598214285714284,289.03225806451616,0.9955729244136872,0.14285714285714285,0.25523709705862524,276,10.0,20.0
d_dr01_vs_drz,before,0.0035714285714285713,280.0,0.9945393226181308,0.14285714285714285,0.25582326430374547,272,10.0,20.0
d_dr01_vs_drz,before,0.003683035714285714,271.5151515151515,0.9901745256057869,0.14285714285714285,0.2527449491574839,294,10.0,20.0
d_dr01_vs_drz,before,0.003794642857142857,263.5294117647059,0.9888529961530704,0.14285714285714285,0.25410107451462977,284,10.0,20.0
d_dr01_vs_drz,before,0.00390625,256.0,0.9872726696892911,0.14285714285714285,0.2514544516681247,304,10.0,20.0
d_dr01_vs_drz,before,0.0040178571428571425,248.8888888888889,0.9910255851711063,0.14285714285714285,0.24928083583453234,322,10.0,20.0
d_dr01_vs_drz,before,0.004129464285714286,242.16216216216216,0.9897984973495181,0.14285714285714285,0.2514544516681247,304,10.0,20.0
d_dr01_vs_drz,before,0.004241071428571428,235.78947368421055,0.9875581648051841,0.14285714285714285,0.24905026945843273,324,10.0,20.0
d_dr01_vs_drz,before,0.004352678571428572,229.74358974358972,0.9901297210132869,0.14285714285714285,0.24582376798178943,354,10.0,20.0
d_dr01_vs_drz,before,0.004464285714285714,224.0,0.993562070992168,0.14285714285714285,0.24770924671322134,336,10.0,20.0
d_dr01_vs_drz,before,0.004575892857142857,218.53658536585365,0.9855701355869022,0.14285714285714285,0.24643640318775006,348,10.0,20.0
d_dr01_vs_drz,before,0.0046875,213.33333333333334,0.9819676385538799,0.14285714285714285,0.24426173259637654,370,10.0,20.0
d_dr01_vs_drz,before,0.004799107142857142,208.37209302325584,0.9875745433887086,0.14285714285714285,0.24407341871811294,372,10.0,20.0
d_dr01_vs_drz,before,0.004910714285714286,203.63636363636365,0.9865967887878028,0.14285714285714285,0.24388657961491628,374,10.0,20.0
d_dr01_vs_drz,before,0.005022321428571428,199.11111111111114,0.9854712051489865,0.14285714285714285,0.24124866466885456,404,10.0,20.0
d_dr01_vs_drz,before,0.005133928571428571,194.7826086956522,0.9835944339849502,0.14285714285714285,0.24226832878047586,392,10.0,20.0
d_dr01_vs_drz,before,0.005245535714285714,190.63829787234044,0.9864303395205065,0.14285714285714285,0.2427954615022515,386,10.0,20.0
d_dr01_vs_drz,before,0.005357142857142857,186.66666666666666,0.9860925978586023,0.14285714285714285,0.23964416299559071,424,10.0,20.0
d_dr01_vs_drz,before,0.00546875,182.85714285714286,0.9877577008024936,0.14285714285714285,0.24027239659586974,416,10.0,20.0
d_dr01_vs_drz,before,0.005580357142857143,179.2,0.9896313768326378,0.14285714285714285,0.2388828626474958,434,10.0,20.0
d_dr01_vs_drz,before,0.0056919642857142854,175.68627450980392,0.9854378754290977,0.14285714285714285,0.2384383044776066,440,10.0,20.0
d_dr01_vs_drz,before,0.005803571428571429,172.3076923076923,0.9744077400812892,0.14285714285714285,0.23757528612232023,452,10.0,20.0
d_dr01_vs_drz,before,0.005915178571428571,169.05660377358492,0.9741203191496071,0.14285714285714285,0.23688135961430892,462,10.0,20.0
d_dr01_vs_drz,before,0.006026785714285714,165.92592592592595,0.9746481809353711,0.14285714285714285,0.23785919155913984,448,10.0,20.0
d_dr01_vs_drz,before,0.006138392857142857,162.9090909090909,0.9788457532191029,0.14285714285714285,0.23517586182327832,488,10.0,20.0
d_dr01_vs_drz,before,0.0062499999999999995,160.0,0.9758861965097501,0.14285714285714285,0.23607716377209612,474,10.0,20.0
d_dr01_vs_drz,before,0.006361607142857143,157.19298245614036,0.9779359242399761,0.14285714285714285,0.23568617177506457,480,10.0,20.0
d_dr01_vs_drz,before,0.006473214285714285,154.48275862068968,0.985199034129574,0.14285714285714285,0.23359868826190747,514,10.0,20.0
d_dr01_vs_drz,before,0.006584821428571429,151.864406779661,0.9800556253241954,0.14285714285714285,0.23348222347930858,516,10.0,20.0
d_dr01_vs_drz,before,0.006696428571428571,149.33333333333334,0.984087070283009,0.14285714285714285,0.23467767886949623,496,10.0,20.0
d_dr01_vs_drz,before,0.006808035714285714,146.88524590163934,0.982039944897462,0.14285714285714285,0.23246304055541317,534,10.0,20.0
d_dr01_vs_drz,before,0.006919642857142857,144.51612903225808,0.9813588396888389,0.14285714285714285,0.23191835858106052,544,10.0,20.0
d_dr01_vs_drz,before,0.00703125,142.22222222222223,0.9786769145746462,0.14285714285714285,0.23348222347930858,516,10.0,20.0
d_dr01_vs_drz,before,0.007142857142857143,140.0,0.9751684199092783,0.14285714285714285,0.23118003674182988,558,10.0,20.0
d_dr01_vs_drz,before,0.007254464285714285,137.84615384615387,0.9701785414974041,0.14285714285714285,0.23066911942921098,568,10.0,20.0
d_dr01_vs_drz,before,0.007366071428571428,135.75757575757575,0.9654920776548211,0.14285714285714285,0.23257377696061368,532,10.0,20.0
d_dr01_vs_drz,before,0.007477678571428571,133.7313432835821,0.9700542245533692,0.14285714285714285,0.22865956785210217,610,10.0,20.0
d_dr01_vs_drz,before,0.007589285714285714,131.76470588235296,0.9752923027252643,0.14285714285714285,0.2300731936178756,580,10.0,20.0
d_dr01_vs_drz,before,0.007700892857142857,129.85507246376812,0.9742929807856031,0.14285714285714285,0.22987856279938831,584,10.0,20.0
d_dr01_vs_drz,before,0.0078125,128.0,0.9795019546478655,0.14285714285714285,0.22847879956174852,614,10.0,20.0
d_dr01_vs_drz,before,0.007924107142857142,126.19718309859155,0.9871021913837696,0.14285714285714285,0.22856896654528058,612,10.0,20.0
d_dr01_vs_drz,before,0.008035714285714285,124.44444444444446,0.9869235630212616,0.14285714285714285,0.22794672665157004,626,10.0,20.0
d_dr01_vs_drz,before,0.008147321428571429,122.73972602739725,0.9801972653745724,0.14285714285714285,0.22856896654528058,612,10.0,20.0
d_dr01_vs_drz,before,0.008258928571428572,121.08108108108108,0.9632323650625985,0.14285714285714285,0.22751466188342373,636,10.0,20.0
d_dr01_vs_drz,before,0.008370535714285714,119.46666666666667,0.9562258006691904,0.14285714285714285,0.22709247611069447,646,10.0,20.0
d_dr01_vs_drz,before,0.008482142857142856,117.89473684210527,0.9485107167212999,0.14285714285714285,0.2270091913293758,648,10.0,20.0
d_dr01_vs_drz,before,0.008593749999999999,116.36363636363637,0.9592382921742809,0.14285714285714285,0.22684375089361272,652,10.0,20.0
d_dr01_vs_drz,before,0.008705357142857143,114.87179487179486,0.9615632943227519,0.14285714285714285,0.22580365493397495,678,10.0,20.0
d_dr01_vs_drz,before,0.008816964285714286,113.41772151898735,0.9653704309987075,0.14285714285714285,0.22572608133433805,680,10.0,20.0
d_dr01_vs_drz,before,0.008928571428571428,112.0,0.9691364346568849,0.14285714285714285,0.22572608133433805,680,10.0,20.0
d_dr01_vs_drz,before,0.00904017857142857,110.61728395061729,0.9709303594288484,0.14285714285714285,0.2247472633332211,706,10.0,20.0
d_dr01_vs_drz,before,0.009151785714285715,109.26829268292683,0.975759274211508,0.14285714285714285,0.2252675931499613,692,10.0,20.0
d_dr01_vs_drz,before,0.009263392857142857,107.95180722891567,0.9740390148846905,0.14285714285714285,0.22511735629687746,696,10.0,20.0
d_dr01_vs_drz,before,0.009375,106.66666666666667,0.9611648247910697,0.14285714285714285,0.22347634762040358,742,10.0,20.0
d_dr01_vs_drz,before,0.009486607142857142,105.41176470588236,0.9497635832635759,0.14285714285714285,0.22467416992987052,708,10.0,20.0
d_dr01_vs_drz,before,0.009598214285714285,104.18604651162792,0.9344013299611476,0.14285714285714285,0.22280884262303868,762,10.0,20.0
d_dr01_vs_drz,before,0.009709821428571429,102.98850574712644,0.9392391939931208,0.14285714285714285,0.22368179007692848,736,10.0,20.0
d_dr01_vs_drz,before,0.009821428571428571,101.81818181818183,0.936778339824751,0.14285714285714285,0.22287442635809016,760,10.0,20.0
d_dr01_vs_drz,before,0.009933035714285714,100.67415730337079,0.9383147993033574,0.14285714285714285,0.22229315058834048,778,10.0,20.0
d_dr01_vs_drz,before,0.010044642857142856,99.55555555555557,0.9485874955000906,0.14285714285714285,0.22261360373636063,768,10.0,20.0
d_dr01_vs_drz,before,0.01015625,98.46153846153845,0.96403961613235,0.14285714285714285,0.22287442635809016,760,10.0,20.0
d_dr01_vs_drz,before,0.010267857142857143,97.3913043478261,0.9662734991785148,0.14285714285714285,0.22191652760781277,790,10.0,20.0
d_dr01_vs_drz,before,0.010379464285714285,96.34408602150538,0.9585159290461711,0.14285714285714285,0.2212474895498582,812,10.0,20.0
d_dr01_vs_drz,before,0.010491071428571428,95.31914893617022,0.9507954340113807,0.14285714285714285,0.2214876516950723,804,10.0,20.0
d_dr01_vs_drz,before,0.010602678571428572,94.3157894736842,0.9549633603107807,0.14285714285714285,0.22130720212890542,810,10.0,20.0
d_dr01_vs_drz,before,0.010714285714285714,93.33333333333333,0.9426253884010269,0.14285714285714285,0.2206620549790673,832,10.0,20.0
d_dr01_vs_drz,before,0.010825892857142857,92.37113402061856,0.9348614033896768,0.14285714285714285,0.2216090580540805,800,10.0,20.0
d_dr01_vs_drz,before,0.0109375,91.42857142857143,0.9249893766996616,0.14285714285714285,0.2198217694523472,862,10.0,20.0
d_dr01_vs_drz,before,0.011049107142857142,90.50505050505052,0.9215037948985475,0.14285714285714285,0.22020844574520457,848,10.0,20.0
d_dr01_vs_drz,before,0.011160714285714286,89.6,0.9209145581505015,0.14285714285714285,0.21928516426814687,882,10.0,20.0
d_dr01_vs_drz,before,0.011272321428571428,88.71287128712872,0.9267333648299881,0.14285714285714285,0.22077747178815657,828,10.0,20.0
d_dr01_vs_drz,before,0.011383928571428571,87.84313725490196,0.9549659722811692,0.14285714285714285,0.21955119748619267,872,10.0,20.0
d_dr01_vs_drz,before,0.011495535714285713,86.99029126213593,0.9664436931521532,0.14285714285714285,0.21856336410973248,910,10.0,20.0
d_dr01_vs_drz,before,0.011607142857142858,86.15384615384615,0.9658930328219001,0.14285714285714285,0.21965887440375706,868,10.0,20.0
d_dr01_vs_drz,before,0.01171875,85.33333333333333,0.9340121868904196,0.14285714285714285,0.21902354389357315,892,10.0,20.0
d_dr01_vs_drz,before,0.011830357142857142,84.52830188679246,0.9467126887314562,0.14285714285714285,0.2181654494608149,926,10.0,20.0
d_dr01_vs_drz,before,0.011941964285714285,83.73831775700936,0.945871917973026,0.14285714285714285,0.21841294458748992,916,10.0,20.0
d_dr01_vs_drz,before,0.012053571428571427,82.96296296296298,0.9093120379328595,0.14285714285714285,0.21851306204381743,912,10.0,20.0
d_dr01_vs_drz,before,0.012165178571428572,82.20183486238533,0.9048624921463738,0.14285714285714285,0.21758723335053728,950,10.0,20.0
d_dr01_vs_drz,before,0.012276785714285714,81.45454545454545,0.9082130854466335,0.14285714285714285,0.21744603829804665,956,10.0,20.0
d_dr01_vs_drz,before,0.012388392857142856,80.72072072072072,0.9374446532878778,0.14285714285714285,0.21861382957564643,908,10.0,20.0
d_dr01_vs_drz,before,0.012499999999999999,80.0,0.9436254297283482,0.14285714285714285,0.21675920204107632,986,10.0,20.0
d_dr01_vs_drz,before,0.012611607142857143,79.29203539823008,0.9288131874098435,0.14285714285714285,0.21725980028494588,964,10.0,20.0
d_dr01_vs_drz,before,0.012723214285714286,78.59649122807018,0.9366653322944503,0.14285714285714285,0.21721359693608783,966,10.0,20.0
d_dr01_vs_drz,before,0.012834821428571428,77.91304347826087,0.921330106356307,0.14285714285714285,0.21644914346158642,1000,10.0,20.0
d_dr01_vs_drz,before,0.01294642857142857,77.24137931034484,0.9186405674458397,0.14285714285714285,0.21653707458648785,996,10.0,20.0
d_dr01_vs_drz,before,0.013058035714285715,76.58119658119658,0.9232391260458267,0.14285714285714285,0.21649304397049488,998,10.0,20.0
d_dr01_vs_drz,before,0.013169642857142857,75.9322033898305,0.8821386740402806,0.14285714285714285,0.21610254718236965,1016,10.0,20.0
d_dr01_vs_drz,before,0.01328125,75.29411764705883,0.8766294700679795,0.14285714285714285,0.21618843703925994,1012,10.0,20.0
d_dr01_vs_drz,before,0.013392857142857142,74.66666666666667,0.9194785957341666,0.14285714285714285,0.21605978929178232,1018,10.0,20.0
d_dr01_vs_drz,before,0.013504464285714285,74.04958677685951,0.9042271372186353,0.14285714285714285,0.21551499634696136,1044,10.0,20.0
d_dr01_vs_drz,before,0.013616071428571429,73.44262295081967,0.8938160420966107,0.14285714285714285,0.21568047213382657,1036,10.0,20.0
d_dr01_vs_drz,before,0.013727678571428571,72.84552845528455,0.8717102251745709,0.14285714285714285,0.21498988471428435,1070,10.0,20.0
d_dr01_vs_drz,before,0.013839285714285714,72.25806451612904,0.8967109553524126,0.14285714285714285,0.21543295911437524,1048,10.0,20.0
d_dr01_vs_drz,before,0.013950892857142856,71.68,0.9307495183848165,0.14285714285714285,0.2148713755575323,1076,10.0,20.0
d_dr01_vs_drz,before,0.0140625,71.11111111111111,0.9447012977246861,0.14285714285714285,0.21475383879638116,1082,10.0,20.0
d_dr01_vs_drz,before,0.014174107142857143,70.55118110236221,0.9207018707181572,0.14285714285714285,0.21471487366377726,1084,10.0,20.0
d_dr01_vs_drz,before,0.014285714285714285,70.0,0.8948264273711979,0.14285714285714285,0.21459861283869502,1090,10.0,20.0
d_dr01_vs_drz,before,0.014397321428571428,69.45736434108528,0.86484614670321,0.14285714285714285,0.21425543086377571,1108,10.0,20.0
d_dr01_vs_drz,before,0.01450892857142857,68.92307692307693,0.8838651644365048,0.14285714285714285,0.21456006915830092,1092,10.0,20.0
d_dr01_vs_drz,before,0.014620535714285714,68.3969465648855,0.8483939322019965,0.14285714285714285,0.21355728664025345,1146,10.0,20.0
d_dr01_vs_drz,before,0.014732142857142857,67.87878787878788,0.8580987593785668,0.14285714285714285,0.21366522853675965,1140,10.0,20.0
d_dr01_vs_drz,before,0.01484375,67.36842105263158,0.8667847192548644,0.14285714285714285,0.2143309783773013,1104,10.0,20.0
d_dr01_vs_drz,before,0.014955357142857142,66.86567164179105,0.884700442380531,0.14285714285714285,0.21279046829950965,1190,10.0,20.0
d_dr01_vs_drz,before,0.015066964285714286,66.37037037037037,0.9160149827044226,0.14285714285714285,0.21373765748018866,1136,10.0,20.0
d_dr01_vs_drz,before,0.015178571428571428,65.88235294117648,0.8939530060305343,0.14285714285714285,0.21352149146774207,1148,10.0,20.0
d_dr01_vs_drz,before,0.015290178571428571,65.4014598540146,0.8662883755526161,0.14285714285714285,0.21285843635360488,1186,10.0,20.0
d_dr01_vs_drz,before,0.015401785714285713,64.92753623188406,0.8648940769920374,0.14285714285714285,0.21282441002983377,1188,10.0,20.0
d_dr01_vs_drz,before,0.015513392857142856,64.46043165467627,0.8703805226822771,0.14285714285714285,0.21337922749072738,1156,10.0,20.0
d_dr01_vs_drz,before,0.015625,64.0,0.8256696791307209,0.14285714285714285,0.212000361835817,1238,10.0,20.0
d_dr01_vs_drz,before,0.015736607142857142,63.54609929078014,0.8323734233055797,0.14285714285714285,0.2124887421904062,1208,10.0,20.0
d_dr01_vs_drz,before,0.015848214285714285,63.098591549295776,0.8515234820914492,0.14285714285714285,0.2127228372174348,1194,10.0,20.0
d_dr01_vs_drz,before,0.015959821428571427,62.65734265734266,0.8898760578726789,0.14285714285714285,0.2120323741059451,1236,10.0,20.0
d_dr01_vs_drz,before,0.01607142857142857,62.22222222222223,0.8819491112967021,0.14285714285714285,0.2120323741059451,1236,10.0,20.0
d_dr01_vs_drz,before,0.016183035714285712,61.79310344827587,0.83667452465586,0.14285714285714285,0.21187307369980893,1246,10.0,20.0
d_dr01_vs_drz,before,0.016294642857142858,61.36986301369863,0.8684633719499006,0.14285714285714285,0.21216119331021152,1228,10.0,20.0
d_dr01_vs_drz,before,0.01640625,60.95238095238095,0.8571101530514599,0.14285714285714285,0.21159104545450594,1264,10.0,20.0
d_dr01_vs_drz,before,0.016517857142857143,60.54054054054054,0.8444878698651664,0.14285714285714285,0.21149835269259598,1270,10.0,20.0
d_dr01_vs_drz,before,0.016629464285714286,60.13422818791946,0.8205878481988106,0.14285714285714285,0.21177839816474361,1252,10.0,20.0
d_dr01_vs_drz,before,0.016741071428571428,59.733333333333334,0.8434489555095989,0.14285714285714285,0.21134529561252643,1280,10.0,20.0
d_dr01_vs_drz,before,0.01685267857142857,59.337748344370866,0.8115994991764554,0.14285714285714285,0.21054834880675766,1334,10.0,20.0
d_dr01_vs_drz,before,0.016964285714285713,58.94736842105264,0.8380957478546333,0.14285714285714285,0.21159104545450594,1264,10.0,20.0
d_dr01_vs_drz,before,0.017075892857142855,58.56209150326798,0.8871948424378293,0.14285714285714285,0.21080861501660042,1316,10.0,20.0
d_dr01_vs_drz,before,0.017187499999999998,58.18181818181819,0.8924041859773768,0.14285714285714285,0.2104912166657718,1338,10.0,20.0
d_dr01_vs_drz,before,0.017299107142857144,57.806451612903224,0.831400984117946,0.14285714285714285,0.2112241179090306,1288,10.0,20.0
d_dr01_vs_drz,before,0.017410714285714286,57.43589743589743,0.7865643940101072,0.14285714285714285,0.21009825045931166,1366,10.0,20.0
d_dr01_vs_drz,before,0.01752232142857143,57.07006369426752,0.8386927556534473,0.14285714285714285,0.21034948559464076,1348,10.0,20.0
d_dr01_vs_drz,before,0.01763392857142857,56.708860759493675,0.8115909482865794,0.14285714285714285,0.21046274528313325,1340,10.0,20.0
d_dr01_vs_drz,before,0.017745535714285714,56.35220125786164,0.7759667275373103,0.14285714285714285,0.2102651915533084,1354,10.0,20.0
d_dr01_vs_drz,before,0.017857142857142856,56.0,0.7625118361203554,0.14285714285714285,0.20979775932161346,1388,10.0,20.0
d_dr01_vs_drz,before,0.01796875,55.652173913043484,0.7512888833383605,0.14285714285714285,0.21001559151209073,1372,10.0,20.0
d_dr01_vs_drz,before,0.01808035714285714,55.308641975308646,0.7634174761015164,0.14285714285714285,0.20993346585157174,1378,10.0,20.0
d_dr01_vs_drz,before,0.018191964285714284,54.96932515337424,0.7793739881734773,0.14285714285714285,0.20969023176701643,1396,10.0,20.0
d_dr01_vs_drz,before,0.01830357142857143,54.63414634146341,0.8214004297861429,0.14285714285714285,0.20974388120426476,1392,10.0,20.0
d_dr01_vs_drz,before,0.018415178571428572,54.303030303030305,0.8430473275140947,0.14285714285714285,0.20924322011539456,1430,10.0,20.0
d_dr01_vs_drz,before,0.018526785714285714,53.975903614457835,0.7652808881188571,0.14285714285714285,0.20937304795788578,1420,10.0,20.0
d_dr01_vs_drz,before,0.018638392857142857,53.65269461077845,0.7554388457732769,0.14285714285714285,0.20958361247909307,1404,10.0,20.0
d_dr01_vs_drz,before,0.01875,53.333333333333336,0.7884783224138285,0.14285714285714285,0.20908918974285123,1442,10.0,20.0
d_dr01_vs_drz,before,0.018861607142857142,53.01775147928994,0.7141976524075435,0.14285714285714285,0.2091147294392002,1440,10.0,20.0
d_dr01_vs_drz,before,0.018973214285714284,52.70588235294118,0.8054164659302072,0.14285714285714285,0.20878674915614567,1466,10.0,20.0
d_dr01_vs_drz,before,0.019084821428571427,52.397660818713454,0.7303494499354757,0.14285714285714285,0.20896227354363328,1452,10.0,20.0
d_dr01_vs_drz,before,0.01919642857142857,52.09302325581396,0.7109613687062505,0.14285714285714285,0.20861368932701757,1480,10.0,20.0
d_dr01_vs_drz,before,0.019308035714285715,51.79190751445086,0.7237766299586834,0.14285714285714285,0.20849155226945118,1490,10.0,20.0
d_dr01_vs_drz,before,0.019419642857142858,51.49425287356322,0.7278796906904993,0.14285714285714285,0.20886166870324252,1460,10.0,20.0
d_dr01_vs_drz,before,0.01953125,51.2,0.7510482641356457,0.14285714285714285,0.20832258514572422,1504,10.0,20.0
d_dr01_vs_drz,before,0.019642857142857142,50.909090909090914,0.6012287723556066,0.14285714285714285,0.20820331375489703,1514,10.0,20.0
d_dr01_vs_drz,before,0.019754464285714285,50.621468926553675,0.6634232808703713,0.14285714285714285,0.2080852033992908,1524,10.0,20.0
d_dr01_vs_drz,before,0.019866071428571427,50.337078651685395,0.6924130142062238,0.14285714285714285,0.20822707454226386,1512,10.0,20.0
d_dr01_vs_drz,before,0.01997767857142857,50.05586592178771,0.684632296846939,0.14285714285714285,0.2076466470245122,1562,10.0,20.0
d_dr01_vs_drz,before,0.020089285714285712,49.777777777777786,0.7410881425324536,0.14285714285714285,0.20817959940754727,1516,10.0,20.0
d_dr01_vs_drz,before,0.020200892857142858,49.50276243093922,0.7902341294993542,0.14285714285714285,0.20817959940754727,1516,10.0,20.0
d_dr01_vs_drz,before,0.0203125,49.230769230769226,0.715682396969077,0.14285714285714285,0.2071581805789342,1606,10.0,20.0
d_dr01_vs_drz,before,0.020424107142857143,48.96174863387978,0.7585153174116317,0.14285714285714285,0.2078523911652866,1544,10.0,20.0
d_dr01_vs_drz,before,0.020535714285714286,48.69565217391305,0.7337319413959154,0.14285714285714285,0.20751142498562736,1574,10.0,20.0
d_dr01_vs_drz,before,0.020647321428571428,48.432432432432435,0.7912034586720679,0.14285714285714285,0.207311430402214,1592,10.0,20.0
d_dr01_vs_drz,before,0.02075892857142857,48.17204301075269,0.8418987343730009,0.14285714285714285,0.20766933369874285,1560,10.0,20.0
d_dr01_vs_drz,before,0.020870535714285713,47.9144385026738,0.7995941358307281,0.14285714285714285,0.2072455083727941,1598,10.0,20.0
d_dr01_vs_drz,before,0.020982142857142855,47.65957446808511,0.664328994938776,0.14285714285714285,0.20679410702631273,1640,10.0,20.0
d_dr01_vs_drz,before,0.021093749999999998,47.40740740740741,0.6574796220985346,0.14285714285714285,0.2070931065498322,1612,10.0,20.0
d_dr01_vs_drz,before,0.021205357142857144,47.1578947368421,0.6777403226909773,0.14285714285714285,0.20733348626347292,1590,10.0,20.0
d_dr01_vs_drz,before,0.021316964285714286,46.910994764397905,0.6274730350246283,0.14285714285714285,0.2068363565335541,1636,10.0,20.0
d_dr01_vs_drz,before,0.02142857142857143,46.666666666666664,0.670228379570204,0.14285714285714285,0.20646152179686691,1672,10.0,20.0
d_dr01_vs_drz,before,0.02154017857142857,46.424870466321245,0.6757360822497851,0.14285714285714285,0.20677303948480721,1642,10.0,20.0
d_dr01_vs_drz,before,0.021651785714285714,46.18556701030928,0.7331095891126537,0.14285714285714285,0.20654377883697478,1664,10.0,20.0
d_dr01_vs_drz,before,0.021763392857142856,45.94871794871795,0.681754509083145,0.14285714285714285,0.2069213164900138,1628,10.0,20.0
d_dr01_vs_drz,before,0.021875,45.714285714285715,0.7304376900982685,0.14285714285714285,0.20615817865004304,1702,10.0,20.0
d_dr01_vs_drz,before,0.02198660714285714,45.48223350253807,0.838787201857143,0.14285714285714285,0.2063798459329584,1680,10.0,20.0
d_dr01_vs_drz,before,0.022098214285714284,45.25252525252526,0.7990491625222381,0.14285714285714285,0.20607862228912602,1710,10.0,20.0
d_dr01_vs_drz,before,0.02220982142857143,45.0251256281407,0.7594801674825308,0.14285714285714285,0.2060193161196826,1716,10.0,20.0
d_dr01_vs_drz,before,0.022321428571428572,44.8,0.7337869449352076,0.14285714285714285,0.2064206116472992,1676,10.0,20.0
d_dr01_vs_drz,before,0.022433035714285714,44.5771144278607,0.6844959540419938,0.14285714285714285,0.20568896146044316,1750,10.0,20.0
d_dr01_vs_drz,before,0.022544642857142857,44.35643564356436,0.7209056288065641,0.14285714285714285,0.20586265784981742,1732,10.0,20.0
d_dr01_vs_drz,before,0.02265625,44.13793103448276,0.8196714223927436,0.14285714285714285,0.20625840693654623,1692,10.0,20.0
d_dr01_vs_drz,before,0.022767857142857142,43.92156862745098,0.7771867841325633,0.14285714285714285,0.20561261066388095,1758,10.0,20.0
d_dr01_vs_drz,before,0.022879464285714284,43.707317073170735,0.7228741566344714,0.14285714285714285,0.20563165001517575,1756,10.0,20.0
d_dr01_vs_drz,before,0.022991071428571427,43.49514563106796,0.6444576314994996,0.14285714285714285,0.2059799491398533,1720,10.0,20.0
d_dr01_vs_drz,before,0.02310267857142857,43.28502415458938,0.7748353989819889,0.14285714285714285,0.2050559530372921,1818,10.0,20.0
d_dr01_vs_drz,before,0.023214285714285715,43.07692307692307,0.7411844306378395,0.14285714285714285,0.20529377749698421,1792,10.0,20.0
d_dr01_vs_drz,before,0.023325892857142858,42.87081339712918,0.6807822094792216,0.14285714285714285,0.20578513067261447,1740,10.0,20.0
d_dr01_vs_drz,before,0.0234375,42.666666666666664,0.6348248208206371,0.14285714285714285,0.2049478815407546,1830,10.0,20.0
d_dr01_vs_drz,before,0.023549107142857142,42.464454976303315,0.6429055615300742,0.14285714285714285,0.2053308201973659,1788,10.0,20.0
d_dr01_vs_drz,before,0.023660714285714285,42.26415094339623,0.7121767371280584,0.14285714285714285,0.2051650873580342,1806,10.0,20.0
d_dr01_vs_drz,before,0.023772321428571427,42.06572769953052,0.6810798303233196,0.14285714285714285,0.20500178551890139,1824,10.0,20.0
d_dr01_vs_drz,before,0.02388392857142857,41.86915887850468,0.6397206358147084,0.14285714285714285,0.2050378677827802,1820,10.0,20.0
d_dr01_vs_drz,before,0.023995535714285712,41.674418604651166,0.6407099461693146,0.14285714285714285,0.20473485868990474,1854,10.0,20.0
d_dr01_vs_drz,before,0.024107142857142855,41.48148148148149,0.7286681612152336,0.14285714285714285,0.20489423896779435,1836,10.0,20.0
d_dr01_vs_drz,before,0.02421875,41.29032258064516,0.6574059192147204,0.14285714285714285,0.20482311852246032,1844,10.0,20.0
d_dr01_vs_drz,before,0.024330357142857143,41.10091743119266,0.5653242846105359,0.14285714285714285,0.20428703415014268,1906,10.0,20.0
d_dr01_vs_drz,before,0.024441964285714286,40.91324200913242,0.6227486368102121,0.14285714285714285,0.20485862143419345,1840,10.0,20.0
d_dr01_vs_drz,before,0.024553571428571428,40.72727272727273,0.6801310787454501,0.14285714285714285,0.20443997892001115,1888,10.0,20.0
d_dr01_vs_drz,before,0.02466517857142857,40.542986425339365,0.6535355961995131,0.14285714285714285,0.20432083629059994,1902,10.0,20.0
d_dr01_vs_drz,before,0.024776785714285713,40.36036036036036,0.6323213518477753,0.14285714285714285,0.20478772961770136,1848,10.0,20.0
d_dr01_vs_drz,before,0.024888392857142855,40.17937219730942,0.680093108010011,0.14285714285714285,0.20406985646203774,1932,10.0,20.0
d_dr01_vs_drz,before,0.024999999999999998,40.0,0.6783642434050041,0.14285714285714285,0.20405333008241125,1934,10.0,20.0
d_dr01_vs_drz,before,0.02511160714285714,39.82222222222222,0.6924247849844848,0.14285714285714285,0.20443997892001115,1888,10.0,20.0
d_dr01_vs_drz,before,0.025223214285714286,39.64601769911504,0.5879887166284744,0.14285714285714285,0.20395470143415717,1946,10.0,20.0
d_dr01_vs_drz,before,0.02533482142857143,39.47136563876652,0.5391521367357676,0.14285714285714285,0.20380843789404254,1964,10.0,20.0
d_dr01_vs_drz,before,0.02544642857142857,39.29824561403509,0.5051897558033779,0.14285714285714285,0.20397107681264137,1944,10.0,20.0
d_dr01_vs_drz,before,0.025558035714285714,39.12663755458515,0.6081219476263536,0.14285714285714285,0.2038245910506852,1962,10.0,20.0
d_dr01_vs_drz,before,0.025669642857142856,38.95652173913044,0.6687883427303982,0.14285714285714285,0.20368008519926165,1980,10.0,20.0
d_dr01_vs_drz,before,0.02578125,38.78787878787879,0.6095850341330944,0.14285714285714285,0.20406985646203774,1932,10.0,20.0
d_dr01_vs_drz,before,0.02589285714285714,38.62068965517242,0.569316501506705,0.14285714285714285,0.20360064332422378,1990,10.0,20.0
d_dr01_vs_drz,before,0.026004464285714284,38.4549356223176,0.613762997009455,0.14285714285714285,0.20345912978831718,2008,10.0,20.0
d_dr01_vs_drz,before,0.02611607142857143,38.29059829059829,0.7163224884744432,0.14285714285714285,0.20380843789404254,1964,10.0,20.0
d_dr01_vs_drz,before,0.026227678571428572,38.12765957446808,0.6409333411705865,0.14285714285714285,0.20335035825347117,2022,10.0,20.0
d_dr01_vs_drz,before,0.026339285714285714,37.96610169491525,0.6651027475397847,0.14285714285714285,0.20333491064606968,2024,10.0,20.0
d_dr01_vs_drz,before,0.026450892857142857,37.80590717299578,0.7284991974694282,0.14285714285714285,0.20333491064606968,2024,10.0,20.0
d_dr01_vs_drz,before,0.0265625,37.64705882352941,0.6560354157611051,0.14285714285714285,0.20338132157581876,2018,10.0,20.0
d_dr01_vs_drz,before,0.026674107142857142,37.48953974895397,0.601720539933774,0.14285714285714285,0.2030306380195964,2064,10.0,20.0
d_dr01_vs_drz,before,0.026785714285714284,37.333333333333336,0.5983653627802237,0.14285714285714285,0.2030156542404139,2066,10.0,20.0
d_dr01_vs_drz,before,0.026897321428571427,37.178423236514526,0.5763076884833332,0.14285714285714285,0.20352179142430754,2000,10.0,20.0
d_dr01_vs_drz,before,0.02700892857142857,37.02479338842976,0.5650467584705636,0.14285714285714285,0.20276417883135758,2100,10.0,20.0
d_dr01_vs_drz,before,0.027120535714285715,36.87242798353909,0.6137925431813506,0.14285714285714285,0.20280811620931277,2094,10.0,20.0
d_dr01_vs_drz,before,0.027232142857142858,36.721311475409834,0.6039795425362834,0.14285714285714285,0.20294105689975392,2076,10.0,20.0
d_dr01_vs_drz,before,0.02734375,36.57142857142857,0.5946612945132564,0.14285714285714285,0.20285224078709876,2088,10.0,20.0
d_dr01_vs_drz,before,0.027455357142857142,36.422764227642276,0.6608932277818201,0.14285714285714285,0.20251867322781997,2134,10.0,20.0
d_dr01_vs_drz,before,0.027566964285714285,36.2753036437247,0.7617878563001698,0.14285714285714285,0.20276417883135758,2100,10.0,20.0
d_dr01_vs_drz,before,0.027678571428571427,36.12903225806452,0.7017719418031423,0.14285714285714285,0.20282280353622323,2092,10.0,20.0
d_dr01_vs_drz,before,0.02779017857142857,35.98393574297189,0.5490021832065206,0.14285714285714285,0.2024051399747265,2150,10.0,20.0
d_dr01_vs_drz,before,0.027901785714285712,35.84,0.5154163200083606,0.14285714285714285,0.2023910364655755,2152,10.0,20.0
d_dr01_vs_drz,before,0.028013392857142855,35.69721115537849,0.5755420297768643,0.14285714285714285,0.20294105689975392,2076,10.0,20.0
d_dr01_vs_drz,before,0.028125,35.55555555555556,0.6010297833461709,0.14285714285714285,0.20199031257847036,2210,10.0,20.0
d_dr01_vs_drz,before,0.028236607142857143,35.41501976284585,0.5769758453406311,0.14285714285714285,0.20256157441371295,2128,10.0,20.0
d_dr01_vs_drz,before,0.028348214285714286,35.275590551181104,0.5875725909605866,0.14285714285714285,0.20220944357269727,2178,10.0,20.0
d_dr01_vs_drz,before,0.028459821428571428,35.13725490196079,0.6061002077573673,0.14285714285714285,0.2020038700244288,2208,10.0,20.0
d_dr01_vs_drz,before,0.02857142857142857,35.0,0.6731989525774194,0.14285714285714285,0.20227890442236768,2168,10.0,20.0
d_dr01_vs_drz,before,0.028683035714285713,34.86381322957199,0.6772179704651513,0.14285714285714285,0.20209928513740544,2194,10.0,20.0
d_dr01_vs_drz,before,0.028794642857142855,34.72868217054264,0.61969131121179,0.14285714285714285,0.20219560817884408,2180,10.0,20.0
d_dr01_vs_drz,before,0.028906249999999998,34.5945945945946,0.5747872562639713,0.14285714285714285,0.2018157070765534,2236,10.0,20.0
d_dr01_vs_drz,before,0.02901785714285714,34.46153846153847,0.5235683239880955,0.14285714285714285,0.20212671273157043,2190,10.0,20.0
d_dr01_vs_drz,before,0.029129464285714286,34.32950191570881,0.4840625333620276,0.14285714285714285,0.20165718663427828,2260,10.0,20.0
d_dr01_vs_drz,before,0.02924107142857143,34.19847328244275,0.41125090392468916,0.14285714285714285,0.20197677333037697,2212,10.0,20.0
d_dr01_vs_drz,before,0.02935267857142857,34.06844106463878,0.3923372434862933,0.14285714285714285,0.20148825195988218,2286,10.0,20.0
d_dr01_vs_drz,before,0.029464285714285714,33.93939393939394,0.347031456242434,0.14285714285714285,0.20176258739613345,2244,10.0,20.0
d_dr01_vs_drz,before,0.029575892857142856,33.81132075471698,0.4195465297693093,0.14285714285714285,0.20165718663427828,2260,10.0,20.0
d_dr01_vs_drz,before,0.0296875,33.68421052631579,0.43100998456172024,0.14285714285714285,0.20130948318858632,2314,10.0,20.0
d_dr01_vs_drz,before,0.02979910714285714,33.55805243445693,0.5309927396159028,0.14285714285714285,0.20178911203700534,2240,10.0,20.0
d_dr01_vs_drz,before,0.029910714285714284,33.43283582089553,0.5288057074702767,0.14285714285714285,0.20133482448864679,2310,10.0,20.0
d_dr01_vs_drz,before,0.030022321428571426,33.30855018587361,0.539741255137699,0.14285714285714285,0.20150114550038942,2284,10.0,20.0
d_dr01_vs_drz,before,0.030133928571428572,33.18518518518518,0.45175870575563004,0.14285714285714285,0.20163100936456846,2264,10.0,20.0
d_dr01_vs_drz,before,0.030245535714285714,33.06273062730627,0.4551864911364277,0.14285714285714285,0.20093700504233267,2374,10.0,20.0
d_dr01_vs_drz,before,0.030357142857142857,32.94117647058824,0.45335427979676085,0.14285714285714285,0.20127159292996374,2320,10.0,20.0
d_dr01_vs_drz,before,0.03046875,32.820512820512825,0.4558941295184046,0.14285714285714285,0.2014240345538633,2296,10.0,20.0
d_dr01_vs_drz,before,0.030580357142857142,32.7007299270073,0.42013980139595336,0.14285714285714285,0.20091267051918305,2378,10.0,20.0
d_dr01_vs_drz,before,0.030691964285714284,32.581818181818186,0.38048239758753966,0.14285714285714285,0.20117125958839946,2336,10.0,20.0
d_dr01_vs_drz,before,0.030803571428571427,32.46376811594203,0.3580355300577857,0.14285714285714285,0.20117125958839946,2336,10.0,20.0
d_dr01_vs_drz,before,0.03091517857142857,32.34657039711192,0.3804768277272994,0.14285714285714285,0.20079190337726316,2398,10.0,20.0
d_dr01_vs_drz,before,0.03102678571428571,32.230215827338135,0.352153817855787,0.14285714285714285,0.2008520992222212,2388,10.0,20.0
d_dr01_vs_drz,before,0.031138392857142858,32.11469534050179,0.4796303007261033,0.14285714285714285,0.20129683691159364,2316,10.0,20.0
d_dr01_vs_drz,before,0.03125,32.0,0.4522682203061443,0.14285714285714285,0.20060175498092978,2430,10.0,20.0
d_dr01_vs_drz,before,0.03136160714285714,31.88612099644128,0.38361947650518446,0.14285714285714285,0.2005899942187709,2432,10.0,20.0
d_dr01_vs_drz,before,0.031473214285714285,31.77304964539007,0.43561391926089593,0.14285714285714285,0.20091267051918305,2378,10.0,20.0
d_dr01_vs_drz,before,0.03158482142857143,31.66077738515901,0.40210789089724547,0.14285714285714285,0.2005899942187709,2432,10.0,20.0
d_dr01_vs_drz,before,0.03169642857142857,31.549295774647888,0.36559196283945594,0.14285714285714285,0.20073207911367105,2408,10.0,20.0
d_dr01_vs_drz,before,0.03180803571428571,31.438596491228072,0.38203957842938735,0.14285714285714285,0.20043839988598003,2458,10.0,20.0
d_dr01_vs_drz,before,0.031919642857142855,31.32867132867133,0.4284452055530191,0.14285714285714285,0.20063712367957884,2424,10.0,20.0
d_dr01_vs_drz,before,0.03203125,31.219512195121954,0.5377574441480276,0.14285714285714285,0.2004037543659979,2464,10.0,20.0
d_dr01_vs_drz,before,0.03214285714285714,31.111111111111114,0.47874254557053636,0.14285714285714285,0.2003233998560821,2478,10.0,20.0
d_dr01_vs_drz,before,0.03225446428571428,31.00346020761246,0.383371399238137,0.14285714285714285,0.20075596447473562,2404,10.0,20.0
d_dr01_vs_drz,before,0.032366071428571425,30.896551724137936,0.41457714586465505,0.14285714285714285,0.2001759442030165,2504,10.0,20.0
d_dr01_vs_drz,before,0.03247767857142857,30.790378006872857,0.3761626009674524,0.14285714285714285,0.20011983450492699,2514,10.0,20.0
d_dr01_vs_drz,before,0.032589285714285716,30.684931506849313,0.3162982284760453,0.14285714285714285,0.20038072687575237,2468,10.0,20.0
d_dr01_vs_drz,before,0.03270089285714286,30.580204778156993,0.3750313202454148,0.14285714285714285,0.20022107212707113,2496,10.0,20.0
d_dr01_vs_drz,before,0.0328125,30.476190476190474,0.299045303835041,0.14285714285714285,0.1999424885446575,2546,10.0,20.0
d_dr01_vs_drz,before,0.032924107142857144,30.372881355932204,0.3187312650918538,0.14285714285714285,0.2003577547434476,2472,10.0,20.0
d_dr01_vs_drz,before,0.033035714285714286,30.27027027027027,0.2670879659787933,0.14285714285714285,0.19992055302869258,2550,10.0,20.0
d_dr01_vs_drz,before,0.03314732142857143,30.16835016835017,0.2813920740834645,0.14285714285714285,0.19982247206699402,2568,10.0,20.0
d_dr01_vs_drz,before,0.03325892857142857,30.06711409395973,0.22944135634813728,0.14285714285714285,0.20022107212707113,2496,10.0,20.0
d_dr01_vs_drz,before,0.033370535714285714,29.96655518394649,0.18364275963207657,0.14285714285714285,0.19981163721274517,2570,10.0,20.0
d_dr01_vs_drz,before,0.033482142857142856,29.866666666666667,0.3200428164345727,0.14285714285714285,0.19969327465375333,2592,10.0,20.0
d_dr01_vs_drz,before,0.03359375,29.767441860465116,0.27446857621330634,0.14285714285714285,0.19999755197612662,2536,10.0,20.0
d_dr01_vs_drz,before,0.03370535714285714,29.668874172185433,0.2057742040984197,0.14285714285714285,0.19968258842376282,2594,10.0,20.0
d_dr01_vs_drz,before,0.033816964285714284,29.570957095709574,0.2938198623618647,0.14285714285714285,0.1997576502130963,2580,10.0,20.0
d_dr01_vs_drz,before,0.033928571428571426,29.47368421052632,0.4172023092939889,0.14285714285714285,0.19962934028121115,2604,10.0,20.0
d_dr01_vs_drz,before,0.03404017857142857,29.377049180327873,0.2950648786349658,0.14285714285714285,0.19970397313874927,2590,10.0,20.0
d_dr01_vs_drz,before,0.03415178571428571,29.28104575163399,0.2629410872430099,0.14285714285714285,0.1995447720660188,2620,10.0,20.0
d_dr01_vs_drz,before,0.03426339285714285,29.185667752443,0.23268363428103148,0.14285714285714285,0.1995869599845832,2612,10.0,20.0
d_dr01_vs_drz,before,0.034374999999999996,29.090909090909093,0.2188798915642078,0.14285714285714285,0.19953425497473404,2622,10.0,20.0
d_dr01_vs_drz,before,0.034486607142857145,28.996763754045304,0.26718164518877024,0.14285714285714285,0.19923435045727056,2680,10.0,20.0
d_dr01_vs_drz,before,0.03459821428571429,28.903225806451612,0.24392219394794598,0.14285714285714285,0.19940897247414457,2646,10.0,20.0
d_dr01_vs_drz,before,0.03470982142857143,28.810289389067524,0.34291153415555836,0.14285714285714285,0.19948184772087152,2632,10.0,20.0
d_dr01_vs_drz,before,0.03482142857142857,28.717948717948715,0.26529296558940085,0.14285714285714285,0.19925472300409489,2676,10.0,20.0
d_dr01_vs_drz,before,0.034933035714285715,28.62619808306709,0.17808764931272808,0.14285714285714285,0.199163400800433,2694,10.0,20.0
d_dr01_vs_drz,before,0.03504464285714286,28.53503184713376,0.16998182615214852,0.14285714285714285,0.19929560413957997,2668,10.0,20.0
d_dr01_vs_drz,before,0.03515625,28.444444444444443,0.2130791581397585,0.14285714285714285,0.19923435045727056,2680,10.0,20.0
d_dr01_vs_drz,before,0.03526785714285714,28.354430379746837,0.19065711290592158,0.14285714285714285,0.199163400800433,2694,10.0,20.0
d_dr01_vs_drz,before,0.035379464285714285,28.26498422712934,0.17941784126060262,0.14285714285714285,0.19903307957272984,2720,10.0,20.0
d_dr01_vs_drz,before,0.03549107142857143,28.17610062893082,0.20877463309275035,0.14285714285714285,0.19923435045727056,2680,10.0,20.0
d_dr01_vs_drz,before,0.03560267857142857,28.087774294670847,0.2831536276752083,0.14285714285714285,0.1987296503731864,2782,10.0,20.0
d_dr01_vs_drz,before,0.03571428571428571,28.0,0.19888228593645924,0.14285714285714285,0.19919374056785832,2688,10.0,20.0
d_dr01_vs_drz,before,0.035825892857142855,27.912772585669785,0.18824328654309233,0.14285714285714285,0.19897355378849282,2732,10.0,20.0
d_dr01_vs_drz,before,0.0359375,27.826086956521742,0.2702496057379059,0.14285714285714285,0.19863390479962775,2802,10.0,20.0
d_dr01_vs_drz,before,0.03604910714285714,27.73993808049536,0.1460245971334687,0.14285714285714285,0.19893408530849774,2740,10.0,20.0
d_dr01_vs_drz,before,0.03616071428571428,27.654320987654323,0.1813400481828897,0.14285714285714285,0.1989636705837003,2734,10.0,20.0
d_dr01_vs_drz,before,0.036272321428571425,27.56923076923077,0.16191793491519885,0.14285714285714285,0.1987779076146052,2772,10.0,20.0
d_dr01_vs_drz,before,0.03638392857142857,27.48466257668712,0.1481573821072764,0.14285714285714285,0.1985674850051077,2816,10.0,20.0
d_dr01_vs_drz,before,0.036495535714285716,27.400611620795104,0.1434174038226819,0.14285714285714285,0.19880698630805718,2766,10.0,20.0
d_dr01_vs_drz,before,0.03660714285714286,27.317073170731707,0.17742995506082748,0.14285714285714285,0.19847344616835114,2836,10.0,20.0
d_dr01_vs_drz,before,0.03671875,27.23404255319149,0.22313139519153255,0.14285714285714285,0.1985674850051077,2816,10.0,20.0
d_dr01_vs_drz,before,0.036830357142857144,27.151515151515152,0.2703951717843567,0.14285714285714285,0.1987296503731864,2782,10.0,20.0
d_dr01_vs_drz,before,0.036941964285714286,27.069486404833835,0.15506800436194618,0.14285714285714285,0.1983434350217766,2864,10.0,20.0
d_dr01_vs_drz,before,0.03705357142857143,26.987951807228917,0.16887042320091694,0.14285714285714285,0.19852975072299847,2824,10.0,20.0
d_dr01_vs_drz,before,0.03716517857142857,26.906906906906908,0.18239751369522875,0.14285714285714285,0.19837113512849097,2858,10.0,20.0
d_dr01_vs_drz,before,0.037276785714285714,26.826347305389223,0.1397053716533918,0.14285714285714285,0.19847344616835114,2836,10.0,20.0
d_dr01_vs_drz,before,0.037388392857142856,26.746268656716417,0.12961122519942303,0.14285714285714285,0.1984547565946868,2840,10.0,20.0
d_dr01_vs_drz,before,0.0375,26.666666666666668,0.08875602190262907,0.14285714285714285,0.19818808118118406,2898,10.0,20.0
d_dr01_vs_drz,before,0.03761160714285714,26.587537091988132,0.10752291421340411,0.14285714285714285,0.19843610609789097,2844,10.0,20.0
d_dr01_vs_drz,before,0.037723214285714284,26.50887573964497,0.08252334529631712,0.14285714285714285,0.19795564920134207,2950,10.0,20.0
d_dr01_vs_drz,before,0.037834821428571426,26.4306784660767,0.10805286822083764,0.14285714285714285,0.19830663541185475,2872,10.0,20.0
d_dr01_vs_drz,before,0.03794642857142857,26.35294117647059,0.1539128414100855,0.14285714285714285,0.1982882926807455,2876,10.0,20.0
d_dr01_vs_drz,before,0.03805803571428571,26.275659824046922,0.13346519591152117,0.14285714285714285,0.19802651424106882,2934,10.0,20.0
d_dr01_vs_drz,before,0.03816964285714285,26.198830409356727,0.11468455218021276,0.14285714285714285,0.1981069271457448,2916,10.0,20.0
d_dr01_vs_drz,before,0.038281249999999996,26.12244897959184,0.10410539505528342,0.14285714285714285,0.1982152991985056,2892,10.0,20.0
d_dr01_vs_drz,before,0.03839285714285714,26.04651162790698,0.10674870528784862,0.14285714285714285,0.19793802214251247,2954,10.0,20.0
d_dr01_vs_drz,before,0.03850446428571429,25.97101449275362,0.07036716209198941,0.14285714285714285,0.19782430484837527,2980,10.0,20.0
d_dr01_vs_drz,before,0.03861607142857143,25.89595375722543,0.1812381193841828,0.14285714285714285,0.19825172071105046,2884,10.0,20.0
d_dr01_vs_drz,before,0.03872767857142857,25.821325648414984,0.0754293493910441,0.14285714285714285,0.1978156184587228,2982,10.0,20.0
d_dr01_vs_drz,before,0.038839285714285715,25.74712643678161,0.07843974716650993,0.14285714285714285,0.19760123472388125,3032,10.0,20.0
d_dr01_vs_drz,before,0.03895089285714286,25.673352435530084,0.06671624449938895,0.14285714285714285,0.1981609467848357,2904,10.0,20.0
d_dr01_vs_drz,before,0.0390625,25.6,0.1115070998051261,0.14285714285714285,0.1975253385684874,3050,10.0,20.0
d_dr01_vs_drz,before,0.03917410714285714,25.527065527065528,0.11322870308665509,0.14285714285714285,0.19784170365088652,2976,10.0,20.0
d_dr01_vs_drz,before,0.039285714285714285,25.454545454545457,0.058992136680887056,0.14285714285714285,0.1976097089758139,3030,10.0,20.0
d_dr01_vs_drz,before,0.03939732142857143,25.38243626062323,0.0997541849294034,0.14285714285714285,0.1977550552720954,2996,10.0,20.0
d_dr01_vs_drz,before,0.03950892857142857,25.310734463276837,0.07027259949187231,0.14285714285714285,0.19765220529146557,3020,10.0,20.0
d_dr01_vs_drz,before,0.03962053571428571,25.23943661971831,0.02336272675353004,0.14285714285714285,0.1975085631250675,3054,10.0,20.0
d_dr01_vs_drz,before,0.039732142857142855,25.168539325842698,0.10089227314442607,0.14285714285714285,0.19770347780800562,3008,10.0,20.0
d_dr01_vs_drz,before,0.03984375,25.098039215686278,0.1484804488713571,0.14285714285714285,0.19743347590385044,3072,10.0,20.0
d_dr01_vs_drz,before,0.03995535714285714,25.027932960893857,0.0654719700434334,0.14285714285714285,0.19739204277139769,3082,10.0,20.0
d_dr01_vs_drz,before,0.04006696428571428,24.95821727019499,0.08578762418924961,0.14285714285714285,0.1976692624332035,3016,10.0,20.0
d_dr01_vs_drz,before,0.040178571428571425,24.888888888888893,0.012679029367974335,0.14285714285714285,0.19731796447605393,3100,10.0,20.0
d_dr01_vs_drz,before,0.04029017857142857,24.81994459833795,0.1069551953550762,0.14285714285714285,0.1974251732503782,3074,10.0,20.0
d_dr01_vs_drz,before,0.040401785714285716,24.75138121546961,0.10983466138810792,0.14285714285714285,0.19745010534200189,3068,10.0,20.0
d_dr01_vs_drz,before,0.04051339285714286,24.683195592286502,0.10163738963072924,0.14285714285714285,0.19736727869292328,3088,10.0,20.0
d_dr01_vs_drz,before,0.040625,24.615384615384613,0.0549916870204451,0.14285714285714285,0.1970358524551192,3170,10.0,20.0
d_dr01_vs_drz,before,0.040736607142857144,24.54794520547945,0.04488597135564141,0.14285714285714285,0.197483461108339,3060,10.0,20.0
d_dr01_vs_drz,before,0.040848214285714286,24.48087431693989,0.029548609378732944,0.14285714285714285,0.19717976864090656,3134,10.0,20.0
d_dr01_vs_drz,before,0.04095982142857143,24.4141689373297,0.057607232422507954,0.14285714285714285,0.19701210252814472,3176,10.0,20.0
d_dr01_vs_drz,before,0.04107142857142857,24.347826086956523,0.03970230606045784,0.14285714285714285,0.19738378012086183,3084,10.0,20.0
d_dr01_vs_drz,before,0.041183035714285714,24.281842818428185,0.08487336856753412,0.14285714285714285,0.19695694455425367,3190,10.0,20.0
d_dr01_vs_drz,before,0.041294642857142856,24.216216216216218,0.034179275139204206,0.14285714285714285,0.1970755845534379,3160,10.0,20.0
d_dr01_vs_drz,before,0.04140625,24.150943396226417,0.04865281619936898,0.14285714285714285,0.1970755845534379,3160,10.0,20.0
d_dr01_vs_drz,before,0.04151785714285714,24.086021505376344,0.10402792658910076,0.14285714285714285,0.19706762319057258,3162,10.0,20.0
d_dr01_vs_drz,before,0.041629464285714284,24.021447721179626,0.10922056435293537,0.14285714285714285,0.19698053952908048,3184,10.0,20.0
d_dr01_vs_drz,before,0.041741071428571426,23.9572192513369,0.09017857032560744,0.14285714285714285,0.19696480220931625,3188,10.0,20.0
d_dr01_vs_drz,before,0.04185267857142857,23.893333333333334,0.07713188069922566,0.14285714285714285,0.19690995197425074,3202,10.0,20.0
d_dr01_vs_drz,before,0.04196428571428571,23.829787234042556,0.03834489010689956,0.14285714285714285,0.1966864592271897,3260,10.0,20.0
d_dr01_vs_drz,before,0.04207589285714285,23.766578249336874,0.05945330761324447,0.14285714285714285,0.19691776587158633,3200,10.0,20.0
d_dr01_vs_drz,before,0.042187499999999996,23.703703703703706,0.07478282028396419,0.14285714285714285,0.19692558703358493,3198,10.0,20.0
d_dr01_vs_drz,before,0.04229910714285714,23.641160949868077,0.1068162201559612,0.14285714285714285,0.19662584390434415,3276,10.0,20.0
d_dr01_vs_drz,before,0.04241071428571429,23.57894736842105,0.0743883748869558,0.14285714285714285,0.1967398616607217,3246,10.0,20.0
d_dr01_vs_drz,before,0.04252232142857143,23.517060367454068,0.06688891446212308,0.14285714285714285,0.1969334154715303,3196,10.0,20.0
d_dr01_vs_drz,before,0.04263392857142857,23.455497382198953,0.06799073570630387,0.14285714285714285,0.19662584390434415,3276,10.0,20.0
d_dr01_vs_drz,before,0.042745535714285715,23.39425587467363,0.09619561087513352,0.14285714285714285,0.19658818240465054,3286,10.0,20.0
d_dr01_vs_drz,before,0.04285714285714286,23.333333333333332,0.03464460568280665,0.14285714285714285,0.19656566720869945,3292,10.0,20.0
d_dr01_vs_drz,before,0.04296875,23.272727272727273,0.014558685933200172,0.14285714285714285,0.19674751854137398,3244,10.0,20.0
d_dr01_vs_drz,before,0.04308035714285714,23.212435233160623,0.014399802876016473,0.14285714285714285,0.19627841680223054,3370,10.0,20.0
d_dr01_vs_drz,before,0.043191964285714285,23.152454780361758,0.06191443523738847,0.14285714285714285,0.19665609640424975,3268,10.0,20.0
d_dr01_vs_drz,before,0.04330357142857143,23.09278350515464,0.05904331650143813,0.14285714285714285,0.1965506909503124,3296,10.0,20.0
d_dr01_vs_drz,before,0.04341517857142857,23.033419023136247,0.03821098452421951,0.14285714285714285,0.19635112163071453,3350,10.0,20.0
d_dr01_vs_drz,before,0.04352678571428571,22.974358974358974,0.04171645270343618,0.14285714285714285,0.19649105513285683,3312,10.0,20.0
d_dr01_vs_drz,before,0.043638392857142855,22.915601023017903,0.04519978141196922,0.14285714285714285,0.1965506909503124,3296,10.0,20.0
d_dr01_vs_drz,before,0.04375,22.857142857142858,0.08134252822592941,0.14285714285714285,0.19620635084804425,3390,10.0,20.0
d_dr01_vs_drz,before,0.04386160714285714,22.798982188295167,0.10789901201261709,0.14285714285714285,0.19627118161272125,3372,10.0,20.0
d_dr01_vs_drz,before,0.04397321428571428,22.741116751269036,0.0973448620292735,0.14285714285714285,0.19639505513636507,3338,10.0,20.0
d_dr01_vs_drz,before,0.044084821428571425,22.683544303797472,0.03309218269540655,0.14285714285714285,0.19614203002159336,3408,10.0,20.0
d_dr01_vs_drz,before,0.04419642857142857,22.62626262626263,0.058295078746123115,0.14285714285714285,0.19628565838032241,3368,10.0,20.0
d_dr01_vs_drz,before,0.04430803571428571,22.569269521410583,0.01920742583813754,0.14285714285714285,0.19630742154042707,3362,10.0,20.0
d_dr01_vs_drz,before,0.04441964285714286,22.51256281407035,0.0006520040051948502,0.14285714285714285,0.19604297333067175,3436,10.0,20.0
d_dr01_vs_drz,before,0.04453125,22.45614035087719,0.05498792090979587,0.14285714285714285,0.19624230455271754,3380,10.0,20.0
d_dr01_vs_drz,before,0.044642857142857144,22.4,0.06484367255608918,0.14285714285714285,0.19616341405099993,3402,10.0,20.0
d_dr01_vs_drz,before,0.044754464285714286,22.34413965087282,0.0534976326609912,0.14285714285714285,0.19608527866196232,3424,10.0,20.0
d_dr01_vs_drz,before,0.04486607142857143,22.28855721393035,0.022300637834054594,0.14285714285714285,0.19608527866196232,3424,10.0,20.0
d_dr01_vs_drz,before,0.04497767857142857,22.233250620347395,0.03005188392037481,0.14285714285714285,0.19586903899227384,3486,10.0,20.0
d_dr01_vs_drz,before,0.045089285714285714,22.17821782178218,0.024596377826043833,0.14285714285714285,0.19609942947499998,3420,10.0,20.0
d_dr01_vs_drz,before,0.045200892857142856,22.123456790123456,0.06455937636773161,0.14285714285714285,0.19598690683769954,3452,10.0,20.0
d_dr01_vs_drz,before,0.0453125,22.06896551724138,0.07440372361093732,0.14285714285714285,0.19578686266146458,3510,10.0,20.0
d_dr01_vs_drz,before,0.04542410714285714,22.014742014742016,0.023353350269023212,0.14285714285714285,0.195959018311031,3460,10.0,20.0
d_dr01_vs_drz,before,0.045535714285714284,21.96078431372549,-0.009221680478435452,0.14285714285714285,0.1959242922263356,3470,10.0,20.0
d_dr01_vs_drz,before,0.045647321428571426,21.90709046454768,0.03540617367709527,0.14285714285714285,0.1959312255268662,3468,10.0,20.0
d_dr01_vs_drz,before,0.04575892857142857,21.853658536585368,0.04135785623944895,0.14285714285714285,0.19578005236369755,3512,10.0,20.0
d_dr01_vs_drz,before,0.04587053571428571,21.800486618004868,0.01297870019074284,0.14285714285714285,0.1957460872064342,3522,10.0,20.0
d_dr01_vs_drz,before,0.04598214285714285,21.74757281553398,0.058487546816411176,0.14285714285714285,0.19567186631260183,3544,10.0,20.0
d_dr01_vs_drz,before,0.046093749999999996,21.69491525423729,0.025858718234473964,0.14285714285714285,0.19601489165878555,3444,10.0,20.0
d_dr01_vs_drz,before,0.04620535714285714,21.64251207729469,0.0170523904465802,0.14285714285714285,0.19554526746979894,3582,10.0,20.0
d_dr01_vs_drz,before,0.04631696428571429,21.59036144578313,0.03984854790878228,0.14285714285714285,0.19557838863500912,3572,10.0,20.0
d_dr01_vs_drz,before,0.04642857142857143,21.538461538461537,0.05095266436662992,0.14285714285714285,0.19587592500046092,3484,10.0,20.0
d_dr01_vs_drz,before,0.04654017857142857,21.48681055155875,0.014085199746265454,0.14285714285714285,0.19536229896004664,3638,10.0,20.0
d_dr01_vs_drz,before,0.046651785714285715,21.43540669856459,0.001107696591279441,0.14285714285714285,0.19572577688551,3528,10.0,20.0
d_dr01_vs_drz,before,0.04676339285714286,21.384248210023866,0.00028693562485974705,0.14285714285714285,0.19565844520659162,3548,10.0,20.0
d_dr01_vs_drz,before,0.046875,21.333333333333332,-0.0007382492199207992,0.14285714285714285,0.19540115234939126,3626,10.0,20.0
d_dr01_vs_drz,before,0.04698660714285714,21.282660332541568,0.028957438501003938,0.14285714285714285,0.19544672377293545,3612,10.0,20.0
d_dr01_vs_drz,before,0.047098214285714285,21.232227488151658,0.076500482815951,0.14285714285714285,0.1954663349047849,3606,10.0,20.0
d_dr01_vs_drz,before,0.04720982142857143,21.182033096926716,0.051927446218912494,0.14285714285714285,0.1955651236363731,3576,10.0,20.0
d_dr01_vs_drz,before,0.04732142857142857,21.132075471698116,0.04849106034752921,0.14285714285714285,0.19534294368347277,3644,10.0,20.0
d_dr01_vs_drz,before,0.04743303571428571,21.08235294117647,0.04591312773532573,0.14285714285714285,0.19537522888070752,3634,10.0,20.0
d_dr01_vs_drz,before,0.047544642857142855,21.03286384976526,0.03763572212831456,0.14285714285714285,0.19549912822785603,3596,10.0,20.0
d_dr01_vs_drz,before,0.04765625,20.98360655737705,0.026280981059794383,0.14285714285714285,0.19527876700452393,3664,10.0,20.0
d_dr01_vs_drz,before,0.04776785714285714,20.93457943925234,0.025848575276918136,0.14285714285714285,0.19536229896004664,3638,10.0,20.0
d_dr01_vs_drz,before,0.04787946428571428,20.88578088578089,0.008832791091868852,0.14285714285714285,0.1952532420597071,3672,10.0,20.0
d_dr01_vs_drz,before,0.047991071428571425,20.837209302325583,0.02081089562028351,0.14285714285714285,0.19534294368347277,3644,10.0,20.0
d_dr01_vs_drz,before,0.04810267857142857,20.788863109048727,0.03573033362824961,0.14285714285714285,0.1950209946989822,3746,10.0,20.0
d_dr01_vs_drz,before,0.04821428571428571,20.740740740740744,0.023537648618495347,0.14285714285714285,0.19530437499553316,3656,10.0,20.0
d_dr01_vs_drz,before,0.04832589285714286,20.69284064665127,0.02537476278452353,0.14285714285714285,0.19526599417946083,3668,10.0,20.0
d_dr01_vs_drz,before,0.0484375,20.64516129032258,0.02575022364225287,0.14285714285714285,0.19493488938335007,3774,10.0,20.0
d_dr01_vs_drz,before,0.048549107142857144,20.597701149425287,-3.594183714413293e-05,0.14285714285714285,0.19539466351065476,3628,10.0,20.0
d_dr01_vs_drz,before,0.048660714285714286,20.55045871559633,0.004353534899452121,0.14285714285714285,0.19489827749225433,3786,10.0,20.0
d_dr01_vs_drz,before,0.04877232142857143,20.503432494279178,0.028514059527537113,0.14285714285714285,0.19506440733704855,3732,10.0,20.0
d_dr01_vs_drz,before,0.04888392857142857,20.45662100456621,0.04521498677798904,0.14285714285714285,0.19518979008893414,3692,10.0,20.0
d_dr01_vs_drz,before,0.048995535714285714,20.41002277904328,0.012674234493636236,0.14285714285714285,0.19491046224945754,3782,10.0,20.0
d_dr01_vs_drz,before,0.049107142857142856,20.363636363636363,-0.007755884068034935,0.14285714285714285,0.19500246310468877,3752,10.0,20.0
d_dr01_vs_drz,before,0.04921875,20.317460317460316,-0.011672666010744752,0.14285714285714285,0.19499013318559666,3756,10.0,20.0
d_dr01_vs_drz,before,0.04933035714285714,20.271493212669682,-0.0046797720192847825,0.14285714285714285,0.1948739653457362,3794,10.0,20.0
d_dr01_vs_drz,before,0.049441964285714284,20.225733634311513,0.009563319032317942,0.14285714285714285,0.19488003622703962,3792,10.0,20.0
d_dr01_vs_drz,before,0.049553571428571426,20.18018018018018,0.011186423205925973,0.14285714285714285,0.19489219229404334,3788,10.0,20.0
d_dr01_vs_drz,before,0.04966517857142857,20.134831460674157,0.00403946301848077,0.14285714285714285,0.1950209946989822,3746,10.0,20.0
d_dr01_vs_drz,before,0.04977678571428571,20.08968609865471,0.008360250290704472,0.14285714285714285,0.19475951592150462,3832,10.0,20.0
d_dr01_vs_drz,before,0.04988839285714285,20.04474272930649,0.05194495203194541,0.14285714285714285,0.19485578123579675,3800,10.0,20.0
d_dr01_vs_drz,before,0.049999999999999996,20.0,0.5619426720417725,0.14285714285714285,0.8417399583909729,2,10.0,20.0
d_dr01_vs_drz,after,0.0,inf,0.9999981532689808,0.14285714285714285,0.7560610050770457,3,10.0,20.0
d_dr01_vs_drz,after,0.00011160714285714285,8960.0,0.9999898797487448,0.14285714285714285,0.5160568456025979,12,10.0,20.0
d_dr01_vs_drz,after,0.0002232142857142857,4480.0,0.9998711305048131,0.14285714285714285,0.43846389609946435,22,10.0,20.0
d_dr01_vs_drz,after,0.0003348214285714286,2986.6666666666665,0.9997972185982853,0.14285714285714285,0.41192739958594665,28,10.0,20.0
d_dr01_vs_drz,after,0.0004464285714285714,2240.0,0.9994415465730482,0.14285714285714285,0.37684928940895107,40,10.0,20.0
d_dr01_vs_drz,after,0.0005580357142857143,1792.0,0.9997654293609235,0.14285714285714285,0.3572655453148874,50,10.0,20.0
d_dr01_vs_drz,after,0.0006696428571428571,1493.3333333333333,0.99982289239192,0.14285714285714285,0.3607189084162777,48,10.0,20.0
d_dr01_vs_drz,after,0.0007812499999999999,1280.0,0.9993451044211193,0.14285714285714285,0.33301944154606616,68,10.0,20.0
d_dr01_vs_drz,after,0.0008928571428571428,1120.0,0.9992087666604019,0.14285714285714285,0.3308883459615167,70,10.0,20.0
d_dr01_vs_drz,after,0.0010044642857142856,995.5555555555557,0.9990877779463728,0.14285714285714285,0.32498105977643776,76,10.0,20.0
d_dr01_vs_drz,after,0.0011160714285714285,896.0,0.9990488650764812,0.14285714285714285,0.3120228149867766,92,10.0,20.0
d_dr01_vs_drz,after,0.0012276785714285714,814.5454545454546,0.9983315204420269,0.14285714285714285,0.30307454563671804,106,10.0,20.0
d_dr01_vs_drz,after,0.0013392857142857143,746.6666666666666,0.9973277562908427,0.14285714285714285,0.309276869488276,96,10.0,20.0
d_dr01_vs_drz,after,0.0014508928571428572,689.2307692307692,0.998804293784263,0.14285714285714285,0.297657677511583,116,10.0,20.0
d_dr01_vs_drz,after,0.0015624999999999999,640.0,0.9986785311528819,0.14285714285714285,0.28942028891226607,134,10.0,20.0
d_dr01_vs_drz,after,0.0016741071428571428,597.3333333333334,0.9964369843733037,0.14285714285714285,0.2956748612128594,120,10.0,20.0
d_dr01_vs_drz,after,0.0017857142857142857,560.0,0.9976700037358118,0.14285714285714285,0.28476380812712476,146,10.0,20.0
d_dr01_vs_drz,after,0.0018973214285714286,527.0588235294118,0.9984621265756174,0.14285714285714285,0.2812856424436456,156,10.0,20.0
d_dr01_vs_drz,after,0.0020089285714285712,497.7777777777778,0.9995780016287374,0.14285714285714285,0.28702018719502587,140,10.0,20.0
d_dr01_vs_drz,after,0.002120535714285714,471.5789473684211,0.9997256147522654,0.14285714285714285,0.2757709533720164,174,10.0,20.0
d_dr01_vs_drz,after,0.002232142857142857,448.0,0.9998756372271271,0.14285714285714285,0.27520913338899333,176,10.0,20.0
d_dr01_vs_drz,after,0.00234375,426.6666666666667,0.999955282377991,0.14285714285714285,0.273051000260408,184,10.0,20.0
d_dr01_vs_drz,after,0.002455357142857143,407.2727272727273,0.9999541207283765,0.14285714285714285,0.2705369635786124,194,10.0,20.0
d_dr01_vs_drz,after,0.0025669642857142857,389.5652173913044,0.9999543545912536,0.14285714285714285,0.269116846861646,200,10.0,20.0
d_dr01_vs_drz,after,0.0026785714285714286,373.3333333333333,0.9998790542965403,0.14285714285714285,0.26731663903915925,208,10.0,20.0
d_dr01_vs_drz,after,0.0027901785714285715,358.4,0.999277447648461,0.14285714285714285,0.2668822084027434,210,10.0,20.0
d_dr01_vs_drz,after,0.0029017857142857144,344.6153846153846,0.9992070440733907,0.14285714285714285,0.26173150991010213,236,10.0,20.0
d_dr01_vs_drz,after,0.003013392857142857,331.8518518518519,0.9993464832400574,0.14285714285714285,0.2632250986856457,228,10.0,20.0
d_dr01_vs_drz,after,0.0031249999999999997,320.0,0.9980863076030227,0.14285714285714285,0.2613695641695868,238,10.0,20.0
d_dr01_vs_drz,after,0.0032366071428571426,308.96551724137936,0.9992488385149186,0.14285714285714285,0.2576597972433477,260,10.0,20.0
d_dr01_vs_drz,after,0.0033482142857142855,298.6666666666667,0.9980000932348282,0.14285714285714285,0.2586250244740691,254,10.0,20.0
d_dr01_vs_drz,after,0.0034598214285714284,289.03225806451616,0.9987963224527073,0.14285714285714285,0.25523709705862524,276,10.0,20.0
d_dr01_vs_drz,after,0.0035714285714285713,280.0,0.9985560165968586,0.14285714285714285,0.25582326430374547,272,10.0,20.0
d_dr01_vs_drz,after,0.003683035714285714,271.5151515151515,0.998664334865443,0.14285714285714285,0.2527449491574839,294,10.0,20.0
d_dr01_vs_drz,after,0.003794642857142857,263.5294117647059,0.9988348287280139,0.14285714285714285,0.25410107451462977,284,10.0,20.0
d_dr01_vs_drz,after,0.00390625,256.0,0.9976848389805486,0.14285714285714285,0.2514544516681247,304,10.0,20.0
d_dr01_vs_drz,after,0.0040178571428571425,248.8888888888889,0.9976693812215556,0.14285714285714285,0.24928083583453234,322,10.0,20.0
d_dr01_vs_drz,after,0.004129464285714286,242.16216216216216,0.9976843427029903,0.14285714285714285,0.2514544516681247,304,10.0,20.0
d_dr01_vs_drz,after,0.004241071428571428,235.78947368421055,0.9958083536715777,0.14285714285714285,0.24905026945843273,324,10.0,20.0
d_dr01_vs_drz,after,0.004352678571428572,229.74358974358972,0.9955619857068043,0.14285714285714285,0.24582376798178943,354,10.0,20.0
d_dr01_vs_drz,after,0.004464285714285714,224.0,0.9979157396259428,0.14285714285714285,0.24770924671322134,336,10.0,20.0
d_dr01_vs_drz,after,0.004575892857142857,218.53658536585365,0.9934299219427641,0.14285714285714285,0.24643640318775006,348,10.0,20.0
d_dr01_vs_drz,after,0.0046875,213.33333333333334,0.9931805249073469,0.14285714285714285,0.24426173259637654,370,10.0,20.0
d_dr01_vs_drz,after,0.004799107142857142,208.37209302325584,0.9976583039240075,0.14285714285714285,0.24407341871811294,372,10.0,20.0
d_dr01_vs_drz,after,0.004910714285714286,203.63636363636365,0.9967787829620492,0.14285714285714285,0.24388657961491628,374,10.0,20.0
d_dr01_vs_drz,after,0.005022321428571428,199.11111111111114,0.9971841664953424,0.14285714285714285,0.24124866466885456,404,10.0,20.0
d_dr01_vs_drz,after,0.005133928571428571,194.7826086956522,0.9985543474827917,0.14285714285714285,0.24226832878047586,392,10.0,20.0
d_dr01_vs_drz,after,0.005245535714285714,190.63829787234044,0.9988250936797851,0.14285714285714285,0.2427954615022515,386,10.0,20.0
d_dr01_vs_drz,after,0.005357142857142857,186.66666666666666,0.9981458716846647,0.14285714285714285,0.23964416299559071,424,10.0,20.0
d_dr01_vs_drz,after,0.00546875,182.85714285714286,0.9972745125462402,0.14285714285714285,0.24027239659586974,416,10.0,20.0
d_dr01_vs_drz,after,0.005580357142857143,179.2,0.99509642364612,0.14285714285714285,0.2388828626474958,434,10.0,20.0
d_dr01_vs_drz,after,0.0056919642857142854,175.68627450980392,0.9966866796675505,0.14285714285714285,0.2384383044776066,440,10.0,20.0
d_dr01_vs_drz,after,0.005803571428571429,172.3076923076923,0.99759723847654,0.14285714285714285,0.23757528612232023,452,10.0,20.0
d_dr01_vs_drz,after,0.005915178571428571,169.05660377358492,0.9944498221960438,0.14285714285714285,0.23688135961430892,462,10.0,20.0
d_dr01_vs_drz,after,0.006026785714285714,165.92592592592595,0.996039132059006,0.14285714285714285,0.23785919155913984,448,10.0,20.0
d_dr01_vs_drz,after,0.006138392857142857,162.9090909090909,0.9963129091144317,0.14285714285714285,0.23517586182327832,488,10.0,20.0
d_dr01_vs_drz,after,0.0062499999999999995,160.0,0.9980192840988305,0.14285714285714285,0.23607716377209612,474,10.0,20.0
d_dr01_vs_drz,after,0.006361607142857143,157.19298245614036,0.9984231901980123,0.14285714285714285,0.23568617177506457,480,10.0,20.0
d_dr01_vs_drz,after,0.006473214285714285,154.48275862068968,0.9977884730710116,0.14285714285714285,0.23359868826190747,514,10.0,20.0
d_dr01_vs_drz,after,0.006584821428571429,151.864406779661,0.9947361287450021,0.14285714285714285,0.23348222347930858,516,10.0,20.0
d_dr01_vs_drz,after,0.006696428571428571,149.33333333333334,0.99704604294272,0.14285714285714285,0.23467767886949623,496,10.0,20.0
d_dr01_vs_drz,after,0.006808035714285714,146.88524590163934,0.9980799543444328,0.14285714285714285,0.23246304055541317,534,10.0,20.0
d_dr01_vs_drz,after,0.006919642857142857,144.51612903225808,0.9984563391795754,0.14285714285714285,0.23191835858106052,544,10.0,20.0
d_dr01_vs_drz,after,0.00703125,142.22222222222223,0.9984682507297196,0.14285714285714285,0.23348222347930858,516,10.0,20.0
d_dr01_vs_drz,after,0.007142857142857143,140.0,0.9986240956983232,0.14285714285714285,0.23118003674182988,558,10.0,20.0
d_dr01_vs_drz,after,0.007254464285714285,137.84615384615387,0.9991326528651339,0.14285714285714285,0.23066911942921098,568,10.0,20.0
d_dr01_vs_drz,after,0.007366071428571428,135.75757575757575,0.9992556724468744,0.14285714285714285,0.23257377696061368,532,10.0,20.0
d_dr01_vs_drz,after,0.007477678571428571,133.7313432835821,0.9985192142288012,0.14285714285714285,0.22865956785210217,610,10.0,20.0
d_dr01_vs_drz,after,0.007589285714285714,131.76470588235296,0.9977405455788282,0.14285714285714285,0.2300731936178756,580,10.0,20.0
d_dr01_vs_drz,after,0.007700892857142857,129.85507246376812,0.998453532958712,0.14285714285714285,0.22987856279938831,584,10.0,20.0
d_dr01_vs_drz,after,0.0078125,128.0,0.9982999384638186,0.14285714285714285,0.22847879956174852,614,10.0,20.0
d_dr01_vs_drz,after,0.007924107142857142,126.19718309859155,0.9986051766551027,0.14285714285714285,0.22856896654528058,612,10.0,20.0
d_dr01_vs_drz,after,0.008035714285714285,124.44444444444446,0.9984994628557035,0.14285714285714285,0.22794672665157004,626,10.0,20.0
d_dr01_vs_drz,after,0.008147321428571429,122.73972602739725,0.9979538258984536,0.14285714285714285,0.22856896654528058,612,10.0,20.0
d_dr01_vs_drz,after,0.008258928571428572,121.08108108108108,0.9981174381781066,0.14285714285714285,0.22751466188342373,636,10.0,20.0
d_dr01_vs_drz,after,0.008370535714285714,119.46666666666667,0.9986699251804523,0.14285714285714285,0.22709247611069447,646,10.0,20.0
d_dr01_vs_drz,after,0.008482142857142856,117.89473684210527,0.9991085718333198,0.14285714285714285,0.2270091913293758,648,10.0,20.0
d_dr01_vs_drz,after,0.008593749999999999,116.36363636363637,0.9988318200000934,0.14285714285714285,0.22684375089361272,652,10.0,20.0
d_dr01_vs_drz,after,0.008705357142857143,114.87179487179486,0.9988248933755515,0.14285714285714285,0.22580365493397495,678,10.0,20.0
d_dr01_vs_drz,after,0.008816964285714286,113.41772151898735,0.9987008923370481,0.14285714285714285,0.22572608133433805,680,10.0,20.0
d_dr01_vs_drz,after,0.008928571428571428,112.0,0.9988374579652104,0.14285714285714285,0.22572608133433805,680,10.0,20.0
d_dr01_vs_drz,after,0.00904017857142857,110.61728395061729,0.9982273869658111,0.14285714285714285,0.2247472633332211,706,10.0,20.0
d_dr01_vs_drz,after,0.009151785714285715,109.26829268292683,0.9980242235854824,0.14285714285714285,0.2252675931499613,692,10.0,20.0
d_dr01_vs_drz,after,0.009263392857142857,107.95180722891567,0.9978207545596212,0.14285714285714285,0.22511735629687746,696,10.0,20.0
d_dr01_vs_drz,after,0.009375,106.66666666666667,0.9977505708193395,0.14285714285714285,0.22347634762040358,742,10.0,20.0
d_dr01_vs_drz,after,0.009486607142857142,105.41176470588236,0.9973274800333757,0.14285714285714285,0.22467416992987052,708,10.0,20.0
d_dr01_vs_drz,after,0.009598214285714285,104.18604651162792,0.9969724771992996,0.14285714285714285,0.22280884262303868,762,10.0,20.0
d_dr01_vs_drz,after,0.009709821428571429,102.98850574712644,0.9915104830188971,0.14285714285714285,0.22368179007692848,736,10.0,20.0
d_dr01_vs_drz,after,0.009821428571428571,101.81818181818183,0.9905003545614822,0.14285714285714285,0.22287442635809016,760,10.0,20.0
d_dr01_vs_drz,after,0.009933035714285714,100.67415730337079,0.9958890576209558,0.14285714285714285,0.22229315058834048,778,10.0,20.0
d_dr01_vs_drz,after,0.010044642857142856,99.55555555555557,0.9967793818970884,0.14285714285714285,0.22261360373636063,768,10.0,20.0
d_dr01_vs_drz,after,0.01015625,98.46153846153845,0.9964543613758393,0.14285714285714285,0.22287442635809016,760,10.0,20.0
d_dr01_vs_drz,after,0.010267857142857143,97.3913043478261,0.9957258233637761,0.14285714285714285,0.22191652760781277,790,10.0,20.0
d_dr01_vs_drz,after,0.010379464285714285,96.34408602150538,0.9953072562294986,0.14285714285714285,0.2212474895498582,812,10.0,20.0
d_dr01_vs_drz,after,0.010491071428571428,95.31914893617022,0.9954639760461822,0.14285714285714285,0.2214876516950723,804,10.0,20.0
d_dr01_vs_drz,after,0.010602678571428572,94.3157894736842,0.9956278857148696,0.14285714285714285,0.22130720212890542,810,10.0,20.0
d_dr01_vs_drz,after,0.010714285714285714,93.33333333333333,0.9957966419263167,0.14285714285714285,0.2206620549790673,832,10.0,20.0
d_dr01_vs_drz,after,0.010825892857142857,92.37113402061856,0.9953974427912279,0.14285714285714285,0.2216090580540805,800,10.0,20.0
d_dr01_vs_drz,after,0.0109375,91.42857142857143,0.9964273233679481,0.14285714285714285,0.2198217694523472,862,10.0,20.0
d_dr01_vs_drz,after,0.011049107142857142,90.50505050505052,0.9960474320075963,0.14285714285714285,0.22020844574520457,848,10.0,20.0
d_dr01_vs_drz,after,0.011160714285714286,89.6,0.9944428832213164,0.14285714285714285,0.21928516426814687,882,10.0,20.0
d_dr01_vs_drz,after,0.011272321428571428,88.71287128712872,0.9900171160629112,0.14285714285714285,0.22077747178815657,828,10.0,20.0
d_dr01_vs_drz,after,0.011383928571428571,87.84313725490196,0.9907753141389312,0.14285714285714285,0.21955119748619267,872,10.0,20.0
d_dr01_vs_drz,after,0.011495535714285713,86.99029126213593,0.9920914510116713,0.14285714285714285,0.21856336410973248,910,10.0,20.0
d_dr01_vs_drz,after,0.011607142857142858,86.15384615384615,0.990286404649173,0.14285714285714285,0.21965887440375706,868,10.0,20.0
d_dr01_vs_drz,after,0.01171875,85.33333333333333,0.9882430377012671,0.14285714285714285,0.21902354389357315,892,10.0,20.0
d_dr01_vs_drz,after,0.011830357142857142,84.52830188679246,0.9877697935598616,0.14285714285714285,0.2181654494608149,926,10.0,20.0
d_dr01_vs_drz,after,0.011941964285714285,83.73831775700936,0.986614649369069,0.14285714285714285,0.21841294458748992,916,10.0,20.0
d_dr01_vs_drz,after,0.012053571428571427,82.96296296296298,0.9932346172205829,0.14285714285714285,0.21851306204381743,912,10.0,20.0
d_dr01_vs_drz,after,0.012165178571428572,82.20183486238533,0.9941852714802678,0.14285714285714285,0.21758723335053728,950,10.0,20.0
d_dr01_vs_drz,after,0.012276785714285714,81.45454545454545,0.9943444488824853,0.14285714285714285,0.21744603829804665,956,10.0,20.0
d_dr01_vs_drz,after,0.012388392857142856,80.72072072072072,0.9927637446402207,0.14285714285714285,0.21861382957564643,908,10.0,20.0
d_dr01_vs_drz,after,0.012499999999999999,80.0,0.9913589489777315,0.14285714285714285,0.21675920204107632,986,10.0,20.0
d_dr01_vs_drz,after,0.012611607142857143,79.29203539823008,0.9908927081202975,0.14285714285714285,0.21725980028494588,964,10.0,20.0
d_dr01_vs_drz,after,0.012723214285714286,78.59649122807018,0.9901525850021972,0.14285714285714285,0.21721359693608783,966,10.0,20.0
d_dr01_vs_drz,after,0.012834821428571428,77.91304347826087,0.9853196151353969,0.14285714285714285,0.21644914346158642,1000,10.0,20.0
d_dr01_vs_drz,after,0.01294642857142857,77.24137931034484,0.983204244327808,0.14285714285714285,0.21653707458648785,996,10.0,20.0
d_dr01_vs_drz,after,0.013058035714285715,76.58119658119658,0.9878662220368944,0.14285714285714285,0.21649304397049488,998,10.0,20.0
d_dr01_vs_drz,after,0.013169642857142857,75.9322033898305,0.9880724303306612,0.14285714285714285,0.21610254718236965,1016,10.0,20.0
d_dr01_vs_drz,after,0.01328125,75.29411764705883,0.9895938754841447,0.14285714285714285,0.21618843703925994,1012,10.0,20.0
d_dr01_vs_drz,after,0.013392857142857142,74.66666666666667,0.9829052869952345,0.14285714285714285,0.21605978929178232,1018,10.0,20.0
d_dr01_vs_drz,after,0.013504464285714285,74.04958677685951,0.9853367453872421,0.14285714285714285,0.21551499634696136,1044,10.0,20.0
d_dr01_vs_drz,after,0.013616071428571429,73.44262295081967,0.9892522318431357,0.14285714285714285,0.21568047213382657,1036,10.0,20.0
d_dr01_vs_drz,after,0.013727678571428571,72.84552845528455,0.9804162715331852,0.14285714285714285,0.21498988471428435,1070,10.0,20.0
d_dr01_vs_drz,after,0.013839285714285714,72.25806451612904,0.9784557327482966,0.14285714285714285,0.21543295911437524,1048,10.0,20.0
d_dr01_vs_drz,after,0.013950892857142856,71.68,0.9690813345933736,0.14285714285714285,0.2148713755575323,1076,10.0,20.0
d_dr01_vs_drz,after,0.0140625,71.11111111111111,0.9775752017981887,0.14285714285714285,0.21475383879638116,1082,10.0,20.0
d_dr01_vs_drz,after,0.014174107142857143,70.55118110236221,0.9872549392291207,0.14285714285714285,0.21471487366377726,1084,10.0,20.0
d_dr01_vs_drz,after,0.014285714285714285,70.0,0.9873126158458455,0.14285714285714285,0.21459861283869502,1090,10.0,20.0
d_dr01_vs_drz,after,0.014397321428571428,69.45736434108528,0.9832563018056174,0.14285714285714285,0.21425543086377571,1108,10.0,20.0
d_dr01_vs_drz,after,0.01450892857142857,68.92307692307693,0.9668657578482523,0.14285714285714285,0.21456006915830092,1092,10.0,20.0
d_dr01_vs_drz,after,0.014620535714285714,68.3969465648855,0.9641508416534502,0.14285714285714285,0.21355728664025345,1146,10.0,20.0
d_dr01_vs_drz,after,0.014732142857142857,67.87878787878788,0.9794324448426067,0.14285714285714285,0.21366522853675965,1140,10.0,20.0
d_dr01_vs_drz,after,0.01484375,67.36842105263158,0.9705357287347112,0.14285714285714285,0.2143309783773013,1104,10.0,20.0
d_dr01_vs_drz,after,0.014955357142857142,66.86567164179105,0.9670380297909944,0.14285714285714285,0.21279046829950965,1190,10.0,20.0
d_dr01_vs_drz,after,0.015066964285714286,66.37037037037037,0.9783779882647842,0.14285714285714285,0.21373765748018866,1136,10.0,20.0
d_dr01_vs_drz,after,0.015178571428571428,65.88235294117648,0.9710266182489831,0.14285714285714285,0.21352149146774207,1148,10.0,20.0
d_dr01_vs_drz,after,0.015290178571428571,65.4014598540146,0.9655732108801766,0.14285714285714285,0.21285843635360488,1186,10.0,20.0
d_dr01_vs_drz,after,0.015401785714285713,64.92753623188406,0.9622615941462814,0.14285714285714285,0.21282441002983377,1188,10.0,20.0
d_dr01_vs_drz,after,0.015513392857142856,64.46043165467627,0.9667907868200514,0.14285714285714285,0.21337922749072738,1156,10.0,20.0
d_dr01_vs_drz,after,0.015625,64.0,0.9678567205683233,0.14285714285714285,0.212000361835817,1238,10.0,20.0
d_dr01_vs_drz,after,0.015736607142857142,63.54609929078014,0.9851477446753297,0.14285714285714285,0.2124887421904062,1208,10.0,20.0
d_dr01_vs_drz,after,0.015848214285714285,63.098591549295776,0.987283855923228,0.14285714285714285,0.2127228372174348,1194,10.0,20.0
d_dr01_vs_drz,after,0.015959821428571427,62.65734265734266,0.9849663890943509,0.14285714285714285,0.2120323741059451,1236,10.0,20.0
d_dr01_vs_drz,after,0.01607142857142857,62.22222222222223,0.9776592274081561,0.14285714285714285,0.2120323741059451,1236,10.0,20.0
d_dr01_vs_drz,after,0.016183035714285712,61.79310344827587,0.9616406919459968,0.14285714285714285,0.21187307369980893,1246,10.0,20.0
d_dr01_vs_drz,after,0.016294642857142858,61.36986301369863,0.9593342061199732,0.14285714285714285,0.21216119331021152,1228,10.0,20.0
d_dr01_vs_drz,after,0.01640625,60.95238095238095,0.9517208300996058,0.14285714285714285,0.21159104545450594,1264,10.0,20.0
d_dr01_vs_drz,after,0.016517857142857143,60.54054054054054,0.9349776657537168,0.14285714285714285,0.21149835269259598,1270,10.0,20.0
d_dr01_vs_drz,after,0.016629464285714286,60.13422818791946,0.9474835333736151,0.14285714285714285,0.21177839816474361,1252,10.0,20.0
d_dr01_vs_drz,after,0.016741071428571428,59.733333333333334,0.9299157450572849,0.14285714285714285,0.21134529561252643,1280,10.0,20.0
d_dr01_vs_drz,after,0.01685267857142857,59.337748344370866,0.9487764798605075,0.14285714285714285,0.21054834880675766,1334,10.0,20.0
d_dr01_vs_drz,after,0.016964285714285713,58.94736842105264,0.9694318427949227,0.14285714285714285,0.21159104545450594,1264,10.0,20.0
d_dr01_vs_drz,after,0.017075892857142855,58.56209150326798,0.9769248059960945,0.14285714285714285,0.21080861501660042,1316,10.0,20.0
d_dr01_vs_drz,after,0.017187499999999998,58.18181818181819,0.9756529905898944,0.14285714285714285,0.2104912166657718,1338,10.0,20.0
d_dr01_vs_drz,after,0.017299107142857144,57.806451612903224,0.966572297964646,0.14285714285714285,0.2112241179090306,1288,10.0,20.0
d_dr01_vs_drz,after,0.017410714285714286,57.43589743589743,0.9524154726752581,0.14285714285714285,0.21009825045931166,1366,10.0,20.0
d_dr01_vs_drz,after,0.01752232142857143,57.07006369426752,0.9763178592592061,0.14285714285714285,0.21034948559464076,1348,10.0,20.0
d_dr01_vs_drz,after,0.01763392857142857,56.708860759493675,0.9379047753565025,0.14285714285714285,0.21046274528313325,1340,10.0,20.0
d_dr01_vs_drz,after,0.017745535714285714,56.35220125786164,0.9175616185413237,0.14285714285714285,0.2102651915533084,1354,10.0,20.0
d_dr01_vs_drz,after,0.017857142857142856,56.0,0.9268352918133183,0.14285714285714285,0.20979775932161346,1388,10.0,20.0
d_dr01_vs_drz,after,0.01796875,55.652173913043484,0.94752332408577,0.14285714285714285,0.21001559151209073,1372,10.0,20.0
d_dr01_vs_drz,after,0.01808035714285714,55.308641975308646,0.9578126003916444,0.14285714285714285,0.20993346585157174,1378,10.0,20.0
d_dr01_vs_drz,after,0.018191964285714284,54.96932515337424,0.948254183102647,0.14285714285714285,0.20969023176701643,1396,10.0,20.0
d_dr01_vs_drz,after,0.01830357142857143,54.63414634146341,0.9343421190303755,0.14285714285714285,0.20974388120426476,1392,10.0,20.0
d_dr01_vs_drz,after,0.018415178571428572,54.303030303030305,0.9378560911572479,0.14285714285714285,0.20924322011539456,1430,10.0,20.0
d_dr01_vs_drz,after,0.018526785714285714,53.975903614457835,0.9119904718147538,0.14285714285714285,0.20937304795788578,1420,10.0,20.0
d_dr01_vs_drz,after,0.018638392857142857,53.65269461077845,0.8919814248546992,0.14285714285714285,0.20958361247909307,1404,10.0,20.0
d_dr01_vs_drz,after,0.01875,53.333333333333336,0.9019725066482768,0.14285714285714285,0.20908918974285123,1442,10.0,20.0
d_dr01_vs_drz,after,0.018861607142857142,53.01775147928994,0.9077718290821183,0.14285714285714285,0.2091147294392002,1440,10.0,20.0
d_dr01_vs_drz,after,0.018973214285714284,52.70588235294118,0.9363906024243608,0.14285714285714285,0.20878674915614567,1466,10.0,20.0
d_dr01_vs_drz,after,0.019084821428571427,52.397660818713454,0.8276375875680042,0.14285714285714285,0.20896227354363328,1452,10.0,20.0
d_dr01_vs_drz,after,0.01919642857142857,52.09302325581396,0.8696440240014293,0.14285714285714285,0.20861368932701757,1480,10.0,20.0
d_dr01_vs_drz,after,0.019308035714285715,51.79190751445086,0.8460538855183648,0.14285714285714285,0.20849155226945118,1490,10.0,20.0
d_dr01_vs_drz,after,0.019419642857142858,51.49425287356322,0.8965612972058904,0.14285714285714285,0.20886166870324252,1460,10.0,20.0
d_dr01_vs_drz,after,0.01953125,51.2,0.8827920163610375,0.14285714285714285,0.20832258514572422,1504,10.0,20.0
d_dr01_vs_drz,after,0.019642857142857142,50.909090909090914,0.7712334522119784,0.14285714285714285,0.20820331375489703,1514,10.0,20.0
d_dr01_vs_drz,after,0.019754464285714285,50.621468926553675,0.8313899794413616,0.14285714285714285,0.2080852033992908,1524,10.0,20.0
d_dr01_vs_drz,after,0.019866071428571427,50.337078651685395,0.840669323687821,0.14285714285714285,0.20822707454226386,1512,10.0,20.0
d_dr01_vs_drz,after,0.01997767857142857,50.05586592178771,0.8463057307417771,0.14285714285714285,0.2076466470245122,1562,10.0,20.0
d_dr01_vs_drz,after,0.020089285714285712,49.777777777777786,0.8627997102446108,0.14285714285714285,0.20817959940754727,1516,10.0,20.0
d_dr01_vs_drz,after,0.020200892857142858,49.50276243093922,0.9231708276154336,0.14285714285714285,0.20817959940754727,1516,10.0,20.0
d_dr01_vs_drz,after,0.0203125,49.230769230769226,0.9118886760074156,0.14285714285714285,0.2071581805789342,1606,10.0,20.0
d_dr01_vs_drz,after,0.020424107142857143,48.96174863387978,0.8686748368517524,0.14285714285714285,0.2078523911652866,1544,10.0,20.0
d_dr01_vs_drz,after,0.020535714285714286,48.69565217391305,0.9104439084461523,0.14285714285714285,0.20751142498562736,1574,10.0,20.0
d_dr01_vs_drz,after,0.020647321428571428,48.432432432432435,0.9558825222874804,0.14285714285714285,0.207311430402214,1592,10.0,20.0
d_dr01_vs_drz,after,0.02075892857142857,48.17204301075269,0.9532288175501491,0.14285714285714285,0.20766933369874285,1560,10.0,20.0
d_dr01_vs_drz,after,0.020870535714285713,47.9144385026738,0.9318235546230571,0.14285714285714285,0.2072455083727941,1598,10.0,20.0
d_dr01_vs_drz,after,0.020982142857142855,47.65957446808511,0.8817064372316433,0.14285714285714285,0.20679410702631273,1640,10.0,20.0
d_dr01_vs_drz,after,0.021093749999999998,47.40740740740741,0.9108114555630095,0.14285714285714285,0.2070931065498322,1612,10.0,20.0
d_dr01_vs_drz,after,0.021205357142857144,47.1578947368421,0.8907099420174026,0.14285714285714285,0.20733348626347292,1590,10.0,20.0
d_dr01_vs_drz,after,0.021316964285714286,46.910994764397905,0.8425240469964018,0.14285714285714285,0.2068363565335541,1636,10.0,20.0
d_dr01_vs_drz,after,0.02142857142857143,46.666666666666664,0.8741767562816819,0.14285714285714285,0.20646152179686691,1672,10.0,20.0
d_dr01_vs_drz,after,0.02154017857142857,46.424870466321245,0.9092873970676877,0.14285714285714285,0.20677303948480721,1642,10.0,20.0
d_dr01_vs_drz,after,0.021651785714285714,46.18556701030928,0.9393890963810015,0.14285714285714285,0.20654377883697478,1664,10.0,20.0
d_dr01_vs_drz,after,0.021763392857142856,45.94871794871795,0.9420798530574073,0.14285714285714285,0.2069213164900138,1628,10.0,20.0
d_dr01_vs_drz,after,0.021875,45.714285714285715,0.9267006859465137,0.14285714285714285,0.20615817865004304,1702,10.0,20.0
d_dr01_vs_drz,after,0.02198660714285714,45.48223350253807,0.9592399610696101,0.14285714285714285,0.2063798459329584,1680,10.0,20.0
d_dr01_vs_drz,after,0.022098214285714284,45.25252525252526,0.9276490053952583,0.14285714285714285,0.20607862228912602,1710,10.0,20.0
d_dr01_vs_drz,after,0.02220982142857143,45.0251256281407,0.912371137019142,0.14285714285714285,0.2060193161196826,1716,10.0,20.0
d_dr01_vs_drz,after,0.022321428571428572,44.8,0.8721591551063893,0.14285714285714285,0.2064206116472992,1676,10.0,20.0
d_dr01_vs_drz,after,0.022433035714285714,44.5771144278607,0.8534303795951976,0.14285714285714285,0.20568896146044316,1750,10.0,20.0
d_dr01_vs_drz,after,0.022544642857142857,44.35643564356436,0.881397211344174,0.14285714285714285,0.20586265784981742,1732,10.0,20.0
d_dr01_vs_drz,after,0.02265625,44.13793103448276,0.8898766586633864,0.14285714285714285,0.20625840693654623,1692,10.0,20.0
d_dr01_vs_drz,after,0.022767857142857142,43.92156862745098,0.8825782833220578,0.14285714285714285,0.20561261066388095,1758,10.0,20.0
d_dr01_vs_drz,after,0.022879464285714284,43.707317073170735,0.884912609885006,0.14285714285714285,0.20563165001517575,1756,10.0,20.0
d_dr01_vs_drz,after,0.022991071428571427,43.49514563106796,0.8700058970970335,0.14285714285714285,0.2059799491398533,1720,10.0,20.0
d_dr01_vs_drz,after,0.02310267857142857,43.28502415458938,0.9251749352857267,0.14285714285714285,0.2050559530372921,1818,10.0,20.0
d_dr01_vs_drz,after,0.023214285714285715,43.07692307692307,0.9370875770611465,0.14285714285714285,0.20529377749698421,1792,10.0,20.0
d_dr01_vs_drz,after,0.023325892857142858,42.87081339712918,0.9357269087039045,0.14285714285714285,0.20578513067261447,1740,10.0,20.0
d_dr01_vs_drz,after,0.0234375,42.666666666666664,0.9383872199888889,0.14285714285714285,0.2049478815407546,1830,10.0,20.0
d_dr01_vs_drz,after,0.023549107142857142,42.464454976303315,0.882619430218747,0.14285714285714285,0.2053308201973659,1788,10.0,20.0
d_dr01_vs_drz,after,0.023660714285714285,42.26415094339623,0.8932231086930877,0.14285714285714285,0.2051650873580342,1806,10.0,20.0
d_dr01_vs_drz,after,0.023772321428571427,42.06572769953052,0.8642949434702624,0.14285714285714285,0.20500178551890139,1824,10.0,20.0
d_dr01_vs_drz,after,0.02388392857142857,41.86915887850468,0.8306126629161792,0.14285714285714285,0.2050378677827802,1820,10.0,20.0
d_dr01_vs_drz,after,0.023995535714285712,41.674418604651166,0.8270920507557288,0.14285714285714285,0.20473485868990474,1854,10.0,20.0
d_dr01_vs_drz,after,0.024107142857142855,41.48148148148149,0.8480991496704481,0.14285714285714285,0.20489423896779435,1836,10.0,20.0
d_dr01_vs_drz,after,0.02421875,41.29032258064516,0.8011018657245967,0.14285714285714285,0.20482311852246032,1844,10.0,20.0
d_dr01_vs_drz,after,0.024330357142857143,41.10091743119266,0.769385253316932,0.14285714285714285,0.20428703415014268,1906,10.0,20.0
d_dr01_vs_drz,after,0.024441964285714286,40.91324200913242,0.8234525476935436,0.14285714285714285,0.20485862143419345,1840,10.0,20.0
d_dr01_vs_drz,after,0.024553571428571428,40.72727272727273,0.8361805591230381,0.14285714285714285,0.20443997892001115,1888,10.0,20.0
d_dr01_vs_drz,after,0.02466517857142857,40.542986425339365,0.8747137427945996,0.14285714285714285,0.20432083629059994,1902,10.0,20.0
d_dr01_vs_drz,after,0.024776785714285713,40.36036036036036,0.9191606804453798,0.14285714285714285,0.20478772961770136,1848,10.0,20.0
d_dr01_vs_drz,after,0.024888392857142855,40.17937219730942,0.9369231981665355,0.14285714285714285,0.20406985646203774,1932,10.0,20.0
d_dr01_vs_drz,after,0.024999999999999998,40.0,0.8289855730079033,0.14285714285714285,0.20405333008241125,1934,10.0,20.0
d_dr01_vs_drz,after,0.02511160714285714,39.82222222222222,0.7959801578343858,0.14285714285714285,0.20443997892001115,1888,10.0,20.0
d_dr01_vs_drz,after,0.025223214285714286,39.64601769911504,0.7581703113915904,0.14285714285714285,0.20395470143415717,1946,10.0,20.0
d_dr01_vs_drz,after,0.02533482142857143,39.47136563876652,0.7896998615340597,0.14285714285714285,0.20380843789404254,1964,10.0,20.0
d_dr01_vs_drz,after,0.02544642857142857,39.29824561403509,0.8026421351729115,0.14285714285714285,0.20397107681264137,1944,10.0,20.0
d_dr01_vs_drz,after,0.025558035714285714,39.12663755458515,0.8320497646414154,0.14285714285714285,0.2038245910506852,1962,10.0,20.0
d_dr01_vs_drz,after,0.025669642857142856,38.95652173913044,0.8034713990614931,0.14285714285714285,0.20368008519926165,1980,10.0,20.0
d_dr01_vs_drz,after,0.02578125,38.78787878787879,0.8468340935274847,0.14285714285714285,0.20406985646203774,1932,10.0,20.0
d_dr01_vs_drz,after,0.02589285714285714,38.62068965517242,0.889226970241198,0.14285714285714285,0.20360064332422378,1990,10.0,20.0
d_dr01_vs_drz,after,0.026004464285714284,38.4549356223176,0.8745089683040225,0.14285714285714285,0.20345912978831718,2008,10.0,20.0
d_dr01_vs_drz,after,0.02611607142857143,38.29059829059829,0.8841734964093392,0.14285714285714285,0.20380843789404254,1964,10.0,20.0
d_dr01_vs_drz,after,0.026227678571428572,38.12765957446808,0.8247967911059914,0.14285714285714285,0.20335035825347117,2022,10.0,20.0
d_dr01_vs_drz,after,0.026339285714285714,37.96610169491525,0.8759480302953673,0.14285714285714285,0.20333491064606968,2024,10.0,20.0
d_dr01_vs_drz,after,0.026450892857142857,37.80590717299578,0.9039786948938002,0.14285714285714285,0.20333491064606968,2024,10.0,20.0
d_dr01_vs_drz,after,0.0265625,37.64705882352941,0.8969398552712239,0.14285714285714285,0.20338132157581876,2018,10.0,20.0
d_dr01_vs_drz,after,0.026674107142857142,37.48953974895397,0.8751759779935359,0.14285714285714285,0.2030306380195964,2064,10.0,20.0
d_dr01_vs_drz,after,0.026785714285714284,37.333333333333336,0.8943278171150889,0.14285714285714285,0.2030156542404139,2066,10.0,20.0
d_dr01_vs_drz,after,0.026897321428571427,37.178423236514526,0.9035701289348635,0.14285714285714285,0.20352179142430754,2000,10.0,20.0
d_dr01_vs_drz,after,0.02700892857142857,37.02479338842976,0.9154293064534732,0.14285714285714285,0.20276417883135758,2100,10.0,20.0
d_dr01_vs_drz,after,0.027120535714285715,36.87242798353909,0.8390069310557615,0.14285714285714285,0.20280811620931277,2094,10.0,20.0
d_dr01_vs_drz,after,0.027232142857142858,36.721311475409834,0.7862186673171522,0.14285714285714285,0.20294105689975392,2076,10.0,20.0
d_dr01_vs_drz,after,0.02734375,36.57142857142857,0.8461372525675022,0.14285714285714285,0.20285224078709876,2088,10.0,20.0
d_dr01_vs_drz,after,0.027455357142857142,36.422764227642276,0.8017709851646652,0.14285714285714285,0.20251867322781997,2134,10.0,20.0
d_dr01_vs_drz,after,0.027566964285714285,36.2753036437247,0.8684380294930883,0.14285714285714285,0.20276417883135758,2100,10.0,20.0
d_dr01_vs_drz,after,0.027678571428571427,36.12903225806452,0.860799293093362,0.14285714285714285,0.20282280353622323,2092,10.0,20.0
d_dr01_vs_drz,after,0.02779017857142857,35.98393574297189,0.7741459511047538,0.14285714285714285,0.2024051399747265,2150,10.0,20.0
d_dr01_vs_drz,after,0.027901785714285712,35.84,0.7520347220169374,0.14285714285714285,0.2023910364655755,2152,10.0,20.0
d_dr01_vs_drz,after,0.028013392857142855,35.69721115537849,0.8718758632457064,0.14285714285714285,0.20294105689975392,2076,10.0,20.0
d_dr01_vs_drz,after,0.028125,35.55555555555556,0.9099376397243901,0.14285714285714285,0.20199031257847036,2210,10.0,20.0
d_dr01_vs_drz,after,0.028236607142857143,35.41501976284585,0.8738281824690928,0.14285714285714285,0.20256157441371295,2128,10.0,20.0
d_dr01_vs_drz,after,0.028348214285714286,35.275590551181104,0.8639096993838337,0.14285714285714285,0.20220944357269727,2178,10.0,20.0
d_dr01_vs_drz,after,0.028459821428571428,35.13725490196079,0.84588830047425,0.14285714285714285,0.2020038700244288,2208,10.0,20.0
d_dr01_vs_drz,after,0.02857142857142857,35.0,0.8593233432117647,0.14285714285714285,0.20227890442236768,2168,10.0,20.0
d_dr01_vs_drz,after,0.028683035714285713,34.86381322957199,0.8305014059758014,0.14285714285714285,0.20209928513740544,2194,10.0,20.0
d_dr01_vs_drz,after,0.028794642857142855,34.72868217054264,0.8089280048100137,0.14285714285714285,0.20219560817884408,2180,10.0,20.0
d_dr01_vs_drz,after,0.028906249999999998,34.5945945945946,0.7863051185826878,0.14285714285714285,0.2018157070765534,2236,10.0,20.0
d_dr01_vs_drz,after,0.02901785714285714,34.46153846153847,0.7820301793126576,0.14285714285714285,0.20212671273157043,2190,10.0,20.0
d_dr01_vs_drz,after,0.029129464285714286,34.32950191570881,0.7646839248068965,0.14285714285714285,0.20165718663427828,2260,10.0,20.0
d_dr01_vs_drz,after,0.02924107142857143,34.19847328244275,0.719029772693001,0.14285714285714285,0.20197677333037697,2212,10.0,20.0
d_dr01_vs_drz,after,0.02935267857142857,34.06844106463878,0.5290468945243728,0.14285714285714285,0.20148825195988218,2286,10.0,20.0
d_dr01_vs_drz,after,0.029464285714285714,33.93939393939394,0.6317691815006165,0.14285714285714285,0.20176258739613345,2244,10.0,20.0
d_dr01_vs_drz,after,0.029575892857142856,33.81132075471698,0.7886591702115153,0.14285714285714285,0.20165718663427828,2260,10.0,20.0
d_dr01_vs_drz,after,0.0296875,33.68421052631579,0.7878404604779196,0.14285714285714285,0.20130948318858632,2314,10.0,20.0
d_dr01_vs_drz,after,0.02979910714285714,33.55805243445693,0.748389702052453,0.14285714285714285,0.20178911203700534,2240,10.0,20.0
d_dr01_vs_drz,after,0.029910714285714284,33.43283582089553,0.6885228448434768,0.14285714285714285,0.20133482448864679,2310,10.0,20.0
d_dr01_vs_drz,after,0.030022321428571426,33.30855018587361,0.7367688581436495,0.14285714285714285,0.20150114550038942,2284,10.0,20.0
d_dr01_vs_drz,after,0.030133928571428572,33.18518518518518,0.751904525371291,0.14285714285714285,0.20163100936456846,2264,10.0,20.0
d_dr01_vs_drz,after,0.030245535714285714,33.06273062730627,0.7630859656975807,0.14285714285714285,0.20093700504233267,2374,10.0,20.0
d_dr01_vs_drz,after,0.030357142857142857,32.94117647058824,0.7602056931140148,0.14285714285714285,0.20127159292996374,2320,10.0,20.0
d_dr01_vs_drz,after,0.03046875,32.820512820512825,0.7612598899548183,0.14285714285714285,0.2014240345538633,2296,10.0,20.0
d_dr01_vs_drz,after,0.030580357142857142,32.7007299270073,0.830921433556916,0.14285714285714285,0.20091267051918305,2378,10.0,20.0
d_dr01_vs_drz,after,0.030691964285714284,32.581818181818186,0.8068530894556686,0.14285714285714285,0.20117125958839946,2336,10.0,20.0
d_dr01_vs_drz,after,0.030803571428571427,32.46376811594203,0.790392252191982,0.14285714285714285,0.20117125958839946,2336,10.0,20.0
d_dr01_vs_drz,after,0.03091517857142857,32.34657039711192,0.5877120493945934,0.14285714285714285,0.20079190337726316,2398,10.0,20.0
d_dr01_vs_drz,after,0.03102678571428571,32.230215827338135,0.504942972654251,0.14285714285714285,0.2008520992222212,2388,10.0,20.0
d_dr01_vs_drz,after,0.031138392857142858,32.11469534050179,0.6076715400588824,0.14285714285714285,0.20129683691159364,2316,10.0,20.0
d_dr01_vs_drz,after,0.03125,32.0,0.60056629007331,0.14285714285714285,0.20060175498092978,2430,10.0,20.0
d_dr01_vs_drz,after,0.03136160714285714,31.88612099644128,0.5749759268710003,0.14285714285714285,0.2005899942187709,2432,10.0,20.0
d_dr01_vs_drz,after,0.031473214285714285,31.77304964539007,0.60005228383123,0.14285714285714285,0.20091267051918305,2378,10.0,20.0
d_dr01_vs_drz,after,0.03158482142857143,31.66077738515901,0.586800928580895,0.14285714285714285,0.2005899942187709,2432,10.0,20.0
d_dr01_vs_drz,after,0.03169642857142857,31.549295774647888,0.7469723554053642,0.14285714285714285,0.20073207911367105,2408,10.0,20.0
d_dr01_vs_drz,after,0.03180803571428571,31.438596491228072,0.8093602984305598,0.14285714285714285,0.20043839988598003,2458,10.0,20.0
d_dr01_vs_drz,after,0.031919642857142855,31.32867132867133,0.8044207234277904,0.14285714285714285,0.20063712367957884,2424,10.0,20.0
d_dr01_vs_drz,after,0.03203125,31.219512195121954,0.7473903809950403,0.14285714285714285,0.2004037543659979,2464,10.0,20.0
d_dr01_vs_drz,after,0.03214285714285714,31.111111111111114,0.6864803109910084,0.14285714285714285,0.2003233998560821,2478,10.0,20.0
d_dr01_vs_drz,after,0.03225446428571428,31.00346020761246,0.622137445843854,0.14285714285714285,0.20075596447473562,2404,10.0,20.0
d_dr01_vs_drz,after,0.032366071428571425,30.896551724137936,0.6258503111922362,0.14285714285714285,0.2001759442030165,2504,10.0,20.0
d_dr01_vs_drz,after,0.03247767857142857,30.790378006872857,0.5866966173039027,0.14285714285714285,0.20011983450492699,2514,10.0,20.0
d_dr01_vs_drz,after,0.032589285714285716,30.684931506849313,0.465412008507516,0.14285714285714285,0.20038072687575237,2468,10.0,20.0
d_dr01_vs_drz,after,0.03270089285714286,30.580204778156993,0.6024430442896351,0.14285714285714285,0.20022107212707113,2496,10.0,20.0
d_dr01_vs_drz,after,0.0328125,30.476190476190474,0.6212639723216143,0.14285714285714285,0.1999424885446575,2546,10.0,20.0
d_dr01_vs_drz,after,0.032924107142857144,30.372881355932204,0.6333573779065615,0.14285714285714285,0.2003577547434476,2472,10.0,20.0
d_dr01_vs_drz,after,0.033035714285714286,30.27027027027027,0.44363653797155705,0.14285714285714285,0.19992055302869258,2550,10.0,20.0
d_dr01_vs_drz,after,0.03314732142857143,30.16835016835017,0.5416441152733793,0.14285714285714285,0.19982247206699402,2568,10.0,20.0
d_dr01_vs_drz,after,0.03325892857142857,30.06711409395973,0.6387734447189599,0.14285714285714285,0.20022107212707113,2496,10.0,20.0
d_dr01_vs_drz,after,0.033370535714285714,29.96655518394649,0.5028235845235376,0.14285714285714285,0.19981163721274517,2570,10.0,20.0
d_dr01_vs_drz,after,0.033482142857142856,29.866666666666667,0.4861006450124108,0.14285714285714285,0.19969327465375333,2592,10.0,20.0
d_dr01_vs_drz,after,0.03359375,29.767441860465116,0.3736604254885231,0.14285714285714285,0.19999755197612662,2536,10.0,20.0
d_dr01_vs_drz,after,0.03370535714285714,29.668874172185433,0.3498319404563363,0.14285714285714285,0.19968258842376282,2594,10.0,20.0
d_dr01_vs_drz,after,0.033816964285714284,29.570957095709574,0.47679522563649873,0.14285714285714285,0.1997576502130963,2580,10.0,20.0
d_dr01_vs_drz,after,0.033928571428571426,29.47368421052632,0.6331109857592984,0.14285714285714285,0.19962934028121115,2604,10.0,20.0
d_dr01_vs_drz,after,0.03404017857142857,29.377049180327873,0.5398892011907479,0.14285714285714285,0.19970397313874927,2590,10.0,20.0
d_dr01_vs_drz,after,0.03415178571428571,29.28104575163399,0.3728533091037586,0.14285714285714285,0.1995447720660188,2620,10.0,20.0
d_dr01_vs_drz,after,0.03426339285714285,29.185667752443,0.504820173524828,0.14285714285714285,0.1995869599845832,2612,10.0,20.0
d_dr01_vs_drz,after,0.034374999999999996,29.090909090909093,0.49796875733995805,0.14285714285714285,0.19953425497473404,2622,10.0,20.0
d_dr01_vs_drz,after,0.034486607142857145,28.996763754045304,0.44275285426741995,0.14285714285714285,0.19923435045727056,2680,10.0,20.0
d_dr01_vs_drz,after,0.03459821428571429,28.903225806451612,0.40724083747912676,0.14285714285714285,0.19940897247414457,2646,10.0,20.0
d_dr01_vs_drz,after,0.03470982142857143,28.810289389067524,0.4679628921425328,0.14285714285714285,0.19948184772087152,2632,10.0,20.0
d_dr01_vs_drz,after,0.03482142857142857,28.717948717948715,0.43485941624259394,0.14285714285714285,0.19925472300409489,2676,10.0,20.0
d_dr01_vs_drz,after,0.034933035714285715,28.62619808306709,0.39609734881752523,0.14285714285714285,0.199163400800433,2694,10.0,20.0
d_dr01_vs_drz,after,0.03504464285714286,28.53503184713376,0.361487867905178,0.14285714285714285,0.19929560413957997,2668,10.0,20.0
d_dr01_vs_drz,after,0.03515625,28.444444444444443,0.36827089700902566,0.14285714285714285,0.19923435045727056,2680,10.0,20.0
d_dr01_vs_drz,after,0.03526785714285714,28.354430379746837,0.44898345198740575,0.14285714285714285,0.199163400800433,2694,10.0,20.0
d_dr01_vs_drz,after,0.035379464285714285,28.26498422712934,0.5927825220017403,0.14285714285714285,0.19903307957272984,2720,10.0,20.0
d_dr01_vs_drz,after,0.03549107142857143,28.17610062893082,0.5844726480559683,0.14285714285714285,0.19923435045727056,2680,10.0,20.0
d_dr01_vs_drz,after,0.03560267857142857,28.087774294670847,0.5097365154331683,0.14285714285714285,0.1987296503731864,2782,10.0,20.0
d_dr01_vs_drz,after,0.03571428571428571,28.0,0.4275337302012264,0.14285714285714285,0.19919374056785832,2688,10.0,20.0
d_dr01_vs_drz,after,0.035825892857142855,27.912772585669785,0.3525135182199872,0.14285714285714285,0.19897355378849282,2732,10.0,20.0
d_dr01_vs_drz,after,0.0359375,27.826086956521742,0.3652707212109912,0.14285714285714285,0.19863390479962775,2802,10.0,20.0
d_dr01_vs_drz,after,0.03604910714285714,27.73993808049536,0.3270384285375147,0.14285714285714285,0.19893408530849774,2740,10.0,20.0
d_dr01_vs_drz,after,0.03616071428571428,27.654320987654323,0.2898862127536,0.14285714285714285,0.1989636705837003,2734,10.0,20.0
d_dr01_vs_drz,after,0.036272321428571425,27.56923076923077,0.30059921910945236,0.14285714285714285,0.1987779076146052,2772,10.0,20.0
d_dr01_vs_drz,after,0.03638392857142857,27.48466257668712,0.2600188393939026,0.14285714285714285,0.1985674850051077,2816,10.0,20.0
d_dr01_vs_drz,after,0.036495535714285716,27.400611620795104,0.36819877055739414,0.14285714285714285,0.19880698630805718,2766,10.0,20.0
d_dr01_vs_drz,after,0.03660714285714286,27.317073170731707,0.3737638219970598,0.14285714285714285,0.19847344616835114,2836,10.0,20.0
d_dr01_vs_drz,after,0.03671875,27.23404255319149,0.3853303389365293,0.14285714285714285,0.1985674850051077,2816,10.0,20.0
d_dr01_vs_drz,after,0.036830357142857144,27.151515151515152,0.37778069070481995,0.14285714285714285,0.1987296503731864,2782,10.0,20.0
d_dr01_vs_drz,after,0.036941964285714286,27.069486404833835,0.28207592742248955,0.14285714285714285,0.1983434350217766,2864,10.0,20.0
d_dr01_vs_drz,after,0.03705357142857143,26.987951807228917,0.32769739403107656,0.14285714285714285,0.19852975072299847,2824,10.0,20.0
d_dr01_vs_drz,after,0.03716517857142857,26.906906906906908,0.3942062839094466,0.14285714285714285,0.19837113512849097,2858,10.0,20.0
d_dr01_vs_drz,after,0.037276785714285714,26.826347305389223,0.2373060689430607,0.14285714285714285,0.19847344616835114,2836,10.0,20.0
d_dr01_vs_drz,after,0.037388392857142856,26.746268656716417,0.26655136246464395,0.14285714285714285,0.1984547565946868,2840,10.0,20.0
d_dr01_vs_drz,after,0.0375,26.666666666666668,0.2611721153728775,0.14285714285714285,0.19818808118118406,2898,10.0,20.0
d_dr01_vs_drz,after,0.03761160714285714,26.587537091988132,0.3506768615422579,0.14285714285714285,0.19843610609789097,2844,10.0,20.0
d_dr01_vs_drz,after,0.037723214285714284,26.50887573964497,0.34083724056525827,0.14285714285714285,0.19795564920134207,2950,10.0,20.0
d_dr01_vs_drz,after,0.037834821428571426,26.4306784660767,0.27643905056007245,0.14285714285714285,0.19830663541185475,2872,10.0,20.0
d_dr01_vs_drz,after,0.03794642857142857,26.35294117647059,0.2304231668568828,0.14285714285714285,0.1982882926807455,2876,10.0,20.0
d_dr01_vs_drz,after,0.03805803571428571,26.275659824046922,0.21506566041018083,0.14285714285714285,0.19802651424106882,2934,10.0,20.0
d_dr01_vs_drz,after,0.03816964285714285,26.198830409356727,0.239784576147412,0.14285714285714285,0.1981069271457448,2916,10.0,20.0
d_dr01_vs_drz,after,0.038281249999999996,26.12244897959184,0.22273932945232236,0.14285714285714285,0.1982152991985056,2892,10.0,20.0
d_dr01_vs_drz,after,0.03839285714285714,26.04651162790698,0.18070133610032402,0.14285714285714285,0.19793802214251247,2954,10.0,20.0
d_dr01_vs_drz,after,0.03850446428571429,25.97101449275362,0.2826911853862171,0.14285714285714285,0.19782430484837527,2980,10.0,20.0
d_dr01_vs_drz,after,0.03861607142857143,25.89595375722543,0.27569040436777725,0.14285714285714285,0.19825172071105046,2884,10.0,20.0
d_dr01_vs_drz,after,0.03872767857142857,25.821325648414984,0.12024276857153808,0.14285714285714285,0.1978156184587228,2982,10.0,20.0
d_dr01_vs_drz,after,0.038839285714285715,25.74712643678161,0.18125065028305426,0.14285714285714285,0.19760123472388125,3032,10.0,20.0
d_dr01_vs_drz,after,0.03895089285714286,25.673352435530084,0.1697851034614158,0.14285714285714285,0.1981609467848357,2904,10.0,20.0
d_dr01_vs_drz,after,0.0390625,25.6,0.23207630559448403,0.14285714285714285,0.1975253385684874,3050,10.0,20.0
d_dr01_vs_drz,after,0.03917410714285714,25.527065527065528,0.24707789431778812,0.14285714285714285,0.19784170365088652,2976,10.0,20.0
d_dr01_vs_drz,after,0.039285714285714285,25.454545454545457,0.09017919955163603,0.14285714285714285,0.1976097089758139,3030,10.0,20.0
d_dr01_vs_drz,after,0.03939732142857143,25.38243626062323,0.1062229515107697,0.14285714285714285,0.1977550552720954,2996,10.0,20.0
d_dr01_vs_drz,after,0.03950892857142857,25.310734463276837,0.11230465162170286,0.14285714285714285,0.19765220529146557,3020,10.0,20.0
d_dr01_vs_drz,after,0.03962053571428571,25.23943661971831,0.16547372006684358,0.14285714285714285,0.1975085631250675,3054,10.0,20.0
d_dr01_vs_drz,after,0.039732142857142855,25.168539325842698,0.1752380022526363,0.14285714285714285,0.19770347780800562,3008,10.0,20.0
d_dr01_vs_drz,after,0.03984375,25.098039215686278,0.27489966059257254,0.14285714285714285,0.19743347590385044,3072,10.0,20.0
d_dr01_vs_drz,after,0.03995535714285714,25.027932960893857,0.21541913145878128,0.14285714285714285,0.19739204277139769,3082,10.0,20.0
d_dr01_vs_drz,after,0.04006696428571428,24.95821727019499,0.16665791746948697,0.14285714285714285,0.1976692624332035,3016,10.0,20.0
d_dr01_vs_drz,after,0.040178571428571425,24.888888888888893,0.23923067852861438,0.14285714285714285,0.19731796447605393,3100,10.0,20.0
d_dr01_vs_drz,after,0.04029017857142857,24.81994459833795,0.28830758498463993,0.14285714285714285,0.1974251732503782,3074,10.0,20.0
d_dr01_vs_drz,after,0.040401785714285716,24.75138121546961,0.21785886994384096,0.14285714285714285,0.19745010534200189,3068,10.0,20.0
d_dr01_vs_drz,after,0.04051339285714286,24.683195592286502,0.17696060349651171,0.14285714285714285,0.19736727869292328,3088,10.0,20.0
d_dr01_vs_drz,after,0.040625,24.615384615384613,0.18144510283515883,0.14285714285714285,0.1970358524551192,3170,10.0,20.0
d_dr01_vs_drz,after,0.040736607142857144,24.54794520547945,0.20211224574811942,0.14285714285714285,0.197483461108339,3060,10.0,20.0
d_dr01_vs_drz,after,0.040848214285714286,24.48087431693989,0.15029260084182025,0.14285714285714285,0.19717976864090656,3134,10.0,20.0
d_dr01_vs_drz,after,0.04095982142857143,24.4141689373297,0.14891541951277304,0.14285714285714285,0.19701210252814472,3176,10.0,20.0
d_dr01_vs_drz,after,0.04107142857142857,24.347826086956523,0.12274055365209409,0.14285714285714285,0.19738378012086183,3084,10.0,20.0
d_dr01_vs_drz,after,0.041183035714285714,24.281842818428185,0.17836414545392384,0.14285714285714285,0.19695694455425367,3190,10.0,20.0
d_dr01_vs_drz,after,0.041294642857142856,24.216216216216218,0.2713197993921736,0.14285714285714285,0.1970755845534379,3160,10.0,20.0
d_dr01_vs_drz,after,0.04140625,24.150943396226417,0.19659553359184526,0.14285714285714285,0.1970755845534379,3160,10.0,20.0
d_dr01_vs_drz,after,0.04151785714285714,24.086021505376344,0.1997481341880616,0.14285714285714285,0.19706762319057258,3162,10.0,20.0
d_dr01_vs_drz,after,0.041629464285714284,24.021447721179626,0.202774045065267,0.14285714285714285,0.19698053952908048,3184,10.0,20.0
d_dr01_vs_drz,after,0.041741071428571426,23.9572192513369,0.15364924969378488,0.14285714285714285,0.19696480220931625,3188,10.0,20.0
d_dr01_vs_drz,after,0.04185267857142857,23.893333333333334,0.15996123886585303,0.14285714285714285,0.19690995197425074,3202,10.0,20.0
d_dr01_vs_drz,after,0.04196428571428571,23.829787234042556,0.13644297254239318,0.14285714285714285,0.1966864592271897,3260,10.0,20.0
d_dr01_vs_drz,after,0.04207589285714285,23.766578249336874,0.14556105614163548,0.14285714285714285,0.19691776587158633,3200,10.0,20.0
d_dr01_vs_drz,after,0.042187499999999996,23.703703703703706,0.10566525453677396,0.14285714285714285,0.19692558703358493,3198,10.0,20.0
d_dr01_vs_drz,after,0.04229910714285714,23.641160949868077,0.11451053099743554,0.14285714285714285,0.19662584390434415,3276,10.0,20.0
d_dr01_vs_drz,after,0.04241071428571429,23.57894736842105,0.13788113504047422,0.14285714285714285,0.1967398616607217,3246,10.0,20.0
d_dr01_vs_drz,after,0.04252232142857143,23.517060367454068,0.16485699410579702,0.14285714285714285,0.1969334154715303,3196,10.0,20.0
d_dr01_vs_drz,after,0.04263392857142857,23.455497382198953,0.1332930399518408,0.14285714285714285,0.19662584390434415,3276,10.0,20.0
d_dr01_vs_drz,after,0.042745535714285715,23.39425587467363,0.14377132035119544,0.14285714285714285,0.19658818240465054,3286,10.0,20.0
d_dr01_vs_drz,after,0.04285714285714286,23.333333333333332,0.1836275545183595,0.14285714285714285,0.19656566720869945,3292,10.0,20.0
d_dr01_vs_drz,after,0.04296875,23.272727272727273,0.13863367579723537,0.14285714285714285,0.19674751854137398,3244,10.0,20.0
d_dr01_vs_drz,after,0.04308035714285714,23.212435233160623,0.16182240033509207,0.14285714285714285,0.19627841680223054,3370,10.0,20.0
d_dr01_vs_drz,after,0.043191964285714285,23.152454780361758,0.12459668651276094,0.14285714285714285,0.19665609640424975,3268,10.0,20.0
d_dr01_vs_drz,after,0.04330357142857143,23.09278350515464,0.10340205319685644,0.14285714285714285,0.1965506909503124,3296,10.0,20.0
d_dr01_vs_drz,after,0.04341517857142857,23.033419023136247,0.07775686023271504,0.14285714285714285,0.19635112163071453,3350,10.0,20.0
d_dr01_vs_drz,after,0.04352678571428571,22.974358974358974,0.07768068358326777,0.14285714285714285,0.19649105513285683,3312,10.0,20.0
d_dr01_vs_drz,after,0.043638392857142855,22.915601023017903,0.07388481134358331,0.14285714285714285,0.1965506909503124,3296,10.0,20.0
d_dr01_vs_drz,after,0.04375,22.857142857142858,0.1312683407298569,0.14285714285714285,0.19620635084804425,3390,10.0,20.0
d_dr01_vs_drz,after,0.04386160714285714,22.798982188295167,0.07433846368873413,0.14285714285714285,0.19627118161272125,3372,10.0,20.0
d_dr01_vs_drz,after,0.04397321428571428,22.741116751269036,0.10012046096312215,0.14285714285714285,0.19639505513636507,3338,10.0,20.0
d_dr01_vs_drz,after,0.044084821428571425,22.683544303797472,0.09718531925713747,0.14285714285714285,0.19614203002159336,3408,10.0,20.0
d_dr01_vs_drz,after,0.04419642857142857,22.62626262626263,0.08211963302740269,0.14285714285714285,0.19628565838032241,3368,10.0,20.0
d_dr01_vs_drz,after,0.04430803571428571,22.569269521410583,0.10109417269514519,0.14285714285714285,0.19630742154042707,3362,10.0,20.0
d_dr01_vs_drz,after,0.04441964285714286,22.51256281407035,0.1402623927969836,0.14285714285714285,0.19604297333067175,3436,10.0,20.0
d_dr01_vs_drz,after,0.04453125,22.45614035087719,0.1229601517551451,0.14285714285714285,0.19624230455271754,3380,10.0,20.0
d_dr01_vs_drz,after,0.044642857142857144,22.4,0.11372149654827124,0.14285714285714285,0.19616341405099993,3402,10.0,20.0
d_dr01_vs_drz,after,0.044754464285714286,22.34413965087282,0.08020414699102604,0.14285714285714285,0.19608527866196232,3424,10.0,20.0
d_dr01_vs_drz,after,0.04486607142857143,22.28855721393035,0.07339871765851899,0.14285714285714285,0.19608527866196232,3424,10.0,20.0
d_dr01_vs_drz,after,0.04497767857142857,22.233250620347395,0.0999767360525892,0.14285714285714285,0.19586903899227384,3486,10.0,20.0
d_dr01_vs_drz,after,0.045089285714285714,22.17821782178218,0.08156740947812234,0.14285714285714285,0.19609942947499998,3420,10.0,20.0
d_dr01_vs_drz,after,0.045200892857142856,22.123456790123456,0.09549546398472313,0.14285714285714285,0.19598690683769954,3452,10.0,20.0
d_dr01_vs_drz,after,0.0453125,22.06896551724138,0.09288871505991839,0.14285714285714285,0.19578686266146458,3510,10.0,20.0
d_dr01_vs_drz,after,0.04542410714285714,22.014742014742016,0.11000654169750584,0.14285714285714285,0.195959018311031,3460,10.0,20.0
d_dr01_vs_drz,after,0.045535714285714284,21.96078431372549,0.10873602921540008,0.14285714285714285,0.1959242922263356,3470,10.0,20.0
d_dr01_vs_drz,after,0.045647321428571426,21.90709046454768,0.09396907640150895,0.14285714285714285,0.1959312255268662,3468,10.0,20.0
d_dr01_vs_drz,after,0.04575892857142857,21.853658536585368,0.08591485511642388,0.14285714285714285,0.19578005236369755,3512,10.0,20.0
d_dr01_vs_drz,after,0.04587053571428571,21.800486618004868,0.0845630021419425,0.14285714285714285,0.1957460872064342,3522,10.0,20.0
d_dr01_vs_drz,after,0.04598214285714285,21.74757281553398,0.09862357757026195,0.14285714285714285,0.19567186631260183,3544,10.0,20.0
d_dr01_vs_drz,after,0.046093749999999996,21.69491525423729,0.09361468648887626,0.14285714285714285,0.19601489165878555,3444,10.0,20.0
d_dr01_vs_drz,after,0.04620535714285714,21.64251207729469,0.09005852793946822,0.14285714285714285,0.19554526746979894,3582,10.0,20.0
d_dr01_vs_drz,after,0.04631696428571429,21.59036144578313,0.09503734943306073,0.14285714285714285,0.19557838863500912,3572,10.0,20.0
d_dr01_vs_drz,after,0.04642857142857143,21.538461538461537,0.11481061616406708,0.14285714285714285,0.19587592500046092,3484,10.0,20.0
d_dr01_vs_drz,after,0.04654017857142857,21.48681055155875,0.10271461938972475,0.14285714285714285,0.19536229896004664,3638,10.0,20.0
d_dr01_vs_drz,after,0.046651785714285715,21.43540669856459,0.0999693757688633,0.14285714285714285,0.19572577688551,3528,10.0,20.0
d_dr01_vs_drz,after,0.04676339285714286,21.384248210023866,0.041683080037308244,0.14285714285714285,0.19565844520659162,3548,10.0,20.0
d_dr01_vs_drz,after,0.046875,21.333333333333332,0.06736283802331945,0.14285714285714285,0.19540115234939126,3626,10.0,20.0
d_dr01_vs_drz,after,0.04698660714285714,21.282660332541568,0.08514413018246378,0.14285714285714285,0.19544672377293545,3612,10.0,20.0
d_dr01_vs_drz,after,0.047098214285714285,21.232227488151658,0.07999904394573272,0.14285714285714285,0.1954663349047849,3606,10.0,20.0
d_dr01_vs_drz,after,0.04720982142857143,21.182033096926716,0.051196308662058924,0.14285714285714285,0.1955651236363731,3576,10.0,20.0
d_dr01_vs_drz,after,0.04732142857142857,21.132075471698116,0.07422984409690492,0.14285714285714285,0.19534294368347277,3644,10.0,20.0
d_dr01_vs_drz,after,0.04743303571428571,21.08235294117647,0.059546363143189236,0.14285714285714285,0.19537522888070752,3634,10.0,20.0
d_dr01_vs_drz,after,0.047544642857142855,21.03286384976526,0.07887487158463447,0.14285714285714285,0.19549912822785603,3596,10.0,20.0
d_dr01_vs_drz,after,0.04765625,20.98360655737705,0.08321823560240477,0.14285714285714285,0.19527876700452393,3664,10.0,20.0
d_dr01_vs_drz,after,0.04776785714285714,20.93457943925234,0.09104192776440159,0.14285714285714285,0.19536229896004664,3638,10.0,20.0
d_dr01_vs_drz,after,0.04787946428571428,20.88578088578089,0.07293786267268736,0.14285714285714285,0.1952532420597071,3672,10.0,20.0
d_dr01_vs_drz,after,0.047991071428571425,20.837209302325583,0.049182500653724565,0.14285714285714285,0.19534294368347277,3644,10.0,20.0
d_dr01_vs_drz,after,0.04810267857142857,20.788863109048727,0.06651469693777,0.14285714285714285,0.1950209946989822,3746,10.0,20.0
d_dr01_vs_drz,after,0.04821428571428571,20.740740740740744,0.05620669005496219,0.14285714285714285,0.19530437499553316,3656,10.0,20.0
d_dr01_vs_drz,after,0.04832589285714286,20.69284064665127,0.08358463699286649,0.14285714285714285,0.19526599417946083,3668,10.0,20.0
d_dr01_vs_drz,after,0.0484375,20.64516129032258,0.0793279354163203,0.14285714285714285,0.19493488938335007,3774,10.0,20.0
d_dr01_vs_drz,after,0.048549107142857144,20.597701149425287,0.029116578891775963,0.14285714285714285,0.19539466351065476,3628,10.0,20.0
d_dr01_vs_drz,after,0.048660714285714286,20.55045871559633,0.05886275421549816,0.14285714285714285,0.19489827749225433,3786,10.0,20.0
d_dr01_vs_drz,after,0.04877232142857143,20.503432494279178,0.0688083892063638,0.14285714285714285,0.19506440733704855,3732,10.0,20.0
d_dr01_vs_drz,after,0.04888392857142857,20.45662100456621,0.08188899231670359,0.14285714285714285,0.19518979008893414,3692,10.0,20.0
d_dr01_vs_drz,after,0.048995535714285714,20.41002277904328,0.07408462829572088,0.14285714285714285,0.19491046224945754,3782,10.0,20.0
d_dr01_vs_drz,after,0.049107142857142856,20.363636363636363,0.08854955955219546,0.14285714285714285,0.19500246310468877,3752,10.0,20.0
d_dr01_vs_drz,after,0.04921875,20.317460317460316,0.07990236024812039,0.14285714285714285,0.19499013318559666,3756,10.0,20.0
d_dr01_vs_drz,after,0.04933035714285714,20.271493212669682,0.06350503037357702,0.14285714285714285,0.1948739653457362,3794,10.0,20.0
d_dr01_vs_drz,after,0.049441964285714284,20.225733634311513,0.05118194950319489,0.14285714285714285,0.19488003622703962,3792,10.0,20.0
d_dr01_vs_drz,after,0.049553571428571426,20.18018018018018,0.04303342864984276,0.14285714285714285,0.19489219229404334,3788,10.0,20.0
d_dr01_vs_drz,after,0.04966517857142857,20.134831460674157,0.10881870672902916,0.14285714285714285,0.1950209946989822,3746,10.0,20.0
d_dr01_vs_drz,after,0.04977678571428571,20.08968609865471,0.16837842141286455,0.14285714285714285,0.19475951592150462,3832,10.0,20.0
d_dr01_vs_drz,after,0.04988839285714285,20.04474272930649,0.040199945397183724,0.14285714285714285,0.19485578123579675,3800,10.0,20.0
d_dr01_vs_drz,after,0.049999999999999996,20.0,0.6981732488717828,0.14285714285714285,0.8417399583909729,2,10.0,20.0
tgv_vs_drz,before,0.0,inf,0.7050198810072599,0.14285714285714285,0.7560610050770457,3,10.0,20.0
tgv_vs_drz,before,0.00011160714285714285,8960.0,0.9483704837065529,0.14285714285714285,0.5160568456025979,12,10.0,20.0
tgv_vs_drz,before,0.0002232142857142857,4480.0,0.8684766562599138,0.14285714285714285,0.43846389609946435,22,10.0,20.0
tgv_vs_drz,before,0.0003348214285714286,2986.6666666666665,0.9664995708588501,0.14285714285714285,0.41192739958594665,28,10.0,20.0
tgv_vs_drz,before,0.0004464285714285714,2240.0,0.9748483522655851,0.14285714285714285,0.37684928940895107,40,10.0,20.0
tgv_vs_drz,before,0.0005580357142857143,1792.0,0.9894853324042913,0.14285714285714285,0.3572655453148874,50,10.0,20.0
tgv_vs_drz,before,0.0006696428571428571,1493.3333333333333,0.9938230648501766,0.14285714285714285,0.3607189084162777,48,10.0,20.0
tgv_vs_drz,before,0.0007812499999999999,1280.0,0.9945690638159415,0.14285714285714285,0.33301944154606616,68,10.0,20.0
tgv_vs_drz,before,0.0008928571428571428,1120.0,0.9954798870709723,0.14285714285714285,0.3308883459615167,70,10.0,20.0
tgv_vs_drz,before,0.0010044642857142856,995.5555555555557,0.9981265832239629,0.14285714285714285,0.32498105977643776,76,10.0,20.0
tgv_vs_drz,before,0.0011160714285714285,896.0,0.9986582355226329,0.14285714285714285,0.3120228149867766,92,10.0,20.0
tgv_vs_drz,before,0.0012276785714285714,814.5454545454546,0.9988108669244958,0.14285714285714285,0.30307454563671804,106,10.0,20.0
tgv_vs_drz,before,0.0013392857142857143,746.6666666666666,0.9994542286969197,0.14285714285714285,0.309276869488276,96,10.0,20.0
tgv_vs_drz,before,0.0014508928571428572,689.2307692307692,0.9993365451787959,0.14285714285714285,0.297657677511583,116,10.0,20.0
tgv_vs_drz,before,0.0015624999999999999,640.0,0.9995566306907878,0.14285714285714285,0.28942028891226607,134,10.0,20.0
tgv_vs_drz,before,0.0016741071428571428,597.3333333333334,0.9992742449421452,0.14285714285714285,0.2956748612128594,120,10.0,20.0
tgv_vs_drz,before,0.0017857142857142857,560.0,0.9995268393454447,0.14285714285714285,0.28476380812712476,146,10.0,20.0
tgv_vs_drz,before,0.0018973214285714286,527.0588235294118,0.9996921501200151,0.14285714285714285,0.2812856424436456,156,10.0,20.0
tgv_vs_drz,before,0.0020089285714285712,497.7777777777778,0.9998485074522752,0.14285714285714285,0.28702018719502587,140,10.0,20.0
tgv_vs_drz,before,0.002120535714285714,471.5789473684211,0.9998044120938404,0.14285714285714285,0.2757709533720164,174,10.0,20.0
tgv_vs_drz,before,0.002232142857142857,448.0,0.9998678819699343,0.14285714285714285,0.27520913338899333,176,10.0,20.0
tgv_vs_drz,before,0.00234375,426.6666666666667,0.9998766309878474,0.14285714285714285,0.273051000260408,184,10.0,20.0
tgv_vs_drz,before,0.002455357142857143,407.2727272727273,0.9998954952927058,0.14285714285714285,0.2705369635786124,194,10.0,20.0
tgv_vs_drz,before,0.0025669642857142857,389.5652173913044,0.999914511506067,0.14285714285714285,0.269116846861646,200,10.0,20.0
tgv_vs_drz,before,0.0026785714285714286,373.3333333333333,0.9999297916534193,0.14285714285714285,0.26731663903915925,208,10.0,20.0
tgv_vs_drz,before,0.0027901785714285715,358.4,0.9999108811268803,0.14285714285714285,0.2668822084027434,210,10.0,20.0
tgv_vs_drz,before,0.0029017857142857144,344.6153846153846,0.9999263558265858,0.14285714285714285,0.26173150991010213,236,10.0,20.0
tgv_vs_drz,before,0.003013392857142857,331.8518518518519,0.9999412543395695,0.14285714285714285,0.2632250986856457,228,10.0,20.0
tgv_vs_drz,before,0.0031249999999999997,320.0,0.9999345445025799,0.14285714285714285,0.2613695641695868,238,10.0,20.0
tgv_vs_drz,before,0.0032366071428571426,308.96551724137936,0.9999643833812948,0.14285714285714285,0.2576597972433477,260,10.0,20.0
tgv_vs_drz,before,0.0033482142857142855,298.6666666666667,0.9999630341717799,0.14285714285714285,0.2586250244740691,254,10.0,20.0
tgv_vs_drz,before,0.0034598214285714284,289.03225806451616,0.9999757063091459,0.14285714285714285,0.25523709705862524,276,10.0,20.0
tgv_vs_drz,before,0.0035714285714285713,280.0,0.9999763496765136,0.14285714285714285,0.25582326430374547,272,10.0,20.0
tgv_vs_drz,before,0.003683035714285714,271.5151515151515,0.9999723550896213,0.14285714285714285,0.2527449491574839,294,10.0,20.0
tgv_vs_drz,before,0.003794642857142857,263.5294117647059,0.9999739348044703,0.14285714285714285,0.25410107451462977,284,10.0,20.0
tgv_vs_drz,before,0.00390625,256.0,0.9999647811619315,0.14285714285714285,0.2514544516681247,304,10.0,20.0
tgv_vs_drz,before,0.0040178571428571425,248.8888888888889,0.99996763506915,0.14285714285714285,0.24928083583453234,322,10.0,20.0
tgv_vs_drz,before,0.004129464285714286,242.16216216216216,0.9999654153515307,0.14285714285714285,0.2514544516681247,304,10.0,20.0
tgv_vs_drz,before,0.004241071428571428,235.78947368421055,0.999958045582664,0.14285714285714285,0.24905026945843273,324,10.0,20.0
tgv_vs_drz,before,0.004352678571428572,229.74358974358972,0.9999561259828411,0.14285714285714285,0.24582376798178943,354,10.0,20.0
tgv_vs_drz,before,0.004464285714285714,224.0,0.9999714788891537,0.14285714285714285,0.24770924671322134,336,10.0,20.0
tgv_vs_drz,before,0.004575892857142857,218.53658536585365,0.9999355674925648,0.14285714285714285,0.24643640318775006,348,10.0,20.0
tgv_vs_drz,before,0.0046875,213.33333333333334,0.9999060842113343,0.14285714285714285,0.24426173259637654,370,10.0,20.0
tgv_vs_drz,before,0.004799107142857142,208.37209302325584,0.9999407936093799,0.14285714285714285,0.24407341871811294,372,10.0,20.0
tgv_vs_drz,before,0.004910714285714286,203.63636363636365,0.9999373899835302,0.14285714285714285,0.24388657961491628,374,10.0,20.0
tgv_vs_drz,before,0.005022321428571428,199.11111111111114,0.9999260426896072,0.14285714285714285,0.24124866466885456,404,10.0,20.0
tgv_vs_drz,before,0.005133928571428571,194.7826086956522,0.9999572169461528,0.14285714285714285,0.24226832878047586,392,10.0,20.0
tgv_vs_drz,before,0.005245535714285714,190.63829787234044,0.9999624781852738,0.14285714285714285,0.2427954615022515,386,10.0,20.0
tgv_vs_drz,before,0.005357142857142857,186.66666666666666,0.9999499300741302,0.14285714285714285,0.23964416299559071,424,10.0,20.0
tgv_vs_drz,before,0.00546875,182.85714285714286,0.9999340432560135,0.14285714285714285,0.24027239659586974,416,10.0,20.0
tgv_vs_drz,before,0.005580357142857143,179.2,0.999913970566938,0.14285714285714285,0.2388828626474958,434,10.0,20.0
tgv_vs_drz,before,0.0056919642857142854,175.68627450980392,0.9999258093136819,0.14285714285714285,0.2384383044776066,440,10.0,20.0
tgv_vs_drz,before,0.005803571428571429,172.3076923076923,0.999913751923796,0.14285714285714285,0.23757528612232023,452,10.0,20.0
tgv_vs_drz,before,0.005915178571428571,169.05660377358492,0.9998761833840006,0.14285714285714285,0.23688135961430892,462,10.0,20.0
tgv_vs_drz,before,0.006026785714285714,165.92592592592595,0.9998712326377797,0.14285714285714285,0.23785919155913984,448,10.0,20.0
tgv_vs_drz,before,0.006138392857142857,162.9090909090909,0.9998978170903255,0.14285714285714285,0.23517586182327832,488,10.0,20.0
tgv_vs_drz,before,0.0062499999999999995,160.0,0.9999088552823935,0.14285714285714285,0.23607716377209612,474,10.0,20.0
tgv_vs_drz,before,0.006361607142857143,157.19298245614036,0.9999217315963678,0.14285714285714285,0.23568617177506457,480,10.0,20.0
tgv_vs_drz,before,0.006473214285714285,154.48275862068968,0.9999206876295409,0.14285714285714285,0.23359868826190747,514,10.0,20.0
tgv_vs_drz,before,0.006584821428571429,151.864406779661,0.999836657740667,0.14285714285714285,0.23348222347930858,516,10.0,20.0
tgv_vs_drz,before,0.006696428571428571,149.33333333333334,0.9998808399496731,0.14285714285714285,0.23467767886949623,496,10.0,20.0
tgv_vs_drz,before,0.006808035714285714,146.88524590163934,0.9999019495640903,0.14285714285714285,0.23246304055541317,534,10.0,20.0
tgv_vs_drz,before,0.006919642857142857,144.51612903225808,0.9999271248232025,0.14285714285714285,0.23191835858106052,544,10.0,20.0
tgv_vs_drz,before,0.00703125,142.22222222222223,0.9999165784754441,0.14285714285714285,0.23348222347930858,516,10.0,20.0
tgv_vs_drz,before,0.007142857142857143,140.0,0.9999034808819346,0.14285714285714285,0.23118003674182988,558,10.0,20.0
tgv_vs_drz,before,0.007254464285714285,137.84615384615387,0.9999056464077545,0.14285714285714285,0.23066911942921098,568,10.0,20.0
tgv_vs_drz,before,0.007366071428571428,135.75757575757575,0.9999121018901946,0.14285714285714285,0.23257377696061368,532,10.0,20.0
tgv_vs_drz,before,0.007477678571428571,133.7313432835821,0.9998717527634261,0.14285714285714285,0.22865956785210217,610,10.0,20.0
tgv_vs_drz,before,0.007589285714285714,131.76470588235296,0.9998081160720651,0.14285714285714285,0.2300731936178756,580,10.0,20.0
tgv_vs_drz,before,0.007700892857142857,129.85507246376812,0.9998580670449565,0.14285714285714285,0.22987856279938831,584,10.0,20.0
tgv_vs_drz,before,0.0078125,128.0,0.9998403786154675,0.14285714285714285,0.22847879956174852,614,10.0,20.0
tgv_vs_drz,before,0.007924107142857142,126.19718309859155,0.9998834271121274,0.14285714285714285,0.22856896654528058,612,10.0,20.0
tgv_vs_drz,before,0.008035714285714285,124.44444444444446,0.9998804471615899,0.14285714285714285,0.22794672665157004,626,10.0,20.0
tgv_vs_drz,before,0.008147321428571429,122.73972602739725,0.9997974020896434,0.14285714285714285,0.22856896654528058,612,10.0,20.0
tgv_vs_drz,before,0.008258928571428572,121.08108108108108,0.9998145281505464,0.14285714285714285,0.22751466188342373,636,10.0,20.0
tgv_vs_drz,before,0.008370535714285714,119.46666666666667,0.9998149804387789,0.14285714285714285,0.22709247611069447,646,10.0,20.0
tgv_vs_drz,before,0.008482142857142856,117.89473684210527,0.9998398041534705,0.14285714285714285,0.2270091913293758,648,10.0,20.0
tgv_vs_drz,before,0.008593749999999999,116.36363636363637,0.9998294364957995,0.14285714285714285,0.22684375089361272,652,10.0,20.0
tgv_vs_drz,before,0.008705357142857143,114.87179487179486,0.9998196262383843,0.14285714285714285,0.22580365493397495,678,10.0,20.0
tgv_vs_drz,before,0.008816964285714286,113.41772151898735,0.9998378209717446,0.14285714285714285,0.22572608133433805,680,10.0,20.0
tgv_vs_drz,before,0.008928571428571428,112.0,0.9998722260824916,0.14285714285714285,0.22572608133433805,680,10.0,20.0
tgv_vs_drz,before,0.00904017857142857,110.61728395061729,0.9998062429036029,0.14285714285714285,0.2247472633332211,706,10.0,20.0
tgv_vs_drz,before,0.009151785714285715,109.26829268292683,0.999821536602969,0.14285714285714285,0.2252675931499613,692,10.0,20.0
tgv_vs_drz,before,0.009263392857142857,107.95180722891567,0.999760915180624,0.14285714285714285,0.22511735629687746,696,10.0,20.0
tgv_vs_drz,before,0.009375,106.66666666666667,0.9997312934450033,0.14285714285714285,0.22347634762040358,742,10.0,20.0
tgv_vs_drz,before,0.009486607142857142,105.41176470588236,0.9997347841121293,0.14285714285714285,0.22467416992987052,708,10.0,20.0
tgv_vs_drz,before,0.009598214285714285,104.18604651162792,0.9996476050396397,0.14285714285714285,0.22280884262303868,762,10.0,20.0
tgv_vs_drz,before,0.009709821428571429,102.98850574712644,0.9993816785524201,0.14285714285714285,0.22368179007692848,736,10.0,20.0
tgv_vs_drz,before,0.009821428571428571,101.81818181818183,0.999324588919104,0.14285714285714285,0.22287442635809016,760,10.0,20.0
tgv_vs_drz,before,0.009933035714285714,100.67415730337079,0.9995962076586803,0.14285714285714285,0.22229315058834048,778,10.0,20.0
tgv_vs_drz,before,0.010044642857142856,99.55555555555557,0.9997324660078567,0.14285714285714285,0.22261360373636063,768,10.0,20.0
tgv_vs_drz,before,0.01015625,98.46153846153845,0.9997109341002957,0.14285714285714285,0.22287442635809016,760,10.0,20.0
tgv_vs_drz,before,0.010267857142857143,97.3913043478261,0.9996330434230501,0.14285714285714285,0.22191652760781277,790,10.0,20.0
tgv_vs_drz,before,0.010379464285714285,96.34408602150538,0.9996526572498513,0.14285714285714285,0.2212474895498582,812,10.0,20.0
tgv_vs_drz,before,0.010491071428571428,95.31914893617022,0.9996909829166678,0.14285714285714285,0.2214876516950723,804,10.0,20.0
tgv_vs_drz,before,0.010602678571428572,94.3157894736842,0.9996564871350464,0.14285714285714285,0.22130720212890542,810,10.0,20.0
tgv_vs_drz,before,0.010714285714285714,93.33333333333333,0.9997045806164327,0.14285714285714285,0.2206620549790673,832,10.0,20.0
tgv_vs_drz,before,0.010825892857142857,92.37113402061856,0.9996787443695807,0.14285714285714285,0.2216090580540805,800,10.0,20.0
tgv_vs_drz,before,0.0109375,91.42857142857143,0.9996888486334972,0.14285714285714285,0.2198217694523472,862,10.0,20.0
tgv_vs_drz,before,0.011049107142857142,90.50505050505052,0.99967699087323,0.14285714285714285,0.22020844574520457,848,10.0,20.0
tgv_vs_drz,before,0.011160714285714286,89.6,0.9995689193064534,0.14285714285714285,0.21928516426814687,882,10.0,20.0
tgv_vs_drz,before,0.011272321428571428,88.71287128712872,0.9993444632852033,0.14285714285714285,0.22077747178815657,828,10.0,20.0
tgv_vs_drz,before,0.011383928571428571,87.84313725490196,0.9995128600040118,0.14285714285714285,0.21955119748619267,872,10.0,20.0
tgv_vs_drz,before,0.011495535714285713,86.99029126213593,0.9994151942839334,0.14285714285714285,0.21856336410973248,910,10.0,20.0
tgv_vs_drz,before,0.011607142857142858,86.15384615384615,0.9994995056522195,0.14285714285714285,0.21965887440375706,868,10.0,20.0
tgv_vs_drz,before,0.01171875,85.33333333333333,0.999393483169033,0.14285714285714285,0.21902354389357315,892,10.0,20.0
tgv_vs_drz,before,0.011830357142857142,84.52830188679246,0.9992951432755158,0.14285714285714285,0.2181654494608149,926,10.0,20.0
tgv_vs_drz,before,0.011941964285714285,83.73831775700936,0.9991125861223643,0.14285714285714285,0.21841294458748992,916,10.0,20.0
tgv_vs_drz,before,0.012053571428571427,82.96296296296298,0.9994819062794775,0.14285714285714285,0.21851306204381743,912,10.0,20.0
tgv_vs_drz,before,0.012165178571428572,82.20183486238533,0.9994786540360658,0.14285714285714285,0.21758723335053728,950,10.0,20.0
tgv_vs_drz,before,0.012276785714285714,81.45454545454545,0.9995030430290759,0.14285714285714285,0.21744603829804665,956,10.0,20.0
tgv_vs_drz,before,0.012388392857142856,80.72072072072072,0.999412286282196,0.14285714285714285,0.21861382957564643,908,10.0,20.0
tgv_vs_drz,before,0.012499999999999999,80.0,0.9991208732754305,0.14285714285714285,0.21675920204107632,986,10.0,20.0
tgv_vs_drz,before,0.012611607142857143,79.29203539823008,0.9993113827030827,0.14285714285714285,0.21725980028494588,964,10.0,20.0
tgv_vs_drz,before,0.012723214285714286,78.59649122807018,0.9992252491274599,0.14285714285714285,0.21721359693608783,966,10.0,20.0
tgv_vs_drz,before,0.012834821428571428,77.91304347826087,0.9987969630061022,0.14285714285714285,0.21644914346158642,1000,10.0,20.0
tgv_vs_drz,before,0.01294642857142857,77.24137931034484,0.9988063863284504,0.14285714285714285,0.21653707458648785,996,10.0,20.0
tgv_vs_drz,before,0.013058035714285715,76.58119658119658,0.9988603675243841,0.14285714285714285,0.21649304397049488,998,10.0,20.0
tgv_vs_drz,before,0.013169642857142857,75.9322033898305,0.9990368754752593,0.14285714285714285,0.21610254718236965,1016,10.0,20.0
tgv_vs_drz,before,0.01328125,75.29411764705883,0.9991839534751682,0.14285714285714285,0.21618843703925994,1012,10.0,20.0
tgv_vs_drz,before,0.013392857142857142,74.66666666666667,0.9987555118809649,0.14285714285714285,0.21605978929178232,1018,10.0,20.0
tgv_vs_drz,before,0.013504464285714285,74.04958677685951,0.9986769738467327,0.14285714285714285,0.21551499634696136,1044,10.0,20.0
tgv_vs_drz,before,0.013616071428571429,73.44262295081967,0.998953465766236,0.14285714285714285,0.21568047213382657,1036,10.0,20.0
tgv_vs_drz,before,0.013727678571428571,72.84552845528455,0.9982156264023596,0.14285714285714285,0.21498988471428435,1070,10.0,20.0
tgv_vs_drz,before,0.013839285714285714,72.25806451612904,0.9981886915181312,0.14285714285714285,0.21543295911437524,1048,10.0,20.0
tgv_vs_drz,before,0.013950892857142856,71.68,0.9971266132680137,0.14285714285714285,0.2148713755575323,1076,10.0,20.0
tgv_vs_drz,before,0.0140625,71.11111111111111,0.9983487780591148,0.14285714285714285,0.21475383879638116,1082,10.0,20.0
tgv_vs_drz,before,0.014174107142857143,70.55118110236221,0.9988391050146515,0.14285714285714285,0.21471487366377726,1084,10.0,20.0
tgv_vs_drz,before,0.014285714285714285,70.0,0.9987471790648371,0.14285714285714285,0.21459861283869502,1090,10.0,20.0
tgv_vs_drz,before,0.014397321428571428,69.45736434108528,0.9980984176771505,0.14285714285714285,0.21425543086377571,1108,10.0,20.0
tgv_vs_drz,before,0.01450892857142857,68.92307692307693,0.9969259441116487,0.14285714285714285,0.21456006915830092,1092,10.0,20.0
tgv_vs_drz,before,0.014620535714285714,68.3969465648855,0.9967206925157537,0.14285714285714285,0.21355728664025345,1146,10.0,20.0
tgv_vs_drz,before,0.014732142857142857,67.87878787878788,0.9980797040983236,0.14285714285714285,0.21366522853675965,1140,10.0,20.0
tgv_vs_drz,before,0.01484375,67.36842105263158,0.9974393268428248,0.14285714285714285,0.2143309783773013,1104,10.0,20.0
tgv_vs_drz,before,0.014955357142857142,66.86567164179105,0.996370932202486,0.14285714285714285,0.21279046829950965,1190,10.0,20.0
tgv_vs_drz,before,0.015066964285714286,66.37037037037037,0.997521594887404,0.14285714285714285,0.21373765748018866,1136,10.0,20.0
tgv_vs_drz,before,0.015178571428571428,65.88235294117648,0.9965358036303639,0.14285714285714285,0.21352149146774207,1148,10.0,20.0
tgv_vs_drz,before,0.015290178571428571,65.4014598540146,0.9961706898127831,0.14285714285714285,0.21285843635360488,1186,10.0,20.0
tgv_vs_drz,before,0.015401785714285713,64.92753623188406,0.9957175782076273,0.14285714285714285,0.21282441002983377,1188,10.0,20.0
tgv_vs_drz,before,0.015513392857142856,64.46043165467627,0.9959266252947702,0.14285714285714285,0.21337922749072738,1156,10.0,20.0
tgv_vs_drz,before,0.015625,64.0,0.9947546351452252,0.14285714285714285,0.212000361835817,1238,10.0,20.0
tgv_vs_drz,before,0.015736607142857142,63.54609929078014,0.9976814524904386,0.14285714285714285,0.2124887421904062,1208,10.0,20.0
tgv_vs_drz,before,0.015848214285714285,63.098591549295776,0.9978875898301064,0.14285714285714285,0.2127228372174348,1194,10.0,20.0
tgv_vs_drz,before,0.015959821428571427,62.65734265734266,0.9980367086631438,0.14285714285714285,0.2120323741059451,1236,10.0,20.0
tgv_vs_drz,before,0.01607142857142857,62.22222222222223,0.9972953564899106,0.14285714285714285,0.2120323741059451,1236,10.0,20.0
tgv_vs_drz,before,0.016183035714285712,61.79310344827587,0.993397045970541,0.14285714285714285,0.21187307369980893,1246,10.0,20.0
tgv_vs_drz,before,0.016294642857142858,61.36986301369863,0.9944552464925925,0.14285714285714285,0.21216119331021152,1228,10.0,20.0
tgv_vs_drz,before,0.01640625,60.95238095238095,0.9936528424187091,0.14285714285714285,0.21159104545450594,1264,10.0,20.0
tgv_vs_drz,before,0.016517857142857143,60.54054054054054,0.9901175605372697,0.14285714285714285,0.21149835269259598,1270,10.0,20.0
tgv_vs_drz,before,0.016629464285714286,60.13422818791946,0.9919921502273858,0.14285714285714285,0.21177839816474361,1252,10.0,20.0
tgv_vs_drz,before,0.016741071428571428,59.733333333333334,0.9898323792103669,0.14285714285714285,0.21134529561252643,1280,10.0,20.0
tgv_vs_drz,before,0.01685267857142857,59.337748344370866,0.9913231653509229,0.14285714285714285,0.21054834880675766,1334,10.0,20.0
tgv_vs_drz,before,0.016964285714285713,58.94736842105264,0.9949177171989374,0.14285714285714285,0.21159104545450594,1264,10.0,20.0
tgv_vs_drz,before,0.017075892857142855,58.56209150326798,0.9960968368289544,0.14285714285714285,0.21080861501660042,1316,10.0,20.0
tgv_vs_drz,before,0.017187499999999998,58.18181818181819,0.9958581441281521,0.14285714285714285,0.2104912166657718,1338,10.0,20.0
tgv_vs_drz,before,0.017299107142857144,57.806451612903224,0.9934653741697904,0.14285714285714285,0.2112241179090306,1288,10.0,20.0
tgv_vs_drz,before,0.017410714285714286,57.43589743589743,0.9911471102344291,0.14285714285714285,0.21009825045931166,1366,10.0,20.0
tgv_vs_drz,before,0.01752232142857143,57.07006369426752,0.9955638329976038,0.14285714285714285,0.21034948559464076,1348,10.0,20.0
tgv_vs_drz,before,0.01763392857142857,56.708860759493675,0.9895266977388559,0.14285714285714285,0.21046274528313325,1340,10.0,20.0
tgv_vs_drz,before,0.017745535714285714,56.35220125786164,0.983933853340224,0.14285714285714285,0.2102651915533084,1354,10.0,20.0
tgv_vs_drz,before,0.017857142857142856,56.0,0.985574020787218,0.14285714285714285,0.20979775932161346,1388,10.0,20.0
tgv_vs_drz,before,0.01796875,55.652173913043484,0.9897289486947901,0.14285714285714285,0.21001559151209073,1372,10.0,20.0
tgv_vs_drz,before,0.01808035714285714,55.308641975308646,0.9895769697764546,0.14285714285714285,0.20993346585157174,1378,10.0,20.0
tgv_vs_drz,before,0.018191964285714284,54.96932515337424,0.988123212572545,0.14285714285714285,0.20969023176701643,1396,10.0,20.0
tgv_vs_drz,before,0.01830357142857143,54.63414634146341,0.986017427946194,0.14285714285714285,0.20974388120426476,1392,10.0,20.0
tgv_vs_drz,before,0.018415178571428572,54.303030303030305,0.9868656162014063,0.14285714285714285,0.20924322011539456,1430,10.0,20.0
tgv_vs_drz,before,0.018526785714285714,53.975903614457835,0.9809229247134078,0.14285714285714285,0.20937304795788578,1420,10.0,20.0
tgv_vs_drz,before,0.018638392857142857,53.65269461077845,0.9762272535958026,0.14285714285714285,0.20958361247909307,1404,10.0,20.0
tgv_vs_drz,before,0.01875,53.333333333333336,0.9786795311663997,0.14285714285714285,0.20908918974285123,1442,10.0,20.0
tgv_vs_drz,before,0.018861607142857142,53.01775147928994,0.9761158526600406,0.14285714285714285,0.2091147294392002,1440,10.0,20.0
tgv_vs_drz,before,0.018973214285714284,52.70588235294118,0.9821162268072617,0.14285714285714285,0.20878674915614567,1466,10.0,20.0
tgv_vs_drz,before,0.019084821428571427,52.397660818713454,0.9575882069075593,0.14285714285714285,0.20896227354363328,1452,10.0,20.0
tgv_vs_drz,before,0.01919642857142857,52.09302325581396,0.9648963516816719,0.14285714285714285,0.20861368932701757,1480,10.0,20.0
tgv_vs_drz,before,0.019308035714285715,51.79190751445086,0.9572889026891561,0.14285714285714285,0.20849155226945118,1490,10.0,20.0
tgv_vs_drz,before,0.019419642857142858,51.49425287356322,0.9703612820496053,0.14285714285714285,0.20886166870324252,1460,10.0,20.0
tgv_vs_drz,before,0.01953125,51.2,0.9727858437986048,0.14285714285714285,0.20832258514572422,1504,10.0,20.0
tgv_vs_drz,before,0.019642857142857142,50.909090909090914,0.960234591587372,0.14285714285714285,0.20820331375489703,1514,10.0,20.0
tgv_vs_drz,before,0.019754464285714285,50.621468926553675,0.9579338121831626,0.14285714285714285,0.2080852033992908,1524,10.0,20.0
tgv_vs_drz,before,0.019866071428571427,50.337078651685395,0.9536056046536758,0.14285714285714285,0.20822707454226386,1512,10.0,20.0
tgv_vs_drz,before,0.01997767857142857,50.05586592178771,0.952823335502893,0.14285714285714285,0.2076466470245122,1562,10.0,20.0
tgv_vs_drz,before,0.020089285714285712,49.777777777777786,0.9598440549884123,0.14285714285714285,0.20817959940754727,1516,10.0,20.0
tgv_vs_drz,before,0.020200892857142858,49.50276243093922,0.9749108413342241,0.14285714285714285,0.20817959940754727,1516,10.0,20.0
tgv_vs_drz,before,0.0203125,49.230769230769226,0.9716061837938432,0.14285714285714285,0.2071581805789342,1606,10.0,20.0
tgv_vs_drz,before,0.020424107142857143,48.96174863387978,0.9585044854718499,0.14285714285714285,0.2078523911652866,1544,10.0,20.0
tgv_vs_drz,before,0.020535714285714286,48.69565217391305,0.9696009627178133,0.14285714285714285,0.20751142498562736,1574,10.0,20.0
tgv_vs_drz,before,0.020647321428571428,48.432432432432435,0.9855380352206132,0.14285714285714285,0.207311430402214,1592,10.0,20.0
tgv_vs_drz,before,0.02075892857142857,48.17204301075269,0.9850969690093498,0.14285714285714285,0.20766933369874285,1560,10.0,20.0
tgv_vs_drz,before,0.020870535714285713,47.9144385026738,0.9754426607757921,0.14285714285714285,0.2072455083727941,1598,10.0,20.0
tgv_vs_drz,before,0.020982142857142855,47.65957446808511,0.9568374802460572,0.14285714285714285,0.20679410702631273,1640,10.0,20.0
tgv_vs_drz,before,0.021093749999999998,47.40740740740741,0.9672046846735676,0.14285714285714285,0.2070931065498322,1612,10.0,20.0
tgv_vs_drz,before,0.021205357142857144,47.1578947368421,0.9589257856209725,0.14285714285714285,0.20733348626347292,1590,10.0,20.0
tgv_vs_drz,before,0.021316964285714286,46.910994764397905,0.9476842093405858,0.14285714285714285,0.2068363565335541,1636,10.0,20.0
tgv_vs_drz,before,0.02142857142857143,46.666666666666664,0.9509289698522061,0.14285714285714285,0.20646152179686691,1672,10.0,20.0
tgv_vs_drz,before,0.02154017857142857,46.424870466321245,0.9644180651835678,0.14285714285714285,0.20677303948480721,1642,10.0,20.0
tgv_vs_drz,before,0.021651785714285714,46.18556701030928,0.9735487483802953,0.14285714285714285,0.20654377883697478,1664,10.0,20.0
tgv_vs_drz,before,0.021763392857142856,45.94871794871795,0.9776610892478563,0.14285714285714285,0.2069213164900138,1628,10.0,20.0
tgv_vs_drz,before,0.021875,45.714285714285715,0.9731604726941542,0.14285714285714285,0.20615817865004304,1702,10.0,20.0
tgv_vs_drz,before,0.02198660714285714,45.48223350253807,0.9815878079358088,0.14285714285714285,0.2063798459329584,1680,10.0,20.0
tgv_vs_drz,before,0.022098214285714284,45.25252525252526,0.97289621577029,0.14285714285714285,0.20607862228912602,1710,10.0,20.0
tgv_vs_drz,before,0.02220982142857143,45.0251256281407,0.9611353005838578,0.14285714285714285,0.2060193161196826,1716,10.0,20.0
tgv_vs_drz,before,0.022321428571428572,44.8,0.9489569715962723,0.14285714285714285,0.2064206116472992,1676,10.0,20.0
tgv_vs_drz,before,0.022433035714285714,44.5771144278607,0.9355497137524815,0.14285714285714285,0.20568896146044316,1750,10.0,20.0
tgv_vs_drz,before,0.022544642857142857,44.35643564356436,0.9489018027829216,0.14285714285714285,0.20586265784981742,1732,10.0,20.0
tgv_vs_drz,before,0.02265625,44.13793103448276,0.9483834828646988,0.14285714285714285,0.20625840693654623,1692,10.0,20.0
tgv_vs_drz,before,0.022767857142857142,43.92156862745098,0.9464398401275548,0.14285714285714285,0.20561261066388095,1758,10.0,20.0
tgv_vs_drz,before,0.022879464285714284,43.707317073170735,0.9498925708373,0.14285714285714285,0.20563165001517575,1756,10.0,20.0
tgv_vs_drz,before,0.022991071428571427,43.49514563106796,0.9414071953280814,0.14285714285714285,0.2059799491398533,1720,10.0,20.0
tgv_vs_drz,before,0.02310267857142857,43.28502415458938,0.9609599834533429,0.14285714285714285,0.2050559530372921,1818,10.0,20.0
tgv_vs_drz,before,0.023214285714285715,43.07692307692307,0.9700913342141744,0.14285714285714285,0.20529377749698421,1792,10.0,20.0
tgv_vs_drz,before,0.023325892857142858,42.87081339712918,0.9654417692857495,0.14285714285714285,0.20578513067261447,1740,10.0,20.0
tgv_vs_drz,before,0.0234375,42.666666666666664,0.9683898434777923,0.14285714285714285,0.2049478815407546,1830,10.0,20.0
tgv_vs_drz,before,0.023549107142857142,42.464454976303315,0.9414753500178584,0.14285714285714285,0.2053308201973659,1788,10.0,20.0
tgv_vs_drz,before,0.023660714285714285,42.26415094339623,0.9412411297213668,0.14285714285714285,0.2051650873580342,1806,10.0,20.0
tgv_vs_drz,before,0.023772321428571427,42.06572769953052,0.9310802047349964,0.14285714285714285,0.20500178551890139,1824,10.0,20.0
tgv_vs_drz,before,0.02388392857142857,41.86915887850468,0.9106571560942839,0.14285714285714285,0.2050378677827802,1820,10.0,20.0
tgv_vs_drz,before,0.023995535714285712,41.674418604651166,0.916344323528052,0.14285714285714285,0.20473485868990474,1854,10.0,20.0
tgv_vs_drz,before,0.024107142857142855,41.48148148148149,0.9216554250853414,0.14285714285714285,0.20489423896779435,1836,10.0,20.0
tgv_vs_drz,before,0.02421875,41.29032258064516,0.895478134483216,0.14285714285714285,0.20482311852246032,1844,10.0,20.0
tgv_vs_drz,before,0.024330357142857143,41.10091743119266,0.8740571003725001,0.14285714285714285,0.20428703415014268,1906,10.0,20.0
tgv_vs_drz,before,0.024441964285714286,40.91324200913242,0.8947429056994249,0.14285714285714285,0.20485862143419345,1840,10.0,20.0
tgv_vs_drz,before,0.024553571428571428,40.72727272727273,0.906568802075175,0.14285714285714285,0.20443997892001115,1888,10.0,20.0
tgv_vs_drz,before,0.02466517857142857,40.542986425339365,0.9305010307555948,0.14285714285714285,0.20432083629059994,1902,10.0,20.0
tgv_vs_drz,before,0.024776785714285713,40.36036036036036,0.9551923630555716,0.14285714285714285,0.20478772961770136,1848,10.0,20.0
tgv_vs_drz,before,0.024888392857142855,40.17937219730942,0.9611570615931426,0.14285714285714285,0.20406985646203774,1932,10.0,20.0
tgv_vs_drz,before,0.024999999999999998,40.0,0.8896657374790833,0.14285714285714285,0.20405333008241125,1934,10.0,20.0
tgv_vs_drz,before,0.02511160714285714,39.82222222222222,0.8831160356865544,0.14285714285714285,0.20443997892001115,1888,10.0,20.0
tgv_vs_drz,before,0.025223214285714286,39.64601769911504,0.8788150136951971,0.14285714285714285,0.20395470143415717,1946,10.0,20.0
tgv_vs_drz,before,0.02533482142857143,39.47136563876652,0.8712311973411869,0.14285714285714285,0.20380843789404254,1964,10.0,20.0
tgv_vs_drz,before,0.02544642857142857,39.29824561403509,0.8740076662035111,0.14285714285714285,0.20397107681264137,1944,10.0,20.0
tgv_vs_drz,before,0.025558035714285714,39.12663755458515,0.8919099617664772,0.14285714285714285,0.2038245910506852,1962,10.0,20.0
tgv_vs_drz,before,0.025669642857142856,38.95652173913044,0.8856163797985657,0.14285714285714285,0.20368008519926165,1980,10.0,20.0
tgv_vs_drz,before,0.02578125,38.78787878787879,0.903962477795649,0.14285714285714285,0.20406985646203774,1932,10.0,20.0
tgv_vs_drz,before,0.02589285714285714,38.62068965517242,0.9270652538042559,0.14285714285714285,0.20360064332422378,1990,10.0,20.0
tgv_vs_drz,before,0.026004464285714284,38.4549356223176,0.9202955698731408,0.14285714285714285,0.20345912978831718,2008,10.0,20.0
tgv_vs_drz,before,0.02611607142857143,38.29059829059829,0.9216731397276924,0.14285714285714285,0.20380843789404254,1964,10.0,20.0
tgv_vs_drz,before,0.026227678571428572,38.12765957446808,0.8890019906057598,0.14285714285714285,0.20335035825347117,2022,10.0,20.0
tgv_vs_drz,before,0.026339285714285714,37.96610169491525,0.9131257230346437,0.14285714285714285,0.20333491064606968,2024,10.0,20.0
tgv_vs_drz,before,0.026450892857142857,37.80590717299578,0.9338034412815538,0.14285714285714285,0.20333491064606968,2024,10.0,20.0
tgv_vs_drz,before,0.0265625,37.64705882352941,0.9340543192108112,0.14285714285714285,0.20338132157581876,2018,10.0,20.0
tgv_vs_drz,before,0.026674107142857142,37.48953974895397,0.9207335731114835,0.14285714285714285,0.2030306380195964,2064,10.0,20.0
tgv_vs_drz,before,0.026785714285714284,37.333333333333336,0.9247669151832049,0.14285714285714285,0.2030156542404139,2066,10.0,20.0
tgv_vs_drz,before,0.026897321428571427,37.178423236514526,0.9327313140664021,0.14285714285714285,0.20352179142430754,2000,10.0,20.0
tgv_vs_drz,before,0.02700892857142857,37.02479338842976,0.937551117231928,0.14285714285714285,0.20276417883135758,2100,10.0,20.0
tgv_vs_drz,before,0.027120535714285715,36.87242798353909,0.8898627863586892,0.14285714285714285,0.20280811620931277,2094,10.0,20.0
tgv_vs_drz,before,0.027232142857142858,36.721311475409834,0.852167902340387,0.14285714285714285,0.20294105689975392,2076,10.0,20.0
tgv_vs_drz,before,0.02734375,36.57142857142857,0.8964742794778277,0.14285714285714285,0.20285224078709876,2088,10.0,20.0
tgv_vs_drz,before,0.027455357142857142,36.422764227642276,0.862483779844043,0.14285714285714285,0.20251867322781997,2134,10.0,20.0
tgv_vs_drz,before,0.027566964285714285,36.2753036437247,0.9006061493325797,0.14285714285714285,0.20276417883135758,2100,10.0,20.0
tgv_vs_drz,before,0.027678571428571427,36.12903225806452,0.9009389346590165,0.14285714285714285,0.20282280353622323,2092,10.0,20.0
tgv_vs_drz,before,0.02779017857142857,35.98393574297189,0.8333019595900625,0.14285714285714285,0.2024051399747265,2150,10.0,20.0
tgv_vs_drz,before,0.027901785714285712,35.84,0.8189294554827149,0.14285714285714285,0.2023910364655755,2152,10.0,20.0
tgv_vs_drz,before,0.028013392857142855,35.69721115537849,0.897102041689402,0.14285714285714285,0.20294105689975392,2076,10.0,20.0
tgv_vs_drz,before,0.028125,35.55555555555556,0.9279729874851479,0.14285714285714285,0.20199031257847036,2210,10.0,20.0
tgv_vs_drz,before,0.028236607142857143,35.41501976284585,0.9040719552685508,0.14285714285714285,0.20256157441371295,2128,10.0,20.0
tgv_vs_drz,before,0.028348214285714286,35.275590551181104,0.8914771039038414,0.14285714285714285,0.20220944357269727,2178,10.0,20.0
tgv_vs_drz,before,0.028459821428571428,35.13725490196079,0.8823595409180868,0.14285714285714285,0.2020038700244288,2208,10.0,20.0
tgv_vs_drz,before,0.02857142857142857,35.0,0.8879734095848885,0.14285714285714285,0.20227890442236768,2168,10.0,20.0
tgv_vs_drz,before,0.028683035714285713,34.86381322957199,0.8648474382130081,0.14285714285714285,0.20209928513740544,2194,10.0,20.0
tgv_vs_drz,before,0.028794642857142855,34.72868217054264,0.8555505881109478,0.14285714285714285,0.20219560817884408,2180,10.0,20.0
tgv_vs_drz,before,0.028906249999999998,34.5945945945946,0.8365546272457443,0.14285714285714285,0.2018157070765534,2236,10.0,20.0
tgv_vs_drz,before,0.02901785714285714,34.46153846153847,0.8287950363899161,0.14285714285714285,0.20212671273157043,2190,10.0,20.0
tgv_vs_drz,before,0.029129464285714286,34.32950191570881,0.8140883818878413,0.14285714285714285,0.20165718663427828,2260,10.0,20.0
tgv_vs_drz,before,0.02924107142857143,34.19847328244275,0.7690825736516779,0.14285714285714285,0.20197677333037697,2212,10.0,20.0
tgv_vs_drz,before,0.02935267857142857,34.06844106463878,0.6399154885971683,0.14285714285714285,0.20148825195988218,2286,10.0,20.0
tgv_vs_drz,before,0.029464285714285714,33.93939393939394,0.7039522402168576,0.14285714285714285,0.20176258739613345,2244,10.0,20.0
tgv_vs_drz,before,0.029575892857142856,33.81132075471698,0.829524278265955,0.14285714285714285,0.20165718663427828,2260,10.0,20.0
tgv_vs_drz,before,0.0296875,33.68421052631579,0.8249061576425065,0.14285714285714285,0.20130948318858632,2314,10.0,20.0
tgv_vs_drz,before,0.02979910714285714,33.55805243445693,0.7914926948535228,0.14285714285714285,0.20178911203700534,2240,10.0,20.0
tgv_vs_drz,before,0.029910714285714284,33.43283582089553,0.742363189052099,0.14285714285714285,0.20133482448864679,2310,10.0,20.0
tgv_vs_drz,before,0.030022321428571426,33.30855018587361,0.7790707951520832,0.14285714285714285,0.20150114550038942,2284,10.0,20.0
tgv_vs_drz,before,0.030133928571428572,33.18518518518518,0.799197539785524,0.14285714285714285,0.20163100936456846,2264,10.0,20.0
tgv_vs_drz,before,0.030245535714285714,33.06273062730627,0.8194015742807749,0.14285714285714285,0.20093700504233267,2374,10.0,20.0
tgv_vs_drz,before,0.030357142857142857,32.94117647058824,0.791588787738734,0.14285714285714285,0.20127159292996374,2320,10.0,20.0
tgv_vs_drz,before,0.03046875,32.820512820512825,0.7845698224438442,0.14285714285714285,0.2014240345538633,2296,10.0,20.0
tgv_vs_drz,before,0.030580357142857142,32.7007299270073,0.8534033838283491,0.14285714285714285,0.20091267051918305,2378,10.0,20.0
tgv_vs_drz,before,0.030691964285714284,32.581818181818186,0.8381682791754914,0.14285714285714285,0.20117125958839946,2336,10.0,20.0
tgv_vs_drz,before,0.030803571428571427,32.46376811594203,0.8224430170901199,0.14285714285714285,0.20117125958839946,2336,10.0,20.0
tgv_vs_drz,before,0.03091517857142857,32.34657039711192,0.6444485312241041,0.14285714285714285,0.20079190337726316,2398,10.0,20.0
tgv_vs_drz,before,0.03102678571428571,32.230215827338135,0.6106217625715402,0.14285714285714285,0.2008520992222212,2388,10.0,20.0
tgv_vs_drz,before,0.031138392857142858,32.11469534050179,0.6731991551016655,0.14285714285714285,0.20129683691159364,2316,10.0,20.0
tgv_vs_drz,before,0.03125,32.0,0.6382382739130146,0.14285714285714285,0.20060175498092978,2430,10.0,20.0
tgv_vs_drz,before,0.03136160714285714,31.88612099644128,0.6269397609418083,0.14285714285714285,0.2005899942187709,2432,10.0,20.0
tgv_vs_drz,before,0.031473214285714285,31.77304964539007,0.6465217837706294,0.14285714285714285,0.20091267051918305,2378,10.0,20.0
tgv_vs_drz,before,0.03158482142857143,31.66077738515901,0.6448559818331786,0.14285714285714285,0.2005899942187709,2432,10.0,20.0
tgv_vs_drz,before,0.03169642857142857,31.549295774647888,0.7763966017378904,0.14285714285714285,0.20073207911367105,2408,10.0,20.0
tgv_vs_drz,before,0.03180803571428571,31.438596491228072,0.8341971697463102,0.14285714285714285,0.20043839988598003,2458,10.0,20.0
tgv_vs_drz,before,0.031919642857142855,31.32867132867133,0.8215809428543914,0.14285714285714285,0.20063712367957884,2424,10.0,20.0
tgv_vs_drz,before,0.03203125,31.219512195121954,0.773973119502069,0.14285714285714285,0.2004037543659979,2464,10.0,20.0
tgv_vs_drz,before,0.03214285714285714,31.111111111111114,0.727944438882412,0.14285714285714285,0.2003233998560821,2478,10.0,20.0
tgv_vs_drz,before,0.03225446428571428,31.00346020761246,0.681505479907775,0.14285714285714285,0.20075596447473562,2404,10.0,20.0
tgv_vs_drz,before,0.032366071428571425,30.896551724137936,0.6699846894329297,0.14285714285714285,0.2001759442030165,2504,10.0,20.0
tgv_vs_drz,before,0.03247767857142857,30.790378006872857,0.6228234062760742,0.14285714285714285,0.20011983450492699,2514,10.0,20.0
tgv_vs_drz,before,0.032589285714285716,30.684931506849313,0.5219014859516243,0.14285714285714285,0.20038072687575237,2468,10.0,20.0
tgv_vs_drz,before,0.03270089285714286,30.580204778156993,0.6534706817937289,0.14285714285714285,0.20022107212707113,2496,10.0,20.0
tgv_vs_drz,before,0.0328125,30.476190476190474,0.6639678724433552,0.14285714285714285,0.1999424885446575,2546,10.0,20.0
tgv_vs_drz,before,0.032924107142857144,30.372881355932204,0.6596982899470243,0.14285714285714285,0.2003577547434476,2472,10.0,20.0
tgv_vs_drz,before,0.033035714285714286,30.27027027027027,0.5146085129420227,0.14285714285714285,0.19992055302869258,2550,10.0,20.0
tgv_vs_drz,before,0.03314732142857143,30.16835016835017,0.5937629313804555,0.14285714285714285,0.19982247206699402,2568,10.0,20.0
tgv_vs_drz,before,0.03325892857142857,30.06711409395973,0.6782183682837329,0.14285714285714285,0.20022107212707113,2496,10.0,20.0
tgv_vs_drz,before,0.033370535714285714,29.96655518394649,0.5461217792055194,0.14285714285714285,0.19981163721274517,2570,10.0,20.0
tgv_vs_drz,before,0.033482142857142856,29.866666666666667,0.546028137412701,0.14285714285714285,0.19969327465375333,2592,10.0,20.0
tgv_vs_drz,before,0.03359375,29.767441860465116,0.46079202010972514,0.14285714285714285,0.19999755197612662,2536,10.0,20.0
tgv_vs_drz,before,0.03370535714285714,29.668874172185433,0.4216772342224826,0.14285714285714285,0.19968258842376282,2594,10.0,20.0
tgv_vs_drz,before,0.033816964285714284,29.570957095709574,0.530927962745901,0.14285714285714285,0.1997576502130963,2580,10.0,20.0
tgv_vs_drz,before,0.033928571428571426,29.47368421052632,0.6435039203749479,0.14285714285714285,0.19962934028121115,2604,10.0,20.0
tgv_vs_drz,before,0.03404017857142857,29.377049180327873,0.5782307136076885,0.14285714285714285,0.19970397313874927,2590,10.0,20.0
tgv_vs_drz,before,0.03415178571428571,29.28104575163399,0.410624254474025,0.14285714285714285,0.1995447720660188,2620,10.0,20.0
tgv_vs_drz,before,0.03426339285714285,29.185667752443,0.533202299607888,0.14285714285714285,0.1995869599845832,2612,10.0,20.0
tgv_vs_drz,before,0.034374999999999996,29.090909090909093,0.5413873799453619,0.14285714285714285,0.19953425497473404,2622,10.0,20.0
tgv_vs_drz,before,0.034486607142857145,28.996763754045304,0.47379921535982994,0.14285714285714285,0.19923435045727056,2680,10.0,20.0
tgv_vs_drz,before,0.03459821428571429,28.903225806451612,0.44307116522351514,0.14285714285714285,0.19940897247414457,2646,10.0,20.0
tgv_vs_drz,before,0.03470982142857143,28.810289389067524,0.49700691410199466,0.14285714285714285,0.19948184772087152,2632,10.0,20.0
tgv_vs_drz,before,0.03482142857142857,28.717948717948715,0.4752716133610522,0.14285714285714285,0.19925472300409489,2676,10.0,20.0
tgv_vs_drz,before,0.034933035714285715,28.62619808306709,0.42903165546009525,0.14285714285714285,0.199163400800433,2694,10.0,20.0
tgv_vs_drz,before,0.03504464285714286,28.53503184713376,0.4100479948216258,0.14285714285714285,0.19929560413957997,2668,10.0,20.0
tgv_vs_drz,before,0.03515625,28.444444444444443,0.4153445312101128,0.14285714285714285,0.19923435045727056,2680,10.0,20.0
tgv_vs_drz,before,0.03526785714285714,28.354430379746837,0.48025428849078683,0.14285714285714285,0.199163400800433,2694,10.0,20.0
tgv_vs_drz,before,0.035379464285714285,28.26498422712934,0.6105972111624578,0.14285714285714285,0.19903307957272984,2720,10.0,20.0
tgv_vs_drz,before,0.03549107142857143,28.17610062893082,0.6120881133387743,0.14285714285714285,0.19923435045727056,2680,10.0,20.0
tgv_vs_drz,before,0.03560267857142857,28.087774294670847,0.528399391697323,0.14285714285714285,0.1987296503731864,2782,10.0,20.0
tgv_vs_drz,before,0.03571428571428571,28.0,0.42958461404117787,0.14285714285714285,0.19919374056785832,2688,10.0,20.0
tgv_vs_drz,before,0.035825892857142855,27.912772585669785,0.36503717148181447,0.14285714285714285,0.19897355378849282,2732,10.0,20.0
tgv_vs_drz,before,0.0359375,27.826086956521742,0.41503267625042706,0.14285714285714285,0.19863390479962775,2802,10.0,20.0
tgv_vs_drz,before,0.03604910714285714,27.73993808049536,0.3569864549816361,0.14285714285714285,0.19893408530849774,2740,10.0,20.0
tgv_vs_drz,before,0.03616071428571428,27.654320987654323,0.3081171179808111,0.14285714285714285,0.1989636705837003,2734,10.0,20.0
tgv_vs_drz,before,0.036272321428571425,27.56923076923077,0.29152578827148157,0.14285714285714285,0.1987779076146052,2772,10.0,20.0
tgv_vs_drz,before,0.03638392857142857,27.48466257668712,0.2663770171415828,0.14285714285714285,0.1985674850051077,2816,10.0,20.0
tgv_vs_drz,before,0.036495535714285716,27.400611620795104,0.392187079268496,0.14285714285714285,0.19880698630805718,2766,10.0,20.0
tgv_vs_drz,before,0.03660714285714286,27.317073170731707,0.3927486019467079,0.14285714285714285,0.19847344616835114,2836,10.0,20.0
tgv_vs_drz,before,0.03671875,27.23404255319149,0.400393173160688,0.14285714285714285,0.1985674850051077,2816,10.0,20.0
tgv_vs_drz,before,0.036830357142857144,27.151515151515152,0.356883918570002,0.14285714285714285,0.1987296503731864,2782,10.0,20.0
tgv_vs_drz,before,0.036941964285714286,27.069486404833835,0.30669532927381227,0.14285714285714285,0.1983434350217766,2864,10.0,20.0
tgv_vs_drz,before,0.03705357142857143,26.987951807228917,0.33429866006994907,0.14285714285714285,0.19852975072299847,2824,10.0,20.0
tgv_vs_drz,before,0.03716517857142857,26.906906906906908,0.3978142801613048,0.14285714285714285,0.19837113512849097,2858,10.0,20.0
tgv_vs_drz,before,0.037276785714285714,26.826347305389223,0.26323046844231823,0.14285714285714285,0.19847344616835114,2836,10.0,20.0
tgv_vs_drz,before,0.037388392857142856,26.746268656716417,0.30460203020194226,0.14285714285714285,0.1984547565946868,2840,10.0,20.0
tgv_vs_drz,before,0.0375,26.666666666666668,0.2770054364987181,0.14285714285714285,0.19818808118118406,2898,10.0,20.0
tgv_vs_drz,before,0.03761160714285714,26.587537091988132,0.36765593916435635,0.14285714285714285,0.19843610609789097,2844,10.0,20.0
tgv_vs_drz,before,0.037723214285714284,26.50887573964497,0.3483377778972511,0.14285714285714285,0.19795564920134207,2950,10.0,20.0
tgv_vs_drz,before,0.037834821428571426,26.4306784660767,0.3053648874500147,0.14285714285714285,0.19830663541185475,2872,10.0,20.0
tgv_vs_drz,before,0.03794642857142857,26.35294117647059,0.2707813058664722,0.14285714285714285,0.1982882926807455,2876,10.0,20.0
tgv_vs_drz,before,0.03805803571428571,26.275659824046922,0.20478285978883626,0.14285714285714285,0.19802651424106882,2934,10.0,20.0
tgv_vs_drz,before,0.03816964285714285,26.198830409356727,0.2500209682778615,0.14285714285714285,0.1981069271457448,2916,10.0,20.0
tgv_vs_drz,before,0.038281249999999996,26.12244897959184,0.24267544029412796,0.14285714285714285,0.1982152991985056,2892,10.0,20.0
tgv_vs_drz,before,0.03839285714285714,26.04651162790698,0.1864784340660344,0.14285714285714285,0.19793802214251247,2954,10.0,20.0
tgv_vs_drz,before,0.03850446428571429,25.97101449275362,0.277131898355739,0.14285714285714285,0.19782430484837527,2980,10.0,20.0
tgv_vs_drz,before,0.03861607142857143,25.89595375722543,0.2663226726256259,0.14285714285714285,0.19825172071105046,2884,10.0,20.0
tgv_vs_drz,before,0.03872767857142857,25.821325648414984,0.15535382515758692,0.14285714285714285,0.1978156184587228,2982,10.0,20.0
tgv_vs_drz,before,0.038839285714285715,25.74712643678161,0.181521789654639,0.14285714285714285,0.19760123472388125,3032,10.0,20.0
tgv_vs_drz,before,0.03895089285714286,25.673352435530084,0.17097521677135402,0.14285714285714285,0.1981609467848357,2904,10.0,20.0
tgv_vs_drz,before,0.0390625,25.6,0.24311477938056344,0.14285714285714285,0.1975253385684874,3050,10.0,20.0
tgv_vs_drz,before,0.03917410714285714,25.527065527065528,0.24366257541086572,0.14285714285714285,0.19784170365088652,2976,10.0,20.0
tgv_vs_drz,before,0.039285714285714285,25.454545454545457,0.07930008942960666,0.14285714285714285,0.1976097089758139,3030,10.0,20.0
tgv_vs_drz,before,0.03939732142857143,25.38243626062323,0.09974768257298025,0.14285714285714285,0.1977550552720954,2996,10.0,20.0
tgv_vs_drz,before,0.03950892857142857,25.310734463276837,0.12205747251861476,0.14285714285714285,0.19765220529146557,3020,10.0,20.0
tgv_vs_drz,before,0.03962053571428571,25.23943661971831,0.15413000372254698,0.14285714285714285,0.1975085631250675,3054,10.0,20.0
tgv_vs_drz,before,0.039732142857142855,25.168539325842698,0.16788009492445652,0.14285714285714285,0.19770347780800562,3008,10.0,20.0
tgv_vs_drz,before,0.03984375,25.098039215686278,0.2592758562040417,0.14285714285714285,0.19743347590385044,3072,10.0,20.0
tgv_vs_drz,before,0.03995535714285714,25.027932960893857,0.21830165704324866,0.14285714285714285,0.19739204277139769,3082,10.0,20.0
tgv_vs_drz,before,0.04006696428571428,24.95821727019499,0.15295125498435733,0.14285714285714285,0.1976692624332035,3016,10.0,20.0
tgv_vs_drz,before,0.040178571428571425,24.888888888888893,0.25066983509916996,0.14285714285714285,0.19731796447605393,3100,10.0,20.0
tgv_vs_drz,before,0.04029017857142857,24.81994459833795,0.28284693224150986,0.14285714285714285,0.1974251732503782,3074,10.0,20.0
tgv_vs_drz,before,0.040401785714285716,24.75138121546961,0.22973479543967604,0.14285714285714285,0.19745010534200189,3068,10.0,20.0
tgv_vs_drz,before,0.04051339285714286,24.683195592286502,0.1733868660449109,0.14285714285714285,0.19736727869292328,3088,10.0,20.0
tgv_vs_drz,before,0.040625,24.615384615384613,0.15939324260454163,0.14285714285714285,0.1970358524551192,3170,10.0,20.0
tgv_vs_drz,before,0.040736607142857144,24.54794520547945,0.1933795299677367,0.14285714285714285,0.197483461108339,3060,10.0,20.0
tgv_vs_drz,before,0.040848214285714286,24.48087431693989,0.15979113476993606,0.14285714285714285,0.19717976864090656,3134,10.0,20.0
tgv_vs_drz,before,0.04095982142857143,24.4141689373297,0.1268440363876422,0.14285714285714285,0.19701210252814472,3176,10.0,20.0
tgv_vs_drz,before,0.04107142857142857,24.347826086956523,0.11833618270333517,0.14285714285714285,0.19738378012086183,3084,10.0,20.0
tgv_vs_drz,before,0.041183035714285714,24.281842818428185,0.15929861560178102,0.14285714285714285,0.19695694455425367,3190,10.0,20.0
tgv_vs_drz,before,0.041294642857142856,24.216216216216218,0.2710624230011056,0.14285714285714285,0.1970755845534379,3160,10.0,20.0
tgv_vs_drz,before,0.04140625,24.150943396226417,0.17102593138604574,0.14285714285714285,0.1970755845534379,3160,10.0,20.0
tgv_vs_drz,before,0.04151785714285714,24.086021505376344,0.17610625525021395,0.14285714285714285,0.19706762319057258,3162,10.0,20.0
tgv_vs_drz,before,0.041629464285714284,24.021447721179626,0.21318852812426492,0.14285714285714285,0.19698053952908048,3184,10.0,20.0
tgv_vs_drz,before,0.041741071428571426,23.9572192513369,0.16555907730077263,0.14285714285714285,0.19696480220931625,3188,10.0,20.0
tgv_vs_drz,before,0.04185267857142857,23.893333333333334,0.175453929005718,0.14285714285714285,0.19690995197425074,3202,10.0,20.0
tgv_vs_drz,before,0.04196428571428571,23.829787234042556,0.13161865001112913,0.14285714285714285,0.1966864592271897,3260,10.0,20.0
tgv_vs_drz,before,0.04207589285714285,23.766578249336874,0.07900166020148418,0.14285714285714285,0.19691776587158633,3200,10.0,20.0
tgv_vs_drz,before,0.042187499999999996,23.703703703703706,0.07112097103460661,0.14285714285714285,0.19692558703358493,3198,10.0,20.0
tgv_vs_drz,before,0.04229910714285714,23.641160949868077,0.08996746731551475,0.14285714285714285,0.19662584390434415,3276,10.0,20.0
tgv_vs_drz,before,0.04241071428571429,23.57894736842105,0.09570877141234202,0.14285714285714285,0.1967398616607217,3246,10.0,20.0
tgv_vs_drz,before,0.04252232142857143,23.517060367454068,0.1153104467127988,0.14285714285714285,0.1969334154715303,3196,10.0,20.0
tgv_vs_drz,before,0.04263392857142857,23.455497382198953,0.1129398955032679,0.14285714285714285,0.19662584390434415,3276,10.0,20.0
tgv_vs_drz,before,0.042745535714285715,23.39425587467363,0.13107336239330894,0.14285714285714285,0.19658818240465054,3286,10.0,20.0
tgv_vs_drz,before,0.04285714285714286,23.333333333333332,0.1698627610471419,0.14285714285714285,0.19656566720869945,3292,10.0,20.0
tgv_vs_drz,before,0.04296875,23.272727272727273,0.10272270025654127,0.14285714285714285,0.19674751854137398,3244,10.0,20.0
tgv_vs_drz,before,0.04308035714285714,23.212435233160623,0.14806531385500651,0.14285714285714285,0.19627841680223054,3370,10.0,20.0
tgv_vs_drz,before,0.043191964285714285,23.152454780361758,0.0985296405856705,0.14285714285714285,0.19665609640424975,3268,10.0,20.0
tgv_vs_drz,before,0.04330357142857143,23.09278350515464,0.07894423030811752,0.14285714285714285,0.1965506909503124,3296,10.0,20.0
tgv_vs_drz,before,0.04341517857142857,23.033419023136247,0.06780676700780226,0.14285714285714285,0.19635112163071453,3350,10.0,20.0
tgv_vs_drz,before,0.04352678571428571,22.974358974358974,0.09127104704085898,0.14285714285714285,0.19649105513285683,3312,10.0,20.0
tgv_vs_drz,before,0.043638392857142855,22.915601023017903,0.06512797514404645,0.14285714285714285,0.1965506909503124,3296,10.0,20.0
tgv_vs_drz,before,0.04375,22.857142857142858,0.053973469641181986,0.14285714285714285,0.19620635084804425,3390,10.0,20.0
tgv_vs_drz,before,0.04386160714285714,22.798982188295167,0.008042552365152295,0.14285714285714285,0.19627118161272125,3372,10.0,20.0
tgv_vs_drz,before,0.04397321428571428,22.741116751269036,0.07930896931701718,0.14285714285714285,0.19639505513636507,3338,10.0,20.0
tgv_vs_drz,before,0.044084821428571425,22.683544303797472,0.09631833295966621,0.14285714285714285,0.19614203002159336,3408,10.0,20.0
tgv_vs_drz,before,0.04419642857142857,22.62626262626263,0.028556523974424552,0.14285714285714285,0.19628565838032241,3368,10.0,20.0
tgv_vs_drz,before,0.04430803571428571,22.569269521410583,0.08306443783307836,0.14285714285714285,0.19630742154042707,3362,10.0,20.0
tgv_vs_drz,before,0.04441964285714286,22.51256281407035,0.12686642628250377,0.14285714285714285,0.19604297333067175,3436,10.0,20.0
tgv_vs_drz,before,0.04453125,22.45614035087719,0.08910323176447923,0.14285714285714285,0.19624230455271754,3380,10.0,20.0
tgv_vs_drz,before,0.044642857142857144,22.4,0.052196076151274536,0.14285714285714285,0.19616341405099993,3402,10.0,20.0
tgv_vs_drz,before,0.044754464285714286,22.34413965087282,0.053334791344570524,0.14285714285714285,0.19608527866196232,3424,10.0,20.0
tgv_vs_drz,before,0.04486607142857143,22.28855721393035,0.08356157542379689,0.14285714285714285,0.19608527866196232,3424,10.0,20.0
tgv_vs_drz,before,0.04497767857142857,22.233250620347395,0.07246328304289558,0.14285714285714285,0.19586903899227384,3486,10.0,20.0
tgv_vs_drz,before,0.045089285714285714,22.17821782178218,0.05093811546232518,0.14285714285714285,0.19609942947499998,3420,10.0,20.0
tgv_vs_drz,before,0.045200892857142856,22.123456790123456,0.08608834505659468,0.14285714285714285,0.19598690683769954,3452,10.0,20.0
tgv_vs_drz,before,0.0453125,22.06896551724138,0.04507018936445261,0.14285714285714285,0.19578686266146458,3510,10.0,20.0
tgv_vs_drz,before,0.04542410714285714,22.014742014742016,0.09418026186465145,0.14285714285714285,0.195959018311031,3460,10.0,20.0
tgv_vs_drz,before,0.045535714285714284,21.96078431372549,0.09907605206733217,0.14285714285714285,0.1959242922263356,3470,10.0,20.0
tgv_vs_drz,before,0.045647321428571426,21.90709046454768,0.08418137756977019,0.14285714285714285,0.1959312255268662,3468,10.0,20.0
tgv_vs_drz,before,0.04575892857142857,21.853658536585368,0.08194465298468519,0.14285714285714285,0.19578005236369755,3512,10.0,20.0
tgv_vs_drz,before,0.04587053571428571,21.800486618004868,0.08002619296133702,0.14285714285714285,0.1957460872064342,3522,10.0,20.0
tgv_vs_drz,before,0.04598214285714285,21.74757281553398,0.03710630458608112,0.14285714285714285,0.19567186631260183,3544,10.0,20.0
tgv_vs_drz,before,0.046093749999999996,21.69491525423729,0.053064233327862406,0.14285714285714285,0.19601489165878555,3444,10.0,20.0
tgv_vs_drz,before,0.04620535714285714,21.64251207729469,0.06899084208234801,0.14285714285714285,0.19554526746979894,3582,10.0,20.0
tgv_vs_drz,before,0.04631696428571429,21.59036144578313,0.08219184671001273,0.14285714285714285,0.19557838863500912,3572,10.0,20.0
tgv_vs_drz,before,0.04642857142857143,21.538461538461537,0.09447518794311052,0.14285714285714285,0.19587592500046092,3484,10.0,20.0
tgv_vs_drz,before,0.04654017857142857,21.48681055155875,0.09936893600425957,0.14285714285714285,0.19536229896004664,3638,10.0,20.0
tgv_vs_drz,before,0.046651785714285715,21.43540669856459,0.10835172369276397,0.14285714285714285,0.19572577688551,3528,10.0,20.0
tgv_vs_drz,before,0.04676339285714286,21.384248210023866,0.07167306342374553,0.14285714285714285,0.19565844520659162,3548,10.0,20.0
tgv_vs_drz,before,0.046875,21.333333333333332,0.05412413840342333,0.14285714285714285,0.19540115234939126,3626,10.0,20.0
tgv_vs_drz,before,0.04698660714285714,21.282660332541568,0.04995210660062955,0.14285714285714285,0.19544672377293545,3612,10.0,20.0
tgv_vs_drz,before,0.047098214285714285,21.232227488151658,0.035183646415036914,0.14285714285714285,0.1954663349047849,3606,10.0,20.0
tgv_vs_drz,before,0.04720982142857143,21.182033096926716,0.053097076717218326,0.14285714285714285,0.1955651236363731,3576,10.0,20.0
tgv_vs_drz,before,0.04732142857142857,21.132075471698116,0.06572549614640201,0.14285714285714285,0.19534294368347277,3644,10.0,20.0
tgv_vs_drz,before,0.04743303571428571,21.08235294117647,0.019722216427043516,0.14285714285714285,0.19537522888070752,3634,10.0,20.0
tgv_vs_drz,before,0.047544642857142855,21.03286384976526,0.06735475610555304,0.14285714285714285,0.19549912822785603,3596,10.0,20.0
tgv_vs_drz,before,0.04765625,20.98360655737705,0.07090663785023321,0.14285714285714285,0.19527876700452393,3664,10.0,20.0
tgv_vs_drz,before,0.04776785714285714,20.93457943925234,0.062317265021929275,0.14285714285714285,0.19536229896004664,3638,10.0,20.0
tgv_vs_drz,before,0.04787946428571428,20.88578088578089,0.04427672789933458,0.14285714285714285,0.1952532420597071,3672,10.0,20.0
tgv_vs_drz,before,0.047991071428571425,20.837209302325583,0.02748896251876904,0.14285714285714285,0.19534294368347277,3644,10.0,20.0
tgv_vs_drz,before,0.04810267857142857,20.788863109048727,0.030999688425612418,0.14285714285714285,0.1950209946989822,3746,10.0,20.0
tgv_vs_drz,before,0.04821428571428571,20.740740740740744,0.019154493203146,0.14285714285714285,0.19530437499553316,3656,10.0,20.0
tgv_vs_drz,before,0.04832589285714286,20.69284064665127,0.04836336040811248,0.14285714285714285,0.19526599417946083,3668,10.0,20.0
tgv_vs_drz,before,0.0484375,20.64516129032258,0.004457938300182362,0.14285714285714285,0.19493488938335007,3774,10.0,20.0
tgv_vs_drz,before,0.048549107142857144,20.597701149425287,-0.0013164601916367186,0.14285714285714285,0.19539466351065476,3628,10.0,20.0
tgv_vs_drz,before,0.048660714285714286,20.55045871559633,0.010967741565823613,0.14285714285714285,0.19489827749225433,3786,10.0,20.0
tgv_vs_drz,before,0.04877232142857143,20.503432494279178,0.029779258862370508,0.14285714285714285,0.19506440733704855,3732,10.0,20.0
tgv_vs_drz,before,0.04888392857142857,20.45662100456621,0.07010728413930953,0.14285714285714285,0.19518979008893414,3692,10.0,20.0
tgv_vs_drz,before,0.048995535714285714,20.41002277904328,0.04898643847939549,0.14285714285714285,0.19491046224945754,3782,10.0,20.0
tgv_vs_drz,before,0.049107142857142856,20.363636363636363,0.011738690424245486,0.14285714285714285,0.19500246310468877,3752,10.0,20.0
tgv_vs_drz,before,0.04921875,20.317460317460316,0.03379123247543277,0.14285714285714285,0.19499013318559666,3756,10.0,20.0
tgv_vs_drz,before,0.04933035714285714,20.271493212669682,0.028506550398435537,0.14285714285714285,0.1948739653457362,3794,10.0,20.0
tgv_vs_drz,before,0.049441964285714284,20.225733634311513,0.013694571589241316,0.14285714285714285,0.19488003622703962,3792,10.0,20.0
tgv_vs_drz,before,0.049553571428571426,20.18018018018018,0.03400805763138999,0.14285714285714285,0.19489219229404334,3788,10.0,20.0
tgv_vs_drz,before,0.04966517857142857,20.134831460674157,0.046286671350902815,0.14285714285714285,0.1950209946989822,3746,10.0,20.0
tgv_vs_drz,before,0.04977678571428571,20.08968609865471,0.04248159206953883,0.14285714285714285,0.19475951592150462,3832,10.0,20.0
tgv_vs_drz,before,0.04988839285714285,20.04474272930649,0.00015011362537305025,0.14285714285714285,0.19485578123579675,3800,10.0,20.0
tgv_vs_drz,before,0.049999999999999996,20.0,0.7926942328016378,0.14285714285714285,0.8417399583909729,2,10.0,20.0
tgv_vs_drz,after,0.0,inf,0.7048286292810937,0.14285714285714285,0.7560610050770457,3,10.0,20.0
tgv_vs_drz,after,0.00011160714285714285,8960.0,0.9483711734729426,0.14285714285714285,0.5160568456025979,12,10.0,20.0
tgv_vs_drz,after,0.0002232142857142857,4480.0,0.8684798627055662,0.14285714285714285,0.43846389609946435,22,10.0,20.0
tgv_vs_drz,after,0.0003348214285714286,2986.6666666666665,0.9665010256690751,0.14285714285714285,0.41192739958594665,28,10.0,20.0
tgv_vs_drz,after,0.0004464285714285714,2240.0,0.9748464714328755,0.14285714285714285,0.37684928940895107,40,10.0,20.0
tgv_vs_drz,after,0.0005580357142857143,1792.0,0.9894915168840542,0.14285714285714285,0.3572655453148874,50,10.0,20.0
tgv_vs_drz,after,0.0006696428571428571,1493.3333333333333,0.9938250252048975,0.14285714285714285,0.3607189084162777,48,10.0,20.0
tgv_vs_drz,after,0.0007812499999999999,1280.0,0.9945711535939268,0.14285714285714285,0.33301944154606616,68,10.0,20.0
tgv_vs_drz,after,0.0008928571428571428,1120.0,0.99548037386311,0.14285714285714285,0.3308883459615167,70,10.0,20.0
tgv_vs_drz,after,0.0010044642857142856,995.5555555555557,0.9981287272469868,0.14285714285714285,0.32498105977643776,76,10.0,20.0
tgv_vs_drz,after,0.0011160714285714285,896.0,0.9986576505146567,0.14285714285714285,0.3120228149867766,92,10.0,20.0
tgv_vs_drz,after,0.0012276785714285714,814.5454545454546,0.9988129371569504,0.14285714285714285,0.30307454563671804,106,10.0,20.0
tgv_vs_drz,after,0.0013392857142857143,746.6666666666666,0.999456896588219,0.14285714285714285,0.309276869488276,96,10.0,20.0
tgv_vs_drz,after,0.0014508928571428572,689.2307692307692,0.9993353320384856,0.14285714285714285,0.297657677511583,116,10.0,20.0
tgv_vs_drz,after,0.0015624999999999999,640.0,0.9995630697193425,0.14285714285714285,0.28942028891226607,134,10.0,20.0
tgv_vs_drz,after,0.0016741071428571428,597.3333333333334,0.9992767180585198,0.14285714285714285,0.2956748612128594,120,10.0,20.0
tgv_vs_drz,after,0.0017857142857142857,560.0,0.9995289002734002,0.14285714285714285,0.28476380812712476,146,10.0,20.0
tgv_vs_drz,after,0.0018973214285714286,527.0588235294118,0.9996949641689891,0.14285714285714285,0.2812856424436456,156,10.0,20.0
tgv_vs_drz,after,0.0020089285714285712,497.7777777777778,0.9998528744733196,0.14285714285714285,0.28702018719502587,140,10.0,20.0
tgv_vs_drz,after,0.002120535714285714,471.5789473684211,0.9998085065957356,0.14285714285714285,0.2757709533720164,174,10.0,20.0
tgv_vs_drz,after,0.002232142857142857,448.0,0.999870785841966,0.14285714285714285,0.27520913338899333,176,10.0,20.0
tgv_vs_drz,after,0.00234375,426.6666666666667,0.9998786469847962,0.14285714285714285,0.273051000260408,184,10.0,20.0
tgv_vs_drz,after,0.002455357142857143,407.2727272727273,0.999897748080705,0.14285714285714285,0.2705369635786124,194,10.0,20.0
tgv_vs_drz,after,0.0025669642857142857,389.5652173913044,0.9999207547231989,0.14285714285714285,0.269116846861646,200,10.0,20.0
tgv_vs_drz,after,0.0026785714285714286,373.3333333333333,0.999934993890567,0.14285714285714285,0.26731663903915925,208,10.0,20.0
tgv_vs_drz,after,0.0027901785714285715,358.4,0.9999174152848547,0.14285714285714285,0.2668822084027434,210,10.0,20.0
tgv_vs_drz,after,0.0029017857142857144,344.6153846153846,0.9999330778593152,0.14285714285714285,0.26173150991010213,236,10.0,20.0
tgv_vs_drz,after,0.003013392857142857,331.8518518518519,0.9999477736854058,0.14285714285714285,0.2632250986856457,228,10.0,20.0
tgv_vs_drz,after,0.0031249999999999997,320.0,0.9999376590137202,0.14285714285714285,0.2613695641695868,238,10.0,20.0
tgv_vs_drz,after,0.0032366071428571426,308.96551724137936,0.9999701458229924,0.14285714285714285,0.2576597972433477,260,10.0,20.0
tgv_vs_drz,after,0.0033482142857142855,298.6666666666667,0.9999701776669349,0.14285714285714285,0.2586250244740691,254,10.0,20.0
tgv_vs_drz,after,0.0034598214285714284,289.03225806451616,0.9999805888811781,0.14285714285714285,0.25523709705862524,276,10.0,20.0
tgv_vs_drz,after,0.0035714285714285713,280.0,0.9999833254340836,0.14285714285714285,0.25582326430374547,272,10.0,20.0
tgv_vs_drz,after,0.003683035714285714,271.5151515151515,0.9999864292654554,0.14285714285714285,0.2527449491574839,294,10.0,20.0
tgv_vs_drz,after,0.003794642857142857,263.5294117647059,0.9999882932588718,0.14285714285714285,0.25410107451462977,284,10.0,20.0
tgv_vs_drz,after,0.00390625,256.0,0.9999776157780236,0.14285714285714285,0.2514544516681247,304,10.0,20.0
tgv_vs_drz,after,0.0040178571428571425,248.8888888888889,0.9999772089944807,0.14285714285714285,0.24928083583453234,322,10.0,20.0
tgv_vs_drz,after,0.004129464285714286,242.16216216216216,0.9999765569925568,0.14285714285714285,0.2514544516681247,304,10.0,20.0
tgv_vs_drz,after,0.004241071428571428,235.78947368421055,0.9999703029557349,0.14285714285714285,0.24905026945843273,324,10.0,20.0
tgv_vs_drz,after,0.004352678571428572,229.74358974358972,0.9999655711251223,0.14285714285714285,0.24582376798178943,354,10.0,20.0
tgv_vs_drz,after,0.004464285714285714,224.0,0.9999797889771809,0.14285714285714285,0.24770924671322134,336,10.0,20.0
tgv_vs_drz,after,0.004575892857142857,218.53658536585365,0.9999473562438635,0.14285714285714285,0.24643640318775006,348,10.0,20.0
tgv_vs_drz,after,0.0046875,213.33333333333334,0.9999193590749001,0.14285714285714285,0.24426173259637654,370,10.0,20.0
tgv_vs_drz,after,0.004799107142857142,208.37209302325584,0.9999633545618888,0.14285714285714285,0.24407341871811294,372,10.0,20.0
tgv_vs_drz,after,0.004910714285714286,203.63636363636365,0.9999562905505329,0.14285714285714285,0.24388657961491628,374,10.0,20.0
tgv_vs_drz,after,0.005022321428571428,199.11111111111114,0.999954160432827,0.14285714285714285,0.24124866466885456,404,10.0,20.0
tgv_vs_drz,after,0.005133928571428571,194.7826086956522,0.9999814561690478,0.14285714285714285,0.24226832878047586,392,10.0,20.0
tgv_vs_drz,after,0.005245535714285714,190.63829787234044,0.9999826362259742,0.14285714285714285,0.2427954615022515,386,10.0,20.0
tgv_vs_drz,after,0.005357142857142857,186.66666666666666,0.9999704753929064,0.14285714285714285,0.23964416299559071,424,10.0,20.0
tgv_vs_drz,after,0.00546875,182.85714285714286,0.9999485922225352,0.14285714285714285,0.24027239659586974,416,10.0,20.0
tgv_vs_drz,after,0.005580357142857143,179.2,0.9999270347433308,0.14285714285714285,0.2388828626474958,434,10.0,20.0
tgv_vs_drz,after,0.0056919642857142854,175.68627450980392,0.999940940437312,0.14285714285714285,0.2384383044776066,440,10.0,20.0
tgv_vs_drz,after,0.005803571428571429,172.3076923076923,0.9999491304047403,0.14285714285714285,0.23757528612232023,452,10.0,20.0
tgv_vs_drz,after,0.005915178571428571,169.05660377358492,0.9999147053356275,0.14285714285714285,0.23688135961430892,462,10.0,20.0
tgv_vs_drz,after,0.006026785714285714,165.92592592592595,0.9999075817702775,0.14285714285714285,0.23785919155913984,448,10.0,20.0
tgv_vs_drz,after,0.006138392857142857,162.9090909090909,0.9999304025010578,0.14285714285714285,0.23517586182327832,488,10.0,20.0
tgv_vs_drz,after,0.0062499999999999995,160.0,0.999949748907994,0.14285714285714285,0.23607716377209612,474,10.0,20.0
tgv_vs_drz,after,0.006361607142857143,157.19298245614036,0.9999572841981511,0.14285714285714285,0.23568617177506457,480,10.0,20.0
tgv_vs_drz,after,0.006473214285714285,154.48275862068968,0.999940179298078,0.14285714285714285,0.23359868826190747,514,10.0,20.0
tgv_vs_drz,after,0.006584821428571429,151.864406779661,0.9998656956088612,0.14285714285714285,0.23348222347930858,516,10.0,20.0
tgv_vs_drz,after,0.006696428571428571,149.33333333333334,0.9999031106344658,0.14285714285714285,0.23467767886949623,496,10.0,20.0
tgv_vs_drz,after,0.006808035714285714,146.88524590163934,0.9999278597720391,0.14285714285714285,0.23246304055541317,534,10.0,20.0
tgv_vs_drz,after,0.006919642857142857,144.51612903225808,0.9999477052279372,0.14285714285714285,0.23191835858106052,544,10.0,20.0
tgv_vs_drz,after,0.00703125,142.22222222222223,0.9999445347010496,0.14285714285714285,0.23348222347930858,516,10.0,20.0
tgv_vs_drz,after,0.007142857142857143,140.0,0.9999368034012235,0.14285714285714285,0.23118003674182988,558,10.0,20.0
tgv_vs_drz,after,0.007254464285714285,137.84615384615387,0.9999551848501214,0.14285714285714285,0.23066911942921098,568,10.0,20.0
tgv_vs_drz,after,0.007366071428571428,135.75757575757575,0.999964452145993,0.14285714285714285,0.23257377696061368,532,10.0,20.0
tgv_vs_drz,after,0.007477678571428571,133.7313432835821,0.999913878091479,0.14285714285714285,0.22865956785210217,610,10.0,20.0
tgv_vs_drz,after,0.007589285714285714,131.76470588235296,0.999843362416677,0.14285714285714285,0.2300731936178756,580,10.0,20.0
tgv_vs_drz,after,0.007700892857142857,129.85507246376812,0.9998994319614908,0.14285714285714285,0.22987856279938831,584,10.0,20.0
tgv_vs_drz,after,0.0078125,128.0,0.9998699717729277,0.14285714285714285,0.22847879956174852,614,10.0,20.0
tgv_vs_drz,after,0.007924107142857142,126.19718309859155,0.9999019675250452,0.14285714285714285,0.22856896654528058,612,10.0,20.0
tgv_vs_drz,after,0.008035714285714285,124.44444444444446,0.9999028059738624,0.14285714285714285,0.22794672665157004,626,10.0,20.0
tgv_vs_drz,after,0.008147321428571429,122.73972602739725,0.9998295207393927,0.14285714285714285,0.22856896654528058,612,10.0,20.0
tgv_vs_drz,after,0.008258928571428572,121.08108108108108,0.9998676449531047,0.14285714285714285,0.22751466188342373,636,10.0,20.0
tgv_vs_drz,after,0.008370535714285714,119.46666666666667,0.9998867621210683,0.14285714285714285,0.22709247611069447,646,10.0,20.0
tgv_vs_drz,after,0.008482142857142856,117.89473684210527,0.9999147517933425,0.14285714285714285,0.2270091913293758,648,10.0,20.0
tgv_vs_drz,after,0.008593749999999999,116.36363636363637,0.9998936312742421,0.14285714285714285,0.22684375089361272,652,10.0,20.0
tgv_vs_drz,after,0.008705357142857143,114.87179487179486,0.999885310908734,0.14285714285714285,0.22580365493397495,678,10.0,20.0
tgv_vs_drz,after,0.008816964285714286,113.41772151898735,0.9998895131390337,0.14285714285714285,0.22572608133433805,680,10.0,20.0
tgv_vs_drz,after,0.008928571428571428,112.0,0.9999165782235488,0.14285714285714285,0.22572608133433805,680,10.0,20.0
tgv_vs_drz,after,0.00904017857142857,110.61728395061729,0.9998508843475289,0.14285714285714285,0.2247472633332211,706,10.0,20.0
tgv_vs_drz,after,0.009151785714285715,109.26829268292683,0.9998550901303667,0.14285714285714285,0.2252675931499613,692,10.0,20.0
tgv_vs_drz,after,0.009263392857142857,107.95180722891567,0.9997954845501725,0.14285714285714285,0.22511735629687746,696,10.0,20.0
tgv_vs_drz,after,0.009375,106.66666666666667,0.9997874034221585,0.14285714285714285,0.22347634762040358,742,10.0,20.0
tgv_vs_drz,after,0.009486607142857142,105.41176470588236,0.9998075228924196,0.14285714285714285,0.22467416992987052,708,10.0,20.0
tgv_vs_drz,after,0.009598214285714285,104.18604651162792,0.9997337238422452,0.14285714285714285,0.22280884262303868,762,10.0,20.0
tgv_vs_drz,after,0.009709821428571429,102.98850574712644,0.999457947057118,0.14285714285714285,0.22368179007692848,736,10.0,20.0
tgv_vs_drz,after,0.009821428571428571,101.81818181818183,0.9994074670151484,0.14285714285714285,0.22287442635809016,760,10.0,20.0
tgv_vs_drz,after,0.009933035714285714,100.67415730337079,0.9997158517368868,0.14285714285714285,0.22229315058834048,778,10.0,20.0
tgv_vs_drz,after,0.010044642857142856,99.55555555555557,0.999809083182152,0.14285714285714285,0.22261360373636063,768,10.0,20.0
tgv_vs_drz,after,0.01015625,98.46153846153845,0.9997683857356735,0.14285714285714285,0.22287442635809016,760,10.0,20.0
tgv_vs_drz,after,0.010267857142857143,97.3913043478261,0.999684740218893,0.14285714285714285,0.22191652760781277,790,10.0,20.0
tgv_vs_drz,after,0.010379464285714285,96.34408602150538,0.9997132366286108,0.14285714285714285,0.2212474895498582,812,10.0,20.0
tgv_vs_drz,after,0.010491071428571428,95.31914893617022,0.9997637143079264,0.14285714285714285,0.2214876516950723,804,10.0,20.0
tgv_vs_drz,after,0.010602678571428572,94.3157894736842,0.9997257739266571,0.14285714285714285,0.22130720212890542,810,10.0,20.0
tgv_vs_drz,after,0.010714285714285714,93.33333333333333,0.999792733778284,0.14285714285714285,0.2206620549790673,832,10.0,20.0
tgv_vs_drz,after,0.010825892857142857,92.37113402061856,0.9997817197935432,0.14285714285714285,0.2216090580540805,800,10.0,20.0
tgv_vs_drz,after,0.0109375,91.42857142857143,0.999811762410751,0.14285714285714285,0.2198217694523472,862,10.0,20.0
tgv_vs_drz,after,0.011049107142857142,90.50505050505052,0.9998029564218709,0.14285714285714285,0.22020844574520457,848,10.0,20.0
tgv_vs_drz,after,0.011160714285714286,89.6,0.999683095532065,0.14285714285714285,0.21928516426814687,882,10.0,20.0
tgv_vs_drz,after,0.011272321428571428,88.71287128712872,0.9994430880571068,0.14285714285714285,0.22077747178815657,828,10.0,20.0
tgv_vs_drz,after,0.011383928571428571,87.84313725490196,0.9995876322289035,0.14285714285714285,0.21955119748619267,872,10.0,20.0
tgv_vs_drz,after,0.011495535714285713,86.99029126213593,0.999459906492944,0.14285714285714285,0.21856336410973248,910,10.0,20.0
tgv_vs_drz,after,0.011607142857142858,86.15384615384615,0.999550388129159,0.14285714285714285,0.21965887440375706,868,10.0,20.0
tgv_vs_drz,after,0.01171875,85.33333333333333,0.9994996646999164,0.14285714285714285,0.21902354389357315,892,10.0,20.0
tgv_vs_drz,after,0.011830357142857142,84.52830188679246,0.9993798447986602,0.14285714285714285,0.2181654494608149,926,10.0,20.0
tgv_vs_drz,after,0.011941964285714285,83.73831775700936,0.9991884607613082,0.14285714285714285,0.21841294458748992,916,10.0,20.0
tgv_vs_drz,after,0.012053571428571427,82.96296296296298,0.9996124635869923,0.14285714285714285,0.21851306204381743,912,10.0,20.0
tgv_vs_drz,after,0.012165178571428572,82.20183486238533,0.9996211958890332,0.14285714285714285,0.21758723335053728,950,10.0,20.0
tgv_vs_drz,after,0.012276785714285714,81.45454545454545,0.9996211793259588,0.14285714285714285,0.21744603829804665,956,10.0,20.0
tgv_vs_drz,after,0.012388392857142856,80.72072072072072,0.9995220615399666,0.14285714285714285,0.21861382957564643,908,10.0,20.0
tgv_vs_drz,after,0.012499999999999999,80.0,0.9992269259660668,0.14285714285714285,0.21675920204107632,986,10.0,20.0
tgv_vs_drz,after,0.012611607142857143,79.29203539823008,0.9994284192924144,0.14285714285714285,0.21725980028494588,964,10.0,20.0
tgv_vs_drz,after,0.012723214285714286,78.59649122807018,0.9993264346380876,0.14285714285714285,0.21721359693608783,966,10.0,20.0
tgv_vs_drz,after,0.012834821428571428,77.91304347826087,0.998877958926623,0.14285714285714285,0.21644914346158642,1000,10.0,20.0
tgv_vs_drz,after,0.01294642857142857,77.24137931034484,0.9989455838108153,0.14285714285714285,0.21653707458648785,996,10.0,20.0
tgv_vs_drz,after,0.013058035714285715,76.58119658119658,0.9990054751474101,0.14285714285714285,0.21649304397049488,998,10.0,20.0
tgv_vs_drz,after,0.013169642857142857,75.9322033898305,0.9992514005486443,0.14285714285714285,0.21610254718236965,1016,10.0,20.0
tgv_vs_drz,after,0.01328125,75.29411764705883,0.9993577056431165,0.14285714285714285,0.21618843703925994,1012,10.0,20.0
tgv_vs_drz,after,0.013392857142857142,74.66666666666667,0.998851080818621,0.14285714285714285,0.21605978929178232,1018,10.0,20.0
tgv_vs_drz,after,0.013504464285714285,74.04958677685951,0.998843909255447,0.14285714285714285,0.21551499634696136,1044,10.0,20.0
tgv_vs_drz,after,0.013616071428571429,73.44262295081967,0.9991119259715847,0.14285714285714285,0.21568047213382657,1036,10.0,20.0
tgv_vs_drz,after,0.013727678571428571,72.84552845528455,0.9983951187539127,0.14285714285714285,0.21498988471428435,1070,10.0,20.0
tgv_vs_drz,after,0.013839285714285714,72.25806451612904,0.9983975710785695,0.14285714285714285,0.21543295911437524,1048,10.0,20.0
tgv_vs_drz,after,0.013950892857142856,71.68,0.997212581143732,0.14285714285714285,0.2148713755575323,1076,10.0,20.0
tgv_vs_drz,after,0.0140625,71.11111111111111,0.9984260371762722,0.14285714285714285,0.21475383879638116,1082,10.0,20.0
tgv_vs_drz,after,0.014174107142857143,70.55118110236221,0.9989890816204932,0.14285714285714285,0.21471487366377726,1084,10.0,20.0
tgv_vs_drz,after,0.014285714285714285,70.0,0.9988831775998036,0.14285714285714285,0.21459861283869502,1090,10.0,20.0
tgv_vs_drz,after,0.014397321428571428,69.45736434108528,0.9982487687724857,0.14285714285714285,0.21425543086377571,1108,10.0,20.0
tgv_vs_drz,after,0.01450892857142857,68.92307692307693,0.9970870025137126,0.14285714285714285,0.21456006915830092,1092,10.0,20.0
tgv_vs_drz,after,0.014620535714285714,68.3969465648855,0.9968592438216893,0.14285714285714285,0.21355728664025345,1146,10.0,20.0
tgv_vs_drz,after,0.014732142857142857,67.87878787878788,0.9982805934726346,0.14285714285714285,0.21366522853675965,1140,10.0,20.0
tgv_vs_drz,after,0.01484375,67.36842105263158,0.9975521653974655,0.14285714285714285,0.2143309783773013,1104,10.0,20.0
tgv_vs_drz,after,0.014955357142857142,66.86567164179105,0.9964796487121017,0.14285714285714285,0.21279046829950965,1190,10.0,20.0
tgv_vs_drz,after,0.015066964285714286,66.37037037037037,0.9976407391478475,0.14285714285714285,0.21373765748018866,1136,10.0,20.0
tgv_vs_drz,after,0.015178571428571428,65.88235294117648,0.996653060435385,0.14285714285714285,0.21352149146774207,1148,10.0,20.0
tgv_vs_drz,after,0.015290178571428571,65.4014598540146,0.9963087510752169,0.14285714285714285,0.21285843635360488,1186,10.0,20.0
tgv_vs_drz,after,0.015401785714285713,64.92753623188406,0.9959793033470865,0.14285714285714285,0.21282441002983377,1188,10.0,20.0
tgv_vs_drz,after,0.015513392857142856,64.46043165467627,0.9961707600864435,0.14285714285714285,0.21337922749072738,1156,10.0,20.0
tgv_vs_drz,after,0.015625,64.0,0.9950125211552577,0.14285714285714285,0.212000361835817,1238,10.0,20.0
tgv_vs_drz,after,0.015736607142857142,63.54609929078014,0.9979809285907668,0.14285714285714285,0.2124887421904062,1208,10.0,20.0
tgv_vs_drz,after,0.015848214285714285,63.098591549295776,0.9981342945491695,0.14285714285714285,0.2127228372174348,1194,10.0,20.0
tgv_vs_drz,after,0.015959821428571427,62.65734265734266,0.9982898724098095,0.14285714285714285,0.2120323741059451,1236,10.0,20.0
tgv_vs_drz,after,0.01607142857142857,62.22222222222223,0.9974387129978969,0.14285714285714285,0.2120323741059451,1236,10.0,20.0
tgv_vs_drz,after,0.016183035714285712,61.79310344827587,0.9936547158981812,0.14285714285714285,0.21187307369980893,1246,10.0,20.0
tgv_vs_drz,after,0.016294642857142858,61.36986301369863,0.9946560247706248,0.14285714285714285,0.21216119331021152,1228,10.0,20.0
tgv_vs_drz,after,0.01640625,60.95238095238095,0.9936948153249364,0.14285714285714285,0.21159104545450594,1264,10.0,20.0
tgv_vs_drz,after,0.016517857142857143,60.54054054054054,0.9902566269176358,0.14285714285714285,0.21149835269259598,1270,10.0,20.0
tgv_vs_drz,after,0.016629464285714286,60.13422818791946,0.9921047137840814,0.14285714285714285,0.21177839816474361,1252,10.0,20.0
tgv_vs_drz,after,0.016741071428571428,59.733333333333334,0.9900826043705521,0.14285714285714285,0.21134529561252643,1280,10.0,20.0
tgv_vs_drz,after,0.01685267857142857,59.337748344370866,0.9914740346916728,0.14285714285714285,0.21054834880675766,1334,10.0,20.0
tgv_vs_drz,after,0.016964285714285713,58.94736842105264,0.9951204170281353,0.14285714285714285,0.21159104545450594,1264,10.0,20.0
tgv_vs_drz,after,0.017075892857142855,58.56209150326798,0.9963305871070354,0.14285714285714285,0.21080861501660042,1316,10.0,20.0
tgv_vs_drz,after,0.017187499999999998,58.18181818181819,0.99607613020926,0.14285714285714285,0.2104912166657718,1338,10.0,20.0
tgv_vs_drz,after,0.017299107142857144,57.806451612903224,0.9936581871852228,0.14285714285714285,0.2112241179090306,1288,10.0,20.0
tgv_vs_drz,after,0.017410714285714286,57.43589743589743,0.9916115175683576,0.14285714285714285,0.21009825045931166,1366,10.0,20.0
tgv_vs_drz,after,0.01752232142857143,57.07006369426752,0.9957946783292334,0.14285714285714285,0.21034948559464076,1348,10.0,20.0
tgv_vs_drz,after,0.01763392857142857,56.708860759493675,0.9897436988294014,0.14285714285714285,0.21046274528313325,1340,10.0,20.0
tgv_vs_drz,after,0.017745535714285714,56.35220125786164,0.9841261691724584,0.14285714285714285,0.2102651915533084,1354,10.0,20.0
tgv_vs_drz,after,0.017857142857142856,56.0,0.9858615698936485,0.14285714285714285,0.20979775932161346,1388,10.0,20.0
tgv_vs_drz,after,0.01796875,55.652173913043484,0.9901147222566286,0.14285714285714285,0.21001559151209073,1372,10.0,20.0
tgv_vs_drz,after,0.01808035714285714,55.308641975308646,0.9900127028563117,0.14285714285714285,0.20993346585157174,1378,10.0,20.0
tgv_vs_drz,after,0.018191964285714284,54.96932515337424,0.988702104510177,0.14285714285714285,0.20969023176701643,1396,10.0,20.0
tgv_vs_drz,after,0.01830357142857143,54.63414634146341,0.9862596083726288,0.14285714285714285,0.20974388120426476,1392,10.0,20.0
tgv_vs_drz,after,0.018415178571428572,54.303030303030305,0.9870098974543499,0.14285714285714285,0.20924322011539456,1430,10.0,20.0
tgv_vs_drz,after,0.018526785714285714,53.975903614457835,0.9811444373305047,0.14285714285714285,0.20937304795788578,1420,10.0,20.0
tgv_vs_drz,after,0.018638392857142857,53.65269461077845,0.9765485842182217,0.14285714285714285,0.20958361247909307,1404,10.0,20.0
tgv_vs_drz,after,0.01875,53.333333333333336,0.9789717121199316,0.14285714285714285,0.20908918974285123,1442,10.0,20.0
tgv_vs_drz,after,0.018861607142857142,53.01775147928994,0.9764671568711479,0.14285714285714285,0.2091147294392002,1440,10.0,20.0
tgv_vs_drz,after,0.018973214285714284,52.70588235294118,0.9824394228414441,0.14285714285714285,0.20878674915614567,1466,10.0,20.0
tgv_vs_drz,after,0.019084821428571427,52.397660818713454,0.9582141295260844,0.14285714285714285,0.20896227354363328,1452,10.0,20.0
tgv_vs_drz,after,0.01919642857142857,52.09302325581396,0.9653664551353033,0.14285714285714285,0.20861368932701757,1480,10.0,20.0
tgv_vs_drz,after,0.019308035714285715,51.79190751445086,0.9581581663574091,0.14285714285714285,0.20849155226945118,1490,10.0,20.0
tgv_vs_drz,after,0.019419642857142858,51.49425287356322,0.9703290954525574,0.14285714285714285,0.20886166870324252,1460,10.0,20.0
tgv_vs_drz,after,0.01953125,51.2,0.9729398111499895,0.14285714285714285,0.20832258514572422,1504,10.0,20.0
tgv_vs_drz,after,0.019642857142857142,50.909090909090914,0.960288888007695,0.14285714285714285,0.20820331375489703,1514,10.0,20.0
tgv_vs_drz,after,0.019754464285714285,50.621468926553675,0.9580918331718739,0.14285714285714285,0.2080852033992908,1524,10.0,20.0
tgv_vs_drz,after,0.019866071428571427,50.337078651685395,0.9536669674974909,0.14285714285714285,0.20822707454226386,1512,10.0,20.0
tgv_vs_drz,after,0.01997767857142857,50.05586592178771,0.9531904116865254,0.14285714285714285,0.2076466470245122,1562,10.0,20.0
tgv_vs_drz,after,0.020089285714285712,49.777777777777786,0.9602276316138182,0.14285714285714285,0.20817959940754727,1516,10.0,20.0
tgv_vs_drz,after,0.020200892857142858,49.50276243093922,0.9751383188291239,0.14285714285714285,0.20817959940754727,1516,10.0,20.0
tgv_vs_drz,after,0.0203125,49.230769230769226,0.9718764611391291,0.14285714285714285,0.2071581805789342,1606,10.0,20.0
tgv_vs_drz,after,0.020424107142857143,48.96174863387978,0.9587682525080397,0.14285714285714285,0.2078523911652866,1544,10.0,20.0
tgv_vs_drz,after,0.020535714285714286,48.69565217391305,0.9696878266242881,0.14285714285714285,0.20751142498562736,1574,10.0,20.0
tgv_vs_drz,after,0.020647321428571428,48.432432432432435,0.985911708995197,0.14285714285714285,0.207311430402214,1592,10.0,20.0
tgv_vs_drz,after,0.02075892857142857,48.17204301075269,0.9855192791096565,0.14285714285714285,0.20766933369874285,1560,10.0,20.0
tgv_vs_drz,after,0.020870535714285713,47.9144385026738,0.9758142303550659,0.14285714285714285,0.2072455083727941,1598,10.0,20.0
tgv_vs_drz,after,0.020982142857142855,47.65957446808511,0.9575251132225785,0.14285714285714285,0.20679410702631273,1640,10.0,20.0
tgv_vs_drz,after,0.021093749999999998,47.40740740740741,0.9676379242441351,0.14285714285714285,0.2070931065498322,1612,10.0,20.0
tgv_vs_drz,after,0.021205357142857144,47.1578947368421,0.9596294464865734,0.14285714285714285,0.20733348626347292,1590,10.0,20.0
tgv_vs_drz,after,0.021316964285714286,46.910994764397905,0.948213681291579,0.14285714285714285,0.2068363565335541,1636,10.0,20.0
tgv_vs_drz,after,0.02142857142857143,46.666666666666664,0.9512317898826267,0.14285714285714285,0.20646152179686691,1672,10.0,20.0
tgv_vs_drz,after,0.02154017857142857,46.424870466321245,0.9645032587183491,0.14285714285714285,0.20677303948480721,1642,10.0,20.0
tgv_vs_drz,after,0.021651785714285714,46.18556701030928,0.9737925227062191,0.14285714285714285,0.20654377883697478,1664,10.0,20.0
tgv_vs_drz,after,0.021763392857142856,45.94871794871795,0.9782553046346729,0.14285714285714285,0.2069213164900138,1628,10.0,20.0
tgv_vs_drz,after,0.021875,45.714285714285715,0.9736849180903632,0.14285714285714285,0.20615817865004304,1702,10.0,20.0
tgv_vs_drz,after,0.02198660714285714,45.48223350253807,0.9818458241430609,0.14285714285714285,0.2063798459329584,1680,10.0,20.0
tgv_vs_drz,after,0.022098214285714284,45.25252525252526,0.9729925882122259,0.14285714285714285,0.20607862228912602,1710,10.0,20.0
tgv_vs_drz,after,0.02220982142857143,45.0251256281407,0.9616843092949443,0.14285714285714285,0.2060193161196826,1716,10.0,20.0
tgv_vs_drz,after,0.022321428571428572,44.8,0.9494294306527092,0.14285714285714285,0.2064206116472992,1676,10.0,20.0
tgv_vs_drz,after,0.022433035714285714,44.5771144278607,0.936051867280363,0.14285714285714285,0.20568896146044316,1750,10.0,20.0
tgv_vs_drz,after,0.022544642857142857,44.35643564356436,0.9493433510683212,0.14285714285714285,0.20586265784981742,1732,10.0,20.0
tgv_vs_drz,after,0.02265625,44.13793103448276,0.9489001658549088,0.14285714285714285,0.20625840693654623,1692,10.0,20.0
tgv_vs_drz,after,0.022767857142857142,43.92156862745098,0.9466616227626268,0.14285714285714285,0.20561261066388095,1758,10.0,20.0
tgv_vs_drz,after,0.022879464285714284,43.707317073170735,0.950767410658915,0.14285714285714285,0.20563165001517575,1756,10.0,20.0
tgv_vs_drz,after,0.022991071428571427,43.49514563106796,0.9423833675756356,0.14285714285714285,0.2059799491398533,1720,10.0,20.0
tgv_vs_drz,after,0.02310267857142857,43.28502415458938,0.9612345714360454,0.14285714285714285,0.2050559530372921,1818,10.0,20.0
tgv_vs_drz,after,0.023214285714285715,43.07692307692307,0.9702322247144035,0.14285714285714285,0.20529377749698421,1792,10.0,20.0
tgv_vs_drz,after,0.023325892857142858,42.87081339712918,0.9657434849173903,0.14285714285714285,0.20578513067261447,1740,10.0,20.0
tgv_vs_drz,after,0.0234375,42.666666666666664,0.969809687085766,0.14285714285714285,0.2049478815407546,1830,10.0,20.0
tgv_vs_drz,after,0.023549107142857142,42.464454976303315,0.9423844080407406,0.14285714285714285,0.2053308201973659,1788,10.0,20.0
tgv_vs_drz,after,0.023660714285714285,42.26415094339623,0.9418896491967912,0.14285714285714285,0.2051650873580342,1806,10.0,20.0
tgv_vs_drz,after,0.023772321428571427,42.06572769953052,0.9317759659917756,0.14285714285714285,0.20500178551890139,1824,10.0,20.0
tgv_vs_drz,after,0.02388392857142857,41.86915887850468,0.9113630583840124,0.14285714285714285,0.2050378677827802,1820,10.0,20.0
tgv_vs_drz,after,0.023995535714285712,41.674418604651166,0.9167451145011749,0.14285714285714285,0.20473485868990474,1854,10.0,20.0
tgv_vs_drz,after,0.024107142857142855,41.48148148148149,0.9222273117966153,0.14285714285714285,0.20489423896779435,1836,10.0,20.0
tgv_vs_drz,after,0.02421875,41.29032258064516,0.8956556906812637,0.14285714285714285,0.20482311852246032,1844,10.0,20.0
tgv_vs_drz,after,0.024330357142857143,41.10091743119266,0.874057174264685,0.14285714285714285,0.20428703415014268,1906,10.0,20.0
tgv_vs_drz,after,0.024441964285714286,40.91324200913242,0.8957023302145011,0.14285714285714285,0.20485862143419345,1840,10.0,20.0
tgv_vs_drz,after,0.024553571428571428,40.72727272727273,0.9074196916323928,0.14285714285714285,0.20443997892001115,1888,10.0,20.0
tgv_vs_drz,after,0.02466517857142857,40.542986425339365,0.9302598780756935,0.14285714285714285,0.20432083629059994,1902,10.0,20.0
tgv_vs_drz,after,0.024776785714285713,40.36036036036036,0.9557209885595184,0.14285714285714285,0.20478772961770136,1848,10.0,20.0
tgv_vs_drz,after,0.024888392857142855,40.17937219730942,0.9623479318918265,0.14285714285714285,0.20406985646203774,1932,10.0,20.0
tgv_vs_drz,after,0.024999999999999998,40.0,0.8903295932313882,0.14285714285714285,0.20405333008241125,1934,10.0,20.0
tgv_vs_drz,after,0.02511160714285714,39.82222222222222,0.8838139583957805,0.14285714285714285,0.20443997892001115,1888,10.0,20.0
tgv_vs_drz,after,0.025223214285714286,39.64601769911504,0.8789866623353567,0.14285714285714285,0.20395470143415717,1946,10.0,20.0
tgv_vs_drz,after,0.02533482142857143,39.47136563876652,0.8715048089447527,0.14285714285714285,0.20380843789404254,1964,10.0,20.0
tgv_vs_drz,after,0.02544642857142857,39.29824561403509,0.875101310949792,0.14285714285714285,0.20397107681264137,1944,10.0,20.0
tgv_vs_drz,after,0.025558035714285714,39.12663755458515,0.893075801176655,0.14285714285714285,0.2038245910506852,1962,10.0,20.0
tgv_vs_drz,after,0.025669642857142856,38.95652173913044,0.8866029299312214,0.14285714285714285,0.20368008519926165,1980,10.0,20.0
tgv_vs_drz,after,0.02578125,38.78787878787879,0.9038364402916896,0.14285714285714285,0.20406985646203774,1932,10.0,20.0
tgv_vs_drz,after,0.02589285714285714,38.62068965517242,0.9278170088019015,0.14285714285714285,0.20360064332422378,1990,10.0,20.0
tgv_vs_drz,after,0.026004464285714284,38.4549356223176,0.9216101632460664,0.14285714285714285,0.20345912978831718,2008,10.0,20.0
tgv_vs_drz,after,0.02611607142857143,38.29059829059829,0.9217182044027609,0.14285714285714285,0.20380843789404254,1964,10.0,20.0
tgv_vs_drz,after,0.026227678571428572,38.12765957446808,0.890193393284742,0.14285714285714285,0.20335035825347117,2022,10.0,20.0
tgv_vs_drz,after,0.026339285714285714,37.96610169491525,0.91346504267777,0.14285714285714285,0.20333491064606968,2024,10.0,20.0
tgv_vs_drz,after,0.026450892857142857,37.80590717299578,0.9347499735533753,0.14285714285714285,0.20333491064606968,2024,10.0,20.0
tgv_vs_drz,after,0.0265625,37.64705882352941,0.9350095395572813,0.14285714285714285,0.20338132157581876,2018,10.0,20.0
tgv_vs_drz,after,0.026674107142857142,37.48953974895397,0.9209711368902428,0.14285714285714285,0.2030306380195964,2064,10.0,20.0
tgv_vs_drz,after,0.026785714285714284,37.333333333333336,0.9251143624826991,0.14285714285714285,0.2030156542404139,2066,10.0,20.0
tgv_vs_drz,after,0.026897321428571427,37.178423236514526,0.9334575774645345,0.14285714285714285,0.20352179142430754,2000,10.0,20.0
tgv_vs_drz,after,0.02700892857142857,37.02479338842976,0.9387424876112382,0.14285714285714285,0.20276417883135758,2100,10.0,20.0
tgv_vs_drz,after,0.027120535714285715,36.87242798353909,0.8911246308051272,0.14285714285714285,0.20280811620931277,2094,10.0,20.0
tgv_vs_drz,after,0.027232142857142858,36.721311475409834,0.8524155863811591,0.14285714285714285,0.20294105689975392,2076,10.0,20.0
tgv_vs_drz,after,0.02734375,36.57142857142857,0.8974167541647576,0.14285714285714285,0.20285224078709876,2088,10.0,20.0
tgv_vs_drz,after,0.027455357142857142,36.422764227642276,0.8633959980967856,0.14285714285714285,0.20251867322781997,2134,10.0,20.0
tgv_vs_drz,after,0.027566964285714285,36.2753036437247,0.9010081660931499,0.14285714285714285,0.20276417883135758,2100,10.0,20.0
tgv_vs_drz,after,0.027678571428571427,36.12903225806452,0.9017212262670694,0.14285714285714285,0.20282280353622323,2092,10.0,20.0
tgv_vs_drz,after,0.02779017857142857,35.98393574297189,0.8337588103927269,0.14285714285714285,0.2024051399747265,2150,10.0,20.0
tgv_vs_drz,after,0.027901785714285712,35.84,0.8194273215445644,0.14285714285714285,0.2023910364655755,2152,10.0,20.0
tgv_vs_drz,after,0.028013392857142855,35.69721115537849,0.8975333671356518,0.14285714285714285,0.20294105689975392,2076,10.0,20.0
tgv_vs_drz,after,0.028125,35.55555555555556,0.9293769033413338,0.14285714285714285,0.20199031257847036,2210,10.0,20.0
tgv_vs_drz,after,0.028236607142857143,35.41501976284585,0.9053055533124889,0.14285714285714285,0.20256157441371295,2128,10.0,20.0
tgv_vs_drz,after,0.028348214285714286,35.275590551181104,0.8925128364398155,0.14285714285714285,0.20220944357269727,2178,10.0,20.0
tgv_vs_drz,after,0.028459821428571428,35.13725490196079,0.8834125825687895,0.14285714285714285,0.2020038700244288,2208,10.0,20.0
tgv_vs_drz,after,0.02857142857142857,35.0,0.8888143441769655,0.14285714285714285,0.20227890442236768,2168,10.0,20.0
tgv_vs_drz,after,0.028683035714285713,34.86381322957199,0.8661558786432646,0.14285714285714285,0.20209928513740544,2194,10.0,20.0
tgv_vs_drz,after,0.028794642857142855,34.72868217054264,0.8578348960269193,0.14285714285714285,0.20219560817884408,2180,10.0,20.0
tgv_vs_drz,after,0.028906249999999998,34.5945945945946,0.8371218444981844,0.14285714285714285,0.2018157070765534,2236,10.0,20.0
tgv_vs_drz,after,0.02901785714285714,34.46153846153847,0.8286568528383476,0.14285714285714285,0.20212671273157043,2190,10.0,20.0
tgv_vs_drz,after,0.029129464285714286,34.32950191570881,0.815144161874745,0.14285714285714285,0.20165718663427828,2260,10.0,20.0
tgv_vs_drz,after,0.02924107142857143,34.19847328244275,0.7712563631182516,0.14285714285714285,0.20197677333037697,2212,10.0,20.0
tgv_vs_drz,after,0.02935267857142857,34.06844106463878,0.6423453909888758,0.14285714285714285,0.20148825195988218,2286,10.0,20.0
tgv_vs_drz,after,0.029464285714285714,33.93939393939394,0.7051000864430796,0.14285714285714285,0.20176258739613345,2244,10.0,20.0
tgv_vs_drz,after,0.029575892857142856,33.81132075471698,0.8320902868296233,0.14285714285714285,0.20165718663427828,2260,10.0,20.0
tgv_vs_drz,after,0.0296875,33.68421052631579,0.8254455589357155,0.14285714285714285,0.20130948318858632,2314,10.0,20.0
tgv_vs_drz,after,0.02979910714285714,33.55805243445693,0.7925878239221926,0.14285714285714285,0.20178911203700534,2240,10.0,20.0
tgv_vs_drz,after,0.029910714285714284,33.43283582089553,0.7444027395640911,0.14285714285714285,0.20133482448864679,2310,10.0,20.0
tgv_vs_drz,after,0.030022321428571426,33.30855018587361,0.7801189525086084,0.14285714285714285,0.20150114550038942,2284,10.0,20.0
tgv_vs_drz,after,0.030133928571428572,33.18518518518518,0.8020363368412251,0.14285714285714285,0.20163100936456846,2264,10.0,20.0
tgv_vs_drz,after,0.030245535714285714,33.06273062730627,0.8202977512557464,0.14285714285714285,0.20093700504233267,2374,10.0,20.0
tgv_vs_drz,after,0.030357142857142857,32.94117647058824,0.7938173839154574,0.14285714285714285,0.20127159292996374,2320,10.0,20.0
tgv_vs_drz,after,0.03046875,32.820512820512825,0.7853302607351176,0.14285714285714285,0.2014240345538633,2296,10.0,20.0
tgv_vs_drz,after,0.030580357142857142,32.7007299270073,0.8547900268611909,0.14285714285714285,0.20091267051918305,2378,10.0,20.0
tgv_vs_drz,after,0.030691964285714284,32.581818181818186,0.8405928442048737,0.14285714285714285,0.20117125958839946,2336,10.0,20.0
tgv_vs_drz,after,0.030803571428571427,32.46376811594203,0.8244283809091703,0.14285714285714285,0.20117125958839946,2336,10.0,20.0
tgv_vs_drz,after,0.03091517857142857,32.34657039711192,0.6453821544495136,0.14285714285714285,0.20079190337726316,2398,10.0,20.0
tgv_vs_drz,after,0.03102678571428571,32.230215827338135,0.6109671650574582,0.14285714285714285,0.2008520992222212,2388,10.0,20.0
tgv_vs_drz,after,0.031138392857142858,32.11469534050179,0.673596070727662,0.14285714285714285,0.20129683691159364,2316,10.0,20.0
tgv_vs_drz,after,0.03125,32.0,0.6389949894349263,0.14285714285714285,0.20060175498092978,2430,10.0,20.0
tgv_vs_drz,after,0.03136160714285714,31.88612099644128,0.6275740554354319,0.14285714285714285,0.2005899942187709,2432,10.0,20.0
tgv_vs_drz,after,0.031473214285714285,31.77304964539007,0.6466004800283227,0.14285714285714285,0.20091267051918305,2378,10.0,20.0
tgv_vs_drz,after,0.03158482142857143,31.66077738515901,0.6444144225789199,0.14285714285714285,0.2005899942187709,2432,10.0,20.0
tgv_vs_drz,after,0.03169642857142857,31.549295774647888,0.7776064103026932,0.14285714285714285,0.20073207911367105,2408,10.0,20.0
tgv_vs_drz,after,0.03180803571428571,31.438596491228072,0.8352280384633975,0.14285714285714285,0.20043839988598003,2458,10.0,20.0
tgv_vs_drz,after,0.031919642857142855,31.32867132867133,0.8226525306133192,0.14285714285714285,0.20063712367957884,2424,10.0,20.0
tgv_vs_drz,after,0.03203125,31.219512195121954,0.7742504394710987,0.14285714285714285,0.2004037543659979,2464,10.0,20.0
tgv_vs_drz,after,0.03214285714285714,31.111111111111114,0.7286283158816904,0.14285714285714285,0.2003233998560821,2478,10.0,20.0
tgv_vs_drz,after,0.03225446428571428,31.00346020761246,0.6830878336233626,0.14285714285714285,0.20075596447473562,2404,10.0,20.0
tgv_vs_drz,after,0.032366071428571425,30.896551724137936,0.6719847162784568,0.14285714285714285,0.2001759442030165,2504,10.0,20.0
tgv_vs_drz,after,0.03247767857142857,30.790378006872857,0.6240915780807179,0.14285714285714285,0.20011983450492699,2514,10.0,20.0
tgv_vs_drz,after,0.032589285714285716,30.684931506849313,0.5226754458908984,0.14285714285714285,0.20038072687575237,2468,10.0,20.0
tgv_vs_drz,after,0.03270089285714286,30.580204778156993,0.6546795746796075,0.14285714285714285,0.20022107212707113,2496,10.0,20.0
tgv_vs_drz,after,0.0328125,30.476190476190474,0.6654684482443985,0.14285714285714285,0.1999424885446575,2546,10.0,20.0
tgv_vs_drz,after,0.032924107142857144,30.372881355932204,0.6627341624964141,0.14285714285714285,0.2003577547434476,2472,10.0,20.0
tgv_vs_drz,after,0.033035714285714286,30.27027027027027,0.5150625005490598,0.14285714285714285,0.19992055302869258,2550,10.0,20.0
tgv_vs_drz,after,0.03314732142857143,30.16835016835017,0.5952597087901809,0.14285714285714285,0.19982247206699402,2568,10.0,20.0
tgv_vs_drz,after,0.03325892857142857,30.06711409395973,0.6802092909619486,0.14285714285714285,0.20022107212707113,2496,10.0,20.0
tgv_vs_drz,after,0.033370535714285714,29.96655518394649,0.54808680895289,0.14285714285714285,0.19981163721274517,2570,10.0,20.0
tgv_vs_drz,after,0.033482142857142856,29.866666666666667,0.5486276910701829,0.14285714285714285,0.19969327465375333,2592,10.0,20.0
tgv_vs_drz,after,0.03359375,29.767441860465116,0.460494862705251,0.14285714285714285,0.19999755197612662,2536,10.0,20.0
tgv_vs_drz,after,0.03370535714285714,29.668874172185433,0.42122212825615046,0.14285714285714285,0.19968258842376282,2594,10.0,20.0
tgv_vs_drz,after,0.033816964285714284,29.570957095709574,0.5308920164244662,0.14285714285714285,0.1997576502130963,2580,10.0,20.0
tgv_vs_drz,after,0.033928571428571426,29.47368421052632,0.6458072504113341,0.14285714285714285,0.19962934028121115,2604,10.0,20.0
tgv_vs_drz,after,0.03404017857142857,29.377049180327873,0.5805352166229434,0.14285714285714285,0.19970397313874927,2590,10.0,20.0
tgv_vs_drz,after,0.03415178571428571,29.28104575163399,0.41219149733653454,0.14285714285714285,0.1995447720660188,2620,10.0,20.0
tgv_vs_drz,after,0.03426339285714285,29.185667752443,0.5354947386034956,0.14285714285714285,0.1995869599845832,2612,10.0,20.0
tgv_vs_drz,after,0.034374999999999996,29.090909090909093,0.5424516920292315,0.14285714285714285,0.19953425497473404,2622,10.0,20.0
tgv_vs_drz,after,0.034486607142857145,28.996763754045304,0.47394284994829217,0.14285714285714285,0.19923435045727056,2680,10.0,20.0
tgv_vs_drz,after,0.03459821428571429,28.903225806451612,0.4445753434418515,0.14285714285714285,0.19940897247414457,2646,10.0,20.0
tgv_vs_drz,after,0.03470982142857143,28.810289389067524,0.4978300713653311,0.14285714285714285,0.19948184772087152,2632,10.0,20.0
tgv_vs_drz,after,0.03482142857142857,28.717948717948715,0.47550409202481597,0.14285714285714285,0.19925472300409489,2676,10.0,20.0
tgv_vs_drz,after,0.034933035714285715,28.62619808306709,0.4301650303942023,0.14285714285714285,0.199163400800433,2694,10.0,20.0
tgv_vs_drz,after,0.03504464285714286,28.53503184713376,0.4106806250595857,0.14285714285714285,0.19929560413957997,2668,10.0,20.0
tgv_vs_drz,after,0.03515625,28.444444444444443,0.415492217417224,0.14285714285714285,0.19923435045727056,2680,10.0,20.0
tgv_vs_drz,after,0.03526785714285714,28.354430379746837,0.48032550668660007,0.14285714285714285,0.199163400800433,2694,10.0,20.0
tgv_vs_drz,after,0.035379464285714285,28.26498422712934,0.6122898610310834,0.14285714285714285,0.19903307957272984,2720,10.0,20.0
tgv_vs_drz,after,0.03549107142857143,28.17610062893082,0.614416556850719,0.14285714285714285,0.19923435045727056,2680,10.0,20.0
tgv_vs_drz,after,0.03560267857142857,28.087774294670847,0.5294710957784218,0.14285714285714285,0.1987296503731864,2782,10.0,20.0
tgv_vs_drz,after,0.03571428571428571,28.0,0.4306479728551903,0.14285714285714285,0.19919374056785832,2688,10.0,20.0
tgv_vs_drz,after,0.035825892857142855,27.912772585669785,0.3652588632057512,0.14285714285714285,0.19897355378849282,2732,10.0,20.0
tgv_vs_drz,after,0.0359375,27.826086956521742,0.4168413953217908,0.14285714285714285,0.19863390479962775,2802,10.0,20.0
tgv_vs_drz,after,0.03604910714285714,27.73993808049536,0.35776148216150183,0.14285714285714285,0.19893408530849774,2740,10.0,20.0
tgv_vs_drz,after,0.03616071428571428,27.654320987654323,0.3096302974839924,0.14285714285714285,0.1989636705837003,2734,10.0,20.0
tgv_vs_drz,after,0.036272321428571425,27.56923076923077,0.29203543260211967,0.14285714285714285,0.1987779076146052,2772,10.0,20.0
tgv_vs_drz,after,0.03638392857142857,27.48466257668712,0.2655960583351821,0.14285714285714285,0.1985674850051077,2816,10.0,20.0
tgv_vs_drz,after,0.036495535714285716,27.400611620795104,0.39084618595467213,0.14285714285714285,0.19880698630805718,2766,10.0,20.0
tgv_vs_drz,after,0.03660714285714286,27.317073170731707,0.3930926823994238,0.14285714285714285,0.19847344616835114,2836,10.0,20.0
tgv_vs_drz,after,0.03671875,27.23404255319149,0.399974475113784,0.14285714285714285,0.1985674850051077,2816,10.0,20.0
tgv_vs_drz,after,0.036830357142857144,27.151515151515152,0.3587772451656783,0.14285714285714285,0.1987296503731864,2782,10.0,20.0
tgv_vs_drz,after,0.036941964285714286,27.069486404833835,0.30775902460521726,0.14285714285714285,0.1983434350217766,2864,10.0,20.0
tgv_vs_drz,after,0.03705357142857143,26.987951807228917,0.3378938066820045,0.14285714285714285,0.19852975072299847,2824,10.0,20.0
tgv_vs_drz,after,0.03716517857142857,26.906906906906908,0.3998406898647799,0.14285714285714285,0.19837113512849097,2858,10.0,20.0
tgv_vs_drz,after,0.037276785714285714,26.826347305389223,0.2637831148797231,0.14285714285714285,0.19847344616835114,2836,10.0,20.0
tgv_vs_drz,after,0.037388392857142856,26.746268656716417,0.304920324099506,0.14285714285714285,0.1984547565946868,2840,10.0,20.0
tgv_vs_drz,after,0.0375,26.666666666666668,0.276471211817183,0.14285714285714285,0.19818808118118406,2898,10.0,20.0
tgv_vs_drz,after,0.03761160714285714,26.587537091988132,0.3685162707314619,0.14285714285714285,0.19843610609789097,2844,10.0,20.0
tgv_vs_drz,after,0.037723214285714284,26.50887573964497,0.3480427900158572,0.14285714285714285,0.19795564920134207,2950,10.0,20.0
tgv_vs_drz,after,0.037834821428571426,26.4306784660767,0.30455617982155153,0.14285714285714285,0.19830663541185475,2872,10.0,20.0
tgv_vs_drz,after,0.03794642857142857,26.35294117647059,0.27122100312064656,0.14285714285714285,0.1982882926807455,2876,10.0,20.0
tgv_vs_drz,after,0.03805803571428571,26.275659824046922,0.2042659850753606,0.14285714285714285,0.19802651424106882,2934,10.0,20.0
tgv_vs_drz,after,0.03816964285714285,26.198830409356727,0.24971745558980876,0.14285714285714285,0.1981069271457448,2916,10.0,20.0
tgv_vs_drz,after,0.038281249999999996,26.12244897959184,0.2415367711056291,0.14285714285714285,0.1982152991985056,2892,10.0,20.0
tgv_vs_drz,after,0.03839285714285714,26.04651162790698,0.18662192595440139,0.14285714285714285,0.19793802214251247,2954,10.0,20.0
tgv_vs_drz,after,0.03850446428571429,25.97101449275362,0.2760550467583808,0.14285714285714285,0.19782430484837527,2980,10.0,20.0
tgv_vs_drz,after,0.03861607142857143,25.89595375722543,0.2664380723382243,0.14285714285714285,0.19825172071105046,2884,10.0,20.0
tgv_vs_drz,after,0.03872767857142857,25.821325648414984,0.15487085863502983,0.14285714285714285,0.1978156184587228,2982,10.0,20.0
tgv_vs_drz,after,0.038839285714285715,25.74712643678161,0.18172270327632883,0.14285714285714285,0.19760123472388125,3032,10.0,20.0
tgv_vs_drz,after,0.03895089285714286,25.673352435530084,0.17046054578825037,0.14285714285714285,0.1981609467848357,2904,10.0,20.0
tgv_vs_drz,after,0.0390625,25.6,0.243689375558182,0.14285714285714285,0.1975253385684874,3050,10.0,20.0
tgv_vs_drz,after,0.03917410714285714,25.527065527065528,0.24537162355913952,0.14285714285714285,0.19784170365088652,2976,10.0,20.0
tgv_vs_drz,after,0.039285714285714285,25.454545454545457,0.07982637578596133,0.14285714285714285,0.1976097089758139,3030,10.0,20.0
tgv_vs_drz,after,0.03939732142857143,25.38243626062323,0.09999419429713569,0.14285714285714285,0.1977550552720954,2996,10.0,20.0
tgv_vs_drz,after,0.03950892857142857,25.310734463276837,0.12046686018320521,0.14285714285714285,0.19765220529146557,3020,10.0,20.0
tgv_vs_drz,after,0.03962053571428571,25.23943661971831,0.15200215890569319,0.14285714285714285,0.1975085631250675,3054,10.0,20.0
tgv_vs_drz,after,0.039732142857142855,25.168539325842698,0.1660853861129966,0.14285714285714285,0.19770347780800562,3008,10.0,20.0
tgv_vs_drz,after,0.03984375,25.098039215686278,0.25819590408415394,0.14285714285714285,0.19743347590385044,3072,10.0,20.0
tgv_vs_drz,after,0.03995535714285714,25.027932960893857,0.21953108609617855,0.14285714285714285,0.19739204277139769,3082,10.0,20.0
tgv_vs_drz,after,0.04006696428571428,24.95821727019499,0.15364426624289532,0.14285714285714285,0.1976692624332035,3016,10.0,20.0
tgv_vs_drz,after,0.040178571428571425,24.888888888888893,0.2497805920803216,0.14285714285714285,0.19731796447605393,3100,10.0,20.0
tgv_vs_drz,after,0.04029017857142857,24.81994459833795,0.2825546143517951,0.14285714285714285,0.1974251732503782,3074,10.0,20.0
tgv_vs_drz,after,0.040401785714285716,24.75138121546961,0.22896243585685508,0.14285714285714285,0.19745010534200189,3068,10.0,20.0
tgv_vs_drz,after,0.04051339285714286,24.683195592286502,0.17444468866007184,0.14285714285714285,0.19736727869292328,3088,10.0,20.0
tgv_vs_drz,after,0.040625,24.615384615384613,0.15958476705334412,0.14285714285714285,0.1970358524551192,3170,10.0,20.0
tgv_vs_drz,after,0.040736607142857144,24.54794520547945,0.19466679064633793,0.14285714285714285,0.197483461108339,3060,10.0,20.0
tgv_vs_drz,after,0.040848214285714286,24.48087431693989,0.159162808322793,0.14285714285714285,0.19717976864090656,3134,10.0,20.0
tgv_vs_drz,after,0.04095982142857143,24.4141689373297,0.1264279793633217,0.14285714285714285,0.19701210252814472,3176,10.0,20.0
tgv_vs_drz,after,0.04107142857142857,24.347826086956523,0.11842269508796441,0.14285714285714285,0.19738378012086183,3084,10.0,20.0
tgv_vs_drz,after,0.041183035714285714,24.281842818428185,0.160146300136198,0.14285714285714285,0.19695694455425367,3190,10.0,20.0
tgv_vs_drz,after,0.041294642857142856,24.216216216216218,0.27180402838348283,0.14285714285714285,0.1970755845534379,3160,10.0,20.0
tgv_vs_drz,after,0.04140625,24.150943396226417,0.17275367037114506,0.14285714285714285,0.1970755845534379,3160,10.0,20.0
tgv_vs_drz,after,0.04151785714285714,24.086021505376344,0.17610422395220726,0.14285714285714285,0.19706762319057258,3162,10.0,20.0
tgv_vs_drz,after,0.041629464285714284,24.021447721179626,0.21333344837967733,0.14285714285714285,0.19698053952908048,3184,10.0,20.0
tgv_vs_drz,after,0.041741071428571426,23.9572192513369,0.16469313030682173,0.14285714285714285,0.19696480220931625,3188,10.0,20.0
tgv_vs_drz,after,0.04185267857142857,23.893333333333334,0.17459300584243811,0.14285714285714285,0.19690995197425074,3202,10.0,20.0
tgv_vs_drz,after,0.04196428571428571,23.829787234042556,0.13044874967117454,0.14285714285714285,0.1966864592271897,3260,10.0,20.0
tgv_vs_drz,after,0.04207589285714285,23.766578249336874,0.0776507200999265,0.14285714285714285,0.19691776587158633,3200,10.0,20.0
tgv_vs_drz,after,0.042187499999999996,23.703703703703706,0.07054370921282975,0.14285714285714285,0.19692558703358493,3198,10.0,20.0
tgv_vs_drz,after,0.04229910714285714,23.641160949868077,0.09086692874840323,0.14285714285714285,0.19662584390434415,3276,10.0,20.0
tgv_vs_drz,after,0.04241071428571429,23.57894736842105,0.0935299175326236,0.14285714285714285,0.1967398616607217,3246,10.0,20.0
tgv_vs_drz,after,0.04252232142857143,23.517060367454068,0.11431440359204412,0.14285714285714285,0.1969334154715303,3196,10.0,20.0
tgv_vs_drz,after,0.04263392857142857,23.455497382198953,0.11252599424425802,0.14285714285714285,0.19662584390434415,3276,10.0,20.0
tgv_vs_drz,after,0.042745535714285715,23.39425587467363,0.13185245304566146,0.14285714285714285,0.19658818240465054,3286,10.0,20.0
tgv_vs_drz,after,0.04285714285714286,23.333333333333332,0.16863383771860055,0.14285714285714285,0.19656566720869945,3292,10.0,20.0
tgv_vs_drz,after,0.04296875,23.272727272727273,0.10231127811038526,0.14285714285714285,0.19674751854137398,3244,10.0,20.0
tgv_vs_drz,after,0.04308035714285714,23.212435233160623,0.14854000542627563,0.14285714285714285,0.19627841680223054,3370,10.0,20.0
tgv_vs_drz,after,0.043191964285714285,23.152454780361758,0.09876653207910902,0.14285714285714285,0.19665609640424975,3268,10.0,20.0
tgv_vs_drz,after,0.04330357142857143,23.09278350515464,0.07683148033411694,0.14285714285714285,0.1965506909503124,3296,10.0,20.0
tgv_vs_drz,after,0.04341517857142857,23.033419023136247,0.06627568960536585,0.14285714285714285,0.19635112163071453,3350,10.0,20.0
tgv_vs_drz,after,0.04352678571428571,22.974358974358974,0.09062979015675515,0.14285714285714285,0.19649105513285683,3312,10.0,20.0
tgv_vs_drz,after,0.043638392857142855,22.915601023017903,0.06330020751903037,0.14285714285714285,0.1965506909503124,3296,10.0,20.0
tgv_vs_drz,after,0.04375,22.857142857142858,0.05232796924862346,0.14285714285714285,0.19620635084804425,3390,10.0,20.0
tgv_vs_drz,after,0.04386160714285714,22.798982188295167,0.008447384315817078,0.14285714285714285,0.19627118161272125,3372,10.0,20.0
tgv_vs_drz,after,0.04397321428571428,22.741116751269036,0.07994846174436276,0.14285714285714285,0.19639505513636507,3338,10.0,20.0
tgv_vs_drz,after,0.044084821428571425,22.683544303797472,0.09583101329314525,0.14285714285714285,0.19614203002159336,3408,10.0,20.0
tgv_vs_drz,after,0.04419642857142857,22.62626262626263,0.027733022986736203,0.14285714285714285,0.19628565838032241,3368,10.0,20.0
tgv_vs_drz,after,0.04430803571428571,22.569269521410583,0.0811318389925321,0.14285714285714285,0.19630742154042707,3362,10.0,20.0
tgv_vs_drz,after,0.04441964285714286,22.51256281407035,0.12657268367838082,0.14285714285714285,0.19604297333067175,3436,10.0,20.0
tgv_vs_drz,after,0.04453125,22.45614035087719,0.0894923418418456,0.14285714285714285,0.19624230455271754,3380,10.0,20.0
tgv_vs_drz,after,0.044642857142857144,22.4,0.05157610134647749,0.14285714285714285,0.19616341405099993,3402,10.0,20.0
tgv_vs_drz,after,0.044754464285714286,22.34413965087282,0.05249922191638369,0.14285714285714285,0.19608527866196232,3424,10.0,20.0
tgv_vs_drz,after,0.04486607142857143,22.28855721393035,0.08154313192210803,0.14285714285714285,0.19608527866196232,3424,10.0,20.0
tgv_vs_drz,after,0.04497767857142857,22.233250620347395,0.06961111976496474,0.14285714285714285,0.19586903899227384,3486,10.0,20.0
tgv_vs_drz,after,0.045089285714285714,22.17821782178218,0.048122913856058526,0.14285714285714285,0.19609942947499998,3420,10.0,20.0
tgv_vs_drz,after,0.045200892857142856,22.123456790123456,0.08482550650807794,0.14285714285714285,0.19598690683769954,3452,10.0,20.0
tgv_vs_drz,after,0.0453125,22.06896551724138,0.04455143282482186,0.14285714285714285,0.19578686266146458,3510,10.0,20.0
tgv_vs_drz,after,0.04542410714285714,22.014742014742016,0.0930232261318237,0.14285714285714285,0.195959018311031,3460,10.0,20.0
tgv_vs_drz,after,0.045535714285714284,21.96078431372549,0.09791692952394353,0.14285714285714285,0.1959242922263356,3470,10.0,20.0
tgv_vs_drz,after,0.045647321428571426,21.90709046454768,0.08368141929096927,0.14285714285714285,0.1959312255268662,3468,10.0,20.0
tgv_vs_drz,after,0.04575892857142857,21.853658536585368,0.08160811361110216,0.14285714285714285,0.19578005236369755,3512,10.0,20.0
tgv_vs_drz,after,0.04587053571428571,21.800486618004868,0.0793251680263228,0.14285714285714285,0.1957460872064342,3522,10.0,20.0
tgv_vs_drz,after,0.04598214285714285,21.74757281553398,0.03492586012661558,0.14285714285714285,0.19567186631260183,3544,10.0,20.0
tgv_vs_drz,after,0.046093749999999996,21.69491525423729,0.05193403303530476,0.14285714285714285,0.19601489165878555,3444,10.0,20.0
tgv_vs_drz,after,0.04620535714285714,21.64251207729469,0.06816475832505077,0.14285714285714285,0.19554526746979894,3582,10.0,20.0
tgv_vs_drz,after,0.04631696428571429,21.59036144578313,0.08330824341120927,0.14285714285714285,0.19557838863500912,3572,10.0,20.0
tgv_vs_drz,after,0.04642857142857143,21.538461538461537,0.09588114478122073,0.14285714285714285,0.19587592500046092,3484,10.0,20.0
tgv_vs_drz,after,0.04654017857142857,21.48681055155875,0.09914544045368306,0.14285714285714285,0.19536229896004664,3638,10.0,20.0
tgv_vs_drz,after,0.046651785714285715,21.43540669856459,0.10770236292550837,0.14285714285714285,0.19572577688551,3528,10.0,20.0
tgv_vs_drz,after,0.04676339285714286,21.384248210023866,0.07119422746705996,0.14285714285714285,0.19565844520659162,3548,10.0,20.0
tgv_vs_drz,after,0.046875,21.333333333333332,0.05288124326014608,0.14285714285714285,0.19540115234939126,3626,10.0,20.0
tgv_vs_drz,after,0.04698660714285714,21.282660332541568,0.04982563141987146,0.14285714285714285,0.19544672377293545,3612,10.0,20.0
tgv_vs_drz,after,0.047098214285714285,21.232227488151658,0.035936123419086356,0.14285714285714285,0.1954663349047849,3606,10.0,20.0
tgv_vs_drz,after,0.04720982142857143,21.182033096926716,0.053152357981732345,0.14285714285714285,0.1955651236363731,3576,10.0,20.0
tgv_vs_drz,after,0.04732142857142857,21.132075471698116,0.06662678187763836,0.14285714285714285,0.19534294368347277,3644,10.0,20.0
tgv_vs_drz,after,0.04743303571428571,21.08235294117647,0.020967396247328445,0.14285714285714285,0.19537522888070752,3634,10.0,20.0
tgv_vs_drz,after,0.047544642857142855,21.03286384976526,0.06787461069503244,0.14285714285714285,0.19549912822785603,3596,10.0,20.0
tgv_vs_drz,after,0.04765625,20.98360655737705,0.07052355771422823,0.14285714285714285,0.19527876700452393,3664,10.0,20.0
tgv_vs_drz,after,0.04776785714285714,20.93457943925234,0.06241998638489955,0.14285714285714285,0.19536229896004664,3638,10.0,20.0
tgv_vs_drz,after,0.04787946428571428,20.88578088578089,0.04419835550782861,0.14285714285714285,0.1952532420597071,3672,10.0,20.0
tgv_vs_drz,after,0.047991071428571425,20.837209302325583,0.027898972847992726,0.14285714285714285,0.19534294368347277,3644,10.0,20.0
tgv_vs_drz,after,0.04810267857142857,20.788863109048727,0.03121550927870166,0.14285714285714285,0.1950209946989822,3746,10.0,20.0
tgv_vs_drz,after,0.04821428571428571,20.740740740740744,0.01883887534656185,0.14285714285714285,0.19530437499553316,3656,10.0,20.0
tgv_vs_drz,after,0.04832589285714286,20.69284064665127,0.04786187448969847,0.14285714285714285,0.19526599417946083,3668,10.0,20.0
tgv_vs_drz,after,0.0484375,20.64516129032258,0.0044016286517919775,0.14285714285714285,0.19493488938335007,3774,10.0,20.0
tgv_vs_drz,after,0.048549107142857144,20.597701149425287,-0.0022480422567625288,0.14285714285714285,0.19539466351065476,3628,10.0,20.0
tgv_vs_drz,after,0.048660714285714286,20.55045871559633,0.011690908295360526,0.14285714285714285,0.19489827749225433,3786,10.0,20.0
tgv_vs_drz,after,0.04877232142857143,20.503432494279178,0.029715956811865098,0.14285714285714285,0.19506440733704855,3732,10.0,20.0
tgv_vs_drz,after,0.04888392857142857,20.45662100456621,0.07099518398518746,0.14285714285714285,0.19518979008893414,3692,10.0,20.0
tgv_vs_drz,after,0.048995535714285714,20.41002277904328,0.049581779938448416,0.14285714285714285,0.19491046224945754,3782,10.0,20.0
tgv_vs_drz,after,0.049107142857142856,20.363636363636363,0.01166023022112037,0.14285714285714285,0.19500246310468877,3752,10.0,20.0
tgv_vs_drz,after,0.04921875,20.317460317460316,0.03459919994566323,0.14285714285714285,0.19499013318559666,3756,10.0,20.0
tgv_vs_drz,after,0.04933035714285714,20.271493212669682,0.02842978001210256,0.14285714285714285,0.1948739653457362,3794,10.0,20.0
tgv_vs_drz,after,0.049441964285714284,20.225733634311513,0.013093581163639149,0.14285714285714285,0.19488003622703962,3792,10.0,20.0
tgv_vs_drz,after,0.049553571428571426,20.18018018018018,0.03436401325215155,0.14285714285714285,0.19489219229404334,3788,10.0,20.0
tgv_vs_drz,after,0.04966517857142857,20.134831460674157,0.045897379341622344,0.14285714285714285,0.1950209946989822,3746,10.0,20.0
tgv_vs_drz,after,0.04977678571428571,20.08968609865471,0.04299559650246055,0.14285714285714285,0.19475951592150462,3832,10.0,20.0
tgv_vs_drz,after,0.04988839285714285,20.04474272930649,0.0003769588293842404,0.14285714285714285,0.19485578123579675,3800,10.0,20.0
tgv_vs_drz,after,0.049999999999999996,20.0,0.7912505055729591,0.14285714285714285,0.8417399583909729,2,10.0,20.0
maptv_vs_drz,before,0.0,inf,0.43837311492584974,0.14285714285714285,0.7560610050770457,3,10.0,20.0
maptv_vs_drz,before,0.00011160714285714285,8960.0,0.9307622410851083,0.14285714285714285,0.5160568456025979,12,10.0,20.0
maptv_vs_drz,before,0.0002232142857142857,4480.0,0.8603665851635295,0.14285714285714285,0.43846389609946435,22,10.0,20.0
maptv_vs_drz,before,0.0003348214285714286,2986.6666666666665,0.9655137828088394,0.14285714285714285,0.41192739958594665,28,10.0,20.0
maptv_vs_drz,before,0.0004464285714285714,2240.0,0.9742304377063028,0.14285714285714285,0.37684928940895107,40,10.0,20.0
maptv_vs_drz,before,0.0005580357142857143,1792.0,0.9892326808339772,0.14285714285714285,0.3572655453148874,50,10.0,20.0
maptv_vs_drz,before,0.0006696428571428571,1493.3333333333333,0.9939786549369812,0.14285714285714285,0.3607189084162777,48,10.0,20.0
maptv_vs_drz,before,0.0007812499999999999,1280.0,0.9946699101236613,0.14285714285714285,0.33301944154606616,68,10.0,20.0
maptv_vs_drz,before,0.0008928571428571428,1120.0,0.9953756048088321,0.14285714285714285,0.3308883459615167,70,10.0,20.0
maptv_vs_drz,before,0.0010044642857142856,995.5555555555557,0.9981596626887408,0.14285714285714285,0.32498105977643776,76,10.0,20.0
maptv_vs_drz,before,0.0011160714285714285,896.0,0.998615997473746,0.14285714285714285,0.3120228149867766,92,10.0,20.0
maptv_vs_drz,before,0.0012276785714285714,814.5454545454546,0.9987817506634225,0.14285714285714285,0.30307454563671804,106,10.0,20.0
maptv_vs_drz,before,0.0013392857142857143,746.6666666666666,0.9994004748756131,0.14285714285714285,0.309276869488276,96,10.0,20.0
maptv_vs_drz,before,0.0014508928571428572,689.2307692307692,0.9993686397703667,0.14285714285714285,0.297657677511583,116,10.0,20.0
maptv_vs_drz,before,0.0015624999999999999,640.0,0.9995444146282171,0.14285714285714285,0.28942028891226607,134,10.0,20.0
maptv_vs_drz,before,0.0016741071428571428,597.3333333333334,0.9993500924152192,0.14285714285714285,0.2956748612128594,120,10.0,20.0
maptv_vs_drz,before,0.0017857142857142857,560.0,0.999474875954958,0.14285714285714285,0.28476380812712476,146,10.0,20.0
maptv_vs_drz,before,0.0018973214285714286,527.0588235294118,0.9996777597840434,0.14285714285714285,0.2812856424436456,156,10.0,20.0
maptv_vs_drz,before,0.0020089285714285712,497.7777777777778,0.9998440746196212,0.14285714285714285,0.28702018719502587,140,10.0,20.0
maptv_vs_drz,before,0.002120535714285714,471.5789473684211,0.9998001488903218,0.14285714285714285,0.2757709533720164,174,10.0,20.0
maptv_vs_drz,before,0.002232142857142857,448.0,0.9998646727819686,0.14285714285714285,0.27520913338899333,176,10.0,20.0
maptv_vs_drz,before,0.00234375,426.6666666666667,0.9998680182525449,0.14285714285714285,0.273051000260408,184,10.0,20.0
maptv_vs_drz,before,0.002455357142857143,407.2727272727273,0.9998982811863243,0.14285714285714285,0.2705369635786124,194,10.0,20.0
maptv_vs_drz,before,0.0025669642857142857,389.5652173913044,0.999911223259883,0.14285714285714285,0.269116846861646,200,10.0,20.0
maptv_vs_drz,before,0.0026785714285714286,373.3333333333333,0.9999266883546172,0.14285714285714285,0.26731663903915925,208,10.0,20.0
maptv_vs_drz,before,0.0027901785714285715,358.4,0.999901704475204,0.14285714285714285,0.2668822084027434,210,10.0,20.0
maptv_vs_drz,before,0.0029017857142857144,344.6153846153846,0.9999098227214293,0.14285714285714285,0.26173150991010213,236,10.0,20.0
maptv_vs_drz,before,0.003013392857142857,331.8518518518519,0.9999326181880254,0.14285714285714285,0.2632250986856457,228,10.0,20.0
maptv_vs_drz,before,0.0031249999999999997,320.0,0.9999361404228305,0.14285714285714285,0.2613695641695868,238,10.0,20.0
maptv_vs_drz,before,0.0032366071428571426,308.96551724137936,0.9999546703974981,0.14285714285714285,0.2576597972433477,260,10.0,20.0
maptv_vs_drz,before,0.0033482142857142855,298.6666666666667,0.9999531761020289,0.14285714285714285,0.2586250244740691,254,10.0,20.0
maptv_vs_drz,before,0.0034598214285714284,289.03225806451616,0.9999582016807086,0.14285714285714285,0.25523709705862524,276,10.0,20.0
maptv_vs_drz,before,0.0035714285714285713,280.0,0.9999727453661685,0.14285714285714285,0.25582326430374547,272,10.0,20.0
maptv_vs_drz,before,0.003683035714285714,271.5151515151515,0.9999691989764984,0.14285714285714285,0.2527449491574839,294,10.0,20.0
maptv_vs_drz,before,0.003794642857142857,263.5294117647059,0.9999630835496225,0.14285714285714285,0.25410107451462977,284,10.0,20.0
maptv_vs_drz,before,0.00390625,256.0,0.9999582459866988,0.14285714285714285,0.2514544516681247,304,10.0,20.0
maptv_vs_drz,before,0.0040178571428571425,248.8888888888889,0.9999489926307809,0.14285714285714285,0.24928083583453234,322,10.0,20.0
maptv_vs_drz,before,0.004129464285714286,242.16216216216216,0.9999445530554671,0.14285714285714285,0.2514544516681247,304,10.0,20.0
maptv_vs_drz,before,0.004241071428571428,235.78947368421055,0.9999208044192021,0.14285714285714285,0.24905026945843273,324,10.0,20.0
maptv_vs_drz,before,0.004352678571428572,229.74358974358972,0.9999067062257385,0.14285714285714285,0.24582376798178943,354,10.0,20.0
maptv_vs_drz,before,0.004464285714285714,224.0,0.9999385480509185,0.14285714285714285,0.24770924671322134,336,10.0,20.0
maptv_vs_drz,before,0.004575892857142857,218.53658536585365,0.999862954082693,0.14285714285714285,0.24643640318775006,348,10.0,20.0
maptv_vs_drz,before,0.0046875,213.33333333333334,0.9998514657812652,0.14285714285714285,0.24426173259637654,370,10.0,20.0
maptv_vs_drz,before,0.004799107142857142,208.37209302325584,0.9999110407071048,0.14285714285714285,0.24407341871811294,372,10.0,20.0
maptv_vs_drz,before,0.004910714285714286,203.63636363636365,0.9998478105282131,0.14285714285714285,0.24388657961491628,374,10.0,20.0
maptv_vs_drz,before,0.005022321428571428,199.11111111111114,0.9998474162518151,0.14285714285714285,0.24124866466885456,404,10.0,20.0
maptv_vs_drz,before,0.005133928571428571,194.7826086956522,0.9999366240341766,0.14285714285714285,0.24226832878047586,392,10.0,20.0
maptv_vs_drz,before,0.005245535714285714,190.63829787234044,0.9999391542487125,0.14285714285714285,0.2427954615022515,386,10.0,20.0
maptv_vs_drz,before,0.005357142857142857,186.66666666666666,0.9999112300395725,0.14285714285714285,0.23964416299559071,424,10.0,20.0
maptv_vs_drz,before,0.00546875,182.85714285714286,0.9998466856452397,0.14285714285714285,0.24027239659586974,416,10.0,20.0
maptv_vs_drz,before,0.005580357142857143,179.2,0.999809763231182,0.14285714285714285,0.2388828626474958,434,10.0,20.0
maptv_vs_drz,before,0.0056919642857142854,175.68627450980392,0.9998096847633551,0.14285714285714285,0.2384383044776066,440,10.0,20.0
maptv_vs_drz,before,0.005803571428571429,172.3076923076923,0.999853341837677,0.14285714285714285,0.23757528612232023,452,10.0,20.0
maptv_vs_drz,before,0.005915178571428571,169.05660377358492,0.9997846401810081,0.14285714285714285,0.23688135961430892,462,10.0,20.0
maptv_vs_drz,before,0.006026785714285714,165.92592592592595,0.999658589410021,0.14285714285714285,0.23785919155913984,448,10.0,20.0
maptv_vs_drz,before,0.006138392857142857,162.9090909090909,0.9997829616586387,0.14285714285714285,0.23517586182327832,488,10.0,20.0
maptv_vs_drz,before,0.0062499999999999995,160.0,0.9998344462542951,0.14285714285714285,0.23607716377209612,474,10.0,20.0
maptv_vs_drz,before,0.006361607142857143,157.19298245614036,0.999864254679821,0.14285714285714285,0.23568617177506457,480,10.0,20.0
maptv_vs_drz,before,0.006473214285714285,154.48275862068968,0.9997846156416889,0.14285714285714285,0.23359868826190747,514,10.0,20.0
maptv_vs_drz,before,0.006584821428571429,151.864406779661,0.9996348946249702,0.14285714285714285,0.23348222347930858,516,10.0,20.0
maptv_vs_drz,before,0.006696428571428571,149.33333333333334,0.999708944182001,0.14285714285714285,0.23467767886949623,496,10.0,20.0
maptv_vs_drz,before,0.006808035714285714,146.88524590163934,0.9997929727797807,0.14285714285714285,0.23246304055541317,534,10.0,20.0
maptv_vs_drz,before,0.006919642857142857,144.51612903225808,0.9998175548292174,0.14285714285714285,0.23191835858106052,544,10.0,20.0
maptv_vs_drz,before,0.00703125,142.22222222222223,0.9997801182448447,0.14285714285714285,0.23348222347930858,516,10.0,20.0
maptv_vs_drz,before,0.007142857142857143,140.0,0.9998135148970483,0.14285714285714285,0.23118003674182988,558,10.0,20.0
maptv_vs_drz,before,0.007254464285714285,137.84615384615387,0.999817050286734,0.14285714285714285,0.23066911942921098,568,10.0,20.0
maptv_vs_drz,before,0.007366071428571428,135.75757575757575,0.9998671013580126,0.14285714285714285,0.23257377696061368,532,10.0,20.0
maptv_vs_drz,before,0.007477678571428571,133.7313432835821,0.9997374068251907,0.14285714285714285,0.22865956785210217,610,10.0,20.0
maptv_vs_drz,before,0.007589285714285714,131.76470588235296,0.9994759083996745,0.14285714285714285,0.2300731936178756,580,10.0,20.0
maptv_vs_drz,before,0.007700892857142857,129.85507246376812,0.9997039612910553,0.14285714285714285,0.22987856279938831,584,10.0,20.0
maptv_vs_drz,before,0.0078125,128.0,0.9995636989171663,0.14285714285714285,0.22847879956174852,614,10.0,20.0
maptv_vs_drz,before,0.007924107142857142,126.19718309859155,0.9996886980811621,0.14285714285714285,0.22856896654528058,612,10.0,20.0
maptv_vs_drz,before,0.008035714285714285,124.44444444444446,0.9996196399188048,0.14285714285714285,0.22794672665157004,626,10.0,20.0
maptv_vs_drz,before,0.008147321428571429,122.73972602739725,0.9994078653305712,0.14285714285714285,0.22856896654528058,612,10.0,20.0
maptv_vs_drz,before,0.008258928571428572,121.08108108108108,0.9995309244843954,0.14285714285714285,0.22751466188342373,636,10.0,20.0
maptv_vs_drz,before,0.008370535714285714,119.46666666666667,0.9995820218036326,0.14285714285714285,0.22709247611069447,646,10.0,20.0
maptv_vs_drz,before,0.008482142857142856,117.89473684210527,0.9996623195050489,0.14285714285714285,0.2270091913293758,648,10.0,20.0
maptv_vs_drz,before,0.008593749999999999,116.36363636363637,0.9996246329017411,0.14285714285714285,0.22684375089361272,652,10.0,20.0
maptv_vs_drz,before,0.008705357142857143,114.87179487179486,0.999659917631138,0.14285714285714285,0.22580365493397495,678,10.0,20.0
maptv_vs_drz,before,0.008816964285714286,113.41772151898735,0.9995821662379618,0.14285714285714285,0.22572608133433805,680,10.0,20.0
maptv_vs_drz,before,0.008928571428571428,112.0,0.999659142938827,0.14285714285714285,0.22572608133433805,680,10.0,20.0
maptv_vs_drz,before,0.00904017857142857,110.61728395061729,0.9993501332536927,0.14285714285714285,0.2247472633332211,706,10.0,20.0
maptv_vs_drz,before,0.009151785714285715,109.26829268292683,0.9994812280726105,0.14285714285714285,0.2252675931499613,692,10.0,20.0
maptv_vs_drz,before,0.009263392857142857,107.95180722891567,0.9993031610118198,0.14285714285714285,0.22511735629687746,696,10.0,20.0
maptv_vs_drz,before,0.009375,106.66666666666667,0.9993679633376372,0.14285714285714285,0.22347634762040358,742,10.0,20.0
maptv_vs_drz,before,0.009486607142857142,105.41176470588236,0.9992194288530527,0.14285714285714285,0.22467416992987052,708,10.0,20.0
maptv_vs_drz,before,0.009598214285714285,104.18604651162792,0.9991696653633237,0.14285714285714285,0.22280884262303868,762,10.0,20.0
maptv_vs_drz,before,0.009709821428571429,102.98850574712644,0.9981997442824544,0.14285714285714285,0.22368179007692848,736,10.0,20.0
maptv_vs_drz,before,0.009821428571428571,101.81818181818183,0.9983062328265114,0.14285714285714285,0.22287442635809016,760,10.0,20.0
maptv_vs_drz,before,0.009933035714285714,100.67415730337079,0.9992025104580801,0.14285714285714285,0.22229315058834048,778,10.0,20.0
maptv_vs_drz,before,0.010044642857142856,99.55555555555557,0.9993666939255117,0.14285714285714285,0.22261360373636063,768,10.0,20.0
maptv_vs_drz,before,0.01015625,98.46153846153845,0.9992651178193928,0.14285714285714285,0.22287442635809016,760,10.0,20.0
maptv_vs_drz,before,0.010267857142857143,97.3913043478261,0.9989710604580708,0.14285714285714285,0.22191652760781277,790,10.0,20.0
maptv_vs_drz,before,0.010379464285714285,96.34408602150538,0.9990392127670603,0.14285714285714285,0.2212474895498582,812,10.0,20.0
maptv_vs_drz,before,0.010491071428571428,95.31914893617022,0.9992977474924343,0.14285714285714285,0.2214876516950723,804,10.0,20.0
maptv_vs_drz,before,0.010602678571428572,94.3157894736842,0.999106034358304,0.14285714285714285,0.22130720212890542,810,10.0,20.0
maptv_vs_drz,before,0.010714285714285714,93.33333333333333,0.9992379426098753,0.14285714285714285,0.2206620549790673,832,10.0,20.0
maptv_vs_drz,before,0.010825892857142857,92.37113402061856,0.9992910603810468,0.14285714285714285,0.2216090580540805,800,10.0,20.0
maptv_vs_drz,before,0.0109375,91.42857142857143,0.999411175500453,0.14285714285714285,0.2198217694523472,862,10.0,20.0
maptv_vs_drz,before,0.011049107142857142,90.50505050505052,0.999386295177912,0.14285714285714285,0.22020844574520457,848,10.0,20.0
maptv_vs_drz,before,0.011160714285714286,89.6,0.9988308792350612,0.14285714285714285,0.21928516426814687,882,10.0,20.0
maptv_vs_drz,before,0.011272321428571428,88.71287128712872,0.9980470019372014,0.14285714285714285,0.22077747178815657,828,10.0,20.0
maptv_vs_drz,before,0.011383928571428571,87.84313725490196,0.9984888543734357,0.14285714285714285,0.21955119748619267,872,10.0,20.0
maptv_vs_drz,before,0.011495535714285713,86.99029126213593,0.9983869849413595,0.14285714285714285,0.21856336410973248,910,10.0,20.0
maptv_vs_drz,before,0.011607142857142858,86.15384615384615,0.9985165618724688,0.14285714285714285,0.21965887440375706,868,10.0,20.0
maptv_vs_drz,before,0.01171875,85.33333333333333,0.9982338994528454,0.14285714285714285,0.21902354389357315,892,10.0,20.0
maptv_vs_drz,before,0.011830357142857142,84.52830188679246,0.9981353534402663,0.14285714285714285,0.2181654494608149,926,10.0,20.0
maptv_vs_drz,before,0.011941964285714285,83.73831775700936,0.9978392592976342,0.14285714285714285,0.21841294458748992,916,10.0,20.0
maptv_vs_drz,before,0.012053571428571427,82.96296296296298,0.998900834315557,0.14285714285714285,0.21851306204381743,912,10.0,20.0
maptv_vs_drz,before,0.012165178571428572,82.20183486238533,0.9989956553547027,0.14285714285714285,0.21758723335053728,950,10.0,20.0
maptv_vs_drz,before,0.012276785714285714,81.45454545454545,0.9989074487156774,0.14285714285714285,0.21744603829804665,956,10.0,20.0
maptv_vs_drz,before,0.012388392857142856,80.72072072072072,0.998424921350334,0.14285714285714285,0.21861382957564643,908,10.0,20.0
maptv_vs_drz,before,0.012499999999999999,80.0,0.9976973027585048,0.14285714285714285,0.21675920204107632,986,10.0,20.0
maptv_vs_drz,before,0.012611607142857143,79.29203539823008,0.9983311642126302,0.14285714285714285,0.21725980028494588,964,10.0,20.0
maptv_vs_drz,before,0.012723214285714286,78.59649122807018,0.9981806053261233,0.14285714285714285,0.21721359693608783,966,10.0,20.0
maptv_vs_drz,before,0.012834821428571428,77.91304347826087,0.9974619631462279,0.14285714285714285,0.21644914346158642,1000,10.0,20.0
maptv_vs_drz,before,0.01294642857142857,77.24137931034484,0.9973827199622808,0.14285714285714285,0.21653707458648785,996,10.0,20.0
maptv_vs_drz,before,0.013058035714285715,76.58119658119658,0.9975308704798103,0.14285714285714285,0.21649304397049488,998,10.0,20.0
maptv_vs_drz,before,0.013169642857142857,75.9322033898305,0.9978720534240453,0.14285714285714285,0.21610254718236965,1016,10.0,20.0
maptv_vs_drz,before,0.01328125,75.29411764705883,0.9981471417850541,0.14285714285714285,0.21618843703925994,1012,10.0,20.0
maptv_vs_drz,before,0.013392857142857142,74.66666666666667,0.9970470386072261,0.14285714285714285,0.21605978929178232,1018,10.0,20.0
maptv_vs_drz,before,0.013504464285714285,74.04958677685951,0.9973670144059394,0.14285714285714285,0.21551499634696136,1044,10.0,20.0
maptv_vs_drz,before,0.013616071428571429,73.44262295081967,0.9976785367453848,0.14285714285714285,0.21568047213382657,1036,10.0,20.0
maptv_vs_drz,before,0.013727678571428571,72.84552845528455,0.9966603919216779,0.14285714285714285,0.21498988471428435,1070,10.0,20.0
maptv_vs_drz,before,0.013839285714285714,72.25806451612904,0.9960490394815147,0.14285714285714285,0.21543295911437524,1048,10.0,20.0
maptv_vs_drz,before,0.013950892857142856,71.68,0.9938741464113093,0.14285714285714285,0.2148713755575323,1076,10.0,20.0
maptv_vs_drz,before,0.0140625,71.11111111111111,0.9955778145342756,0.14285714285714285,0.21475383879638116,1082,10.0,20.0
maptv_vs_drz,before,0.014174107142857143,70.55118110236221,0.9973793576040624,0.14285714285714285,0.21471487366377726,1084,10.0,20.0
maptv_vs_drz,before,0.014285714285714285,70.0,0.997396927725589,0.14285714285714285,0.21459861283869502,1090,10.0,20.0
maptv_vs_drz,before,0.014397321428571428,69.45736434108528,0.9966051076913609,0.14285714285714285,0.21425543086377571,1108,10.0,20.0
maptv_vs_drz,before,0.01450892857142857,68.92307692307693,0.9932409922872807,0.14285714285714285,0.21456006915830092,1092,10.0,20.0
maptv_vs_drz,before,0.014620535714285714,68.3969465648855,0.9935559533705806,0.14285714285714285,0.21355728664025345,1146,10.0,20.0
maptv_vs_drz,before,0.014732142857142857,67.87878787878788,0.9962213929424327,0.14285714285714285,0.21366522853675965,1140,10.0,20.0
maptv_vs_drz,before,0.01484375,67.36842105263158,0.9939489439714992,0.14285714285714285,0.2143309783773013,1104,10.0,20.0
maptv_vs_drz,before,0.014955357142857142,66.86567164179105,0.9927169607737659,0.14285714285714285,0.21279046829950965,1190,10.0,20.0
maptv_vs_drz,before,0.015066964285714286,66.37037037037037,0.9944131030927886,0.14285714285714285,0.21373765748018866,1136,10.0,20.0
maptv_vs_drz,before,0.015178571428571428,65.88235294117648,0.9937311584575854,0.14285714285714285,0.21352149146774207,1148,10.0,20.0
maptv_vs_drz,before,0.015290178571428571,65.4014598540146,0.9935127298632717,0.14285714285714285,0.21285843635360488,1186,10.0,20.0
maptv_vs_drz,before,0.015401785714285713,64.92753623188406,0.991696093227193,0.14285714285714285,0.21282441002983377,1188,10.0,20.0
maptv_vs_drz,before,0.015513392857142856,64.46043165467627,0.993051052192882,0.14285714285714285,0.21337922749072738,1156,10.0,20.0
maptv_vs_drz,before,0.015625,64.0,0.9930001633926943,0.14285714285714285,0.212000361835817,1238,10.0,20.0
maptv_vs_drz,before,0.015736607142857142,63.54609929078014,0.9965576669218813,0.14285714285714285,0.2124887421904062,1208,10.0,20.0
maptv_vs_drz,before,0.015848214285714285,63.098591549295776,0.9969535912012387,0.14285714285714285,0.2127228372174348,1194,10.0,20.0
maptv_vs_drz,before,0.015959821428571427,62.65734265734266,0.9964736732568334,0.14285714285714285,0.2120323741059451,1236,10.0,20.0
maptv_vs_drz,before,0.01607142857142857,62.22222222222223,0.9950156310021528,0.14285714285714285,0.2120323741059451,1236,10.0,20.0
maptv_vs_drz,before,0.016183035714285712,61.79310344827587,0.9906016424606978,0.14285714285714285,0.21187307369980893,1246,10.0,20.0
maptv_vs_drz,before,0.016294642857142858,61.36986301369863,0.9906351205544659,0.14285714285714285,0.21216119331021152,1228,10.0,20.0
maptv_vs_drz,before,0.01640625,60.95238095238095,0.9886659986685282,0.14285714285714285,0.21159104545450594,1264,10.0,20.0
maptv_vs_drz,before,0.016517857142857143,60.54054054054054,0.9830689751609214,0.14285714285714285,0.21149835269259598,1270,10.0,20.0
maptv_vs_drz,before,0.016629464285714286,60.13422818791946,0.987700693564274,0.14285714285714285,0.21177839816474361,1252,10.0,20.0
maptv_vs_drz,before,0.016741071428571428,59.733333333333334,0.9821238393796288,0.14285714285714285,0.21134529561252643,1280,10.0,20.0
maptv_vs_drz,before,0.01685267857142857,59.337748344370866,0.9874953653907287,0.14285714285714285,0.21054834880675766,1334,10.0,20.0
maptv_vs_drz,before,0.016964285714285713,58.94736842105264,0.9931018705237712,0.14285714285714285,0.21159104545450594,1264,10.0,20.0
maptv_vs_drz,before,0.017075892857142855,58.56209150326798,0.9942600661550012,0.14285714285714285,0.21080861501660042,1316,10.0,20.0
maptv_vs_drz,before,0.017187499999999998,58.18181818181819,0.9932977024993804,0.14285714285714285,0.2104912166657718,1338,10.0,20.0
maptv_vs_drz,before,0.017299107142857144,57.806451612903224,0.9913850763629116,0.14285714285714285,0.2112241179090306,1288,10.0,20.0
maptv_vs_drz,before,0.017410714285714286,57.43589743589743,0.9888259729060683,0.14285714285714285,0.21009825045931166,1366,10.0,20.0
maptv_vs_drz,before,0.01752232142857143,57.07006369426752,0.9933964711886399,0.14285714285714285,0.21034948559464076,1348,10.0,20.0
maptv_vs_drz,before,0.01763392857142857,56.708860759493675,0.9851136734391104,0.14285714285714285,0.21046274528313325,1340,10.0,20.0
maptv_vs_drz,before,0.017745535714285714,56.35220125786164,0.9797639177141841,0.14285714285714285,0.2102651915533084,1354,10.0,20.0
maptv_vs_drz,before,0.017857142857142856,56.0,0.9821762564453554,0.14285714285714285,0.20979775932161346,1388,10.0,20.0
maptv_vs_drz,before,0.01796875,55.652173913043484,0.9868322493750415,0.14285714285714285,0.21001559151209073,1372,10.0,20.0
maptv_vs_drz,before,0.01808035714285714,55.308641975308646,0.9882156330609602,0.14285714285714285,0.20993346585157174,1378,10.0,20.0
maptv_vs_drz,before,0.018191964285714284,54.96932515337424,0.9861109166447397,0.14285714285714285,0.20969023176701643,1396,10.0,20.0
maptv_vs_drz,before,0.01830357142857143,54.63414634146341,0.9827427994905726,0.14285714285714285,0.20974388120426476,1392,10.0,20.0
maptv_vs_drz,before,0.018415178571428572,54.303030303030305,0.9826558873588327,0.14285714285714285,0.20924322011539456,1430,10.0,20.0
maptv_vs_drz,before,0.018526785714285714,53.975903614457835,0.9774680663418658,0.14285714285714285,0.20937304795788578,1420,10.0,20.0
maptv_vs_drz,before,0.018638392857142857,53.65269461077845,0.9730753375325235,0.14285714285714285,0.20958361247909307,1404,10.0,20.0
maptv_vs_drz,before,0.01875,53.333333333333336,0.9770119441945233,0.14285714285714285,0.20908918974285123,1442,10.0,20.0
maptv_vs_drz,before,0.018861607142857142,53.01775147928994,0.9756767324872434,0.14285714285714285,0.2091147294392002,1440,10.0,20.0
maptv_vs_drz,before,0.018973214285714284,52.70588235294118,0.9805025728050314,0.14285714285714285,0.20878674915614567,1466,10.0,20.0
maptv_vs_drz,before,0.019084821428571427,52.397660818713454,0.9600231654988703,0.14285714285714285,0.20896227354363328,1452,10.0,20.0
maptv_vs_drz,before,0.01919642857142857,52.09302325581396,0.9652916236993676,0.14285714285714285,0.20861368932701757,1480,10.0,20.0
maptv_vs_drz,before,0.019308035714285715,51.79190751445086,0.9541570299842911,0.14285714285714285,0.20849155226945118,1490,10.0,20.0
maptv_vs_drz,before,0.019419642857142858,51.49425287356322,0.9675684720482055,0.14285714285714285,0.20886166870324252,1460,10.0,20.0
maptv_vs_drz,before,0.01953125,51.2,0.9705173268025261,0.14285714285714285,0.20832258514572422,1504,10.0,20.0
maptv_vs_drz,before,0.019642857142857142,50.909090909090914,0.9584316875130551,0.14285714285714285,0.20820331375489703,1514,10.0,20.0
maptv_vs_drz,before,0.019754464285714285,50.621468926553675,0.9576566928105188,0.14285714285714285,0.2080852033992908,1524,10.0,20.0
maptv_vs_drz,before,0.019866071428571427,50.337078651685395,0.9508424990268052,0.14285714285714285,0.20822707454226386,1512,10.0,20.0
maptv_vs_drz,before,0.01997767857142857,50.05586592178771,0.9508575602211954,0.14285714285714285,0.2076466470245122,1562,10.0,20.0
maptv_vs_drz,before,0.020089285714285712,49.777777777777786,0.9577511407610262,0.14285714285714285,0.20817959940754727,1516,10.0,20.0
maptv_vs_drz,before,0.020200892857142858,49.50276243093922,0.975432344067551,0.14285714285714285,0.20817959940754727,1516,10.0,20.0
maptv_vs_drz,before,0.0203125,49.230769230769226,0.9739745785078447,0.14285714285714285,0.2071581805789342,1606,10.0,20.0
maptv_vs_drz,before,0.020424107142857143,48.96174863387978,0.9590149753893285,0.14285714285714285,0.2078523911652866,1544,10.0,20.0
maptv_vs_drz,before,0.020535714285714286,48.69565217391305,0.9719148257510973,0.14285714285714285,0.20751142498562736,1574,10.0,20.0
maptv_vs_drz,before,0.020647321428571428,48.432432432432435,0.9856926619671351,0.14285714285714285,0.207311430402214,1592,10.0,20.0
maptv_vs_drz,before,0.02075892857142857,48.17204301075269,0.9855180081365552,0.14285714285714285,0.20766933369874285,1560,10.0,20.0
maptv_vs_drz,before,0.020870535714285713,47.9144385026738,0.9757213179874983,0.14285714285714285,0.2072455083727941,1598,10.0,20.0
maptv_vs_drz,before,0.020982142857142855,47.65957446808511,0.9625056213781167,0.14285714285714285,0.20679410702631273,1640,10.0,20.0
maptv_vs_drz,before,0.021093749999999998,47.40740740740741,0.971752719110018,0.14285714285714285,0.2070931065498322,1612,10.0,20.0
maptv_vs_drz,before,0.021205357142857144,47.1578947368421,0.9640664435561945,0.14285714285714285,0.20733348626347292,1590,10.0,20.0
maptv_vs_drz,before,0.021316964285714286,46.910994764397905,0.9547713911593232,0.14285714285714285,0.2068363565335541,1636,10.0,20.0
maptv_vs_drz,before,0.02142857142857143,46.666666666666664,0.9568887067592617,0.14285714285714285,0.20646152179686691,1672,10.0,20.0
maptv_vs_drz,before,0.02154017857142857,46.424870466321245,0.9705678153044888,0.14285714285714285,0.20677303948480721,1642,10.0,20.0
maptv_vs_drz,before,0.021651785714285714,46.18556701030928,0.9769338609835587,0.14285714285714285,0.20654377883697478,1664,10.0,20.0
maptv_vs_drz,before,0.021763392857142856,45.94871794871795,0.9810879449022138,0.14285714285714285,0.2069213164900138,1628,10.0,20.0
maptv_vs_drz,before,0.021875,45.714285714285715,0.9743659820656274,0.14285714285714285,0.20615817865004304,1702,10.0,20.0
maptv_vs_drz,before,0.02198660714285714,45.48223350253807,0.9832175431351337,0.14285714285714285,0.2063798459329584,1680,10.0,20.0
maptv_vs_drz,before,0.022098214285714284,45.25252525252526,0.9739197667654715,0.14285714285714285,0.20607862228912602,1710,10.0,20.0
maptv_vs_drz,before,0.02220982142857143,45.0251256281407,0.9673884679285921,0.14285714285714285,0.2060193161196826,1716,10.0,20.0
maptv_vs_drz,before,0.022321428571428572,44.8,0.957003601731192,0.14285714285714285,0.2064206116472992,1676,10.0,20.0
maptv_vs_drz,before,0.022433035714285714,44.5771144278607,0.9458558708134165,0.14285714285714285,0.20568896146044316,1750,10.0,20.0
maptv_vs_drz,before,0.022544642857142857,44.35643564356436,0.9535551863489561,0.14285714285714285,0.20586265784981742,1732,10.0,20.0
maptv_vs_drz,before,0.02265625,44.13793103448276,0.9568935124375144,0.14285714285714285,0.20625840693654623,1692,10.0,20.0
maptv_vs_drz,before,0.022767857142857142,43.92156862745098,0.955059745661923,0.14285714285714285,0.20561261066388095,1758,10.0,20.0
maptv_vs_drz,before,0.022879464285714284,43.707317073170735,0.9583190271350208,0.14285714285714285,0.20563165001517575,1756,10.0,20.0
maptv_vs_drz,before,0.022991071428571427,43.49514563106796,0.9502184785164759,0.14285714285714285,0.2059799491398533,1720,10.0,20.0
maptv_vs_drz,before,0.02310267857142857,43.28502415458938,0.9656372605122088,0.14285714285714285,0.2050559530372921,1818,10.0,20.0
maptv_vs_drz,before,0.023214285714285715,43.07692307692307,0.9756472017442951,0.14285714285714285,0.20529377749698421,1792,10.0,20.0
maptv_vs_drz,before,0.023325892857142858,42.87081339712918,0.9726025360369726,0.14285714285714285,0.20578513067261447,1740,10.0,20.0
maptv_vs_drz,before,0.0234375,42.666666666666664,0.9752516558485554,0.14285714285714285,0.2049478815407546,1830,10.0,20.0
maptv_vs_drz,before,0.023549107142857142,42.464454976303315,0.9577733338333306,0.14285714285714285,0.2053308201973659,1788,10.0,20.0
maptv_vs_drz,before,0.023660714285714285,42.26415094339623,0.9527353884272445,0.14285714285714285,0.2051650873580342,1806,10.0,20.0
maptv_vs_drz,before,0.023772321428571427,42.06572769953052,0.9478163247147774,0.14285714285714285,0.20500178551890139,1824,10.0,20.0
maptv_vs_drz,before,0.02388392857142857,41.86915887850468,0.9324061866725964,0.14285714285714285,0.2050378677827802,1820,10.0,20.0
maptv_vs_drz,before,0.023995535714285712,41.674418604651166,0.9300200106944885,0.14285714285714285,0.20473485868990474,1854,10.0,20.0
maptv_vs_drz,before,0.024107142857142855,41.48148148148149,0.9350916274043436,0.14285714285714285,0.20489423896779435,1836,10.0,20.0
maptv_vs_drz,before,0.02421875,41.29032258064516,0.9225229936421708,0.14285714285714285,0.20482311852246032,1844,10.0,20.0
maptv_vs_drz,before,0.024330357142857143,41.10091743119266,0.9120916612952761,0.14285714285714285,0.20428703415014268,1906,10.0,20.0
maptv_vs_drz,before,0.024441964285714286,40.91324200913242,0.9184439704254126,0.14285714285714285,0.20485862143419345,1840,10.0,20.0
maptv_vs_drz,before,0.024553571428571428,40.72727272727273,0.9299083318483237,0.14285714285714285,0.20443997892001115,1888,10.0,20.0
maptv_vs_drz,before,0.02466517857142857,40.542986425339365,0.9499187159735885,0.14285714285714285,0.20432083629059994,1902,10.0,20.0
maptv_vs_drz,before,0.024776785714285713,40.36036036036036,0.9648239926887064,0.14285714285714285,0.20478772961770136,1848,10.0,20.0
maptv_vs_drz,before,0.024888392857142855,40.17937219730942,0.9696792259472825,0.14285714285714285,0.20406985646203774,1932,10.0,20.0
maptv_vs_drz,before,0.024999999999999998,40.0,0.9280461136066425,0.14285714285714285,0.20405333008241125,1934,10.0,20.0
maptv_vs_drz,before,0.02511160714285714,39.82222222222222,0.9073147801640749,0.14285714285714285,0.20443997892001115,1888,10.0,20.0
maptv_vs_drz,before,0.025223214285714286,39.64601769911504,0.9045765030003923,0.14285714285714285,0.20395470143415717,1946,10.0,20.0
maptv_vs_drz,before,0.02533482142857143,39.47136563876652,0.9054458943117295,0.14285714285714285,0.20380843789404254,1964,10.0,20.0
maptv_vs_drz,before,0.02544642857142857,39.29824561403509,0.9085028784519581,0.14285714285714285,0.20397107681264137,1944,10.0,20.0
maptv_vs_drz,before,0.025558035714285714,39.12663755458515,0.916837739840081,0.14285714285714285,0.2038245910506852,1962,10.0,20.0
maptv_vs_drz,before,0.025669642857142856,38.95652173913044,0.9149932441236847,0.14285714285714285,0.20368008519926165,1980,10.0,20.0
maptv_vs_drz,before,0.02578125,38.78787878787879,0.924979209879108,0.14285714285714285,0.20406985646203774,1932,10.0,20.0
maptv_vs_drz,before,0.02589285714285714,38.62068965517242,0.9458971329162038,0.14285714285714285,0.20360064332422378,1990,10.0,20.0
maptv_vs_drz,before,0.026004464285714284,38.4549356223176,0.9412395886655744,0.14285714285714285,0.20345912978831718,2008,10.0,20.0
maptv_vs_drz,before,0.02611607142857143,38.29059829059829,0.9397568962627408,0.14285714285714285,0.20380843789404254,1964,10.0,20.0
maptv_vs_drz,before,0.026227678571428572,38.12765957446808,0.9183174351464659,0.14285714285714285,0.20335035825347117,2022,10.0,20.0
maptv_vs_drz,before,0.026339285714285714,37.96610169491525,0.9328079809533105,0.14285714285714285,0.20333491064606968,2024,10.0,20.0
maptv_vs_drz,before,0.026450892857142857,37.80590717299578,0.9499267765534662,0.14285714285714285,0.20333491064606968,2024,10.0,20.0
maptv_vs_drz,before,0.0265625,37.64705882352941,0.9509848867672135,0.14285714285714285,0.20338132157581876,2018,10.0,20.0
maptv_vs_drz,before,0.026674107142857142,37.48953974895397,0.9390435445149639,0.14285714285714285,0.2030306380195964,2064,10.0,20.0
maptv_vs_drz,before,0.026785714285714284,37.333333333333336,0.9435845563535696,0.14285714285714285,0.2030156542404139,2066,10.0,20.0
maptv_vs_drz,before,0.026897321428571427,37.178423236514526,0.9496542403280491,0.14285714285714285,0.20352179142430754,2000,10.0,20.0
maptv_vs_drz,before,0.02700892857142857,37.02479338842976,0.9530800612856631,0.14285714285714285,0.20276417883135758,2100,10.0,20.0
maptv_vs_drz,before,0.027120535714285715,36.87242798353909,0.917362728358265,0.14285714285714285,0.20280811620931277,2094,10.0,20.0
maptv_vs_drz,before,0.027232142857142858,36.721311475409834,0.8864397660582598,0.14285714285714285,0.20294105689975392,2076,10.0,20.0
maptv_vs_drz,before,0.02734375,36.57142857142857,0.9234730134119424,0.14285714285714285,0.20285224078709876,2088,10.0,20.0
maptv_vs_drz,before,0.027455357142857142,36.422764227642276,0.8947105933921812,0.14285714285714285,0.20251867322781997,2134,10.0,20.0
maptv_vs_drz,before,0.027566964285714285,36.2753036437247,0.9245038447438746,0.14285714285714285,0.20276417883135758,2100,10.0,20.0
maptv_vs_drz,before,0.027678571428571427,36.12903225806452,0.9244180596599026,0.14285714285714285,0.20282280353622323,2092,10.0,20.0
maptv_vs_drz,before,0.02779017857142857,35.98393574297189,0.8733016596733372,0.14285714285714285,0.2024051399747265,2150,10.0,20.0
maptv_vs_drz,before,0.027901785714285712,35.84,0.8706962486078998,0.14285714285714285,0.2023910364655755,2152,10.0,20.0
maptv_vs_drz,before,0.028013392857142855,35.69721115537849,0.9261678766602808,0.14285714285714285,0.20294105689975392,2076,10.0,20.0
maptv_vs_drz,before,0.028125,35.55555555555556,0.9475507738720281,0.14285714285714285,0.20199031257847036,2210,10.0,20.0
maptv_vs_drz,before,0.028236607142857143,35.41501976284585,0.9257510311600161,0.14285714285714285,0.20256157441371295,2128,10.0,20.0
maptv_vs_drz,before,0.028348214285714286,35.275590551181104,0.919371311165639,0.14285714285714285,0.20220944357269727,2178,10.0,20.0
maptv_vs_drz,before,0.028459821428571428,35.13725490196079,0.9118059957506794,0.14285714285714285,0.2020038700244288,2208,10.0,20.0
maptv_vs_drz,before,0.02857142857142857,35.0,0.9162731522645425,0.14285714285714285,0.20227890442236768,2168,10.0,20.0
maptv_vs_drz,before,0.028683035714285713,34.86381322957199,0.8949457380394598,0.14285714285714285,0.20209928513740544,2194,10.0,20.0
maptv_vs_drz,before,0.028794642857142855,34.72868217054264,0.8911291747919627,0.14285714285714285,0.20219560817884408,2180,10.0,20.0
maptv_vs_drz,before,0.028906249999999998,34.5945945945946,0.874751667959952,0.14285714285714285,0.2018157070765534,2236,10.0,20.0
maptv_vs_drz,before,0.02901785714285714,34.46153846153847,0.8697993455935392,0.14285714285714285,0.20212671273157043,2190,10.0,20.0
maptv_vs_drz,before,0.029129464285714286,34.32950191570881,0.8637571948981648,0.14285714285714285,0.20165718663427828,2260,10.0,20.0
maptv_vs_drz,before,0.02924107142857143,34.19847328244275,0.8287632493023703,0.14285714285714285,0.20197677333037697,2212,10.0,20.0
maptv_vs_drz,before,0.02935267857142857,34.06844106463878,0.7309312901886248,0.14285714285714285,0.20148825195988218,2286,10.0,20.0
maptv_vs_drz,before,0.029464285714285714,33.93939393939394,0.7828617888241748,0.14285714285714285,0.20176258739613345,2244,10.0,20.0
maptv_vs_drz,before,0.029575892857142856,33.81132075471698,0.8749866775382119,0.14285714285714285,0.20165718663427828,2260,10.0,20.0
maptv_vs_drz,before,0.0296875,33.68421052631579,0.867404122743392,0.14285714285714285,0.20130948318858632,2314,10.0,20.0
maptv_vs_drz,before,0.02979910714285714,33.55805243445693,0.8456685674373619,0.14285714285714285,0.20178911203700534,2240,10.0,20.0
maptv_vs_drz,before,0.029910714285714284,33.43283582089553,0.8071845857778149,0.14285714285714285,0.20133482448864679,2310,10.0,20.0
maptv_vs_drz,before,0.030022321428571426,33.30855018587361,0.8340582622867966,0.14285714285714285,0.20150114550038942,2284,10.0,20.0
maptv_vs_drz,before,0.030133928571428572,33.18518518518518,0.846129526583362,0.14285714285714285,0.20163100936456846,2264,10.0,20.0
maptv_vs_drz,before,0.030245535714285714,33.06273062730627,0.8557458627821596,0.14285714285714285,0.20093700504233267,2374,10.0,20.0
maptv_vs_drz,before,0.030357142857142857,32.94117647058824,0.8407188035863467,0.14285714285714285,0.20127159292996374,2320,10.0,20.0
maptv_vs_drz,before,0.03046875,32.820512820512825,0.8343728635396264,0.14285714285714285,0.2014240345538633,2296,10.0,20.0
maptv_vs_drz,before,0.030580357142857142,32.7007299270073,0.88257654348644,0.14285714285714285,0.20091267051918305,2378,10.0,20.0
maptv_vs_drz,before,0.030691964285714284,32.581818181818186,0.8718561898291771,0.14285714285714285,0.20117125958839946,2336,10.0,20.0
maptv_vs_drz,before,0.030803571428571427,32.46376811594203,0.8631761854748539,0.14285714285714285,0.20117125958839946,2336,10.0,20.0
maptv_vs_drz,before,0.03091517857142857,32.34657039711192,0.7235860706518098,0.14285714285714285,0.20079190337726316,2398,10.0,20.0
maptv_vs_drz,before,0.03102678571428571,32.230215827338135,0.6921045906844916,0.14285714285714285,0.2008520992222212,2388,10.0,20.0
maptv_vs_drz,before,0.031138392857142858,32.11469534050179,0.744305473455324,0.14285714285714285,0.20129683691159364,2316,10.0,20.0
maptv_vs_drz,before,0.03125,32.0,0.722793434710393,0.14285714285714285,0.20060175498092978,2430,10.0,20.0
maptv_vs_drz,before,0.03136160714285714,31.88612099644128,0.6899672434841944,0.14285714285714285,0.2005899942187709,2432,10.0,20.0
maptv_vs_drz,before,0.031473214285714285,31.77304964539007,0.7211348661760303,0.14285714285714285,0.20091267051918305,2378,10.0,20.0
maptv_vs_drz,before,0.03158482142857143,31.66077738515901,0.7034939963875588,0.14285714285714285,0.2005899942187709,2432,10.0,20.0
maptv_vs_drz,before,0.03169642857142857,31.549295774647888,0.8080314528625325,0.14285714285714285,0.20073207911367105,2408,10.0,20.0
maptv_vs_drz,before,0.03180803571428571,31.438596491228072,0.8641567364674299,0.14285714285714285,0.20043839988598003,2458,10.0,20.0
maptv_vs_drz,before,0.031919642857142855,31.32867132867133,0.8471146337346165,0.14285714285714285,0.20063712367957884,2424,10.0,20.0
maptv_vs_drz,before,0.03203125,31.219512195121954,0.8078175394148929,0.14285714285714285,0.2004037543659979,2464,10.0,20.0
maptv_vs_drz,before,0.03214285714285714,31.111111111111114,0.7540147764938481,0.14285714285714285,0.2003233998560821,2478,10.0,20.0
maptv_vs_drz,before,0.03225446428571428,31.00346020761246,0.7012768673273871,0.14285714285714285,0.20075596447473562,2404,10.0,20.0
maptv_vs_drz,before,0.032366071428571425,30.896551724137936,0.6753722513757079,0.14285714285714285,0.2001759442030165,2504,10.0,20.0
maptv_vs_drz,before,0.03247767857142857,30.790378006872857,0.6342071478455129,0.14285714285714285,0.20011983450492699,2514,10.0,20.0
maptv_vs_drz,before,0.032589285714285716,30.684931506849313,0.5214930837873961,0.14285714285714285,0.20038072687575237,2468,10.0,20.0
maptv_vs_drz,before,0.03270089285714286,30.580204778156993,0.580194163640103,0.14285714285714285,0.20022107212707113,2496,10.0,20.0
maptv_vs_drz,before,0.0328125,30.476190476190474,0.6004073424815053,0.14285714285714285,0.1999424885446575,2546,10.0,20.0
maptv_vs_drz,before,0.032924107142857144,30.372881355932204,0.6147172447798414,0.14285714285714285,0.2003577547434476,2472,10.0,20.0
maptv_vs_drz,before,0.033035714285714286,30.27027027027027,0.48284500330871694,0.14285714285714285,0.19992055302869258,2550,10.0,20.0
maptv_vs_drz,before,0.03314732142857143,30.16835016835017,0.5327689818055376,0.14285714285714285,0.19982247206699402,2568,10.0,20.0
maptv_vs_drz,before,0.03325892857142857,30.06711409395973,0.6023768913498923,0.14285714285714285,0.20022107212707113,2496,10.0,20.0
maptv_vs_drz,before,0.033370535714285714,29.96655518394649,0.4605647473657296,0.14285714285714285,0.19981163721274517,2570,10.0,20.0
maptv_vs_drz,before,0.033482142857142856,29.866666666666667,0.438880231156206,0.14285714285714285,0.19969327465375333,2592,10.0,20.0
maptv_vs_drz,before,0.03359375,29.767441860465116,0.40087921115829167,0.14285714285714285,0.19999755197612662,2536,10.0,20.0
maptv_vs_drz,before,0.03370535714285714,29.668874172185433,0.4043877021435335,0.14285714285714285,0.19968258842376282,2594,10.0,20.0
maptv_vs_drz,before,0.033816964285714284,29.570957095709574,0.5016246147235376,0.14285714285714285,0.1997576502130963,2580,10.0,20.0
maptv_vs_drz,before,0.033928571428571426,29.47368421052632,0.5987376240559762,0.14285714285714285,0.19962934028121115,2604,10.0,20.0
maptv_vs_drz,before,0.03404017857142857,29.377049180327873,0.51649488106026,0.14285714285714285,0.19970397313874927,2590,10.0,20.0
maptv_vs_drz,before,0.03415178571428571,29.28104575163399,0.31819456219243925,0.14285714285714285,0.1995447720660188,2620,10.0,20.0
maptv_vs_drz,before,0.03426339285714285,29.185667752443,0.4297438407671126,0.14285714285714285,0.1995869599845832,2612,10.0,20.0
maptv_vs_drz,before,0.034374999999999996,29.090909090909093,0.49168021860770345,0.14285714285714285,0.19953425497473404,2622,10.0,20.0
maptv_vs_drz,before,0.034486607142857145,28.996763754045304,0.41264013043355063,0.14285714285714285,0.19923435045727056,2680,10.0,20.0
maptv_vs_drz,before,0.03459821428571429,28.903225806451612,0.4081757199085467,0.14285714285714285,0.19940897247414457,2646,10.0,20.0
maptv_vs_drz,before,0.03470982142857143,28.810289389067524,0.46608046410130893,0.14285714285714285,0.19948184772087152,2632,10.0,20.0
maptv_vs_drz,before,0.03482142857142857,28.717948717948715,0.4280969607353997,0.14285714285714285,0.19925472300409489,2676,10.0,20.0
maptv_vs_drz,before,0.034933035714285715,28.62619808306709,0.4712178976575048,0.14285714285714285,0.199163400800433,2694,10.0,20.0
maptv_vs_drz,before,0.03504464285714286,28.53503184713376,0.36434923740327857,0.14285714285714285,0.19929560413957997,2668,10.0,20.0
maptv_vs_drz,before,0.03515625,28.444444444444443,0.36099472850453707,0.14285714285714285,0.19923435045727056,2680,10.0,20.0
maptv_vs_drz,before,0.03526785714285714,28.354430379746837,0.4455028821789408,0.14285714285714285,0.199163400800433,2694,10.0,20.0
maptv_vs_drz,before,0.035379464285714285,28.26498422712934,0.5668168155667849,0.14285714285714285,0.19903307957272984,2720,10.0,20.0
maptv_vs_drz,before,0.03549107142857143,28.17610062893082,0.5966460424862315,0.14285714285714285,0.19923435045727056,2680,10.0,20.0
maptv_vs_drz,before,0.03560267857142857,28.087774294670847,0.4615003252173187,0.14285714285714285,0.1987296503731864,2782,10.0,20.0
maptv_vs_drz,before,0.03571428571428571,28.0,0.33293493407500474,0.14285714285714285,0.19919374056785832,2688,10.0,20.0
maptv_vs_drz,before,0.035825892857142855,27.912772585669785,0.2647190875651379,0.14285714285714285,0.19897355378849282,2732,10.0,20.0
maptv_vs_drz,before,0.0359375,27.826086956521742,0.3891684272280984,0.14285714285714285,0.19863390479962775,2802,10.0,20.0
maptv_vs_drz,before,0.03604910714285714,27.73993808049536,0.296179365190297,0.14285714285714285,0.19893408530849774,2740,10.0,20.0
maptv_vs_drz,before,0.03616071428571428,27.654320987654323,0.30315363716295773,0.14285714285714285,0.1989636705837003,2734,10.0,20.0
maptv_vs_drz,before,0.036272321428571425,27.56923076923077,0.2735305621283652,0.14285714285714285,0.1987779076146052,2772,10.0,20.0
maptv_vs_drz,before,0.03638392857142857,27.48466257668712,0.27262404510198807,0.14285714285714285,0.1985674850051077,2816,10.0,20.0
maptv_vs_drz,before,0.036495535714285716,27.400611620795104,0.3404246781768319,0.14285714285714285,0.19880698630805718,2766,10.0,20.0
maptv_vs_drz,before,0.03660714285714286,27.317073170731707,0.3591264663604239,0.14285714285714285,0.19847344616835114,2836,10.0,20.0
maptv_vs_drz,before,0.03671875,27.23404255319149,0.36015181560994036,0.14285714285714285,0.1985674850051077,2816,10.0,20.0
maptv_vs_drz,before,0.036830357142857144,27.151515151515152,0.31559688300666966,0.14285714285714285,0.1987296503731864,2782,10.0,20.0
maptv_vs_drz,before,0.036941964285714286,27.069486404833835,0.2900648310434705,0.14285714285714285,0.1983434350217766,2864,10.0,20.0
maptv_vs_drz,before,0.03705357142857143,26.987951807228917,0.3610287417033388,0.14285714285714285,0.19852975072299847,2824,10.0,20.0
maptv_vs_drz,before,0.03716517857142857,26.906906906906908,0.38436204782830524,0.14285714285714285,0.19837113512849097,2858,10.0,20.0
maptv_vs_drz,before,0.037276785714285714,26.826347305389223,0.3295857112816642,0.14285714285714285,0.19847344616835114,2836,10.0,20.0
maptv_vs_drz,before,0.037388392857142856,26.746268656716417,0.34106400244783874,0.14285714285714285,0.1984547565946868,2840,10.0,20.0
maptv_vs_drz,before,0.0375,26.666666666666668,0.26670632780963904,0.14285714285714285,0.19818808118118406,2898,10.0,20.0
maptv_vs_drz,before,0.03761160714285714,26.587537091988132,0.32232580440841835,0.14285714285714285,0.19843610609789097,2844,10.0,20.0
maptv_vs_drz,before,0.037723214285714284,26.50887573964497,0.27951468861405915,0.14285714285714285,0.19795564920134207,2950,10.0,20.0
maptv_vs_drz,before,0.037834821428571426,26.4306784660767,0.22638067018875543,0.14285714285714285,0.19830663541185475,2872,10.0,20.0
maptv_vs_drz,before,0.03794642857142857,26.35294117647059,0.22080124377657417,0.14285714285714285,0.1982882926807455,2876,10.0,20.0
maptv_vs_drz,before,0.03805803571428571,26.275659824046922,0.14084477920172647,0.14285714285714285,0.19802651424106882,2934,10.0,20.0
maptv_vs_drz,before,0.03816964285714285,26.198830409356727,0.16637833587675369,0.14285714285714285,0.1981069271457448,2916,10.0,20.0
maptv_vs_drz,before,0.038281249999999996,26.12244897959184,0.15016726982030054,0.14285714285714285,0.1982152991985056,2892,10.0,20.0
maptv_vs_drz,before,0.03839285714285714,26.04651162790698,0.14507545222682336,0.14285714285714285,0.19793802214251247,2954,10.0,20.0
maptv_vs_drz,before,0.03850446428571429,25.97101449275362,0.14296122760434704,0.14285714285714285,0.19782430484837527,2980,10.0,20.0
maptv_vs_drz,before,0.03861607142857143,25.89595375722543,0.18467907296116756,0.14285714285714285,0.19825172071105046,2884,10.0,20.0
maptv_vs_drz,before,0.03872767857142857,25.821325648414984,0.15075005469174785,0.14285714285714285,0.1978156184587228,2982,10.0,20.0
maptv_vs_drz,before,0.038839285714285715,25.74712643678161,0.16154730912986126,0.14285714285714285,0.19760123472388125,3032,10.0,20.0
maptv_vs_drz,before,0.03895089285714286,25.673352435530084,0.114821936523091,0.14285714285714285,0.1981609467848357,2904,10.0,20.0
maptv_vs_drz,before,0.0390625,25.6,0.14067995659651583,0.14285714285714285,0.1975253385684874,3050,10.0,20.0
maptv_vs_drz,before,0.03917410714285714,25.527065527065528,0.13025580307292517,0.14285714285714285,0.19784170365088652,2976,10.0,20.0
maptv_vs_drz,before,0.039285714285714285,25.454545454545457,-0.05309174151162931,0.14285714285714285,0.1976097089758139,3030,10.0,20.0
maptv_vs_drz,before,0.03939732142857143,25.38243626062323,-0.015761924476842014,0.14285714285714285,0.1977550552720954,2996,10.0,20.0
maptv_vs_drz,before,0.03950892857142857,25.310734463276837,0.09795190639802304,0.14285714285714285,0.19765220529146557,3020,10.0,20.0
maptv_vs_drz,before,0.03962053571428571,25.23943661971831,0.08498962247999069,0.14285714285714285,0.1975085631250675,3054,10.0,20.0
maptv_vs_drz,before,0.039732142857142855,25.168539325842698,0.11926515094089955,0.14285714285714285,0.19770347780800562,3008,10.0,20.0
maptv_vs_drz,before,0.03984375,25.098039215686278,0.11004774712612059,0.14285714285714285,0.19743347590385044,3072,10.0,20.0
maptv_vs_drz,before,0.03995535714285714,25.027932960893857,0.08758749909542496,0.14285714285714285,0.19739204277139769,3082,10.0,20.0
maptv_vs_drz,before,0.04006696428571428,24.95821727019499,0.06360445695670772,0.14285714285714285,0.1976692624332035,3016,10.0,20.0
maptv_vs_drz,before,0.040178571428571425,24.888888888888893,0.11081989172349006,0.14285714285714285,0.19731796447605393,3100,10.0,20.0
maptv_vs_drz,before,0.04029017857142857,24.81994459833795,0.23427361142530034,0.14285714285714285,0.1974251732503782,3074,10.0,20.0
maptv_vs_drz,before,0.040401785714285716,24.75138121546961,0.19885150667084464,0.14285714285714285,0.19745010534200189,3068,10.0,20.0
maptv_vs_drz,before,0.04051339285714286,24.683195592286502,0.023222427264389056,0.14285714285714285,0.19736727869292328,3088,10.0,20.0
maptv_vs_drz,before,0.040625,24.615384615384613,0.06905747224720415,0.14285714285714285,0.1970358524551192,3170,10.0,20.0
maptv_vs_drz,before,0.040736607142857144,24.54794520547945,0.04274591664467248,0.14285714285714285,0.197483461108339,3060,10.0,20.0
maptv_vs_drz,before,0.040848214285714286,24.48087431693989,0.021148946169311476,0.14285714285714285,0.19717976864090656,3134,10.0,20.0
maptv_vs_drz,before,0.04095982142857143,24.4141689373297,-0.027877213701079307,0.14285714285714285,0.19701210252814472,3176,10.0,20.0
maptv_vs_drz,before,0.04107142857142857,24.347826086956523,0.012586201459732977,0.14285714285714285,0.19738378012086183,3084,10.0,20.0
maptv_vs_drz,before,0.041183035714285714,24.281842818428185,0.048814597063777755,0.14285714285714285,0.19695694455425367,3190,10.0,20.0
maptv_vs_drz,before,0.041294642857142856,24.216216216216218,0.11648701091556,0.14285714285714285,0.1970755845534379,3160,10.0,20.0
maptv_vs_drz,before,0.04140625,24.150943396226417,0.006029776868706009,0.14285714285714285,0.1970755845534379,3160,10.0,20.0
maptv_vs_drz,before,0.04151785714285714,24.086021505376344,0.03899738510058078,0.14285714285714285,0.19706762319057258,3162,10.0,20.0
maptv_vs_drz,before,0.041629464285714284,24.021447721179626,0.06335469024895672,0.14285714285714285,0.19698053952908048,3184,10.0,20.0
maptv_vs_drz,before,0.041741071428571426,23.9572192513369,0.06679343348252334,0.14285714285714285,0.19696480220931625,3188,10.0,20.0
maptv_vs_drz,before,0.04185267857142857,23.893333333333334,-0.02290465013419666,0.14285714285714285,0.19690995197425074,3202,10.0,20.0
maptv_vs_drz,before,0.04196428571428571,23.829787234042556,-0.049320707100913276,0.14285714285714285,0.1966864592271897,3260,10.0,20.0
maptv_vs_drz,before,0.04207589285714285,23.766578249336874,-0.14557869192598702,0.14285714285714285,0.19691776587158633,3200,10.0,20.0
maptv_vs_drz,before,0.042187499999999996,23.703703703703706,-0.1258216909340619,0.14285714285714285,0.19692558703358493,3198,10.0,20.0
maptv_vs_drz,before,0.04229910714285714,23.641160949868077,-0.12045290116795858,0.14285714285714285,0.19662584390434415,3276,10.0,20.0
maptv_vs_drz,before,0.04241071428571429,23.57894736842105,-0.05550868938086248,0.14285714285714285,0.1967398616607217,3246,10.0,20.0
maptv_vs_drz,before,0.04252232142857143,23.517060367454068,-0.07146359075086132,0.14285714285714285,0.1969334154715303,3196,10.0,20.0
maptv_vs_drz,before,0.04263392857142857,23.455497382198953,-0.09273552297371347,0.14285714285714285,0.19662584390434415,3276,10.0,20.0
maptv_vs_drz,before,0.042745535714285715,23.39425587467363,0.011094603660142439,0.14285714285714285,0.19658818240465054,3286,10.0,20.0
maptv_vs_drz,before,0.04285714285714286,23.333333333333332,-0.006270818325367828,0.14285714285714285,0.19656566720869945,3292,10.0,20.0
maptv_vs_drz,before,0.04296875,23.272727272727273,-0.061351158369262734,0.14285714285714285,0.19674751854137398,3244,10.0,20.0
maptv_vs_drz,before,0.04308035714285714,23.212435233160623,-0.021869497202885748,0.14285714285714285,0.19627841680223054,3370,10.0,20.0
maptv_vs_drz,before,0.043191964285714285,23.152454780361758,-0.022124687309677076,0.14285714285714285,0.19665609640424975,3268,10.0,20.0
maptv_vs_drz,before,0.04330357142857143,23.09278350515464,-0.06788673658138325,0.14285714285714285,0.1965506909503124,3296,10.0,20.0
maptv_vs_drz,before,0.04341517857142857,23.033419023136247,-0.11410064870853459,0.14285714285714285,0.19635112163071453,3350,10.0,20.0
maptv_vs_drz,before,0.04352678571428571,22.974358974358974,-0.05658964110386656,0.14285714285714285,0.19649105513285683,3312,10.0,20.0
maptv_vs_drz,before,0.043638392857142855,22.915601023017903,-0.04155519395066753,0.14285714285714285,0.1965506909503124,3296,10.0,20.0
maptv_vs_drz,before,0.04375,22.857142857142858,-0.12415638015698573,0.14285714285714285,0.19620635084804425,3390,10.0,20.0
maptv_vs_drz,before,0.04386160714285714,22.798982188295167,-0.10593507849474419,0.14285714285714285,0.19627118161272125,3372,10.0,20.0
maptv_vs_drz,before,0.04397321428571428,22.741116751269036,-0.0021450854516465536,0.14285714285714285,0.19639505513636507,3338,10.0,20.0
maptv_vs_drz,before,0.044084821428571425,22.683544303797472,-0.0494532245727989,0.14285714285714285,0.19614203002159336,3408,10.0,20.0
maptv_vs_drz,before,0.04419642857142857,22.62626262626263,-0.04190786333805698,0.14285714285714285,0.19628565838032241,3368,10.0,20.0
maptv_vs_drz,before,0.04430803571428571,22.569269521410583,0.005409715941509743,0.14285714285714285,0.19630742154042707,3362,10.0,20.0
maptv_vs_drz,before,0.04441964285714286,22.51256281407035,0.0650632037601043,0.14285714285714285,0.19604297333067175,3436,10.0,20.0
maptv_vs_drz,before,0.04453125,22.45614035087719,0.036965941000772225,0.14285714285714285,0.19624230455271754,3380,10.0,20.0
maptv_vs_drz,before,0.044642857142857144,22.4,-0.05465803536377042,0.14285714285714285,0.19616341405099993,3402,10.0,20.0
maptv_vs_drz,before,0.044754464285714286,22.34413965087282,0.022682311773934986,0.14285714285714285,0.19608527866196232,3424,10.0,20.0
maptv_vs_drz,before,0.04486607142857143,22.28855721393035,0.015180299005941833,0.14285714285714285,0.19608527866196232,3424,10.0,20.0
maptv_vs_drz,before,0.04497767857142857,22.233250620347395,0.015786505307078407,0.14285714285714285,0.19586903899227384,3486,10.0,20.0
maptv_vs_drz,before,0.045089285714285714,22.17821782178218,0.01948434945301102,0.14285714285714285,0.19609942947499998,3420,10.0,20.0
maptv_vs_drz,before,0.045200892857142856,22.123456790123456,0.03512383790053022,0.14285714285714285,0.19598690683769954,3452,10.0,20.0
maptv_vs_drz,before,0.0453125,22.06896551724138,0.000910670053688521,0.14285714285714285,0.19578686266146458,3510,10.0,20.0
maptv_vs_drz,before,0.04542410714285714,22.014742014742016,0.13013589999312036,0.14285714285714285,0.195959018311031,3460,10.0,20.0
maptv_vs_drz,before,0.045535714285714284,21.96078431372549,0.13022589502734444,0.14285714285714285,0.1959242922263356,3470,10.0,20.0
maptv_vs_drz,before,0.045647321428571426,21.90709046454768,0.11672779691558476,0.14285714285714285,0.1959312255268662,3468,10.0,20.0
maptv_vs_drz,before,0.04575892857142857,21.853658536585368,0.14331758581383003,0.14285714285714285,0.19578005236369755,3512,10.0,20.0
maptv_vs_drz,before,0.04587053571428571,21.800486618004868,0.2040719137310668,0.14285714285714285,0.1957460872064342,3522,10.0,20.0
maptv_vs_drz,before,0.04598214285714285,21.74757281553398,0.17867518675046073,0.14285714285714285,0.19567186631260183,3544,10.0,20.0
maptv_vs_drz,before,0.046093749999999996,21.69491525423729,0.13757361313625308,0.14285714285714285,0.19601489165878555,3444,10.0,20.0
maptv_vs_drz,before,0.04620535714285714,21.64251207729469,0.18801288491675033,0.14285714285714285,0.19554526746979894,3582,10.0,20.0
maptv_vs_drz,before,0.04631696428571429,21.59036144578313,0.17838872188610932,0.14285714285714285,0.19557838863500912,3572,10.0,20.0
maptv_vs_drz,before,0.04642857142857143,21.538461538461537,0.17928814821026362,0.14285714285714285,0.19587592500046092,3484,10.0,20.0
maptv_vs_drz,before,0.04654017857142857,21.48681055155875,0.2184757600227101,0.14285714285714285,0.19536229896004664,3638,10.0,20.0
maptv_vs_drz,before,0.046651785714285715,21.43540669856459,0.251595129980353,0.14285714285714285,0.19572577688551,3528,10.0,20.0
maptv_vs_drz,before,0.04676339285714286,21.384248210023866,0.31588385827738785,0.14285714285714285,0.19565844520659162,3548,10.0,20.0
maptv_vs_drz,before,0.046875,21.333333333333332,0.28080592272317584,0.14285714285714285,0.19540115234939126,3626,10.0,20.0
maptv_vs_drz,before,0.04698660714285714,21.282660332541568,0.2891242954620908,0.14285714285714285,0.19544672377293545,3612,10.0,20.0
maptv_vs_drz,before,0.047098214285714285,21.232227488151658,0.23439399908373348,0.14285714285714285,0.1954663349047849,3606,10.0,20.0
maptv_vs_drz,before,0.04720982142857143,21.182033096926716,0.2501136942016569,0.14285714285714285,0.1955651236363731,3576,10.0,20.0
maptv_vs_drz,before,0.04732142857142857,21.132075471698116,0.26622412500321785,0.14285714285714285,0.19534294368347277,3644,10.0,20.0
maptv_vs_drz,before,0.04743303571428571,21.08235294117647,0.32284248571900653,0.14285714285714285,0.19537522888070752,3634,10.0,20.0
maptv_vs_drz,before,0.047544642857142855,21.03286384976526,0.40765188403033614,0.14285714285714285,0.19549912822785603,3596,10.0,20.0
maptv_vs_drz,before,0.04765625,20.98360655737705,0.38717364693030476,0.14285714285714285,0.19527876700452393,3664,10.0,20.0
maptv_vs_drz,before,0.04776785714285714,20.93457943925234,0.39156046789126026,0.14285714285714285,0.19536229896004664,3638,10.0,20.0
maptv_vs_drz,before,0.04787946428571428,20.88578088578089,0.36512135802285584,0.14285714285714285,0.1952532420597071,3672,10.0,20.0
maptv_vs_drz,before,0.047991071428571425,20.837209302325583,0.36869536386447077,0.14285714285714285,0.19534294368347277,3644,10.0,20.0
maptv_vs_drz,before,0.04810267857142857,20.788863109048727,0.34880691588390383,0.14285714285714285,0.1950209946989822,3746,10.0,20.0
maptv_vs_drz,before,0.04821428571428571,20.740740740740744,0.3999039667614193,0.14285714285714285,0.19530437499553316,3656,10.0,20.0
maptv_vs_drz,before,0.04832589285714286,20.69284064665127,0.4187999334988432,0.14285714285714285,0.19526599417946083,3668,10.0,20.0
maptv_vs_drz,before,0.0484375,20.64516129032258,0.4322132629820237,0.14285714285714285,0.19493488938335007,3774,10.0,20.0
maptv_vs_drz,before,0.048549107142857144,20.597701149425287,0.4515120453181663,0.14285714285714285,0.19539466351065476,3628,10.0,20.0
maptv_vs_drz,before,0.048660714285714286,20.55045871559633,0.34020706408572726,0.14285714285714285,0.19489827749225433,3786,10.0,20.0
maptv_vs_drz,before,0.04877232142857143,20.503432494279178,0.39827767991442803,0.14285714285714285,0.19506440733704855,3732,10.0,20.0
maptv_vs_drz,before,0.04888392857142857,20.45662100456621,0.39159646505017903,0.14285714285714285,0.19518979008893414,3692,10.0,20.0
maptv_vs_drz,before,0.048995535714285714,20.41002277904328,0.2639971838803021,0.14285714285714285,0.19491046224945754,3782,10.0,20.0
maptv_vs_drz,before,0.049107142857142856,20.363636363636363,0.20258879641955024,0.14285714285714285,0.19500246310468877,3752,10.0,20.0
maptv_vs_drz,before,0.04921875,20.317460317460316,0.22159144160009311,0.14285714285714285,0.19499013318559666,3756,10.0,20.0
maptv_vs_drz,before,0.04933035714285714,20.271493212669682,0.31586765486009805,0.14285714285714285,0.1948739653457362,3794,10.0,20.0
maptv_vs_drz,before,0.049441964285714284,20.225733634311513,0.24957226496215779,0.14285714285714285,0.19488003622703962,3792,10.0,20.0
maptv_vs_drz,before,0.049553571428571426,20.18018018018018,0.2049670552541196,0.14285714285714285,0.19489219229404334,3788,10.0,20.0
maptv_vs_drz,before,0.04966517857142857,20.134831460674157,0.24543151456737028,0.14285714285714285,0.1950209946989822,3746,10.0,20.0
maptv_vs_drz,before,0.04977678571428571,20.08968609865471,0.23127998334623837,0.14285714285714285,0.19475951592150462,3832,10.0,20.0
maptv_vs_drz,before,0.04988839285714285,20.04474272930649,0.28780816843691176,0.14285714285714285,0.19485578123579675,3800,10.0,20.0
maptv_vs_drz,before,0.049999999999999996,20.0,0.9999739508607123,0.14285714285714285,0.8417399583909729,2,10.0,20.0
maptv_vs_drz,after,0.0,inf,0.43876423664086733,0.14285714285714285,0.7560610050770457,3,10.0,20.0
maptv_vs_drz,after,0.00011160714285714285,8960.0,0.9307663735922589,0.14285714285714285,0.5160568456025979,12,10.0,20.0
maptv_vs_drz,after,0.0002232142857142857,4480.0,0.8603926009233984,0.14285714285714285,0.43846389609946435,22,10.0,20.0
maptv_vs_drz,after,0.0003348214285714286,2986.6666666666665,0.9655194620719925,0.14285714285714285,0.41192739958594665,28,10.0,20.0
maptv_vs_drz,after,0.0004464285714285714,2240.0,0.9742332817364613,0.14285714285714285,0.37684928940895107,40,10.0,20.0
maptv_vs_drz,after,0.0005580357142857143,1792.0,0.9892408655123789,0.14285714285714285,0.3572655453148874,50,10.0,20.0
maptv_vs_drz,after,0.0006696428571428571,1493.3333333333333,0.9939739366895372,0.14285714285714285,0.3607189084162777,48,10.0,20.0
maptv_vs_drz,after,0.0007812499999999999,1280.0,0.994677550226228,0.14285714285714285,0.33301944154606616,68,10.0,20.0
maptv_vs_drz,after,0.0008928571428571428,1120.0,0.9953777805019226,0.14285714285714285,0.3308883459615167,70,10.0,20.0
maptv_vs_drz,after,0.0010044642857142856,995.5555555555557,0.998155587983018,0.14285714285714285,0.32498105977643776,76,10.0,20.0
maptv_vs_drz,after,0.0011160714285714285,896.0,0.9986172350003689,0.14285714285714285,0.3120228149867766,92,10.0,20.0
maptv_vs_drz,after,0.0012276785714285714,814.5454545454546,0.9987777302285005,0.14285714285714285,0.30307454563671804,106,10.0,20.0
maptv_vs_drz,after,0.0013392857142857143,746.6666666666666,0.9993989068296205,0.14285714285714285,0.309276869488276,96,10.0,20.0
maptv_vs_drz,after,0.0014508928571428572,689.2307692307692,0.9993680517845909,0.14285714285714285,0.297657677511583,116,10.0,20.0
maptv_vs_drz,after,0.0015624999999999999,640.0,0.9995427901323694,0.14285714285714285,0.28942028891226607,134,10.0,20.0
maptv_vs_drz,after,0.0016741071428571428,597.3333333333334,0.9993489891148496,0.14285714285714285,0.2956748612128594,120,10.0,20.0
maptv_vs_drz,after,0.0017857142857142857,560.0,0.9994777300978473,0.14285714285714285,0.28476380812712476,146,10.0,20.0
maptv_vs_drz,after,0.0018973214285714286,527.0588235294118,0.9996733894383923,0.14285714285714285,0.2812856424436456,156,10.0,20.0
maptv_vs_drz,after,0.0020089285714285712,497.7777777777778,0.999841724538768,0.14285714285714285,0.28702018719502587,140,10.0,20.0
maptv_vs_drz,after,0.002120535714285714,471.5789473684211,0.9997971550104144,0.14285714285714285,0.2757709533720164,174,10.0,20.0
maptv_vs_drz,after,0.002232142857142857,448.0,0.9998606845320086,0.14285714285714285,0.27520913338899333,176,10.0,20.0
maptv_vs_drz,after,0.00234375,426.6666666666667,0.9998626328711699,0.14285714285714285,0.273051000260408,184,10.0,20.0
maptv_vs_drz,after,0.002455357142857143,407.2727272727273,0.9998932797597332,0.14285714285714285,0.2705369635786124,194,10.0,20.0
maptv_vs_drz,after,0.0025669642857142857,389.5652173913044,0.9999022573121833,0.14285714285714285,0.269116846861646,200,10.0,20.0
maptv_vs_drz,after,0.0026785714285714286,373.3333333333333,0.9999206996319943,0.14285714285714285,0.26731663903915925,208,10.0,20.0
maptv_vs_drz,after,0.0027901785714285715,358.4,0.9998922837883975,0.14285714285714285,0.2668822084027434,210,10.0,20.0
maptv_vs_drz,after,0.0029017857142857144,344.6153846153846,0.9999025720729289,0.14285714285714285,0.26173150991010213,236,10.0,20.0
maptv_vs_drz,after,0.003013392857142857,331.8518518518519,0.9999289487683265,0.14285714285714285,0.2632250986856457,228,10.0,20.0
maptv_vs_drz,after,0.0031249999999999997,320.0,0.9999312841919268,0.14285714285714285,0.2613695641695868,238,10.0,20.0
maptv_vs_drz,after,0.0032366071428571426,308.96551724137936,0.9999483349302252,0.14285714285714285,0.2576597972433477,260,10.0,20.0
maptv_vs_drz,after,0.0033482142857142855,298.6666666666667,0.9999499601175456,0.14285714285714285,0.2586250244740691,254,10.0,20.0
maptv_vs_drz,after,0.0034598214285714284,289.03225806451616,0.9999518697018964,0.14285714285714285,0.25523709705862524,276,10.0,20.0
maptv_vs_drz,after,0.0035714285714285713,280.0,0.9999628251263016,0.14285714285714285,0.25582326430374547,272,10.0,20.0
maptv_vs_drz,after,0.003683035714285714,271.5151515151515,0.9999544772176172,0.14285714285714285,0.2527449491574839,294,10.0,20.0
maptv_vs_drz,after,0.003794642857142857,263.5294117647059,0.9999508394170326,0.14285714285714285,0.25410107451462977,284,10.0,20.0
maptv_vs_drz,after,0.00390625,256.0,0.9999475600379937,0.14285714285714285,0.2514544516681247,304,10.0,20.0
maptv_vs_drz,after,0.0040178571428571425,248.8888888888889,0.9999414658652209,0.14285714285714285,0.24928083583453234,322,10.0,20.0
maptv_vs_drz,after,0.004129464285714286,242.16216216216216,0.9999311521754557,0.14285714285714285,0.2514544516681247,304,10.0,20.0
maptv_vs_drz,after,0.004241071428571428,235.78947368421055,0.9999098625208671,0.14285714285714285,0.24905026945843273,324,10.0,20.0
maptv_vs_drz,after,0.004352678571428572,229.74358974358972,0.9998991442400336,0.14285714285714285,0.24582376798178943,354,10.0,20.0
maptv_vs_drz,after,0.004464285714285714,224.0,0.9999281491067549,0.14285714285714285,0.24770924671322134,336,10.0,20.0
maptv_vs_drz,after,0.004575892857142857,218.53658536585365,0.9998497434954992,0.14285714285714285,0.24643640318775006,348,10.0,20.0
maptv_vs_drz,after,0.0046875,213.33333333333334,0.9998323872553143,0.14285714285714285,0.24426173259637654,370,10.0,20.0
maptv_vs_drz,after,0.004799107142857142,208.37209302325584,0.9998902312057732,0.14285714285714285,0.24407341871811294,372,10.0,20.0
maptv_vs_drz,after,0.004910714285714286,203.63636363636365,0.9998331348779792,0.14285714285714285,0.24388657961491628,374,10.0,20.0
maptv_vs_drz,after,0.005022321428571428,199.11111111111114,0.9998345121346465,0.14285714285714285,0.24124866466885456,404,10.0,20.0
maptv_vs_drz,after,0.005133928571428571,194.7826086956522,0.999914912986777,0.14285714285714285,0.24226832878047586,392,10.0,20.0
maptv_vs_drz,after,0.005245535714285714,190.63829787234044,0.9999154807088523,0.14285714285714285,0.2427954615022515,386,10.0,20.0
maptv_vs_drz,after,0.005357142857142857,186.66666666666666,0.9998877231703575,0.14285714285714285,0.23964416299559071,424,10.0,20.0
maptv_vs_drz,after,0.00546875,182.85714285714286,0.9998231632821075,0.14285714285714285,0.24027239659586974,416,10.0,20.0
maptv_vs_drz,after,0.005580357142857143,179.2,0.9997986435041706,0.14285714285714285,0.2388828626474958,434,10.0,20.0
maptv_vs_drz,after,0.0056919642857142854,175.68627450980392,0.9998125467574107,0.14285714285714285,0.2384383044776066,440,10.0,20.0
maptv_vs_drz,after,0.005803571428571429,172.3076923076923,0.999823474102728,0.14285714285714285,0.23757528612232023,452,10.0,20.0
maptv_vs_drz,after,0.005915178571428571,169.05660377358492,0.9997577691558713,0.14285714285714285,0.23688135961430892,462,10.0,20.0
maptv_vs_drz,after,0.006026785714285714,165.92592592592595,0.9996340334570114,0.14285714285714285,0.23785919155913984,448,10.0,20.0
maptv_vs_drz,after,0.006138392857142857,162.9090909090909,0.9997373280707297,0.14285714285714285,0.23517586182327832,488,10.0,20.0
maptv_vs_drz,after,0.0062499999999999995,160.0,0.9998087996839846,0.14285714285714285,0.23607716377209612,474,10.0,20.0
maptv_vs_drz,after,0.006361607142857143,157.19298245614036,0.9998283309102642,0.14285714285714285,0.23568617177506457,480,10.0,20.0
maptv_vs_drz,after,0.006473214285714285,154.48275862068968,0.9997659344411188,0.14285714285714285,0.23359868826190747,514,10.0,20.0
maptv_vs_drz,after,0.006584821428571429,151.864406779661,0.9995954472611609,0.14285714285714285,0.23348222347930858,516,10.0,20.0
maptv_vs_drz,after,0.006696428571428571,149.33333333333334,0.9996782751159533,0.14285714285714285,0.23467767886949623,496,10.0,20.0
maptv_vs_drz,after,0.006808035714285714,146.88524590163934,0.9997539824263795,0.14285714285714285,0.23246304055541317,534,10.0,20.0
maptv_vs_drz,after,0.006919642857142857,144.51612903225808,0.9998056939776825,0.14285714285714285,0.23191835858106052,544,10.0,20.0
maptv_vs_drz,after,0.00703125,142.22222222222223,0.999760103762375,0.14285714285714285,0.23348222347930858,516,10.0,20.0
maptv_vs_drz,after,0.007142857142857143,140.0,0.9997800256404298,0.14285714285714285,0.23118003674182988,558,10.0,20.0
maptv_vs_drz,after,0.007254464285714285,137.84615384615387,0.9997802568646865,0.14285714285714285,0.23066911942921098,568,10.0,20.0
maptv_vs_drz,after,0.007366071428571428,135.75757575757575,0.9998265783808825,0.14285714285714285,0.23257377696061368,532,10.0,20.0
maptv_vs_drz,after,0.007477678571428571,133.7313432835821,0.9996913016515825,0.14285714285714285,0.22865956785210217,610,10.0,20.0
maptv_vs_drz,after,0.007589285714285714,131.76470588235296,0.9994598783049579,0.14285714285714285,0.2300731936178756,580,10.0,20.0
maptv_vs_drz,after,0.007700892857142857,129.85507246376812,0.999676207197941,0.14285714285714285,0.22987856279938831,584,10.0,20.0
maptv_vs_drz,after,0.0078125,128.0,0.9995120951851643,0.14285714285714285,0.22847879956174852,614,10.0,20.0
maptv_vs_drz,after,0.007924107142857142,126.19718309859155,0.999688695926849,0.14285714285714285,0.22856896654528058,612,10.0,20.0
maptv_vs_drz,after,0.008035714285714285,124.44444444444446,0.9995952136980445,0.14285714285714285,0.22794672665157004,626,10.0,20.0
maptv_vs_drz,after,0.008147321428571429,122.73972602739725,0.9993929412887113,0.14285714285714285,0.22856896654528058,612,10.0,20.0
maptv_vs_drz,after,0.008258928571428572,121.08108108108108,0.9994803683656625,0.14285714285714285,0.22751466188342373,636,10.0,20.0
maptv_vs_drz,after,0.008370535714285714,119.46666666666667,0.9995502794425047,0.14285714285714285,0.22709247611069447,646,10.0,20.0
maptv_vs_drz,after,0.008482142857142856,117.89473684210527,0.9995966843107916,0.14285714285714285,0.2270091913293758,648,10.0,20.0
maptv_vs_drz,after,0.008593749999999999,116.36363636363637,0.9995537985344134,0.14285714285714285,0.22684375089361272,652,10.0,20.0
maptv_vs_drz,after,0.008705357142857143,114.87179487179486,0.999613075297223,0.14285714285714285,0.22580365493397495,678,10.0,20.0
maptv_vs_drz,after,0.008816964285714286,113.41772151898735,0.9995358474864247,0.14285714285714285,0.22572608133433805,680,10.0,20.0
maptv_vs_drz,after,0.008928571428571428,112.0,0.9996224992057702,0.14285714285714285,0.22572608133433805,680,10.0,20.0
maptv_vs_drz,after,0.00904017857142857,110.61728395061729,0.9993140712669542,0.14285714285714285,0.2247472633332211,706,10.0,20.0
maptv_vs_drz,after,0.009151785714285715,109.26829268292683,0.9994168935791921,0.14285714285714285,0.2252675931499613,692,10.0,20.0
maptv_vs_drz,after,0.009263392857142857,107.95180722891567,0.9992490920780638,0.14285714285714285,0.22511735629687746,696,10.0,20.0
maptv_vs_drz,after,0.009375,106.66666666666667,0.9993131433797933,0.14285714285714285,0.22347634762040358,742,10.0,20.0
maptv_vs_drz,after,0.009486607142857142,105.41176470588236,0.9991565656506025,0.14285714285714285,0.22467416992987052,708,10.0,20.0
maptv_vs_drz,after,0.009598214285714285,104.18604651162792,0.9991124897449328,0.14285714285714285,0.22280884262303868,762,10.0,20.0
maptv_vs_drz,after,0.009709821428571429,102.98850574712644,0.9981309624193389,0.14285714285714285,0.22368179007692848,736,10.0,20.0
maptv_vs_drz,after,0.009821428571428571,101.81818181818183,0.9982451993485244,0.14285714285714285,0.22287442635809016,760,10.0,20.0
maptv_vs_drz,after,0.009933035714285714,100.67415730337079,0.99909640749476,0.14285714285714285,0.22229315058834048,778,10.0,20.0
maptv_vs_drz,after,0.010044642857142856,99.55555555555557,0.999320051198452,0.14285714285714285,0.22261360373636063,768,10.0,20.0
maptv_vs_drz,after,0.01015625,98.46153846153845,0.9992614972804766,0.14285714285714285,0.22287442635809016,760,10.0,20.0
maptv_vs_drz,after,0.010267857142857143,97.3913043478261,0.998936994638217,0.14285714285714285,0.22191652760781277,790,10.0,20.0
maptv_vs_drz,after,0.010379464285714285,96.34408602150538,0.998951172270637,0.14285714285714285,0.2212474895498582,812,10.0,20.0
maptv_vs_drz,after,0.010491071428571428,95.31914893617022,0.9991969026037536,0.14285714285714285,0.2214876516950723,804,10.0,20.0
maptv_vs_drz,after,0.010602678571428572,94.3157894736842,0.9990449277493048,0.14285714285714285,0.22130720212890542,810,10.0,20.0
maptv_vs_drz,after,0.010714285714285714,93.33333333333333,0.9991874140792404,0.14285714285714285,0.2206620549790673,832,10.0,20.0
maptv_vs_drz,after,0.010825892857142857,92.37113402061856,0.9992095439370396,0.14285714285714285,0.2216090580540805,800,10.0,20.0
maptv_vs_drz,after,0.0109375,91.42857142857143,0.9993452371159097,0.14285714285714285,0.2198217694523472,862,10.0,20.0
maptv_vs_drz,after,0.011049107142857142,90.50505050505052,0.9992990118765117,0.14285714285714285,0.22020844574520457,848,10.0,20.0
maptv_vs_drz,after,0.011160714285714286,89.6,0.9987715214418464,0.14285714285714285,0.21928516426814687,882,10.0,20.0
maptv_vs_drz,after,0.011272321428571428,88.71287128712872,0.998028482555578,0.14285714285714285,0.22077747178815657,828,10.0,20.0
maptv_vs_drz,after,0.011383928571428571,87.84313725490196,0.9984903872748647,0.14285714285714285,0.21955119748619267,872,10.0,20.0
maptv_vs_drz,after,0.011495535714285713,86.99029126213593,0.9983545010198573,0.14285714285714285,0.21856336410973248,910,10.0,20.0
maptv_vs_drz,after,0.011607142857142858,86.15384615384615,0.9985337401730271,0.14285714285714285,0.21965887440375706,868,10.0,20.0
maptv_vs_drz,after,0.01171875,85.33333333333333,0.9981682985320854,0.14285714285714285,0.21902354389357315,892,10.0,20.0
maptv_vs_drz,after,0.011830357142857142,84.52830188679246,0.9980480828426035,0.14285714285714285,0.2181654494608149,926,10.0,20.0
maptv_vs_drz,after,0.011941964285714285,83.73831775700936,0.997797710819862,0.14285714285714285,0.21841294458748992,916,10.0,20.0
maptv_vs_drz,after,0.012053571428571427,82.96296296296298,0.9988264082143091,0.14285714285714285,0.21851306204381743,912,10.0,20.0
maptv_vs_drz,after,0.012165178571428572,82.20183486238533,0.9989077917542294,0.14285714285714285,0.21758723335053728,950,10.0,20.0
maptv_vs_drz,after,0.012276785714285714,81.45454545454545,0.9988233356646097,0.14285714285714285,0.21744603829804665,956,10.0,20.0
maptv_vs_drz,after,0.012388392857142856,80.72072072072072,0.998413861303156,0.14285714285714285,0.21861382957564643,908,10.0,20.0
maptv_vs_drz,after,0.012499999999999999,80.0,0.9977054006429612,0.14285714285714285,0.21675920204107632,986,10.0,20.0
maptv_vs_drz,after,0.012611607142857143,79.29203539823008,0.9983404629572815,0.14285714285714285,0.21725980028494588,964,10.0,20.0
maptv_vs_drz,after,0.012723214285714286,78.59649122807018,0.9981864412324087,0.14285714285714285,0.21721359693608783,966,10.0,20.0
maptv_vs_drz,after,0.012834821428571428,77.91304347826087,0.9974723905645932,0.14285714285714285,0.21644914346158642,1000,10.0,20.0
maptv_vs_drz,after,0.01294642857142857,77.24137931034484,0.9972772337386651,0.14285714285714285,0.21653707458648785,996,10.0,20.0
maptv_vs_drz,after,0.013058035714285715,76.58119658119658,0.9974431351763795,0.14285714285714285,0.21649304397049488,998,10.0,20.0
maptv_vs_drz,after,0.013169642857142857,75.9322033898305,0.9977913994202295,0.14285714285714285,0.21610254718236965,1016,10.0,20.0
maptv_vs_drz,after,0.01328125,75.29411764705883,0.9980415187892261,0.14285714285714285,0.21618843703925994,1012,10.0,20.0
maptv_vs_drz,after,0.013392857142857142,74.66666666666667,0.997039001118355,0.14285714285714285,0.21605978929178232,1018,10.0,20.0
maptv_vs_drz,after,0.013504464285714285,74.04958677685951,0.997353543172983,0.14285714285714285,0.21551499634696136,1044,10.0,20.0
maptv_vs_drz,after,0.013616071428571429,73.44262295081967,0.9976702318838275,0.14285714285714285,0.21568047213382657,1036,10.0,20.0
maptv_vs_drz,after,0.013727678571428571,72.84552845528455,0.9965004956354169,0.14285714285714285,0.21498988471428435,1070,10.0,20.0
maptv_vs_drz,after,0.013839285714285714,72.25806451612904,0.9958464532210537,0.14285714285714285,0.21543295911437524,1048,10.0,20.0
maptv_vs_drz,after,0.013950892857142856,71.68,0.993962169702199,0.14285714285714285,0.2148713755575323,1076,10.0,20.0
maptv_vs_drz,after,0.0140625,71.11111111111111,0.995678621587899,0.14285714285714285,0.21475383879638116,1082,10.0,20.0
maptv_vs_drz,after,0.014174107142857143,70.55118110236221,0.9973185802775125,0.14285714285714285,0.21471487366377726,1084,10.0,20.0
maptv_vs_drz,after,0.014285714285714285,70.0,0.9974201074930659,0.14285714285714285,0.21459861283869502,1090,10.0,20.0
maptv_vs_drz,after,0.014397321428571428,69.45736434108528,0.996565075603316,0.14285714285714285,0.21425543086377571,1108,10.0,20.0
maptv_vs_drz,after,0.01450892857142857,68.92307692307693,0.9930217280469175,0.14285714285714285,0.21456006915830092,1092,10.0,20.0
maptv_vs_drz,after,0.014620535714285714,68.3969465648855,0.9935050116817183,0.14285714285714285,0.21355728664025345,1146,10.0,20.0
maptv_vs_drz,after,0.014732142857142857,67.87878787878788,0.9962584739668546,0.14285714285714285,0.21366522853675965,1140,10.0,20.0
maptv_vs_drz,after,0.01484375,67.36842105263158,0.9939776414370683,0.14285714285714285,0.2143309783773013,1104,10.0,20.0
maptv_vs_drz,after,0.014955357142857142,66.86567164179105,0.9928269704784574,0.14285714285714285,0.21279046829950965,1190,10.0,20.0
maptv_vs_drz,after,0.015066964285714286,66.37037037037037,0.9944519457803103,0.14285714285714285,0.21373765748018866,1136,10.0,20.0
maptv_vs_drz,after,0.015178571428571428,65.88235294117648,0.9937443552293769,0.14285714285714285,0.21352149146774207,1148,10.0,20.0
maptv_vs_drz,after,0.015290178571428571,65.4014598540146,0.9933920180172384,0.14285714285714285,0.21285843635360488,1186,10.0,20.0
maptv_vs_drz,after,0.015401785714285713,64.92753623188406,0.9914689117228944,0.14285714285714285,0.21282441002983377,1188,10.0,20.0
maptv_vs_drz,after,0.015513392857142856,64.46043165467627,0.9931165116921512,0.14285714285714285,0.21337922749072738,1156,10.0,20.0
maptv_vs_drz,after,0.015625,64.0,0.9929258799248846,0.14285714285714285,0.212000361835817,1238,10.0,20.0
maptv_vs_drz,after,0.015736607142857142,63.54609929078014,0.9965286851263498,0.14285714285714285,0.2124887421904062,1208,10.0,20.0
maptv_vs_drz,after,0.015848214285714285,63.098591549295776,0.996928266453051,0.14285714285714285,0.2127228372174348,1194,10.0,20.0
maptv_vs_drz,after,0.015959821428571427,62.65734265734266,0.9965692741020391,0.14285714285714285,0.2120323741059451,1236,10.0,20.0
maptv_vs_drz,after,0.01607142857142857,62.22222222222223,0.995243571146794,0.14285714285714285,0.2120323741059451,1236,10.0,20.0
maptv_vs_drz,after,0.016183035714285712,61.79310344827587,0.9905156044202034,0.14285714285714285,0.21187307369980893,1246,10.0,20.0
maptv_vs_drz,after,0.016294642857142858,61.36986301369863,0.9907220400837737,0.14285714285714285,0.21216119331021152,1228,10.0,20.0
maptv_vs_drz,after,0.01640625,60.95238095238095,0.989037102597385,0.14285714285714285,0.21159104545450594,1264,10.0,20.0
maptv_vs_drz,after,0.016517857142857143,60.54054054054054,0.9829182259912941,0.14285714285714285,0.21149835269259598,1270,10.0,20.0
maptv_vs_drz,after,0.016629464285714286,60.13422818791946,0.9877802877880905,0.14285714285714285,0.21177839816474361,1252,10.0,20.0
maptv_vs_drz,after,0.016741071428571428,59.733333333333334,0.9822418244442881,0.14285714285714285,0.21134529561252643,1280,10.0,20.0
maptv_vs_drz,after,0.01685267857142857,59.337748344370866,0.9877514288157211,0.14285714285714285,0.21054834880675766,1334,10.0,20.0
maptv_vs_drz,after,0.016964285714285713,58.94736842105264,0.9932916752874311,0.14285714285714285,0.21159104545450594,1264,10.0,20.0
maptv_vs_drz,after,0.017075892857142855,58.56209150326798,0.9945398518097218,0.14285714285714285,0.21080861501660042,1316,10.0,20.0
maptv_vs_drz,after,0.017187499999999998,58.18181818181819,0.9938001479960689,0.14285714285714285,0.2104912166657718,1338,10.0,20.0
maptv_vs_drz,after,0.017299107142857144,57.806451612903224,0.991802160840446,0.14285714285714285,0.2112241179090306,1288,10.0,20.0
maptv_vs_drz,after,0.017410714285714286,57.43589743589743,0.9885941184363978,0.14285714285714285,0.21009825045931166,1366,10.0,20.0
maptv_vs_drz,after,0.01752232142857143,57.07006369426752,0.9937141303869662,0.14285714285714285,0.21034948559464076,1348,10.0,20.0
maptv_vs_drz,after,0.01763392857142857,56.708860759493675,0.9852947040778969,0.14285714285714285,0.21046274528313325,1340,10.0,20.0
maptv_vs_drz,after,0.017745535714285714,56.35220125786164,0.9797803016000927,0.14285714285714285,0.2102651915533084,1354,10.0,20.0
maptv_vs_drz,after,0.017857142857142856,56.0,0.9821919271346521,0.14285714285714285,0.20979775932161346,1388,10.0,20.0
maptv_vs_drz,after,0.01796875,55.652173913043484,0.9869713891076667,0.14285714285714285,0.21001559151209073,1372,10.0,20.0
maptv_vs_drz,after,0.01808035714285714,55.308641975308646,0.9882635293334193,0.14285714285714285,0.20993346585157174,1378,10.0,20.0
maptv_vs_drz,after,0.018191964285714284,54.96932515337424,0.9861183108820035,0.14285714285714285,0.20969023176701643,1396,10.0,20.0
maptv_vs_drz,after,0.01830357142857143,54.63414634146341,0.9834328050757188,0.14285714285714285,0.20974388120426476,1392,10.0,20.0
maptv_vs_drz,after,0.018415178571428572,54.303030303030305,0.9833704488337474,0.14285714285714285,0.20924322011539456,1430,10.0,20.0
maptv_vs_drz,after,0.018526785714285714,53.975903614457835,0.977753615222612,0.14285714285714285,0.20937304795788578,1420,10.0,20.0
maptv_vs_drz,after,0.018638392857142857,53.65269461077845,0.973024723473411,0.14285714285714285,0.20958361247909307,1404,10.0,20.0
maptv_vs_drz,after,0.01875,53.333333333333336,0.9769313094223817,0.14285714285714285,0.20908918974285123,1442,10.0,20.0
maptv_vs_drz,after,0.018861607142857142,53.01775147928994,0.9758422721855645,0.14285714285714285,0.2091147294392002,1440,10.0,20.0
maptv_vs_drz,after,0.018973214285714284,52.70588235294118,0.9807431168036352,0.14285714285714285,0.20878674915614567,1466,10.0,20.0
maptv_vs_drz,after,0.019084821428571427,52.397660818713454,0.9597454955498979,0.14285714285714285,0.20896227354363328,1452,10.0,20.0
maptv_vs_drz,after,0.01919642857142857,52.09302325581396,0.9651990818762576,0.14285714285714285,0.20861368932701757,1480,10.0,20.0
maptv_vs_drz,after,0.019308035714285715,51.79190751445086,0.953628864337745,0.14285714285714285,0.20849155226945118,1490,10.0,20.0
maptv_vs_drz,after,0.019419642857142858,51.49425287356322,0.9679352790336002,0.14285714285714285,0.20886166870324252,1460,10.0,20.0
maptv_vs_drz,after,0.01953125,51.2,0.9704824111961255,0.14285714285714285,0.20832258514572422,1504,10.0,20.0
maptv_vs_drz,after,0.019642857142857142,50.909090909090914,0.9580616259174917,0.14285714285714285,0.20820331375489703,1514,10.0,20.0
maptv_vs_drz,after,0.019754464285714285,50.621468926553675,0.9576325789718143,0.14285714285714285,0.2080852033992908,1524,10.0,20.0
maptv_vs_drz,after,0.019866071428571427,50.337078651685395,0.9507598319003742,0.14285714285714285,0.20822707454226386,1512,10.0,20.0
maptv_vs_drz,after,0.01997767857142857,50.05586592178771,0.9506287732128372,0.14285714285714285,0.2076466470245122,1562,10.0,20.0
maptv_vs_drz,after,0.020089285714285712,49.777777777777786,0.958346240442753,0.14285714285714285,0.20817959940754727,1516,10.0,20.0
maptv_vs_drz,after,0.020200892857142858,49.50276243093922,0.9757919817389565,0.14285714285714285,0.20817959940754727,1516,10.0,20.0
maptv_vs_drz,after,0.0203125,49.230769230769226,0.9741065044603429,0.14285714285714285,0.2071581805789342,1606,10.0,20.0
maptv_vs_drz,after,0.020424107142857143,48.96174863387978,0.9591446025221678,0.14285714285714285,0.2078523911652866,1544,10.0,20.0
maptv_vs_drz,after,0.020535714285714286,48.69565217391305,0.9723065524974714,0.14285714285714285,0.20751142498562736,1574,10.0,20.0
maptv_vs_drz,after,0.020647321428571428,48.432432432432435,0.9864047088381559,0.14285714285714285,0.207311430402214,1592,10.0,20.0
maptv_vs_drz,after,0.02075892857142857,48.17204301075269,0.9863285021847534,0.14285714285714285,0.20766933369874285,1560,10.0,20.0
maptv_vs_drz,after,0.020870535714285713,47.9144385026738,0.9766516033079091,0.14285714285714285,0.2072455083727941,1598,10.0,20.0
maptv_vs_drz,after,0.020982142857142855,47.65957446808511,0.9628291506165724,0.14285714285714285,0.20679410702631273,1640,10.0,20.0
maptv_vs_drz,after,0.021093749999999998,47.40740740740741,0.9718809484161864,0.14285714285714285,0.2070931065498322,1612,10.0,20.0
maptv_vs_drz,after,0.021205357142857144,47.1578947368421,0.9634527918819473,0.14285714285714285,0.20733348626347292,1590,10.0,20.0
maptv_vs_drz,after,0.021316964285714286,46.910994764397905,0.9545214162690782,0.14285714285714285,0.2068363565335541,1636,10.0,20.0
maptv_vs_drz,after,0.02142857142857143,46.666666666666664,0.9568583414814418,0.14285714285714285,0.20646152179686691,1672,10.0,20.0
maptv_vs_drz,after,0.02154017857142857,46.424870466321245,0.971013462343817,0.14285714285714285,0.20677303948480721,1642,10.0,20.0
maptv_vs_drz,after,0.021651785714285714,46.18556701030928,0.9777058636899115,0.14285714285714285,0.20654377883697478,1664,10.0,20.0
maptv_vs_drz,after,0.021763392857142856,45.94871794871795,0.9811213525513827,0.14285714285714285,0.2069213164900138,1628,10.0,20.0
maptv_vs_drz,after,0.021875,45.714285714285715,0.9754621170006782,0.14285714285714285,0.20615817865004304,1702,10.0,20.0
maptv_vs_drz,after,0.02198660714285714,45.48223350253807,0.9847628599851547,0.14285714285714285,0.2063798459329584,1680,10.0,20.0
maptv_vs_drz,after,0.022098214285714284,45.25252525252526,0.9757873092531085,0.14285714285714285,0.20607862228912602,1710,10.0,20.0
maptv_vs_drz,after,0.02220982142857143,45.0251256281407,0.968356277603142,0.14285714285714285,0.2060193161196826,1716,10.0,20.0
maptv_vs_drz,after,0.022321428571428572,44.8,0.9573597082656888,0.14285714285714285,0.2064206116472992,1676,10.0,20.0
maptv_vs_drz,after,0.022433035714285714,44.5771144278607,0.9459454443209403,0.14285714285714285,0.20568896146044316,1750,10.0,20.0
maptv_vs_drz,after,0.022544642857142857,44.35643564356436,0.9549669737667846,0.14285714285714285,0.20586265784981742,1732,10.0,20.0
maptv_vs_drz,after,0.02265625,44.13793103448276,0.9579999996766275,0.14285714285714285,0.20625840693654623,1692,10.0,20.0
maptv_vs_drz,after,0.022767857142857142,43.92156862745098,0.9565465934487777,0.14285714285714285,0.20561261066388095,1758,10.0,20.0
maptv_vs_drz,after,0.022879464285714284,43.707317073170735,0.9587731650525572,0.14285714285714285,0.20563165001517575,1756,10.0,20.0
maptv_vs_drz,after,0.022991071428571427,43.49514563106796,0.9507764771932385,0.14285714285714285,0.2059799491398533,1720,10.0,20.0
maptv_vs_drz,after,0.02310267857142857,43.28502415458938,0.9677136648280403,0.14285714285714285,0.2050559530372921,1818,10.0,20.0
maptv_vs_drz,after,0.023214285714285715,43.07692307692307,0.9772714929998957,0.14285714285714285,0.20529377749698421,1792,10.0,20.0
maptv_vs_drz,after,0.023325892857142858,42.87081339712918,0.9733586060190258,0.14285714285714285,0.20578513067261447,1740,10.0,20.0
maptv_vs_drz,after,0.0234375,42.666666666666664,0.9749693278503928,0.14285714285714285,0.2049478815407546,1830,10.0,20.0
maptv_vs_drz,after,0.023549107142857142,42.464454976303315,0.9583670491977804,0.14285714285714285,0.2053308201973659,1788,10.0,20.0
maptv_vs_drz,after,0.023660714285714285,42.26415094339623,0.9533691806594675,0.14285714285714285,0.2051650873580342,1806,10.0,20.0
maptv_vs_drz,after,0.023772321428571427,42.06572769953052,0.948060878867361,0.14285714285714285,0.20500178551890139,1824,10.0,20.0
maptv_vs_drz,after,0.02388392857142857,41.86915887850468,0.9330888447675266,0.14285714285714285,0.2050378677827802,1820,10.0,20.0
maptv_vs_drz,after,0.023995535714285712,41.674418604651166,0.9308952584553765,0.14285714285714285,0.20473485868990474,1854,10.0,20.0
maptv_vs_drz,after,0.024107142857142855,41.48148148148149,0.9360876359340475,0.14285714285714285,0.20489423896779435,1836,10.0,20.0
maptv_vs_drz,after,0.02421875,41.29032258064516,0.922590979356608,0.14285714285714285,0.20482311852246032,1844,10.0,20.0
maptv_vs_drz,after,0.024330357142857143,41.10091743119266,0.9125717631476209,0.14285714285714285,0.20428703415014268,1906,10.0,20.0
maptv_vs_drz,after,0.024441964285714286,40.91324200913242,0.9196706321724584,0.14285714285714285,0.20485862143419345,1840,10.0,20.0
maptv_vs_drz,after,0.024553571428571428,40.72727272727273,0.9304080081463532,0.14285714285714285,0.20443997892001115,1888,10.0,20.0
maptv_vs_drz,after,0.02466517857142857,40.542986425339365,0.9510417593731898,0.14285714285714285,0.20432083629059994,1902,10.0,20.0
maptv_vs_drz,after,0.024776785714285713,40.36036036036036,0.9656698857923293,0.14285714285714285,0.20478772961770136,1848,10.0,20.0
maptv_vs_drz,after,0.024888392857142855,40.17937219730942,0.9704403138477699,0.14285714285714285,0.20406985646203774,1932,10.0,20.0
maptv_vs_drz,after,0.024999999999999998,40.0,0.9287842827990629,0.14285714285714285,0.20405333008241125,1934,10.0,20.0
maptv_vs_drz,after,0.02511160714285714,39.82222222222222,0.9086056156428713,0.14285714285714285,0.20443997892001115,1888,10.0,20.0
maptv_vs_drz,after,0.025223214285714286,39.64601769911504,0.9057123379301705,0.14285714285714285,0.20395470143415717,1946,10.0,20.0
maptv_vs_drz,after,0.02533482142857143,39.47136563876652,0.905571200360044,0.14285714285714285,0.20380843789404254,1964,10.0,20.0
maptv_vs_drz,after,0.02544642857142857,39.29824561403509,0.9080979010561597,0.14285714285714285,0.20397107681264137,1944,10.0,20.0
maptv_vs_drz,after,0.025558035714285714,39.12663755458515,0.9171735461719093,0.14285714285714285,0.2038245910506852,1962,10.0,20.0
maptv_vs_drz,after,0.025669642857142856,38.95652173913044,0.9158141724697191,0.14285714285714285,0.20368008519926165,1980,10.0,20.0
maptv_vs_drz,after,0.02578125,38.78787878787879,0.9267728728630127,0.14285714285714285,0.20406985646203774,1932,10.0,20.0
maptv_vs_drz,after,0.02589285714285714,38.62068965517242,0.9463668409717357,0.14285714285714285,0.20360064332422378,1990,10.0,20.0
maptv_vs_drz,after,0.026004464285714284,38.4549356223176,0.9419152871249282,0.14285714285714285,0.20345912978831718,2008,10.0,20.0
maptv_vs_drz,after,0.02611607142857143,38.29059829059829,0.9416485577576745,0.14285714285714285,0.20380843789404254,1964,10.0,20.0
maptv_vs_drz,after,0.026227678571428572,38.12765957446808,0.9188499875805093,0.14285714285714285,0.20335035825347117,2022,10.0,20.0
maptv_vs_drz,after,0.026339285714285714,37.96610169491525,0.934515409527544,0.14285714285714285,0.20333491064606968,2024,10.0,20.0
maptv_vs_drz,after,0.026450892857142857,37.80590717299578,0.9512979173883266,0.14285714285714285,0.20333491064606968,2024,10.0,20.0
maptv_vs_drz,after,0.0265625,37.64705882352941,0.9519722714567722,0.14285714285714285,0.20338132157581876,2018,10.0,20.0
maptv_vs_drz,after,0.026674107142857142,37.48953974895397,0.940784960266616,0.14285714285714285,0.2030306380195964,2064,10.0,20.0
maptv_vs_drz,after,0.026785714285714284,37.333333333333336,0.9449559060169942,0.14285714285714285,0.2030156542404139,2066,10.0,20.0
maptv_vs_drz,after,0.026897321428571427,37.178423236514526,0.9510563228205071,0.14285714285714285,0.20352179142430754,2000,10.0,20.0
maptv_vs_drz,after,0.02700892857142857,37.02479338842976,0.9541731522349232,0.14285714285714285,0.20276417883135758,2100,10.0,20.0
maptv_vs_drz,after,0.027120535714285715,36.87242798353909,0.9192896348384003,0.14285714285714285,0.20280811620931277,2094,10.0,20.0
maptv_vs_drz,after,0.027232142857142858,36.721311475409834,0.888274272873032,0.14285714285714285,0.20294105689975392,2076,10.0,20.0
maptv_vs_drz,after,0.02734375,36.57142857142857,0.9253859672519053,0.14285714285714285,0.20285224078709876,2088,10.0,20.0
maptv_vs_drz,after,0.027455357142857142,36.422764227642276,0.8961501146189732,0.14285714285714285,0.20251867322781997,2134,10.0,20.0
maptv_vs_drz,after,0.027566964285714285,36.2753036437247,0.9267167479651194,0.14285714285714285,0.20276417883135758,2100,10.0,20.0
maptv_vs_drz,after,0.027678571428571427,36.12903225806452,0.9273988124915277,0.14285714285714285,0.20282280353622323,2092,10.0,20.0
maptv_vs_drz,after,0.02779017857142857,35.98393574297189,0.8756017529959895,0.14285714285714285,0.2024051399747265,2150,10.0,20.0
maptv_vs_drz,after,0.027901785714285712,35.84,0.8722529640067266,0.14285714285714285,0.2023910364655755,2152,10.0,20.0
maptv_vs_drz,after,0.028013392857142855,35.69721115537849,0.9274213849220463,0.14285714285714285,0.20294105689975392,2076,10.0,20.0
maptv_vs_drz,after,0.028125,35.55555555555556,0.9487256215781031,0.14285714285714285,0.20199031257847036,2210,10.0,20.0
maptv_vs_drz,after,0.028236607142857143,35.41501976284585,0.9275424373743169,0.14285714285714285,0.20256157441371295,2128,10.0,20.0
maptv_vs_drz,after,0.028348214285714286,35.275590551181104,0.9206652400160494,0.14285714285714285,0.20220944357269727,2178,10.0,20.0
maptv_vs_drz,after,0.028459821428571428,35.13725490196079,0.9143076165667012,0.14285714285714285,0.2020038700244288,2208,10.0,20.0
maptv_vs_drz,after,0.02857142857142857,35.0,0.9184105526040053,0.14285714285714285,0.20227890442236768,2168,10.0,20.0
maptv_vs_drz,after,0.028683035714285713,34.86381322957199,0.8968880124596661,0.14285714285714285,0.20209928513740544,2194,10.0,20.0
maptv_vs_drz,after,0.028794642857142855,34.72868217054264,0.8931385438237768,0.14285714285714285,0.20219560817884408,2180,10.0,20.0
maptv_vs_drz,after,0.028906249999999998,34.5945945945946,0.8767990418854656,0.14285714285714285,0.2018157070765534,2236,10.0,20.0
maptv_vs_drz,after,0.02901785714285714,34.46153846153847,0.8709692889202135,0.14285714285714285,0.20212671273157043,2190,10.0,20.0
maptv_vs_drz,after,0.029129464285714286,34.32950191570881,0.8644445938210235,0.14285714285714285,0.20165718663427828,2260,10.0,20.0
maptv_vs_drz,after,0.02924107142857143,34.19847328244275,0.8303808569071016,0.14285714285714285,0.20197677333037697,2212,10.0,20.0
maptv_vs_drz,after,0.02935267857142857,34.06844106463878,0.730131126794472,0.14285714285714285,0.20148825195988218,2286,10.0,20.0
maptv_vs_drz,after,0.029464285714285714,33.93939393939394,0.7823082581852402,0.14285714285714285,0.20176258739613345,2244,10.0,20.0
maptv_vs_drz,after,0.029575892857142856,33.81132075471698,0.875077690184701,0.14285714285714285,0.20165718663427828,2260,10.0,20.0
maptv_vs_drz,after,0.0296875,33.68421052631579,0.8684139844542613,0.14285714285714285,0.20130948318858632,2314,10.0,20.0
maptv_vs_drz,after,0.02979910714285714,33.55805243445693,0.8470458198151558,0.14285714285714285,0.20178911203700534,2240,10.0,20.0
maptv_vs_drz,after,0.029910714285714284,33.43283582089553,0.8075358576548848,0.14285714285714285,0.20133482448864679,2310,10.0,20.0
maptv_vs_drz,after,0.030022321428571426,33.30855018587361,0.835033822959502,0.14285714285714285,0.20150114550038942,2284,10.0,20.0
maptv_vs_drz,after,0.030133928571428572,33.18518518518518,0.8472847488271398,0.14285714285714285,0.20163100936456846,2264,10.0,20.0
maptv_vs_drz,after,0.030245535714285714,33.06273062730627,0.8573111396061147,0.14285714285714285,0.20093700504233267,2374,10.0,20.0
maptv_vs_drz,after,0.030357142857142857,32.94117647058824,0.8416098096938913,0.14285714285714285,0.20127159292996374,2320,10.0,20.0
maptv_vs_drz,after,0.03046875,32.820512820512825,0.8358618336329,0.14285714285714285,0.2014240345538633,2296,10.0,20.0
maptv_vs_drz,after,0.030580357142857142,32.7007299270073,0.883456931467674,0.14285714285714285,0.20091267051918305,2378,10.0,20.0
maptv_vs_drz,after,0.030691964285714284,32.581818181818186,0.8721317503426684,0.14285714285714285,0.20117125958839946,2336,10.0,20.0
maptv_vs_drz,after,0.030803571428571427,32.46376811594203,0.8639562098014081,0.14285714285714285,0.20117125958839946,2336,10.0,20.0
maptv_vs_drz,after,0.03091517857142857,32.34657039711192,0.7246052141243177,0.14285714285714285,0.20079190337726316,2398,10.0,20.0
maptv_vs_drz,after,0.03102678571428571,32.230215827338135,0.6965315970343559,0.14285714285714285,0.2008520992222212,2388,10.0,20.0
maptv_vs_drz,after,0.031138392857142858,32.11469534050179,0.7464506251010368,0.14285714285714285,0.20129683691159364,2316,10.0,20.0
maptv_vs_drz,after,0.03125,32.0,0.7232293170236874,0.14285714285714285,0.20060175498092978,2430,10.0,20.0
maptv_vs_drz,after,0.03136160714285714,31.88612099644128,0.6899667634602384,0.14285714285714285,0.2005899942187709,2432,10.0,20.0
maptv_vs_drz,after,0.031473214285714285,31.77304964539007,0.7217597650910299,0.14285714285714285,0.20091267051918305,2378,10.0,20.0
maptv_vs_drz,after,0.03158482142857143,31.66077738515901,0.7055306439634194,0.14285714285714285,0.2005899942187709,2432,10.0,20.0
maptv_vs_drz,after,0.03169642857142857,31.549295774647888,0.8089170853455973,0.14285714285714285,0.20073207911367105,2408,10.0,20.0
maptv_vs_drz,after,0.03180803571428571,31.438596491228072,0.8645166559184522,0.14285714285714285,0.20043839988598003,2458,10.0,20.0
maptv_vs_drz,after,0.031919642857142855,31.32867132867133,0.8473882119302837,0.14285714285714285,0.20063712367957884,2424,10.0,20.0
maptv_vs_drz,after,0.03203125,31.219512195121954,0.8098923588508659,0.14285714285714285,0.2004037543659979,2464,10.0,20.0
maptv_vs_drz,after,0.03214285714285714,31.111111111111114,0.757804205475812,0.14285714285714285,0.2003233998560821,2478,10.0,20.0
maptv_vs_drz,after,0.03225446428571428,31.00346020761246,0.7039671785602293,0.14285714285714285,0.20075596447473562,2404,10.0,20.0
maptv_vs_drz,after,0.032366071428571425,30.896551724137936,0.6777022487991577,0.14285714285714285,0.2001759442030165,2504,10.0,20.0
maptv_vs_drz,after,0.03247767857142857,30.790378006872857,0.63564409967877,0.14285714285714285,0.20011983450492699,2514,10.0,20.0
maptv_vs_drz,after,0.032589285714285716,30.684931506849313,0.5233215600373495,0.14285714285714285,0.20038072687575237,2468,10.0,20.0
maptv_vs_drz,after,0.03270089285714286,30.580204778156993,0.5847324894069096,0.14285714285714285,0.20022107212707113,2496,10.0,20.0
maptv_vs_drz,after,0.0328125,30.476190476190474,0.6019904906374013,0.14285714285714285,0.1999424885446575,2546,10.0,20.0
maptv_vs_drz,after,0.032924107142857144,30.372881355932204,0.6165689775625323,0.14285714285714285,0.2003577547434476,2472,10.0,20.0
maptv_vs_drz,after,0.033035714285714286,30.27027027027027,0.48656299679430887,0.14285714285714285,0.19992055302869258,2550,10.0,20.0
maptv_vs_drz,after,0.03314732142857143,30.16835016835017,0.5335181702482436,0.14285714285714285,0.19982247206699402,2568,10.0,20.0
maptv_vs_drz,after,0.03325892857142857,30.06711409395973,0.6043603480872644,0.14285714285714285,0.20022107212707113,2496,10.0,20.0
maptv_vs_drz,after,0.033370535714285714,29.96655518394649,0.4616880514039081,0.14285714285714285,0.19981163721274517,2570,10.0,20.0
maptv_vs_drz,after,0.033482142857142856,29.866666666666667,0.44021630392724287,0.14285714285714285,0.19969327465375333,2592,10.0,20.0
maptv_vs_drz,after,0.03359375,29.767441860465116,0.4025011107656117,0.14285714285714285,0.19999755197612662,2536,10.0,20.0
maptv_vs_drz,after,0.03370535714285714,29.668874172185433,0.40883961766719723,0.14285714285714285,0.19968258842376282,2594,10.0,20.0
maptv_vs_drz,after,0.033816964285714284,29.570957095709574,0.5038463830127001,0.14285714285714285,0.1997576502130963,2580,10.0,20.0
maptv_vs_drz,after,0.033928571428571426,29.47368421052632,0.6018981415408683,0.14285714285714285,0.19962934028121115,2604,10.0,20.0
maptv_vs_drz,after,0.03404017857142857,29.377049180327873,0.5202757205826162,0.14285714285714285,0.19970397313874927,2590,10.0,20.0
maptv_vs_drz,after,0.03415178571428571,29.28104575163399,0.32269877669329544,0.14285714285714285,0.1995447720660188,2620,10.0,20.0
maptv_vs_drz,after,0.03426339285714285,29.185667752443,0.43075963188910227,0.14285714285714285,0.1995869599845832,2612,10.0,20.0
maptv_vs_drz,after,0.034374999999999996,29.090909090909093,0.4951523097359138,0.14285714285714285,0.19953425497473404,2622,10.0,20.0
maptv_vs_drz,after,0.034486607142857145,28.996763754045304,0.41571508003571706,0.14285714285714285,0.19923435045727056,2680,10.0,20.0
maptv_vs_drz,after,0.03459821428571429,28.903225806451612,0.4106949845167284,0.14285714285714285,0.19940897247414457,2646,10.0,20.0
maptv_vs_drz,after,0.03470982142857143,28.810289389067524,0.4678300084175337,0.14285714285714285,0.19948184772087152,2632,10.0,20.0
maptv_vs_drz,after,0.03482142857142857,28.717948717948715,0.42934340867852383,0.14285714285714285,0.19925472300409489,2676,10.0,20.0
maptv_vs_drz,after,0.034933035714285715,28.62619808306709,0.4723939032874376,0.14285714285714285,0.199163400800433,2694,10.0,20.0
maptv_vs_drz,after,0.03504464285714286,28.53503184713376,0.3664130528447516,0.14285714285714285,0.19929560413957997,2668,10.0,20.0
maptv_vs_drz,after,0.03515625,28.444444444444443,0.36336648474702643,0.14285714285714285,0.19923435045727056,2680,10.0,20.0
maptv_vs_drz,after,0.03526785714285714,28.354430379746837,0.4472020859441631,0.14285714285714285,0.199163400800433,2694,10.0,20.0
maptv_vs_drz,after,0.035379464285714285,28.26498422712934,0.5685307979354155,0.14285714285714285,0.19903307957272984,2720,10.0,20.0
maptv_vs_drz,after,0.03549107142857143,28.17610062893082,0.5992808178069797,0.14285714285714285,0.19923435045727056,2680,10.0,20.0
maptv_vs_drz,after,0.03560267857142857,28.087774294670847,0.46326829801862296,0.14285714285714285,0.1987296503731864,2782,10.0,20.0
maptv_vs_drz,after,0.03571428571428571,28.0,0.3351852564289401,0.14285714285714285,0.19919374056785832,2688,10.0,20.0
maptv_vs_drz,after,0.035825892857142855,27.912772585669785,0.26719942767417804,0.14285714285714285,0.19897355378849282,2732,10.0,20.0
maptv_vs_drz,after,0.0359375,27.826086956521742,0.39196682600370797,0.14285714285714285,0.19863390479962775,2802,10.0,20.0
maptv_vs_drz,after,0.03604910714285714,27.73993808049536,0.29919305187312,0.14285714285714285,0.19893408530849774,2740,10.0,20.0
maptv_vs_drz,after,0.03616071428571428,27.654320987654323,0.30479607300050093,0.14285714285714285,0.1989636705837003,2734,10.0,20.0
maptv_vs_drz,after,0.036272321428571425,27.56923076923077,0.2738104248039565,0.14285714285714285,0.1987779076146052,2772,10.0,20.0
maptv_vs_drz,after,0.03638392857142857,27.48466257668712,0.27457961170802164,0.14285714285714285,0.1985674850051077,2816,10.0,20.0
maptv_vs_drz,after,0.036495535714285716,27.400611620795104,0.34266143497095364,0.14285714285714285,0.19880698630805718,2766,10.0,20.0
maptv_vs_drz,after,0.03660714285714286,27.317073170731707,0.3615461720791733,0.14285714285714285,0.19847344616835114,2836,10.0,20.0
maptv_vs_drz,after,0.03671875,27.23404255319149,0.3623598362117718,0.14285714285714285,0.1985674850051077,2816,10.0,20.0
maptv_vs_drz,after,0.036830357142857144,27.151515151515152,0.31618172899848523,0.14285714285714285,0.1987296503731864,2782,10.0,20.0
maptv_vs_drz,after,0.036941964285714286,27.069486404833835,0.29176050377654317,0.14285714285714285,0.1983434350217766,2864,10.0,20.0
maptv_vs_drz,after,0.03705357142857143,26.987951807228917,0.3617805468850051,0.14285714285714285,0.19852975072299847,2824,10.0,20.0
maptv_vs_drz,after,0.03716517857142857,26.906906906906908,0.3845356326260703,0.14285714285714285,0.19837113512849097,2858,10.0,20.0
maptv_vs_drz,after,0.037276785714285714,26.826347305389223,0.3294587156810694,0.14285714285714285,0.19847344616835114,2836,10.0,20.0
maptv_vs_drz,after,0.037388392857142856,26.746268656716417,0.3406516272757137,0.14285714285714285,0.1984547565946868,2840,10.0,20.0
maptv_vs_drz,after,0.0375,26.666666666666668,0.26690714654473935,0.14285714285714285,0.19818808118118406,2898,10.0,20.0
maptv_vs_drz,after,0.03761160714285714,26.587537091988132,0.3200720850502591,0.14285714285714285,0.19843610609789097,2844,10.0,20.0
maptv_vs_drz,after,0.037723214285714284,26.50887573964497,0.2756644784635591,0.14285714285714285,0.19795564920134207,2950,10.0,20.0
maptv_vs_drz,after,0.037834821428571426,26.4306784660767,0.21819924103296034,0.14285714285714285,0.19830663541185475,2872,10.0,20.0
maptv_vs_drz,after,0.03794642857142857,26.35294117647059,0.21682632550102898,0.14285714285714285,0.1982882926807455,2876,10.0,20.0
maptv_vs_drz,after,0.03805803571428571,26.275659824046922,0.13836936545675652,0.14285714285714285,0.19802651424106882,2934,10.0,20.0
maptv_vs_drz,after,0.03816964285714285,26.198830409356727,0.1616614222469556,0.14285714285714285,0.1981069271457448,2916,10.0,20.0
maptv_vs_drz,after,0.038281249999999996,26.12244897959184,0.14541494230781243,0.14285714285714285,0.1982152991985056,2892,10.0,20.0
maptv_vs_drz,after,0.03839285714285714,26.04651162790698,0.14578050129663614,0.14285714285714285,0.19793802214251247,2954,10.0,20.0
maptv_vs_drz,after,0.03850446428571429,25.97101449275362,0.1411595493790728,0.14285714285714285,0.19782430484837527,2980,10.0,20.0
maptv_vs_drz,after,0.03861607142857143,25.89595375722543,0.1826116435139053,0.14285714285714285,0.19825172071105046,2884,10.0,20.0
maptv_vs_drz,after,0.03872767857142857,25.821325648414984,0.15174895791054765,0.14285714285714285,0.1978156184587228,2982,10.0,20.0
maptv_vs_drz,after,0.038839285714285715,25.74712643678161,0.1607084572379391,0.14285714285714285,0.19760123472388125,3032,10.0,20.0
maptv_vs_drz,after,0.03895089285714286,25.673352435530084,0.11358865254466252,0.14285714285714285,0.1981609467848357,2904,10.0,20.0
maptv_vs_drz,after,0.0390625,25.6,0.14257810483596503,0.14285714285714285,0.1975253385684874,3050,10.0,20.0
maptv_vs_drz,after,0.03917410714285714,25.527065527065528,0.12911762971234522,0.14285714285714285,0.19784170365088652,2976,10.0,20.0
maptv_vs_drz,after,0.039285714285714285,25.454545454545457,-0.050852632887674255,0.14285714285714285,0.1976097089758139,3030,10.0,20.0
maptv_vs_drz,after,0.03939732142857143,25.38243626062323,-0.013298765592726074,0.14285714285714285,0.1977550552720954,2996,10.0,20.0
maptv_vs_drz,after,0.03950892857142857,25.310734463276837,0.09826030319236619,0.14285714285714285,0.19765220529146557,3020,10.0,20.0
maptv_vs_drz,after,0.03962053571428571,25.23943661971831,0.08451259889419062,0.14285714285714285,0.1975085631250675,3054,10.0,20.0
maptv_vs_drz,after,0.039732142857142855,25.168539325842698,0.12380469065767721,0.14285714285714285,0.19770347780800562,3008,10.0,20.0
maptv_vs_drz,after,0.03984375,25.098039215686278,0.11259303961916378,0.14285714285714285,0.19743347590385044,3072,10.0,20.0
maptv_vs_drz,after,0.03995535714285714,25.027932960893857,0.09177177755600355,0.14285714285714285,0.19739204277139769,3082,10.0,20.0
maptv_vs_drz,after,0.04006696428571428,24.95821727019499,0.0678057890486381,0.14285714285714285,0.1976692624332035,3016,10.0,20.0
maptv_vs_drz,after,0.040178571428571425,24.888888888888893,0.11281842288796604,0.14285714285714285,0.19731796447605393,3100,10.0,20.0
maptv_vs_drz,after,0.04029017857142857,24.81994459833795,0.23795382674869697,0.14285714285714285,0.1974251732503782,3074,10.0,20.0
maptv_vs_drz,after,0.040401785714285716,24.75138121546961,0.20373993986421923,0.14285714285714285,0.19745010534200189,3068,10.0,20.0
maptv_vs_drz,after,0.04051339285714286,24.683195592286502,0.02693912977374792,0.14285714285714285,0.19736727869292328,3088,10.0,20.0
maptv_vs_drz,after,0.040625,24.615384615384613,0.07171929917462494,0.14285714285714285,0.1970358524551192,3170,10.0,20.0
maptv_vs_drz,after,0.040736607142857144,24.54794520547945,0.046014786108197286,0.14285714285714285,0.197483461108339,3060,10.0,20.0
maptv_vs_drz,after,0.040848214285714286,24.48087431693989,0.023484861615045597,0.14285714285714285,0.19717976864090656,3134,10.0,20.0
maptv_vs_drz,after,0.04095982142857143,24.4141689373297,-0.027333996918315215,0.14285714285714285,0.19701210252814472,3176,10.0,20.0
maptv_vs_drz,after,0.04107142857142857,24.347826086956523,0.015495113207761257,0.14285714285714285,0.19738378012086183,3084,10.0,20.0
maptv_vs_drz,after,0.041183035714285714,24.281842818428185,0.05171768371540074,0.14285714285714285,0.19695694455425367,3190,10.0,20.0
maptv_vs_drz,after,0.041294642857142856,24.216216216216218,0.11725222574307716,0.14285714285714285,0.1970755845534379,3160,10.0,20.0
maptv_vs_drz,after,0.04140625,24.150943396226417,0.011512227832434368,0.14285714285714285,0.1970755845534379,3160,10.0,20.0
maptv_vs_drz,after,0.04151785714285714,24.086021505376344,0.04386384075170326,0.14285714285714285,0.19706762319057258,3162,10.0,20.0
maptv_vs_drz,after,0.041629464285714284,24.021447721179626,0.06805075642589821,0.14285714285714285,0.19698053952908048,3184,10.0,20.0
maptv_vs_drz,after,0.041741071428571426,23.9572192513369,0.06884646424581703,0.14285714285714285,0.19696480220931625,3188,10.0,20.0
maptv_vs_drz,after,0.04185267857142857,23.893333333333334,-0.02397564129280124,0.14285714285714285,0.19690995197425074,3202,10.0,20.0
maptv_vs_drz,after,0.04196428571428571,23.829787234042556,-0.05086520334045322,0.14285714285714285,0.1966864592271897,3260,10.0,20.0
maptv_vs_drz,after,0.04207589285714285,23.766578249336874,-0.13513999666334003,0.14285714285714285,0.19691776587158633,3200,10.0,20.0
maptv_vs_drz,after,0.042187499999999996,23.703703703703706,-0.11281655272031474,0.14285714285714285,0.19692558703358493,3198,10.0,20.0
maptv_vs_drz,after,0.04229910714285714,23.641160949868077,-0.10978804811067745,0.14285714285714285,0.19662584390434415,3276,10.0,20.0
maptv_vs_drz,after,0.04241071428571429,23.57894736842105,-0.05169455499827821,0.14285714285714285,0.1967398616607217,3246,10.0,20.0
maptv_vs_drz,after,0.04252232142857143,23.517060367454068,-0.07109659520813039,0.14285714285714285,0.1969334154715303,3196,10.0,20.0
maptv_vs_drz,after,0.04263392857142857,23.455497382198953,-0.08773505672494189,0.14285714285714285,0.19662584390434415,3276,10.0,20.0
maptv_vs_drz,after,0.042745535714285715,23.39425587467363,0.016400032683614726,0.14285714285714285,0.19658818240465054,3286,10.0,20.0
maptv_vs_drz,after,0.04285714285714286,23.333333333333332,-0.002621881976062994,0.14285714285714285,0.19656566720869945,3292,10.0,20.0
maptv_vs_drz,after,0.04296875,23.272727272727273,-0.06251018790365455,0.14285714285714285,0.19674751854137398,3244,10.0,20.0
maptv_vs_drz,after,0.04308035714285714,23.212435233160623,-0.020693777064645598,0.14285714285714285,0.19627841680223054,3370,10.0,20.0
maptv_vs_drz,after,0.043191964285714285,23.152454780361758,-0.017452918845842113,0.14285714285714285,0.19665609640424975,3268,10.0,20.0
maptv_vs_drz,after,0.04330357142857143,23.09278350515464,-0.06485903893248647,0.14285714285714285,0.1965506909503124,3296,10.0,20.0
maptv_vs_drz,after,0.04341517857142857,23.033419023136247,-0.11477754097787131,0.14285714285714285,0.19635112163071453,3350,10.0,20.0
maptv_vs_drz,after,0.04352678571428571,22.974358974358974,-0.05854482490938054,0.14285714285714285,0.19649105513285683,3312,10.0,20.0
maptv_vs_drz,after,0.043638392857142855,22.915601023017903,-0.04274457318287023,0.14285714285714285,0.1965506909503124,3296,10.0,20.0
maptv_vs_drz,after,0.04375,22.857142857142858,-0.11860226947518601,0.14285714285714285,0.19620635084804425,3390,10.0,20.0
maptv_vs_drz,after,0.04386160714285714,22.798982188295167,-0.09849633471305025,0.14285714285714285,0.19627118161272125,3372,10.0,20.0
maptv_vs_drz,after,0.04397321428571428,22.741116751269036,0.0008702347070616195,0.14285714285714285,0.19639505513636507,3338,10.0,20.0
maptv_vs_drz,after,0.044084821428571425,22.683544303797472,-0.04591686852985195,0.14285714285714285,0.19614203002159336,3408,10.0,20.0
maptv_vs_drz,after,0.04419642857142857,22.62626262626263,-0.03440729986794364,0.14285714285714285,0.19628565838032241,3368,10.0,20.0
maptv_vs_drz,after,0.04430803571428571,22.569269521410583,0.013490920938759197,0.14285714285714285,0.19630742154042707,3362,10.0,20.0
maptv_vs_drz,after,0.04441964285714286,22.51256281407035,0.07284106697040443,0.14285714285714285,0.19604297333067175,3436,10.0,20.0
maptv_vs_drz,after,0.04453125,22.45614035087719,0.04130828514323014,0.14285714285714285,0.19624230455271754,3380,10.0,20.0
maptv_vs_drz,after,0.044642857142857144,22.4,-0.04723328624951102,0.14285714285714285,0.19616341405099993,3402,10.0,20.0
maptv_vs_drz,after,0.044754464285714286,22.34413965087282,0.026271667265644866,0.14285714285714285,0.19608527866196232,3424,10.0,20.0
maptv_vs_drz,after,0.04486607142857143,22.28855721393035,0.016350010232764785,0.14285714285714285,0.19608527866196232,3424,10.0,20.0
maptv_vs_drz,after,0.04497767857142857,22.233250620347395,0.022784640158420414,0.14285714285714285,0.19586903899227384,3486,10.0,20.0
maptv_vs_drz,after,0.045089285714285714,22.17821782178218,0.030667992618821648,0.14285714285714285,0.19609942947499998,3420,10.0,20.0
maptv_vs_drz,after,0.045200892857142856,22.123456790123456,0.039272856508711075,0.14285714285714285,0.19598690683769954,3452,10.0,20.0
maptv_vs_drz,after,0.0453125,22.06896551724138,0.009382384715251515,0.14285714285714285,0.19578686266146458,3510,10.0,20.0
maptv_vs_drz,after,0.04542410714285714,22.014742014742016,0.12754587400180514,0.14285714285714285,0.195959018311031,3460,10.0,20.0
maptv_vs_drz,after,0.045535714285714284,21.96078431372549,0.1296359479861594,0.14285714285714285,0.1959242922263356,3470,10.0,20.0
maptv_vs_drz,after,0.045647321428571426,21.90709046454768,0.1186299668406863,0.14285714285714285,0.1959312255268662,3468,10.0,20.0
maptv_vs_drz,after,0.04575892857142857,21.853658536585368,0.14688884755928447,0.14285714285714285,0.19578005236369755,3512,10.0,20.0
maptv_vs_drz,after,0.04587053571428571,21.800486618004868,0.20755839243019433,0.14285714285714285,0.1957460872064342,3522,10.0,20.0
maptv_vs_drz,after,0.04598214285714285,21.74757281553398,0.18412165746845033,0.14285714285714285,0.19567186631260183,3544,10.0,20.0
maptv_vs_drz,after,0.046093749999999996,21.69491525423729,0.1373337952801505,0.14285714285714285,0.19601489165878555,3444,10.0,20.0
maptv_vs_drz,after,0.04620535714285714,21.64251207729469,0.19091151539407225,0.14285714285714285,0.19554526746979894,3582,10.0,20.0
maptv_vs_drz,after,0.04631696428571429,21.59036144578313,0.18230066720006,0.14285714285714285,0.19557838863500912,3572,10.0,20.0
maptv_vs_drz,after,0.04642857142857143,21.538461538461537,0.1774724630136758,0.14285714285714285,0.19587592500046092,3484,10.0,20.0
maptv_vs_drz,after,0.04654017857142857,21.48681055155875,0.21868090336258808,0.14285714285714285,0.19536229896004664,3638,10.0,20.0
maptv_vs_drz,after,0.046651785714285715,21.43540669856459,0.25172378169072307,0.14285714285714285,0.19572577688551,3528,10.0,20.0
maptv_vs_drz,after,0.04676339285714286,21.384248210023866,0.31535962642132626,0.14285714285714285,0.19565844520659162,3548,10.0,20.0
maptv_vs_drz,after,0.046875,21.333333333333332,0.28362060054980864,0.14285714285714285,0.19540115234939126,3626,10.0,20.0
maptv_vs_drz,after,0.04698660714285714,21.282660332541568,0.28975833092265135,0.14285714285714285,0.19544672377293545,3612,10.0,20.0
maptv_vs_drz,after,0.047098214285714285,21.232227488151658,0.225384041956257,0.14285714285714285,0.1954663349047849,3606,10.0,20.0
maptv_vs_drz,after,0.04720982142857143,21.182033096926716,0.24228613972278115,0.14285714285714285,0.1955651236363731,3576,10.0,20.0
maptv_vs_drz,after,0.04732142857142857,21.132075471698116,0.26701539369928123,0.14285714285714285,0.19534294368347277,3644,10.0,20.0
maptv_vs_drz,after,0.04743303571428571,21.08235294117647,0.32303179821334754,0.14285714285714285,0.19537522888070752,3634,10.0,20.0
maptv_vs_drz,after,0.047544642857142855,21.03286384976526,0.40969811011442075,0.14285714285714285,0.19549912822785603,3596,10.0,20.0
maptv_vs_drz,after,0.04765625,20.98360655737705,0.39113458817150537,0.14285714285714285,0.19527876700452393,3664,10.0,20.0
maptv_vs_drz,after,0.04776785714285714,20.93457943925234,0.3945634922366005,0.14285714285714285,0.19536229896004664,3638,10.0,20.0
maptv_vs_drz,after,0.04787946428571428,20.88578088578089,0.36273565432518645,0.14285714285714285,0.1952532420597071,3672,10.0,20.0
maptv_vs_drz,after,0.047991071428571425,20.837209302325583,0.36565077088486253,0.14285714285714285,0.19534294368347277,3644,10.0,20.0
maptv_vs_drz,after,0.04810267857142857,20.788863109048727,0.3484252701255689,0.14285714285714285,0.1950209946989822,3746,10.0,20.0
maptv_vs_drz,after,0.04821428571428571,20.740740740740744,0.40102976766318416,0.14285714285714285,0.19530437499553316,3656,10.0,20.0
maptv_vs_drz,after,0.04832589285714286,20.69284064665127,0.4167945068500743,0.14285714285714285,0.19526599417946083,3668,10.0,20.0
maptv_vs_drz,after,0.0484375,20.64516129032258,0.4284149147395551,0.14285714285714285,0.19493488938335007,3774,10.0,20.0
maptv_vs_drz,after,0.048549107142857144,20.597701149425287,0.4530809413099303,0.14285714285714285,0.19539466351065476,3628,10.0,20.0
maptv_vs_drz,after,0.048660714285714286,20.55045871559633,0.34517536870340926,0.14285714285714285,0.19489827749225433,3786,10.0,20.0
maptv_vs_drz,after,0.04877232142857143,20.503432494279178,0.393807164631778,0.14285714285714285,0.19506440733704855,3732,10.0,20.0
maptv_vs_drz,after,0.04888392857142857,20.45662100456621,0.3892510555876792,0.14285714285714285,0.19518979008893414,3692,10.0,20.0
maptv_vs_drz,after,0.048995535714285714,20.41002277904328,0.26324570179089274,0.14285714285714285,0.19491046224945754,3782,10.0,20.0
maptv_vs_drz,after,0.049107142857142856,20.363636363636363,0.20364585271609276,0.14285714285714285,0.19500246310468877,3752,10.0,20.0
maptv_vs_drz,after,0.04921875,20.317460317460316,0.22319882009495506,0.14285714285714285,0.19499013318559666,3756,10.0,20.0
maptv_vs_drz,after,0.04933035714285714,20.271493212669682,0.3208056924309933,0.14285714285714285,0.1948739653457362,3794,10.0,20.0
maptv_vs_drz,after,0.049441964285714284,20.225733634311513,0.25125370846081563,0.14285714285714285,0.19488003622703962,3792,10.0,20.0
maptv_vs_drz,after,0.049553571428571426,20.18018018018018,0.20607706412367818,0.14285714285714285,0.19489219229404334,3788,10.0,20.0
maptv_vs_drz,after,0.04966517857142857,20.134831460674157,0.2487381672435212,0.14285714285714285,0.1950209946989822,3746,10.0,20.0
maptv_vs_drz,after,0.04977678571428571,20.08968609865471,0.23044262574326976,0.14285714285714285,0.19475951592150462,3832,10.0,20.0
maptv_vs_drz,after,0.04988839285714285,20.04474272930649,0.2845203849162967,0.14285714285714285,0.19485578123579675,3800,10.0,20.0
maptv_vs_drz,after,0.049999999999999996,20.0,0.999977988886192,0.14285714285714285,0.8417399583909729,2,10.0,20.0
v11_vs_tgv,before,0.0,inf,0.7040643538721412,0.14285714285714285,0.7560610050770457,3,10.0,20.0
v11_vs_tgv,before,0.00011160714285714285,8960.0,0.9476366908381036,0.14285714285714285,0.5160568456025979,12,10.0,20.0
v11_vs_tgv,before,0.0002232142857142857,4480.0,0.8704697490071583,0.14285714285714285,0.43846389609946435,22,10.0,20.0
v11_vs_tgv,before,0.0003348214285714286,2986.6666666666665,0.9666539096902738,0.14285714285714285,0.41192739958594665,28,10.0,20.0
v11_vs_tgv,before,0.0004464285714285714,2240.0,0.9771155527453109,0.14285714285714285,0.37684928940895107,40,10.0,20.0
v11_vs_tgv,before,0.0005580357142857143,1792.0,0.9884920293363727,0.14285714285714285,0.3572655453148874,50,10.0,20.0
v11_vs_tgv,before,0.0006696428571428571,1493.3333333333333,0.9928526551974373,0.14285714285714285,0.3607189084162777,48,10.0,20.0
v11_vs_tgv,before,0.0007812499999999999,1280.0,0.9933525525469088,0.14285714285714285,0.33301944154606616,68,10.0,20.0
v11_vs_tgv,before,0.0008928571428571428,1120.0,0.9928477089220528,0.14285714285714285,0.3308883459615167,70,10.0,20.0
v11_vs_tgv,before,0.0010044642857142856,995.5555555555557,0.9966837827307362,0.14285714285714285,0.32498105977643776,76,10.0,20.0
v11_vs_tgv,before,0.0011160714285714285,896.0,0.997296915143776,0.14285714285714285,0.3120228149867766,92,10.0,20.0
v11_vs_tgv,before,0.0012276785714285714,814.5454545454546,0.9962409796580719,0.14285714285714285,0.30307454563671804,106,10.0,20.0
v11_vs_tgv,before,0.0013392857142857143,746.6666666666666,0.9965228462824203,0.14285714285714285,0.309276869488276,96,10.0,20.0
v11_vs_tgv,before,0.0014508928571428572,689.2307692307692,0.9963378086843433,0.14285714285714285,0.297657677511583,116,10.0,20.0
v11_vs_tgv,before,0.0015624999999999999,640.0,0.9955756440885252,0.14285714285714285,0.28942028891226607,134,10.0,20.0
v11_vs_tgv,before,0.0016741071428571428,597.3333333333334,0.9936269073859763,0.14285714285714285,0.2956748612128594,120,10.0,20.0
v11_vs_tgv,before,0.0017857142857142857,560.0,0.995331230582893,0.14285714285714285,0.28476380812712476,146,10.0,20.0
v11_vs_tgv,before,0.0018973214285714286,527.0588235294118,0.9940701863449318,0.14285714285714285,0.2812856424436456,156,10.0,20.0
v11_vs_tgv,before,0.0020089285714285712,497.7777777777778,0.9968549415593412,0.14285714285714285,0.28702018719502587,140,10.0,20.0
v11_vs_tgv,before,0.002120535714285714,471.5789473684211,0.9948333601516037,0.14285714285714285,0.2757709533720164,174,10.0,20.0
v11_vs_tgv,before,0.002232142857142857,448.0,0.9971508387366057,0.14285714285714285,0.27520913338899333,176,10.0,20.0
v11_vs_tgv,before,0.00234375,426.6666666666667,0.9978046271587517,0.14285714285714285,0.273051000260408,184,10.0,20.0
v11_vs_tgv,before,0.002455357142857143,407.2727272727273,0.9970322071719472,0.14285714285714285,0.2705369635786124,194,10.0,20.0
v11_vs_tgv,before,0.0025669642857142857,389.5652173913044,0.9951549814209354,0.14285714285714285,0.269116846861646,200,10.0,20.0
v11_vs_tgv,before,0.0026785714285714286,373.3333333333333,0.9943617455833507,0.14285714285714285,0.26731663903915925,208,10.0,20.0
v11_vs_tgv,before,0.0027901785714285715,358.4,0.9959087983313447,0.14285714285714285,0.2668822084027434,210,10.0,20.0
v11_vs_tgv,before,0.0029017857142857144,344.6153846153846,0.9937179507416206,0.14285714285714285,0.26173150991010213,236,10.0,20.0
v11_vs_tgv,before,0.003013392857142857,331.8518518518519,0.9956148707800102,0.14285714285714285,0.2632250986856457,228,10.0,20.0
v11_vs_tgv,before,0.0031249999999999997,320.0,0.994840354895986,0.14285714285714285,0.2613695641695868,238,10.0,20.0
v11_vs_tgv,before,0.0032366071428571426,308.96551724137936,0.9950816666346844,0.14285714285714285,0.2576597972433477,260,10.0,20.0
v11_vs_tgv,before,0.0033482142857142855,298.6666666666667,0.9917166959123359,0.14285714285714285,0.2586250244740691,254,10.0,20.0
v11_vs_tgv,before,0.0034598214285714284,289.03225806451616,0.9945929441751068,0.14285714285714285,0.25523709705862524,276,10.0,20.0
v11_vs_tgv,before,0.0035714285714285713,280.0,0.9928371827559979,0.14285714285714285,0.25582326430374547,272,10.0,20.0
v11_vs_tgv,before,0.003683035714285714,271.5151515151515,0.9875558400890739,0.14285714285714285,0.2527449491574839,294,10.0,20.0
v11_vs_tgv,before,0.003794642857142857,263.5294117647059,0.9863750805544337,0.14285714285714285,0.25410107451462977,284,10.0,20.0
v11_vs_tgv,before,0.00390625,256.0,0.9843641456641826,0.14285714285714285,0.2514544516681247,304,10.0,20.0
v11_vs_tgv,before,0.0040178571428571425,248.8888888888889,0.989906812650508,0.14285714285714285,0.24928083583453234,322,10.0,20.0
v11_vs_tgv,before,0.004129464285714286,242.16216216216216,0.9880415747046218,0.14285714285714285,0.2514544516681247,304,10.0,20.0
v11_vs_tgv,before,0.004241071428571428,235.78947368421055,0.9867476199344464,0.14285714285714285,0.24905026945843273,324,10.0,20.0
v11_vs_tgv,before,0.004352678571428572,229.74358974358972,0.9888423466407659,0.14285714285714285,0.24582376798178943,354,10.0,20.0
v11_vs_tgv,before,0.004464285714285714,224.0,0.99356401136591,0.14285714285714285,0.24770924671322134,336,10.0,20.0
v11_vs_tgv,before,0.004575892857142857,218.53658536585365,0.9851879184694533,0.14285714285714285,0.24643640318775006,348,10.0,20.0
v11_vs_tgv,before,0.0046875,213.33333333333334,0.977989964619603,0.14285714285714285,0.24426173259637654,370,10.0,20.0
v11_vs_tgv,before,0.004799107142857142,208.37209302325584,0.9831048017774893,0.14285714285714285,0.24407341871811294,372,10.0,20.0
v11_vs_tgv,before,0.004910714285714286,203.63636363636365,0.9830951725654172,0.14285714285714285,0.24388657961491628,374,10.0,20.0
v11_vs_tgv,before,0.005022321428571428,199.11111111111114,0.9811267148837911,0.14285714285714285,0.24124866466885456,404,10.0,20.0
v11_vs_tgv,before,0.005133928571428571,194.7826086956522,0.9788532623812362,0.14285714285714285,0.24226832878047586,392,10.0,20.0
v11_vs_tgv,before,0.005245535714285714,190.63829787234044,0.9822408679959886,0.14285714285714285,0.2427954615022515,386,10.0,20.0
v11_vs_tgv,before,0.005357142857142857,186.66666666666666,0.9826452058424796,0.14285714285714285,0.23964416299559071,424,10.0,20.0
v11_vs_tgv,before,0.00546875,182.85714285714286,0.9856235005857631,0.14285714285714285,0.24027239659586974,416,10.0,20.0
v11_vs_tgv,before,0.005580357142857143,179.2,0.9884015658783736,0.14285714285714285,0.2388828626474958,434,10.0,20.0
v11_vs_tgv,before,0.0056919642857142854,175.68627450980392,0.981228265945964,0.14285714285714285,0.2384383044776066,440,10.0,20.0
v11_vs_tgv,before,0.005803571428571429,172.3076923076923,0.9654101870142926,0.14285714285714285,0.23757528612232023,452,10.0,20.0
v11_vs_tgv,before,0.005915178571428571,169.05660377358492,0.9683786023927579,0.14285714285714285,0.23688135961430892,462,10.0,20.0
v11_vs_tgv,before,0.006026785714285714,165.92592592592595,0.9672642553855425,0.14285714285714285,0.23785919155913984,448,10.0,20.0
v11_vs_tgv,before,0.006138392857142857,162.9090909090909,0.971666629796799,0.14285714285714285,0.23517586182327832,488,10.0,20.0
v11_vs_tgv,before,0.0062499999999999995,160.0,0.9664466698481535,0.14285714285714285,0.23607716377209612,474,10.0,20.0
v11_vs_tgv,before,0.006361607142857143,157.19298245614036,0.9690210126513268,0.14285714285714285,0.23568617177506457,480,10.0,20.0
v11_vs_tgv,before,0.006473214285714285,154.48275862068968,0.9803974580690995,0.14285714285714285,0.23359868826190747,514,10.0,20.0
v11_vs_tgv,before,0.006584821428571429,151.864406779661,0.9762477420334048,0.14285714285714285,0.23348222347930858,516,10.0,20.0
v11_vs_tgv,before,0.006696428571428571,149.33333333333334,0.9791436107848607,0.14285714285714285,0.23467767886949623,496,10.0,20.0
v11_vs_tgv,before,0.006808035714285714,146.88524590163934,0.974400086172139,0.14285714285714285,0.23246304055541317,534,10.0,20.0
v11_vs_tgv,before,0.006919642857142857,144.51612903225808,0.975125477654874,0.14285714285714285,0.23191835858106052,544,10.0,20.0
v11_vs_tgv,before,0.00703125,142.22222222222223,0.9718787379926132,0.14285714285714285,0.23348222347930858,516,10.0,20.0
v11_vs_tgv,before,0.007142857142857143,140.0,0.9655212350715274,0.14285714285714285,0.23118003674182988,558,10.0,20.0
v11_vs_tgv,before,0.007254464285714285,137.84615384615387,0.9576968683046787,0.14285714285714285,0.23066911942921098,568,10.0,20.0
v11_vs_tgv,before,0.007366071428571428,135.75757575757575,0.951599466685183,0.14285714285714285,0.23257377696061368,532,10.0,20.0
v11_vs_tgv,before,0.007477678571428571,133.7313432835821,0.9582412898695647,0.14285714285714285,0.22865956785210217,610,10.0,20.0
v11_vs_tgv,before,0.007589285714285714,131.76470588235296,0.9662394631817892,0.14285714285714285,0.2300731936178756,580,10.0,20.0
v11_vs_tgv,before,0.007700892857142857,129.85507246376812,0.9666486822967782,0.14285714285714285,0.22987856279938831,584,10.0,20.0
v11_vs_tgv,before,0.0078125,128.0,0.9727901050357398,0.14285714285714285,0.22847879956174852,614,10.0,20.0
v11_vs_tgv,before,0.007924107142857142,126.19718309859155,0.9820015298928014,0.14285714285714285,0.22856896654528058,612,10.0,20.0
v11_vs_tgv,before,0.008035714285714285,124.44444444444446,0.9820060951783866,0.14285714285714285,0.22794672665157004,626,10.0,20.0
v11_vs_tgv,before,0.008147321428571429,122.73972602739725,0.9729446795486609,0.14285714285714285,0.22856896654528058,612,10.0,20.0
v11_vs_tgv,before,0.008258928571428572,121.08108108108108,0.9504356330883685,0.14285714285714285,0.22751466188342373,636,10.0,20.0
v11_vs_tgv,before,0.008370535714285714,119.46666666666667,0.9398190701699826,0.14285714285714285,0.22709247611069447,646,10.0,20.0
v11_vs_tgv,before,0.008482142857142856,117.89473684210527,0.929432686840048,0.14285714285714285,0.2270091913293758,648,10.0,20.0
v11_vs_tgv,before,0.008593749999999999,116.36363636363637,0.944144082640371,0.14285714285714285,0.22684375089361272,652,10.0,20.0
v11_vs_tgv,before,0.008705357142857143,114.87179487179486,0.9469628081652882,0.14285714285714285,0.22580365493397495,678,10.0,20.0
v11_vs_tgv,before,0.008816964285714286,113.41772151898735,0.9515273393836268,0.14285714285714285,0.22572608133433805,680,10.0,20.0
v11_vs_tgv,before,0.008928571428571428,112.0,0.959598480184836,0.14285714285714285,0.22572608133433805,680,10.0,20.0
v11_vs_tgv,before,0.00904017857142857,110.61728395061729,0.9571616049223096,0.14285714285714285,0.2247472633332211,706,10.0,20.0
v11_vs_tgv,before,0.009151785714285715,109.26829268292683,0.9656553357150616,0.14285714285714285,0.2252675931499613,692,10.0,20.0
v11_vs_tgv,before,0.009263392857142857,107.95180722891567,0.964250270338871,0.14285714285714285,0.22511735629687746,696,10.0,20.0
v11_vs_tgv,before,0.009375,106.66666666666667,0.9463402087285803,0.14285714285714285,0.22347634762040358,742,10.0,20.0
v11_vs_tgv,before,0.009486607142857142,105.41176470588236,0.932662039975883,0.14285714285714285,0.22467416992987052,708,10.0,20.0
v11_vs_tgv,before,0.009598214285714285,104.18604651162792,0.9101068353253166,0.14285714285714285,0.22280884262303868,762,10.0,20.0
v11_vs_tgv,before,0.009709821428571429,102.98850574712644,0.9215140934691972,0.14285714285714285,0.22368179007692848,736,10.0,20.0
v11_vs_tgv,before,0.009821428571428571,101.81818181818183,0.9098065475026893,0.14285714285714285,0.22287442635809016,760,10.0,20.0
v11_vs_tgv,before,0.009933035714285714,100.67415730337079,0.9103784818893137,0.14285714285714285,0.22229315058834048,778,10.0,20.0
v11_vs_tgv,before,0.010044642857142856,99.55555555555557,0.9306364379175551,0.14285714285714285,0.22261360373636063,768,10.0,20.0
v11_vs_tgv,before,0.01015625,98.46153846153845,0.9536238785243656,0.14285714285714285,0.22287442635809016,760,10.0,20.0
v11_vs_tgv,before,0.010267857142857143,97.3913043478261,0.9553120215734898,0.14285714285714285,0.22191652760781277,790,10.0,20.0
v11_vs_tgv,before,0.010379464285714285,96.34408602150538,0.9426156483991657,0.14285714285714285,0.2212474895498582,812,10.0,20.0
v11_vs_tgv,before,0.010491071428571428,95.31914893617022,0.9303591929592732,0.14285714285714285,0.2214876516950723,804,10.0,20.0
v11_vs_tgv,before,0.010602678571428572,94.3157894736842,0.9407484464962623,0.14285714285714285,0.22130720212890542,810,10.0,20.0
v11_vs_tgv,before,0.010714285714285714,93.33333333333333,0.9222071693543172,0.14285714285714285,0.2206620549790673,832,10.0,20.0
v11_vs_tgv,before,0.010825892857142857,92.37113402061856,0.9167844428830697,0.14285714285714285,0.2216090580540805,800,10.0,20.0
v11_vs_tgv,before,0.0109375,91.42857142857143,0.8943265454707638,0.14285714285714285,0.2198217694523472,862,10.0,20.0
v11_vs_tgv,before,0.011049107142857142,90.50505050505052,0.8943309191323414,0.14285714285714285,0.22020844574520457,848,10.0,20.0
v11_vs_tgv,before,0.011160714285714286,89.6,0.9011548146512807,0.14285714285714285,0.21928516426814687,882,10.0,20.0
v11_vs_tgv,before,0.011272321428571428,88.71287128712872,0.9105911381837143,0.14285714285714285,0.22077747178815657,828,10.0,20.0
v11_vs_tgv,before,0.011383928571428571,87.84313725490196,0.9377264946149069,0.14285714285714285,0.21955119748619267,872,10.0,20.0
v11_vs_tgv,before,0.011495535714285713,86.99029126213593,0.9524192396458482,0.14285714285714285,0.21856336410973248,910,10.0,20.0
v11_vs_tgv,before,0.011607142857142858,86.15384615384615,0.9507222770157391,0.14285714285714285,0.21965887440375706,868,10.0,20.0
v11_vs_tgv,before,0.01171875,85.33333333333333,0.9001059086435489,0.14285714285714285,0.21902354389357315,892,10.0,20.0
v11_vs_tgv,before,0.011830357142857142,84.52830188679246,0.922189023921911,0.14285714285714285,0.2181654494608149,926,10.0,20.0
v11_vs_tgv,before,0.011941964285714285,83.73831775700936,0.9238051335104789,0.14285714285714285,0.21841294458748992,916,10.0,20.0
v11_vs_tgv,before,0.012053571428571427,82.96296296296298,0.8649840904698307,0.14285714285714285,0.21851306204381743,912,10.0,20.0
v11_vs_tgv,before,0.012165178571428572,82.20183486238533,0.8731835616541603,0.14285714285714285,0.21758723335053728,950,10.0,20.0
v11_vs_tgv,before,0.012276785714285714,81.45454545454545,0.8851689572933993,0.14285714285714285,0.21744603829804665,956,10.0,20.0
v11_vs_tgv,before,0.012388392857142856,80.72072072072072,0.9185428477899341,0.14285714285714285,0.21861382957564643,908,10.0,20.0
v11_vs_tgv,before,0.012499999999999999,80.0,0.9211769310828725,0.14285714285714285,0.21675920204107632,986,10.0,20.0
v11_vs_tgv,before,0.012611607142857143,79.29203539823008,0.8993723120295724,0.14285714285714285,0.21725980028494588,964,10.0,20.0
v11_vs_tgv,before,0.012723214285714286,78.59649122807018,0.9134237670340717,0.14285714285714285,0.21721359693608783,966,10.0,20.0
v11_vs_tgv,before,0.012834821428571428,77.91304347826087,0.8980043430871951,0.14285714285714285,0.21644914346158642,1000,10.0,20.0
v11_vs_tgv,before,0.01294642857142857,77.24137931034484,0.8987270331940913,0.14285714285714285,0.21653707458648785,996,10.0,20.0
v11_vs_tgv,before,0.013058035714285715,76.58119658119658,0.8969813766664375,0.14285714285714285,0.21649304397049488,998,10.0,20.0
v11_vs_tgv,before,0.013169642857142857,75.9322033898305,0.8407429477842426,0.14285714285714285,0.21610254718236965,1016,10.0,20.0
v11_vs_tgv,before,0.01328125,75.29411764705883,0.8411926184778887,0.14285714285714285,0.21618843703925994,1012,10.0,20.0
v11_vs_tgv,before,0.013392857142857142,74.66666666666667,0.8985400669792086,0.14285714285714285,0.21605978929178232,1018,10.0,20.0
v11_vs_tgv,before,0.013504464285714285,74.04958677685951,0.8699023720165144,0.14285714285714285,0.21551499634696136,1044,10.0,20.0
v11_vs_tgv,before,0.013616071428571429,73.44262295081967,0.8620439740196013,0.14285714285714285,0.21568047213382657,1036,10.0,20.0
v11_vs_tgv,before,0.013727678571428571,72.84552845528455,0.8446198793353333,0.14285714285714285,0.21498988471428435,1070,10.0,20.0
v11_vs_tgv,before,0.013839285714285714,72.25806451612904,0.862882964851039,0.14285714285714285,0.21543295911437524,1048,10.0,20.0
v11_vs_tgv,before,0.013950892857142856,71.68,0.916146301392624,0.14285714285714285,0.2148713755575323,1076,10.0,20.0
v11_vs_tgv,before,0.0140625,71.11111111111111,0.9261321017255877,0.14285714285714285,0.21475383879638116,1082,10.0,20.0
v11_vs_tgv,before,0.014174107142857143,70.55118110236221,0.8906872292663077,0.14285714285714285,0.21471487366377726,1084,10.0,20.0
v11_vs_tgv,before,0.014285714285714285,70.0,0.8602661788408741,0.14285714285714285,0.21459861283869502,1090,10.0,20.0
v11_vs_tgv,before,0.014397321428571428,69.45736434108528,0.8390162319649632,0.14285714285714285,0.21425543086377571,1108,10.0,20.0
v11_vs_tgv,before,0.01450892857142857,68.92307692307693,0.8535286059651468,0.14285714285714285,0.21456006915830092,1092,10.0,20.0
v11_vs_tgv,before,0.014620535714285714,68.3969465648855,0.8172308414480856,0.14285714285714285,0.21355728664025345,1146,10.0,20.0
v11_vs_tgv,before,0.014732142857142857,67.87878787878788,0.8275789775778708,0.14285714285714285,0.21366522853675965,1140,10.0,20.0
v11_vs_tgv,before,0.01484375,67.36842105263158,0.8409184891493983,0.14285714285714285,0.2143309783773013,1104,10.0,20.0
v11_vs_tgv,before,0.014955357142857142,66.86567164179105,0.8542221251956741,0.14285714285714285,0.21279046829950965,1190,10.0,20.0
v11_vs_tgv,before,0.015066964285714286,66.37037037037037,0.8938907349491438,0.14285714285714285,0.21373765748018866,1136,10.0,20.0
v11_vs_tgv,before,0.015178571428571428,65.88235294117648,0.8783094717313931,0.14285714285714285,0.21352149146774207,1148,10.0,20.0
v11_vs_tgv,before,0.015290178571428571,65.4014598540146,0.8392621724309293,0.14285714285714285,0.21285843635360488,1186,10.0,20.0
v11_vs_tgv,before,0.015401785714285713,64.92753623188406,0.8310918163808334,0.14285714285714285,0.21282441002983377,1188,10.0,20.0
v11_vs_tgv,before,0.015513392857142856,64.46043165467627,0.8304215529731824,0.14285714285714285,0.21337922749072738,1156,10.0,20.0
v11_vs_tgv,before,0.015625,64.0,0.7751465628942225,0.14285714285714285,0.212000361835817,1238,10.0,20.0
v11_vs_tgv,before,0.015736607142857142,63.54609929078014,0.7877165618131272,0.14285714285714285,0.2124887421904062,1208,10.0,20.0
v11_vs_tgv,before,0.015848214285714285,63.098591549295776,0.8175240809704571,0.14285714285714285,0.2127228372174348,1194,10.0,20.0
v11_vs_tgv,before,0.015959821428571427,62.65734265734266,0.851751425767948,0.14285714285714285,0.2120323741059451,1236,10.0,20.0
v11_vs_tgv,before,0.01607142857142857,62.22222222222223,0.8610792849641686,0.14285714285714285,0.2120323741059451,1236,10.0,20.0
v11_vs_tgv,before,0.016183035714285712,61.79310344827587,0.7931438728892751,0.14285714285714285,0.21187307369980893,1246,10.0,20.0
v11_vs_tgv,before,0.016294642857142858,61.36986301369863,0.8500438305626915,0.14285714285714285,0.21216119331021152,1228,10.0,20.0
v11_vs_tgv,before,0.01640625,60.95238095238095,0.8417439258503069,0.14285714285714285,0.21159104545450594,1264,10.0,20.0
v11_vs_tgv,before,0.016517857142857143,60.54054054054054,0.8200972549907516,0.14285714285714285,0.21149835269259598,1270,10.0,20.0
v11_vs_tgv,before,0.016629464285714286,60.13422818791946,0.7990866562900818,0.14285714285714285,0.21177839816474361,1252,10.0,20.0
v11_vs_tgv,before,0.016741071428571428,59.733333333333334,0.8086544420621664,0.14285714285714285,0.21134529561252643,1280,10.0,20.0
v11_vs_tgv,before,0.01685267857142857,59.337748344370866,0.7916396943534402,0.14285714285714285,0.21054834880675766,1334,10.0,20.0
v11_vs_tgv,before,0.016964285714285713,58.94736842105264,0.8013277709036216,0.14285714285714285,0.21159104545450594,1264,10.0,20.0
v11_vs_tgv,before,0.017075892857142855,58.56209150326798,0.8482936755139591,0.14285714285714285,0.21080861501660042,1316,10.0,20.0
v11_vs_tgv,before,0.017187499999999998,58.18181818181819,0.8694827914482288,0.14285714285714285,0.2104912166657718,1338,10.0,20.0
v11_vs_tgv,before,0.017299107142857144,57.806451612903224,0.7942529773571405,0.14285714285714285,0.2112241179090306,1288,10.0,20.0
v11_vs_tgv,before,0.017410714285714286,57.43589743589743,0.749409644707026,0.14285714285714285,0.21009825045931166,1366,10.0,20.0
v11_vs_tgv,before,0.01752232142857143,57.07006369426752,0.802576566318618,0.14285714285714285,0.21034948559464076,1348,10.0,20.0
v11_vs_tgv,before,0.01763392857142857,56.708860759493675,0.7758050818538452,0.14285714285714285,0.21046274528313325,1340,10.0,20.0
v11_vs_tgv,before,0.017745535714285714,56.35220125786164,0.7378743268039232,0.14285714285714285,0.2102651915533084,1354,10.0,20.0
v11_vs_tgv,before,0.017857142857142856,56.0,0.7094480660119976,0.14285714285714285,0.20979775932161346,1388,10.0,20.0
v11_vs_tgv,before,0.01796875,55.652173913043484,0.7114707705460048,0.14285714285714285,0.21001559151209073,1372,10.0,20.0
v11_vs_tgv,before,0.01808035714285714,55.308641975308646,0.7143915421268734,0.14285714285714285,0.20993346585157174,1378,10.0,20.0
v11_vs_tgv,before,0.018191964285714284,54.96932515337424,0.7075576801430258,0.14285714285714285,0.20969023176701643,1396,10.0,20.0
v11_vs_tgv,before,0.01830357142857143,54.63414634146341,0.7774545827114405,0.14285714285714285,0.20974388120426476,1392,10.0,20.0
v11_vs_tgv,before,0.018415178571428572,54.303030303030305,0.8137297037254624,0.14285714285714285,0.20924322011539456,1430,10.0,20.0
v11_vs_tgv,before,0.018526785714285714,53.975903614457835,0.741892035628225,0.14285714285714285,0.20937304795788578,1420,10.0,20.0
v11_vs_tgv,before,0.018638392857142857,53.65269461077845,0.7307879717302727,0.14285714285714285,0.20958361247909307,1404,10.0,20.0
v11_vs_tgv,before,0.01875,53.333333333333336,0.7757256259556837,0.14285714285714285,0.20908918974285123,1442,10.0,20.0
v11_vs_tgv,before,0.018861607142857142,53.01775147928994,0.7066649728415082,0.14285714285714285,0.2091147294392002,1440,10.0,20.0
v11_vs_tgv,before,0.018973214285714284,52.70588235294118,0.7720520712349976,0.14285714285714285,0.20878674915614567,1466,10.0,20.0
v11_vs_tgv,before,0.019084821428571427,52.397660818713454,0.7897396382248698,0.14285714285714285,0.20896227354363328,1452,10.0,20.0
v11_vs_tgv,before,0.01919642857142857,52.09302325581396,0.7189582903779248,0.14285714285714285,0.20861368932701757,1480,10.0,20.0
v11_vs_tgv,before,0.019308035714285715,51.79190751445086,0.7181507700166987,0.14285714285714285,0.20849155226945118,1490,10.0,20.0
v11_vs_tgv,before,0.019419642857142858,51.49425287356322,0.7425344197862579,0.14285714285714285,0.20886166870324252,1460,10.0,20.0
v11_vs_tgv,before,0.01953125,51.2,0.7813746851755298,0.14285714285714285,0.20832258514572422,1504,10.0,20.0
v11_vs_tgv,before,0.019642857142857142,50.909090909090914,0.6717133642374548,0.14285714285714285,0.20820331375489703,1514,10.0,20.0
v11_vs_tgv,before,0.019754464285714285,50.621468926553675,0.6613420347294449,0.14285714285714285,0.2080852033992908,1524,10.0,20.0
v11_vs_tgv,before,0.019866071428571427,50.337078651685395,0.6698797787351648,0.14285714285714285,0.20822707454226386,1512,10.0,20.0
v11_vs_tgv,before,0.01997767857142857,50.05586592178771,0.7300854428140537,0.14285714285714285,0.2076466470245122,1562,10.0,20.0
v11_vs_tgv,before,0.020089285714285712,49.777777777777786,0.7265423710284336,0.14285714285714285,0.20817959940754727,1516,10.0,20.0
v11_vs_tgv,before,0.020200892857142858,49.50276243093922,0.7911444171047369,0.14285714285714285,0.20817959940754727,1516,10.0,20.0
v11_vs_tgv,before,0.0203125,49.230769230769226,0.7126167000938262,0.14285714285714285,0.2071581805789342,1606,10.0,20.0
v11_vs_tgv,before,0.020424107142857143,48.96174863387978,0.7736935825824425,0.14285714285714285,0.2078523911652866,1544,10.0,20.0
v11_vs_tgv,before,0.020535714285714286,48.69565217391305,0.7257147251517488,0.14285714285714285,0.20751142498562736,1574,10.0,20.0
v11_vs_tgv,before,0.020647321428571428,48.432432432432435,0.7424423663371433,0.14285714285714285,0.207311430402214,1592,10.0,20.0
v11_vs_tgv,before,0.02075892857142857,48.17204301075269,0.8091181573605604,0.14285714285714285,0.20766933369874285,1560,10.0,20.0
v11_vs_tgv,before,0.020870535714285713,47.9144385026738,0.7830763310151193,0.14285714285714285,0.2072455083727941,1598,10.0,20.0
v11_vs_tgv,before,0.020982142857142855,47.65957446808511,0.6298885431066441,0.14285714285714285,0.20679410702631273,1640,10.0,20.0
v11_vs_tgv,before,0.021093749999999998,47.40740740740741,0.6378056434164597,0.14285714285714285,0.2070931065498322,1612,10.0,20.0
v11_vs_tgv,before,0.021205357142857144,47.1578947368421,0.6141866306357397,0.14285714285714285,0.20733348626347292,1590,10.0,20.0
v11_vs_tgv,before,0.021316964285714286,46.910994764397905,0.5676410197256255,0.14285714285714285,0.2068363565335541,1636,10.0,20.0
v11_vs_tgv,before,0.02142857142857143,46.666666666666664,0.5998276987542666,0.14285714285714285,0.20646152179686691,1672,10.0,20.0
v11_vs_tgv,before,0.02154017857142857,46.424870466321245,0.6467871264842562,0.14285714285714285,0.20677303948480721,1642,10.0,20.0
v11_vs_tgv,before,0.021651785714285714,46.18556701030928,0.7039854005952038,0.14285714285714285,0.20654377883697478,1664,10.0,20.0
v11_vs_tgv,before,0.021763392857142856,45.94871794871795,0.6297938840910224,0.14285714285714285,0.2069213164900138,1628,10.0,20.0
v11_vs_tgv,before,0.021875,45.714285714285715,0.6827327810900239,0.14285714285714285,0.20615817865004304,1702,10.0,20.0
v11_vs_tgv,before,0.02198660714285714,45.48223350253807,0.8156295306464828,0.14285714285714285,0.2063798459329584,1680,10.0,20.0
v11_vs_tgv,before,0.022098214285714284,45.25252525252526,0.7876825197529429,0.14285714285714285,0.20607862228912602,1710,10.0,20.0
v11_vs_tgv,before,0.02220982142857143,45.0251256281407,0.7642983367602473,0.14285714285714285,0.2060193161196826,1716,10.0,20.0
v11_vs_tgv,before,0.022321428571428572,44.8,0.7452866586216846,0.14285714285714285,0.2064206116472992,1676,10.0,20.0
v11_vs_tgv,before,0.022433035714285714,44.5771144278607,0.6742917260518763,0.14285714285714285,0.20568896146044316,1750,10.0,20.0
v11_vs_tgv,before,0.022544642857142857,44.35643564356436,0.7139976477412431,0.14285714285714285,0.20586265784981742,1732,10.0,20.0
v11_vs_tgv,before,0.02265625,44.13793103448276,0.8309393371795952,0.14285714285714285,0.20625840693654623,1692,10.0,20.0
v11_vs_tgv,before,0.022767857142857142,43.92156862745098,0.8166750172592141,0.14285714285714285,0.20561261066388095,1758,10.0,20.0
v11_vs_tgv,before,0.022879464285714284,43.707317073170735,0.6869763464870007,0.14285714285714285,0.20563165001517575,1756,10.0,20.0
v11_vs_tgv,before,0.022991071428571427,43.49514563106796,0.590978852921461,0.14285714285714285,0.2059799491398533,1720,10.0,20.0
v11_vs_tgv,before,0.02310267857142857,43.28502415458938,0.7416702332900633,0.14285714285714285,0.2050559530372921,1818,10.0,20.0
v11_vs_tgv,before,0.023214285714285715,43.07692307692307,0.7266759262210306,0.14285714285714285,0.20529377749698421,1792,10.0,20.0
v11_vs_tgv,before,0.023325892857142858,42.87081339712918,0.6437782294692028,0.14285714285714285,0.20578513067261447,1740,10.0,20.0
v11_vs_tgv,before,0.0234375,42.666666666666664,0.5288874028954684,0.14285714285714285,0.2049478815407546,1830,10.0,20.0
v11_vs_tgv,before,0.023549107142857142,42.464454976303315,0.5359325493358907,0.14285714285714285,0.2053308201973659,1788,10.0,20.0
v11_vs_tgv,before,0.023660714285714285,42.26415094339623,0.6819275843392961,0.14285714285714285,0.2051650873580342,1806,10.0,20.0
v11_vs_tgv,before,0.023772321428571427,42.06572769953052,0.6620616375117703,0.14285714285714285,0.20500178551890139,1824,10.0,20.0
v11_vs_tgv,before,0.02388392857142857,41.86915887850468,0.6405782073933598,0.14285714285714285,0.2050378677827802,1820,10.0,20.0
v11_vs_tgv,before,0.023995535714285712,41.674418604651166,0.6178336585608483,0.14285714285714285,0.20473485868990474,1854,10.0,20.0
v11_vs_tgv,before,0.024107142857142855,41.48148148148149,0.7457068086279957,0.14285714285714285,0.20489423896779435,1836,10.0,20.0
v11_vs_tgv,before,0.02421875,41.29032258064516,0.7058225676967208,0.14285714285714285,0.20482311852246032,1844,10.0,20.0
v11_vs_tgv,before,0.024330357142857143,41.10091743119266,0.6209703779680888,0.14285714285714285,0.20428703415014268,1906,10.0,20.0
v11_vs_tgv,before,0.024441964285714286,40.91324200913242,0.6655867320456222,0.14285714285714285,0.20485862143419345,1840,10.0,20.0
v11_vs_tgv,before,0.024553571428571428,40.72727272727273,0.6665334570643872,0.14285714285714285,0.20443997892001115,1888,10.0,20.0
v11_vs_tgv,before,0.02466517857142857,40.542986425339365,0.691421937293521,0.14285714285714285,0.20432083629059994,1902,10.0,20.0
v11_vs_tgv,before,0.024776785714285713,40.36036036036036,0.5839702152098633,0.14285714285714285,0.20478772961770136,1848,10.0,20.0
v11_vs_tgv,before,0.024888392857142855,40.17937219730942,0.5724684812365064,0.14285714285714285,0.20406985646203774,1932,10.0,20.0
v11_vs_tgv,before,0.024999999999999998,40.0,0.6657249490498571,0.14285714285714285,0.20405333008241125,1934,10.0,20.0
v11_vs_tgv,before,0.02511160714285714,39.82222222222222,0.7413130931606761,0.14285714285714285,0.20443997892001115,1888,10.0,20.0
v11_vs_tgv,before,0.025223214285714286,39.64601769911504,0.6157309676461337,0.14285714285714285,0.20395470143415717,1946,10.0,20.0
v11_vs_tgv,before,0.02533482142857143,39.47136563876652,0.5083196320888198,0.14285714285714285,0.20380843789404254,1964,10.0,20.0
v11_vs_tgv,before,0.02544642857142857,39.29824561403509,0.48090943687877313,0.14285714285714285,0.20397107681264137,1944,10.0,20.0
v11_vs_tgv,before,0.025558035714285714,39.12663755458515,0.6229144685039273,0.14285714285714285,0.2038245910506852,1962,10.0,20.0
v11_vs_tgv,before,0.025669642857142856,38.95652173913044,0.69364578430079,0.14285714285714285,0.20368008519926165,1980,10.0,20.0
v11_vs_tgv,before,0.02578125,38.78787878787879,0.65093606521985,0.14285714285714285,0.20406985646203774,1932,10.0,20.0
v11_vs_tgv,before,0.02589285714285714,38.62068965517242,0.5338776993973808,0.14285714285714285,0.20360064332422378,1990,10.0,20.0
v11_vs_tgv,before,0.026004464285714284,38.4549356223176,0.508323895775884,0.14285714285714285,0.20345912978831718,2008,10.0,20.0
v11_vs_tgv,before,0.02611607142857143,38.29059829059829,0.7079692201598038,0.14285714285714285,0.20380843789404254,1964,10.0,20.0
v11_vs_tgv,before,0.026227678571428572,38.12765957446808,0.6188671174821215,0.14285714285714285,0.20335035825347117,2022,10.0,20.0
v11_vs_tgv,before,0.026339285714285714,37.96610169491525,0.6387941793018661,0.14285714285714285,0.20333491064606968,2024,10.0,20.0
v11_vs_tgv,before,0.026450892857142857,37.80590717299578,0.678623560122477,0.14285714285714285,0.20333491064606968,2024,10.0,20.0
v11_vs_tgv,before,0.0265625,37.64705882352941,0.5592565714911536,0.14285714285714285,0.20338132157581876,2018,10.0,20.0
v11_vs_tgv,before,0.026674107142857142,37.48953974895397,0.5156128904807622,0.14285714285714285,0.2030306380195964,2064,10.0,20.0
v11_vs_tgv,before,0.026785714285714284,37.333333333333336,0.5498897703164226,0.14285714285714285,0.2030156542404139,2066,10.0,20.0
v11_vs_tgv,before,0.026897321428571427,37.178423236514526,0.5465455222953962,0.14285714285714285,0.20352179142430754,2000,10.0,20.0
v11_vs_tgv,before,0.02700892857142857,37.02479338842976,0.49156660621902026,0.14285714285714285,0.20276417883135758,2100,10.0,20.0
v11_vs_tgv,before,0.027120535714285715,36.87242798353909,0.5359899503508435,0.14285714285714285,0.20280811620931277,2094,10.0,20.0
v11_vs_tgv,before,0.027232142857142858,36.721311475409834,0.68075791447206,0.14285714285714285,0.20294105689975392,2076,10.0,20.0
v11_vs_tgv,before,0.02734375,36.57142857142857,0.5394284138434149,0.14285714285714285,0.20285224078709876,2088,10.0,20.0
v11_vs_tgv,before,0.027455357142857142,36.422764227642276,0.593829616105621,0.14285714285714285,0.20251867322781997,2134,10.0,20.0
v11_vs_tgv,before,0.027566964285714285,36.2753036437247,0.779118415332865,0.14285714285714285,0.20276417883135758,2100,10.0,20.0
v11_vs_tgv,before,0.027678571428571427,36.12903225806452,0.6699276099453412,0.14285714285714285,0.20282280353622323,2092,10.0,20.0
v11_vs_tgv,before,0.02779017857142857,35.98393574297189,0.5220710678123827,0.14285714285714285,0.2024051399747265,2150,10.0,20.0
v11_vs_tgv,before,0.027901785714285712,35.84,0.5155335289932012,0.14285714285714285,0.2023910364655755,2152,10.0,20.0
v11_vs_tgv,before,0.028013392857142855,35.69721115537849,0.5601649285596499,0.14285714285714285,0.20294105689975392,2076,10.0,20.0
v11_vs_tgv,before,0.028125,35.55555555555556,0.5188036705295074,0.14285714285714285,0.20199031257847036,2210,10.0,20.0
v11_vs_tgv,before,0.028236607142857143,35.41501976284585,0.47262428780004617,0.14285714285714285,0.20256157441371295,2128,10.0,20.0
v11_vs_tgv,before,0.028348214285714286,35.275590551181104,0.47792904926771657,0.14285714285714285,0.20220944357269727,2178,10.0,20.0
v11_vs_tgv,before,0.028459821428571428,35.13725490196079,0.5284814553105938,0.14285714285714285,0.2020038700244288,2208,10.0,20.0
v11_vs_tgv,before,0.02857142857142857,35.0,0.6477085648034243,0.14285714285714285,0.20227890442236768,2168,10.0,20.0
v11_vs_tgv,before,0.028683035714285713,34.86381322957199,0.6850308999899568,0.14285714285714285,0.20209928513740544,2194,10.0,20.0
v11_vs_tgv,before,0.028794642857142855,34.72868217054264,0.5177306112429032,0.14285714285714285,0.20219560817884408,2180,10.0,20.0
v11_vs_tgv,before,0.028906249999999998,34.5945945945946,0.55669981333458,0.14285714285714285,0.2018157070765534,2236,10.0,20.0
v11_vs_tgv,before,0.02901785714285714,34.46153846153847,0.4916415763961148,0.14285714285714285,0.20212671273157043,2190,10.0,20.0
v11_vs_tgv,before,0.029129464285714286,34.32950191570881,0.48541907792159394,0.14285714285714285,0.20165718663427828,2260,10.0,20.0
v11_vs_tgv,before,0.02924107142857143,34.19847328244275,0.3510229604956207,0.14285714285714285,0.20197677333037697,2212,10.0,20.0
v11_vs_tgv,before,0.02935267857142857,34.06844106463878,0.3926192346896676,0.14285714285714285,0.20148825195988218,2286,10.0,20.0
v11_vs_tgv,before,0.029464285714285714,33.93939393939394,0.37293023784585433,0.14285714285714285,0.20176258739613345,2244,10.0,20.0
v11_vs_tgv,before,0.029575892857142856,33.81132075471698,0.24787564966567244,0.14285714285714285,0.20165718663427828,2260,10.0,20.0
v11_vs_tgv,before,0.0296875,33.68421052631579,0.3065077692612221,0.14285714285714285,0.20130948318858632,2314,10.0,20.0
v11_vs_tgv,before,0.02979910714285714,33.55805243445693,0.49947782737726176,0.14285714285714285,0.20178911203700534,2240,10.0,20.0
v11_vs_tgv,before,0.029910714285714284,33.43283582089553,0.5806674749807296,0.14285714285714285,0.20133482448864679,2310,10.0,20.0
v11_vs_tgv,before,0.030022321428571426,33.30855018587361,0.5877302580025372,0.14285714285714285,0.20150114550038942,2284,10.0,20.0
v11_vs_tgv,before,0.030133928571428572,33.18518518518518,0.33728808534770355,0.14285714285714285,0.20163100936456846,2264,10.0,20.0
v11_vs_tgv,before,0.030245535714285714,33.06273062730627,0.3871152344655643,0.14285714285714285,0.20093700504233267,2374,10.0,20.0
v11_vs_tgv,before,0.030357142857142857,32.94117647058824,0.35908564292340045,0.14285714285714285,0.20127159292996374,2320,10.0,20.0
v11_vs_tgv,before,0.03046875,32.820512820512825,0.39766252747887826,0.14285714285714285,0.2014240345538633,2296,10.0,20.0
v11_vs_tgv,before,0.030580357142857142,32.7007299270073,0.3627120749691338,0.14285714285714285,0.20091267051918305,2378,10.0,20.0
v11_vs_tgv,before,0.030691964285714284,32.581818181818186,0.24736817367522893,0.14285714285714285,0.20117125958839946,2336,10.0,20.0
v11_vs_tgv,before,0.030803571428571427,32.46376811594203,0.1698613247372717,0.14285714285714285,0.20117125958839946,2336,10.0,20.0
v11_vs_tgv,before,0.03091517857142857,32.34657039711192,0.38634117960500747,0.14285714285714285,0.20079190337726316,2398,10.0,20.0
v11_vs_tgv,before,0.03102678571428571,32.230215827338135,0.4729694216644312,0.14285714285714285,0.2008520992222212,2388,10.0,20.0
v11_vs_tgv,before,0.031138392857142858,32.11469534050179,0.551045331863136,0.14285714285714285,0.20129683691159364,2316,10.0,20.0
v11_vs_tgv,before,0.03125,32.0,0.4850984250605104,0.14285714285714285,0.20060175498092978,2430,10.0,20.0
v11_vs_tgv,before,0.03136160714285714,31.88612099644128,0.48388928208528575,0.14285714285714285,0.2005899942187709,2432,10.0,20.0
v11_vs_tgv,before,0.031473214285714285,31.77304964539007,0.5654832506145795,0.14285714285714285,0.20091267051918305,2378,10.0,20.0
v11_vs_tgv,before,0.03158482142857143,31.66077738515901,0.48897066959550556,0.14285714285714285,0.2005899942187709,2432,10.0,20.0
v11_vs_tgv,before,0.03169642857142857,31.549295774647888,0.30823516567470755,0.14285714285714285,0.20073207911367105,2408,10.0,20.0
v11_vs_tgv,before,0.03180803571428571,31.438596491228072,0.23672068672802696,0.14285714285714285,0.20043839988598003,2458,10.0,20.0
v11_vs_tgv,before,0.031919642857142855,31.32867132867133,0.22746173585473162,0.14285714285714285,0.20063712367957884,2424,10.0,20.0
v11_vs_tgv,before,0.03203125,31.219512195121954,0.5134087895503976,0.14285714285714285,0.2004037543659979,2464,10.0,20.0
v11_vs_tgv,before,0.03214285714285714,31.111111111111114,0.4901181178591241,0.14285714285714285,0.2003233998560821,2478,10.0,20.0
v11_vs_tgv,before,0.03225446428571428,31.00346020761246,0.38755804105240416,0.14285714285714285,0.20075596447473562,2404,10.0,20.0
v11_vs_tgv,before,0.032366071428571425,30.896551724137936,0.3897499735313513,0.14285714285714285,0.2001759442030165,2504,10.0,20.0
v11_vs_tgv,before,0.03247767857142857,30.790378006872857,0.34472280314026266,0.14285714285714285,0.20011983450492699,2514,10.0,20.0
v11_vs_tgv,before,0.032589285714285716,30.684931506849313,0.36242553260974975,0.14285714285714285,0.20038072687575237,2468,10.0,20.0
v11_vs_tgv,before,0.03270089285714286,30.580204778156993,0.41982902287266266,0.14285714285714285,0.20022107212707113,2496,10.0,20.0
v11_vs_tgv,before,0.0328125,30.476190476190474,0.3103004063824847,0.14285714285714285,0.1999424885446575,2546,10.0,20.0
v11_vs_tgv,before,0.032924107142857144,30.372881355932204,0.1936751037462609,0.14285714285714285,0.2003577547434476,2472,10.0,20.0
v11_vs_tgv,before,0.033035714285714286,30.27027027027027,0.34352780225805707,0.14285714285714285,0.19992055302869258,2550,10.0,20.0
v11_vs_tgv,before,0.03314732142857143,30.16835016835017,0.2673743413255199,0.14285714285714285,0.19982247206699402,2568,10.0,20.0
v11_vs_tgv,before,0.03325892857142857,30.06711409395973,0.07122921733039557,0.14285714285714285,0.20022107212707113,2496,10.0,20.0
v11_vs_tgv,before,0.033370535714285714,29.96655518394649,0.022767926538193938,0.14285714285714285,0.19981163721274517,2570,10.0,20.0
v11_vs_tgv,before,0.033482142857142856,29.866666666666667,0.292349594932587,0.14285714285714285,0.19969327465375333,2592,10.0,20.0
v11_vs_tgv,before,0.03359375,29.767441860465116,0.35375628861818736,0.14285714285714285,0.19999755197612662,2536,10.0,20.0
v11_vs_tgv,before,0.03370535714285714,29.668874172185433,0.33566328850695343,0.14285714285714285,0.19968258842376282,2594,10.0,20.0
v11_vs_tgv,before,0.033816964285714284,29.570957095709574,0.384857589419782,0.14285714285714285,0.1997576502130963,2580,10.0,20.0
v11_vs_tgv,before,0.033928571428571426,29.47368421052632,0.44696028292489887,0.14285714285714285,0.19962934028121115,2604,10.0,20.0
v11_vs_tgv,before,0.03404017857142857,29.377049180327873,0.2519364264099061,0.14285714285714285,0.19970397313874927,2590,10.0,20.0
v11_vs_tgv,before,0.03415178571428571,29.28104575163399,0.31066762799687914,0.14285714285714285,0.1995447720660188,2620,10.0,20.0
v11_vs_tgv,before,0.03426339285714285,29.185667752443,0.177213726833148,0.14285714285714285,0.1995869599845832,2612,10.0,20.0
v11_vs_tgv,before,0.034374999999999996,29.090909090909093,0.0757567183526174,0.14285714285714285,0.19953425497473404,2622,10.0,20.0
v11_vs_tgv,before,0.034486607142857145,28.996763754045304,0.3002942997178422,0.14285714285714285,0.19923435045727056,2680,10.0,20.0
v11_vs_tgv,before,0.03459821428571429,28.903225806451612,0.2409161114741867,0.14285714285714285,0.19940897247414457,2646,10.0,20.0
v11_vs_tgv,before,0.03470982142857143,28.810289389067524,0.4112781706162995,0.14285714285714285,0.19948184772087152,2632,10.0,20.0
v11_vs_tgv,before,0.03482142857142857,28.717948717948715,0.3177352275814805,0.14285714285714285,0.19925472300409489,2676,10.0,20.0
v11_vs_tgv,before,0.034933035714285715,28.62619808306709,0.06507328228153017,0.14285714285714285,0.199163400800433,2694,10.0,20.0
v11_vs_tgv,before,0.03504464285714286,28.53503184713376,0.10593817411101783,0.14285714285714285,0.19929560413957997,2668,10.0,20.0
v11_vs_tgv,before,0.03515625,28.444444444444443,0.295784929509314,0.14285714285714285,0.19923435045727056,2680,10.0,20.0
v11_vs_tgv,before,0.03526785714285714,28.354430379746837,0.2863634898394168,0.14285714285714285,0.199163400800433,2694,10.0,20.0
v11_vs_tgv,before,0.035379464285714285,28.26498422712934,0.07203962622588289,0.14285714285714285,0.19903307957272984,2720,10.0,20.0
v11_vs_tgv,before,0.03549107142857143,28.17610062893082,0.016629969940937517,0.14285714285714285,0.19923435045727056,2680,10.0,20.0
v11_vs_tgv,before,0.03560267857142857,28.087774294670847,0.3026995388460249,0.14285714285714285,0.1987296503731864,2782,10.0,20.0
v11_vs_tgv,before,0.03571428571428571,28.0,0.217047200135577,0.14285714285714285,0.19919374056785832,2688,10.0,20.0
v11_vs_tgv,before,0.035825892857142855,27.912772585669785,0.211962620003904,0.14285714285714285,0.19897355378849282,2732,10.0,20.0
v11_vs_tgv,before,0.0359375,27.826086956521742,0.4732135069864151,0.14285714285714285,0.19863390479962775,2802,10.0,20.0
v11_vs_tgv,before,0.03604910714285714,27.73993808049536,0.11833419188047319,0.14285714285714285,0.19893408530849774,2740,10.0,20.0
v11_vs_tgv,before,0.03616071428571428,27.654320987654323,0.27888022145628866,0.14285714285714285,0.1989636705837003,2734,10.0,20.0
v11_vs_tgv,before,0.036272321428571425,27.56923076923077,0.14265812758363364,0.14285714285714285,0.1987779076146052,2772,10.0,20.0
v11_vs_tgv,before,0.03638392857142857,27.48466257668712,0.2216184667667821,0.14285714285714285,0.1985674850051077,2816,10.0,20.0
v11_vs_tgv,before,0.036495535714285716,27.400611620795104,0.1956905644200442,0.14285714285714285,0.19880698630805718,2766,10.0,20.0
v11_vs_tgv,before,0.03660714285714286,27.317073170731707,0.13293049032228713,0.14285714285714285,0.19847344616835114,2836,10.0,20.0
v11_vs_tgv,before,0.03671875,27.23404255319149,0.2604414696294347,0.14285714285714285,0.1985674850051077,2816,10.0,20.0
v11_vs_tgv,before,0.036830357142857144,27.151515151515152,0.36056351102942563,0.14285714285714285,0.1987296503731864,2782,10.0,20.0
v11_vs_tgv,before,0.036941964285714286,27.069486404833835,0.19908785987106437,0.14285714285714285,0.1983434350217766,2864,10.0,20.0
v11_vs_tgv,before,0.03705357142857143,26.987951807228917,0.12539385437227402,0.14285714285714285,0.19852975072299847,2824,10.0,20.0
v11_vs_tgv,before,0.03716517857142857,26.906906906906908,0.07358585361260463,0.14285714285714285,0.19837113512849097,2858,10.0,20.0
v11_vs_tgv,before,0.037276785714285714,26.826347305389223,0.16879942100326673,0.14285714285714285,0.19847344616835114,2836,10.0,20.0
v11_vs_tgv,before,0.037388392857142856,26.746268656716417,0.2407945463352571,0.14285714285714285,0.1984547565946868,2840,10.0,20.0
v11_vs_tgv,before,0.0375,26.666666666666668,0.14861684287654658,0.14285714285714285,0.19818808118118406,2898,10.0,20.0
v11_vs_tgv,before,0.03761160714285714,26.587537091988132,-0.005986518421822249,0.14285714285714285,0.19843610609789097,2844,10.0,20.0
v11_vs_tgv,before,0.037723214285714284,26.50887573964497,-0.09716355834594868,0.14285714285714285,0.19795564920134207,2950,10.0,20.0
v11_vs_tgv,before,0.037834821428571426,26.4306784660767,0.021910794674485375,0.14285714285714285,0.19830663541185475,2872,10.0,20.0
v11_vs_tgv,before,0.03794642857142857,26.35294117647059,0.30005636892128457,0.14285714285714285,0.1982882926807455,2876,10.0,20.0
v11_vs_tgv,before,0.03805803571428571,26.275659824046922,0.33919082361875574,0.14285714285714285,0.19802651424106882,2934,10.0,20.0
v11_vs_tgv,before,0.03816964285714285,26.198830409356727,0.12838958709194748,0.14285714285714285,0.1981069271457448,2916,10.0,20.0
v11_vs_tgv,before,0.038281249999999996,26.12244897959184,0.04658137216645175,0.14285714285714285,0.1982152991985056,2892,10.0,20.0
v11_vs_tgv,before,0.03839285714285714,26.04651162790698,0.17646459911334603,0.14285714285714285,0.19793802214251247,2954,10.0,20.0
v11_vs_tgv,before,0.03850446428571429,25.97101449275362,-0.08168841452557002,0.14285714285714285,0.19782430484837527,2980,10.0,20.0
v11_vs_tgv,before,0.03861607142857143,25.89595375722543,0.24417877618786965,0.14285714285714285,0.19825172071105046,2884,10.0,20.0
v11_vs_tgv,before,0.03872767857142857,25.821325648414984,0.2170488838801318,0.14285714285714285,0.1978156184587228,2982,10.0,20.0
v11_vs_tgv,before,0.038839285714285715,25.74712643678161,-0.09724480602346423,0.14285714285714285,0.19760123472388125,3032,10.0,20.0
v11_vs_tgv,before,0.03895089285714286,25.673352435530084,0.041820233178455624,0.14285714285714285,0.1981609467848357,2904,10.0,20.0
v11_vs_tgv,before,0.0390625,25.6,0.02188008472775452,0.14285714285714285,0.1975253385684874,3050,10.0,20.0
v11_vs_tgv,before,0.03917410714285714,25.527065527065528,-0.04869974036950482,0.14285714285714285,0.19784170365088652,2976,10.0,20.0
v11_vs_tgv,before,0.039285714285714285,25.454545454545457,0.04296651583335345,0.14285714285714285,0.1976097089758139,3030,10.0,20.0
v11_vs_tgv,before,0.03939732142857143,25.38243626062323,0.20430206377417678,0.14285714285714285,0.1977550552720954,2996,10.0,20.0
v11_vs_tgv,before,0.03950892857142857,25.310734463276837,0.14668135388615916,0.14285714285714285,0.19765220529146557,3020,10.0,20.0
v11_vs_tgv,before,0.03962053571428571,25.23943661971831,-0.0784481546109798,0.14285714285714285,0.1975085631250675,3054,10.0,20.0
v11_vs_tgv,before,0.039732142857142855,25.168539325842698,0.13550690284094935,0.14285714285714285,0.19770347780800562,3008,10.0,20.0
v11_vs_tgv,before,0.03984375,25.098039215686278,0.20655557089061619,0.14285714285714285,0.19743347590385044,3072,10.0,20.0
v11_vs_tgv,before,0.03995535714285714,25.027932960893857,-0.18406505923691105,0.14285714285714285,0.19739204277139769,3082,10.0,20.0
v11_vs_tgv,before,0.04006696428571428,24.95821727019499,0.18009126583988846,0.14285714285714285,0.1976692624332035,3016,10.0,20.0
v11_vs_tgv,before,0.040178571428571425,24.888888888888893,-0.11652291619930379,0.14285714285714285,0.19731796447605393,3100,10.0,20.0
v11_vs_tgv,before,0.04029017857142857,24.81994459833795,0.03658831501888373,0.14285714285714285,0.1974251732503782,3074,10.0,20.0
v11_vs_tgv,before,0.040401785714285716,24.75138121546961,0.23845722867026423,0.14285714285714285,0.19745010534200189,3068,10.0,20.0
v11_vs_tgv,before,0.04051339285714286,24.683195592286502,0.128762809144149,0.14285714285714285,0.19736727869292328,3088,10.0,20.0
v11_vs_tgv,before,0.040625,24.615384615384613,0.055456653785265334,0.14285714285714285,0.1970358524551192,3170,10.0,20.0
v11_vs_tgv,before,0.040736607142857144,24.54794520547945,-0.3162544816146286,0.14285714285714285,0.197483461108339,3060,10.0,20.0
v11_vs_tgv,before,0.040848214285714286,24.48087431693989,-0.23960690032439433,0.14285714285714285,0.19717976864090656,3134,10.0,20.0
v11_vs_tgv,before,0.04095982142857143,24.4141689373297,-0.0939067903846952,0.14285714285714285,0.19701210252814472,3176,10.0,20.0
v11_vs_tgv,before,0.04107142857142857,24.347826086956523,0.0649747892194084,0.14285714285714285,0.19738378012086183,3084,10.0,20.0
v11_vs_tgv,before,0.041183035714285714,24.281842818428185,0.0992015458666425,0.14285714285714285,0.19695694455425367,3190,10.0,20.0
v11_vs_tgv,before,0.041294642857142856,24.216216216216218,-0.10923974667999045,0.14285714285714285,0.1970755845534379,3160,10.0,20.0
v11_vs_tgv,before,0.04140625,24.150943396226417,-0.2519235033225352,0.14285714285714285,0.1970755845534379,3160,10.0,20.0
v11_vs_tgv,before,0.04151785714285714,24.086021505376344,0.20828733820387663,0.14285714285714285,0.19706762319057258,3162,10.0,20.0
v11_vs_tgv,before,0.041629464285714284,24.021447721179626,0.2476619527178705,0.14285714285714285,0.19698053952908048,3184,10.0,20.0
v11_vs_tgv,before,0.041741071428571426,23.9572192513369,0.24374320294276502,0.14285714285714285,0.19696480220931625,3188,10.0,20.0
v11_vs_tgv,before,0.04185267857142857,23.893333333333334,0.10405943889513175,0.14285714285714285,0.19690995197425074,3202,10.0,20.0
v11_vs_tgv,before,0.04196428571428571,23.829787234042556,-0.1018991793581175,0.14285714285714285,0.1966864592271897,3260,10.0,20.0
v11_vs_tgv,before,0.04207589285714285,23.766578249336874,-0.0409797177066789,0.14285714285714285,0.19691776587158633,3200,10.0,20.0
v11_vs_tgv,before,0.042187499999999996,23.703703703703706,-0.09650897462165488,0.14285714285714285,0.19692558703358493,3198,10.0,20.0
v11_vs_tgv,before,0.04229910714285714,23.641160949868077,0.22840033782647667,0.14285714285714285,0.19662584390434415,3276,10.0,20.0
v11_vs_tgv,before,0.04241071428571429,23.57894736842105,0.07798912193205067,0.14285714285714285,0.1967398616607217,3246,10.0,20.0
v11_vs_tgv,before,0.04252232142857143,23.517060367454068,0.008342710271901777,0.14285714285714285,0.1969334154715303,3196,10.0,20.0
v11_vs_tgv,before,0.04263392857142857,23.455497382198953,-0.10241729505975762,0.14285714285714285,0.19662584390434415,3276,10.0,20.0
v11_vs_tgv,before,0.042745535714285715,23.39425587467363,0.17605009839920127,0.14285714285714285,0.19658818240465054,3286,10.0,20.0
v11_vs_tgv,before,0.04285714285714286,23.333333333333332,0.0207644698891574,0.14285714285714285,0.19656566720869945,3292,10.0,20.0
v11_vs_tgv,before,0.04296875,23.272727272727273,-0.30332586742094814,0.14285714285714285,0.19674751854137398,3244,10.0,20.0
v11_vs_tgv,before,0.04308035714285714,23.212435233160623,-0.365532842899004,0.14285714285714285,0.19627841680223054,3370,10.0,20.0
v11_vs_tgv,before,0.043191964285714285,23.152454780361758,0.025045790788744294,0.14285714285714285,0.19665609640424975,3268,10.0,20.0
v11_vs_tgv,before,0.04330357142857143,23.09278350515464,0.06926184446065708,0.14285714285714285,0.1965506909503124,3296,10.0,20.0
v11_vs_tgv,before,0.04341517857142857,23.033419023136247,0.028884722875211436,0.14285714285714285,0.19635112163071453,3350,10.0,20.0
v11_vs_tgv,before,0.04352678571428571,22.974358974358974,-0.1011833644715174,0.14285714285714285,0.19649105513285683,3312,10.0,20.0
v11_vs_tgv,before,0.043638392857142855,22.915601023017903,0.0558219071654309,0.14285714285714285,0.1965506909503124,3296,10.0,20.0
v11_vs_tgv,before,0.04375,22.857142857142858,0.2124012942262203,0.14285714285714285,0.19620635084804425,3390,10.0,20.0
v11_vs_tgv,before,0.04386160714285714,22.798982188295167,-0.0410282906186236,0.14285714285714285,0.19627118161272125,3372,10.0,20.0
v11_vs_tgv,before,0.04397321428571428,22.741116751269036,0.020212687277545226,0.14285714285714285,0.19639505513636507,3338,10.0,20.0
v11_vs_tgv,before,0.044084821428571425,22.683544303797472,-0.20529034233946847,0.14285714285714285,0.19614203002159336,3408,10.0,20.0
v11_vs_tgv,before,0.04419642857142857,22.62626262626263,0.04080973214112546,0.14285714285714285,0.19628565838032241,3368,10.0,20.0
v11_vs_tgv,before,0.04430803571428571,22.569269521410583,-0.17204647734446005,0.14285714285714285,0.19630742154042707,3362,10.0,20.0
v11_vs_tgv,before,0.04441964285714286,22.51256281407035,-0.3752594027083585,0.14285714285714285,0.19604297333067175,3436,10.0,20.0
v11_vs_tgv,before,0.04453125,22.45614035087719,-0.038485419314564125,0.14285714285714285,0.19624230455271754,3380,10.0,20.0
v11_vs_tgv,before,0.044642857142857144,22.4,0.10590742545634318,0.14285714285714285,0.19616341405099993,3402,10.0,20.0
v11_vs_tgv,before,0.044754464285714286,22.34413965087282,0.14536293476203827,0.14285714285714285,0.19608527866196232,3424,10.0,20.0
v11_vs_tgv,before,0.04486607142857143,22.28855721393035,-0.02284106031975972,0.14285714285714285,0.19608527866196232,3424,10.0,20.0
v11_vs_tgv,before,0.04497767857142857,22.233250620347395,-0.18443797983088173,0.14285714285714285,0.19586903899227384,3486,10.0,20.0
v11_vs_tgv,before,0.045089285714285714,22.17821782178218,-0.13282886013627632,0.14285714285714285,0.19609942947499998,3420,10.0,20.0
v11_vs_tgv,before,0.045200892857142856,22.123456790123456,-0.06817895312648539,0.14285714285714285,0.19598690683769954,3452,10.0,20.0
v11_vs_tgv,before,0.0453125,22.06896551724138,0.1729970100931556,0.14285714285714285,0.19578686266146458,3510,10.0,20.0
v11_vs_tgv,before,0.04542410714285714,22.014742014742016,-0.11607269016076635,0.14285714285714285,0.195959018311031,3460,10.0,20.0
v11_vs_tgv,before,0.045535714285714284,21.96078431372549,-0.3960416345790577,0.14285714285714285,0.1959242922263356,3470,10.0,20.0
v11_vs_tgv,before,0.045647321428571426,21.90709046454768,-0.02497688241503977,0.14285714285714285,0.1959312255268662,3468,10.0,20.0
v11_vs_tgv,before,0.04575892857142857,21.853658536585368,0.0941321266929156,0.14285714285714285,0.19578005236369755,3512,10.0,20.0
v11_vs_tgv,before,0.04587053571428571,21.800486618004868,-0.09339074438434426,0.14285714285714285,0.1957460872064342,3522,10.0,20.0
v11_vs_tgv,before,0.04598214285714285,21.74757281553398,0.08477291456850787,0.14285714285714285,0.19567186631260183,3544,10.0,20.0
v11_vs_tgv,before,0.046093749999999996,21.69491525423729,-0.08370581813498926,0.14285714285714285,0.19601489165878555,3444,10.0,20.0
v11_vs_tgv,before,0.04620535714285714,21.64251207729469,-0.14749812261588757,0.14285714285714285,0.19554526746979894,3582,10.0,20.0
v11_vs_tgv,before,0.04631696428571429,21.59036144578313,-0.10830271940859261,0.14285714285714285,0.19557838863500912,3572,10.0,20.0
v11_vs_tgv,before,0.04642857142857143,21.538461538461537,-0.06827716365070313,0.14285714285714285,0.19587592500046092,3484,10.0,20.0
v11_vs_tgv,before,0.04654017857142857,21.48681055155875,-0.2654906919297897,0.14285714285714285,0.19536229896004664,3638,10.0,20.0
v11_vs_tgv,before,0.046651785714285715,21.43540669856459,-0.3396898397187967,0.14285714285714285,0.19572577688551,3528,10.0,20.0
v11_vs_tgv,before,0.04676339285714286,21.384248210023866,-0.03092996332405466,0.14285714285714285,0.19565844520659162,3548,10.0,20.0
v11_vs_tgv,before,0.046875,21.333333333333332,-0.058367857652014764,0.14285714285714285,0.19540115234939126,3626,10.0,20.0
v11_vs_tgv,before,0.04698660714285714,21.282660332541568,-0.0723925269365894,0.14285714285714285,0.19544672377293545,3612,10.0,20.0
v11_vs_tgv,before,0.047098214285714285,21.232227488151658,0.1981385646410328,0.14285714285714285,0.1954663349047849,3606,10.0,20.0
v11_vs_tgv,before,0.04720982142857143,21.182033096926716,0.16967410630715793,0.14285714285714285,0.1955651236363731,3576,10.0,20.0
v11_vs_tgv,before,0.04732142857142857,21.132075471698116,0.14412002115209283,0.14285714285714285,0.19534294368347277,3644,10.0,20.0
v11_vs_tgv,before,0.04743303571428571,21.08235294117647,-0.019028486047954117,0.14285714285714285,0.19537522888070752,3634,10.0,20.0
v11_vs_tgv,before,0.047544642857142855,21.03286384976526,-0.09664637180871198,0.14285714285714285,0.19549912822785603,3596,10.0,20.0
v11_vs_tgv,before,0.04765625,20.98360655737705,-0.3201177383083775,0.14285714285714285,0.19527876700452393,3664,10.0,20.0
v11_vs_tgv,before,0.04776785714285714,20.93457943925234,-0.34506855670691794,0.14285714285714285,0.19536229896004664,3638,10.0,20.0
v11_vs_tgv,before,0.04787946428571428,20.88578088578089,-0.29794845153567473,0.14285714285714285,0.1952532420597071,3672,10.0,20.0
v11_vs_tgv,before,0.047991071428571425,20.837209302325583,-0.1923044563517149,0.14285714285714285,0.19534294368347277,3644,10.0,20.0
v11_vs_tgv,before,0.04810267857142857,20.788863109048727,-0.17688959289914805,0.14285714285714285,0.1950209946989822,3746,10.0,20.0
v11_vs_tgv,before,0.04821428571428571,20.740740740740744,-0.030172745796059122,0.14285714285714285,0.19530437499553316,3656,10.0,20.0
v11_vs_tgv,before,0.04832589285714286,20.69284064665127,-0.16603007607924825,0.14285714285714285,0.19526599417946083,3668,10.0,20.0
v11_vs_tgv,before,0.0484375,20.64516129032258,0.11041223295270239,0.14285714285714285,0.19493488938335007,3774,10.0,20.0
v11_vs_tgv,before,0.048549107142857144,20.597701149425287,-0.0834815312258921,0.14285714285714285,0.19539466351065476,3628,10.0,20.0
v11_vs_tgv,before,0.048660714285714286,20.55045871559633,-0.1550085372598587,0.14285714285714285,0.19489827749225433,3786,10.0,20.0
v11_vs_tgv,before,0.04877232142857143,20.503432494279178,-0.3183920384177043,0.14285714285714285,0.19506440733704855,3732,10.0,20.0
v11_vs_tgv,before,0.04888392857142857,20.45662100456621,-0.2579066957487724,0.14285714285714285,0.19518979008893414,3692,10.0,20.0
v11_vs_tgv,before,0.048995535714285714,20.41002277904328,-0.0646523473530103,0.14285714285714285,0.19491046224945754,3782,10.0,20.0
v11_vs_tgv,before,0.049107142857142856,20.363636363636363,-0.39606548654800977,0.14285714285714285,0.19500246310468877,3752,10.0,20.0
v11_vs_tgv,before,0.04921875,20.317460317460316,-0.37679740508542076,0.14285714285714285,0.19499013318559666,3756,10.0,20.0
v11_vs_tgv,before,0.04933035714285714,20.271493212669682,-0.16490895481233642,0.14285714285714285,0.1948739653457362,3794,10.0,20.0
v11_vs_tgv,before,0.049441964285714284,20.225733634311513,-0.060561109311372714,0.14285714285714285,0.19488003622703962,3792,10.0,20.0
v11_vs_tgv,before,0.049553571428571426,20.18018018018018,0.011355805723478406,0.14285714285714285,0.19489219229404334,3788,10.0,20.0
v11_vs_tgv,before,0.04966517857142857,20.134831460674157,-0.18837488286022402,0.14285714285714285,0.1950209946989822,3746,10.0,20.0
v11_vs_tgv,before,0.04977678571428571,20.08968609865471,-0.1348493615769089,0.14285714285714285,0.19475951592150462,3832,10.0,20.0
v11_vs_tgv,before,0.04988839285714285,20.04474272930649,-0.056763111303144875,0.14285714285714285,0.19485578123579675,3800,10.0,20.0
v11_vs_tgv,before,0.049999999999999996,20.0,-0.9687375999424184,0.14285714285714285,0.8417399583909729,2,10.0,20.0
v11_vs_tgv,after,0.0,inf,0.7043186609625273,0.14285714285714285,0.7560610050770457,3,10.0,20.0
v11_vs_tgv,after,0.00011160714285714285,8960.0,0.9475557461364768,0.14285714285714285,0.5160568456025979,12,10.0,20.0
v11_vs_tgv,after,0.0002232142857142857,4480.0,0.8703871671576692,0.14285714285714285,0.43846389609946435,22,10.0,20.0
v11_vs_tgv,after,0.0003348214285714286,2986.6666666666665,0.966474146187515,0.14285714285714285,0.41192739958594665,28,10.0,20.0
v11_vs_tgv,after,0.0004464285714285714,2240.0,0.9770022494200217,0.14285714285714285,0.37684928940895107,40,10.0,20.0
v11_vs_tgv,after,0.0005580357142857143,1792.0,0.988548664710602,0.14285714285714285,0.3572655453148874,50,10.0,20.0
v11_vs_tgv,after,0.0006696428571428571,1493.3333333333333,0.9933049089520398,0.14285714285714285,0.3607189084162777,48,10.0,20.0
v11_vs_tgv,after,0.0007812499999999999,1280.0,0.9937094329363579,0.14285714285714285,0.33301944154606616,68,10.0,20.0
v11_vs_tgv,after,0.0008928571428571428,1120.0,0.9935759080709997,0.14285714285714285,0.3308883459615167,70,10.0,20.0
v11_vs_tgv,after,0.0010044642857142856,995.5555555555557,0.9974330755159757,0.14285714285714285,0.32498105977643776,76,10.0,20.0
v11_vs_tgv,after,0.0011160714285714285,896.0,0.9977214761614898,0.14285714285714285,0.3120228149867766,92,10.0,20.0
v11_vs_tgv,after,0.0012276785714285714,814.5454545454546,0.997325981744678,0.14285714285714285,0.30307454563671804,106,10.0,20.0
v11_vs_tgv,after,0.0013392857142857143,746.6666666666666,0.9977710116209229,0.14285714285714285,0.309276869488276,96,10.0,20.0
v11_vs_tgv,after,0.0014508928571428572,689.2307692307692,0.9982999137488806,0.14285714285714285,0.297657677511583,116,10.0,20.0
v11_vs_tgv,after,0.0015624999999999999,640.0,0.9984713901368604,0.14285714285714285,0.28942028891226607,134,10.0,20.0
v11_vs_tgv,after,0.0016741071428571428,597.3333333333334,0.9965371493279411,0.14285714285714285,0.2956748612128594,120,10.0,20.0
v11_vs_tgv,after,0.0017857142857142857,560.0,0.9974436186452755,0.14285714285714285,0.28476380812712476,146,10.0,20.0
v11_vs_tgv,after,0.0018973214285714286,527.0588235294118,0.996958598340329,0.14285714285714285,0.2812856424436456,156,10.0,20.0
v11_vs_tgv,after,0.0020089285714285712,497.7777777777778,0.999047813380287,0.14285714285714285,0.28702018719502587,140,10.0,20.0
v11_vs_tgv,after,0.002120535714285714,471.5789473684211,0.9989559823461246,0.14285714285714285,0.2757709533720164,174,10.0,20.0
v11_vs_tgv,after,0.002232142857142857,448.0,0.9991793004203113,0.14285714285714285,0.27520913338899333,176,10.0,20.0
v11_vs_tgv,after,0.00234375,426.6666666666667,0.9989812396867969,0.14285714285714285,0.273051000260408,184,10.0,20.0
v11_vs_tgv,after,0.002455357142857143,407.2727272727273,0.9988192769750694,0.14285714285714285,0.2705369635786124,194,10.0,20.0
v11_vs_tgv,after,0.0025669642857142857,389.5652173913044,0.9992495650136819,0.14285714285714285,0.269116846861646,200,10.0,20.0
v11_vs_tgv,after,0.0026785714285714286,373.3333333333333,0.9993317035062605,0.14285714285714285,0.26731663903915925,208,10.0,20.0
v11_vs_tgv,after,0.0027901785714285715,358.4,0.9988590250946934,0.14285714285714285,0.2668822084027434,210,10.0,20.0
v11_vs_tgv,after,0.0029017857142857144,344.6153846153846,0.9992741424257977,0.14285714285714285,0.26173150991010213,236,10.0,20.0
v11_vs_tgv,after,0.003013392857142857,331.8518518518519,0.9989956243618126,0.14285714285714285,0.2632250986856457,228,10.0,20.0
v11_vs_tgv,after,0.0031249999999999997,320.0,0.9986186770259081,0.14285714285714285,0.2613695641695868,238,10.0,20.0
v11_vs_tgv,after,0.0032366071428571426,308.96551724137936,0.9987304291975025,0.14285714285714285,0.2576597972433477,260,10.0,20.0
v11_vs_tgv,after,0.0033482142857142855,298.6666666666667,0.9980966706982116,0.14285714285714285,0.2586250244740691,254,10.0,20.0
v11_vs_tgv,after,0.0034598214285714284,289.03225806451616,0.9977561812640113,0.14285714285714285,0.25523709705862524,276,10.0,20.0
v11_vs_tgv,after,0.0035714285714285713,280.0,0.9972082133153924,0.14285714285714285,0.25582326430374547,272,10.0,20.0
v11_vs_tgv,after,0.003683035714285714,271.5151515151515,0.998207847762717,0.14285714285714285,0.2527449491574839,294,10.0,20.0
v11_vs_tgv,after,0.003794642857142857,263.5294117647059,0.9987546075503081,0.14285714285714285,0.25410107451462977,284,10.0,20.0
v11_vs_tgv,after,0.00390625,256.0,0.9965944611887969,0.14285714285714285,0.2514544516681247,304,10.0,20.0
v11_vs_tgv,after,0.0040178571428571425,248.8888888888889,0.9962840982975955,0.14285714285714285,0.24928083583453234,322,10.0,20.0
v11_vs_tgv,after,0.004129464285714286,242.16216216216216,0.9965418032538814,0.14285714285714285,0.2514544516681247,304,10.0,20.0
v11_vs_tgv,after,0.004241071428571428,235.78947368421055,0.9952026603394719,0.14285714285714285,0.24905026945843273,324,10.0,20.0
v11_vs_tgv,after,0.004352678571428572,229.74358974358972,0.9935613760588364,0.14285714285714285,0.24582376798178943,354,10.0,20.0
v11_vs_tgv,after,0.004464285714285714,224.0,0.9960522724160967,0.14285714285714285,0.24770924671322134,336,10.0,20.0
v11_vs_tgv,after,0.004575892857142857,218.53658536585365,0.992591548672338,0.14285714285714285,0.24643640318775006,348,10.0,20.0
v11_vs_tgv,after,0.0046875,213.33333333333334,0.9907735393319596,0.14285714285714285,0.24426173259637654,370,10.0,20.0
v11_vs_tgv,after,0.004799107142857142,208.37209302325584,0.9951528036583216,0.14285714285714285,0.24407341871811294,372,10.0,20.0
v11_vs_tgv,after,0.004910714285714286,203.63636363636365,0.9949884698862801,0.14285714285714285,0.24388657961491628,374,10.0,20.0
v11_vs_tgv,after,0.005022321428571428,199.11111111111114,0.9955434632762202,0.14285714285714285,0.24124866466885456,404,10.0,20.0
v11_vs_tgv,after,0.005133928571428571,194.7826086956522,0.9971179828981459,0.14285714285714285,0.24226832878047586,392,10.0,20.0
v11_vs_tgv,after,0.005245535714285714,190.63829787234044,0.9967607270098028,0.14285714285714285,0.2427954615022515,386,10.0,20.0
v11_vs_tgv,after,0.005357142857142857,186.66666666666666,0.9959173774919816,0.14285714285714285,0.23964416299559071,424,10.0,20.0
v11_vs_tgv,after,0.00546875,182.85714285714286,0.9943764502546314,0.14285714285714285,0.24027239659586974,416,10.0,20.0
v11_vs_tgv,after,0.005580357142857143,179.2,0.9921560610171168,0.14285714285714285,0.2388828626474958,434,10.0,20.0
v11_vs_tgv,after,0.0056919642857142854,175.68627450980392,0.9938995918583534,0.14285714285714285,0.2384383044776066,440,10.0,20.0
v11_vs_tgv,after,0.005803571428571429,172.3076923076923,0.996578256022228,0.14285714285714285,0.23757528612232023,452,10.0,20.0
v11_vs_tgv,after,0.005915178571428571,169.05660377358492,0.9951280263274459,0.14285714285714285,0.23688135961430892,462,10.0,20.0
v11_vs_tgv,after,0.006026785714285714,165.92592592592595,0.995616593693158,0.14285714285714285,0.23785919155913984,448,10.0,20.0
v11_vs_tgv,after,0.006138392857142857,162.9090909090909,0.9947127605593372,0.14285714285714285,0.23517586182327832,488,10.0,20.0
v11_vs_tgv,after,0.0062499999999999995,160.0,0.9965510214883331,0.14285714285714285,0.23607716377209612,474,10.0,20.0
v11_vs_tgv,after,0.006361607142857143,157.19298245614036,0.9964683885707429,0.14285714285714285,0.23568617177506457,480,10.0,20.0
v11_vs_tgv,after,0.006473214285714285,154.48275862068968,0.993693180822293,0.14285714285714285,0.23359868826190747,514,10.0,20.0
v11_vs_tgv,after,0.006584821428571429,151.864406779661,0.9919707541114832,0.14285714285714285,0.23348222347930858,516,10.0,20.0
v11_vs_tgv,after,0.006696428571428571,149.33333333333334,0.9929173365444794,0.14285714285714285,0.23467767886949623,496,10.0,20.0
v11_vs_tgv,after,0.006808035714285714,146.88524590163934,0.9932980820071909,0.14285714285714285,0.23246304055541317,534,10.0,20.0
v11_vs_tgv,after,0.006919642857142857,144.51612903225808,0.9942280312869125,0.14285714285714285,0.23191835858106052,544,10.0,20.0
v11_vs_tgv,after,0.00703125,142.22222222222223,0.9948527431212894,0.14285714285714285,0.23348222347930858,516,10.0,20.0
v11_vs_tgv,after,0.007142857142857143,140.0,0.99517645918734,0.14285714285714285,0.23118003674182988,558,10.0,20.0
v11_vs_tgv,after,0.007254464285714285,137.84615384615387,0.9964700391923683,0.14285714285714285,0.23066911942921098,568,10.0,20.0
v11_vs_tgv,after,0.007366071428571428,135.75757575757575,0.9973400833689912,0.14285714285714285,0.23257377696061368,532,10.0,20.0
v11_vs_tgv,after,0.007477678571428571,133.7313432835821,0.9951272568837453,0.14285714285714285,0.22865956785210217,610,10.0,20.0
v11_vs_tgv,after,0.007589285714285714,131.76470588235296,0.9927955546797286,0.14285714285714285,0.2300731936178756,580,10.0,20.0
v11_vs_tgv,after,0.007700892857142857,129.85507246376812,0.9943485833565288,0.14285714285714285,0.22987856279938831,584,10.0,20.0
v11_vs_tgv,after,0.0078125,128.0,0.9924434097493913,0.14285714285714285,0.22847879956174852,614,10.0,20.0
v11_vs_tgv,after,0.007924107142857142,126.19718309859155,0.9920742073758889,0.14285714285714285,0.22856896654528058,612,10.0,20.0
v11_vs_tgv,after,0.008035714285714285,124.44444444444446,0.991991575918346,0.14285714285714285,0.22794672665157004,626,10.0,20.0
v11_vs_tgv,after,0.008147321428571429,122.73972602739725,0.9918182819494374,0.14285714285714285,0.22856896654528058,612,10.0,20.0
v11_vs_tgv,after,0.008258928571428572,121.08108108108108,0.9946349161842661,0.14285714285714285,0.22751466188342373,636,10.0,20.0
v11_vs_tgv,after,0.008370535714285714,119.46666666666667,0.9950136044313523,0.14285714285714285,0.22709247611069447,646,10.0,20.0
v11_vs_tgv,after,0.008482142857142856,117.89473684210527,0.9969407167662426,0.14285714285714285,0.2270091913293758,648,10.0,20.0
v11_vs_tgv,after,0.008593749999999999,116.36363636363637,0.9947462570215474,0.14285714285714285,0.22684375089361272,652,10.0,20.0
v11_vs_tgv,after,0.008705357142857143,114.87179487179486,0.9935634639012912,0.14285714285714285,0.22580365493397495,678,10.0,20.0
v11_vs_tgv,after,0.008816964285714286,113.41772151898735,0.9926656833299818,0.14285714285714285,0.22572608133433805,680,10.0,20.0
v11_vs_tgv,after,0.008928571428571428,112.0,0.9920033871267402,0.14285714285714285,0.22572608133433805,680,10.0,20.0
v11_vs_tgv,after,0.00904017857142857,110.61728395061729,0.9902121711218667,0.14285714285714285,0.2247472633332211,706,10.0,20.0
v11_vs_tgv,after,0.009151785714285715,109.26829268292683,0.9887639021883888,0.14285714285714285,0.2252675931499613,692,10.0,20.0
v11_vs_tgv,after,0.009263392857142857,107.95180722891567,0.9878778666928721,0.14285714285714285,0.22511735629687746,696,10.0,20.0
v11_vs_tgv,after,0.009375,106.66666666666667,0.9902103819699977,0.14285714285714285,0.22347634762040358,742,10.0,20.0
v11_vs_tgv,after,0.009486607142857142,105.41176470588236,0.9910390081417235,0.14285714285714285,0.22467416992987052,708,10.0,20.0
v11_vs_tgv,after,0.009598214285714285,104.18604651162792,0.9927963947664964,0.14285714285714285,0.22280884262303868,762,10.0,20.0
v11_vs_tgv,after,0.009709821428571429,102.98850574712644,0.985333826548385,0.14285714285714285,0.22368179007692848,736,10.0,20.0
v11_vs_tgv,after,0.009821428571428571,101.81818181818183,0.9834794199896166,0.14285714285714285,0.22287442635809016,760,10.0,20.0
v11_vs_tgv,after,0.009933035714285714,100.67415730337079,0.991249732557523,0.14285714285714285,0.22229315058834048,778,10.0,20.0
v11_vs_tgv,after,0.010044642857142856,99.55555555555557,0.9906918116421537,0.14285714285714285,0.22261360373636063,768,10.0,20.0
v11_vs_tgv,after,0.01015625,98.46153846153845,0.9870088958042349,0.14285714285714285,0.22287442635809016,760,10.0,20.0
v11_vs_tgv,after,0.010267857142857143,97.3913043478261,0.9846219311536575,0.14285714285714285,0.22191652760781277,790,10.0,20.0
v11_vs_tgv,after,0.010379464285714285,96.34408602150538,0.984982145533899,0.14285714285714285,0.2212474895498582,812,10.0,20.0
v11_vs_tgv,after,0.010491071428571428,95.31914893617022,0.9880919343063927,0.14285714285714285,0.2214876516950723,804,10.0,20.0
v11_vs_tgv,after,0.010602678571428572,94.3157894736842,0.986883035453848,0.14285714285714285,0.22130720212890542,810,10.0,20.0
v11_vs_tgv,after,0.010714285714285714,93.33333333333333,0.9881410066075782,0.14285714285714285,0.2206620549790673,832,10.0,20.0
v11_vs_tgv,after,0.010825892857142857,92.37113402061856,0.9880200905446839,0.14285714285714285,0.2216090580540805,800,10.0,20.0
v11_vs_tgv,after,0.0109375,91.42857142857143,0.9898285836929807,0.14285714285714285,0.2198217694523472,862,10.0,20.0
v11_vs_tgv,after,0.011049107142857142,90.50505050505052,0.9905692960439992,0.14285714285714285,0.22020844574520457,848,10.0,20.0
v11_vs_tgv,after,0.011160714285714286,89.6,0.9858083957823403,0.14285714285714285,0.21928516426814687,882,10.0,20.0
v11_vs_tgv,after,0.011272321428571428,88.71287128712872,0.9778207775941337,0.14285714285714285,0.22077747178815657,828,10.0,20.0
v11_vs_tgv,after,0.011383928571428571,87.84313725490196,0.975930272399534,0.14285714285714285,0.21955119748619267,872,10.0,20.0
v11_vs_tgv,after,0.011495535714285713,86.99029126213593,0.9748070064108002,0.14285714285714285,0.21856336410973248,910,10.0,20.0
v11_vs_tgv,after,0.011607142857142858,86.15384615384615,0.9730895399174292,0.14285714285714285,0.21965887440375706,868,10.0,20.0
v11_vs_tgv,after,0.01171875,85.33333333333333,0.9739170120682372,0.14285714285714285,0.21902354389357315,892,10.0,20.0
v11_vs_tgv,after,0.011830357142857142,84.52830188679246,0.9722745135294877,0.14285714285714285,0.2181654494608149,926,10.0,20.0
v11_vs_tgv,after,0.011941964285714285,83.73831775700936,0.9684584422718776,0.14285714285714285,0.21841294458748992,916,10.0,20.0
v11_vs_tgv,after,0.012053571428571427,82.96296296296298,0.9836075815226484,0.14285714285714285,0.21851306204381743,912,10.0,20.0
v11_vs_tgv,after,0.012165178571428572,82.20183486238533,0.9867375643086496,0.14285714285714285,0.21758723335053728,950,10.0,20.0
v11_vs_tgv,after,0.012276785714285714,81.45454545454545,0.9869631041554967,0.14285714285714285,0.21744603829804665,956,10.0,20.0
v11_vs_tgv,after,0.012388392857142856,80.72072072072072,0.9834533830124892,0.14285714285714285,0.21861382957564643,908,10.0,20.0
v11_vs_tgv,after,0.012499999999999999,80.0,0.9791371503700921,0.14285714285714285,0.21675920204107632,986,10.0,20.0
v11_vs_tgv,after,0.012611607142857143,79.29203539823008,0.9800230087325411,0.14285714285714285,0.21725980028494588,964,10.0,20.0
v11_vs_tgv,after,0.012723214285714286,78.59649122807018,0.978611413889406,0.14285714285714285,0.21721359693608783,966,10.0,20.0
v11_vs_tgv,after,0.012834821428571428,77.91304347826087,0.9723522978545603,0.14285714285714285,0.21644914346158642,1000,10.0,20.0
v11_vs_tgv,after,0.01294642857142857,77.24137931034484,0.9732621677631917,0.14285714285714285,0.21653707458648785,996,10.0,20.0
v11_vs_tgv,after,0.013058035714285715,76.58119658119658,0.9749440567218581,0.14285714285714285,0.21649304397049488,998,10.0,20.0
v11_vs_tgv,after,0.013169642857142857,75.9322033898305,0.9822102085506524,0.14285714285714285,0.21610254718236965,1016,10.0,20.0
v11_vs_tgv,after,0.01328125,75.29411764705883,0.9836424056917855,0.14285714285714285,0.21618843703925994,1012,10.0,20.0
v11_vs_tgv,after,0.013392857142857142,74.66666666666667,0.9688674506015643,0.14285714285714285,0.21605978929178232,1018,10.0,20.0
v11_vs_tgv,after,0.013504464285714285,74.04958677685951,0.9743215779285712,0.14285714285714285,0.21551499634696136,1044,10.0,20.0
v11_vs_tgv,after,0.013616071428571429,73.44262295081967,0.979841080616802,0.14285714285714285,0.21568047213382657,1036,10.0,20.0
v11_vs_tgv,after,0.013727678571428571,72.84552845528455,0.9711642805662395,0.14285714285714285,0.21498988471428435,1070,10.0,20.0
v11_vs_tgv,after,0.013839285714285714,72.25806451612904,0.9691139319775053,0.14285714285714285,0.21543295911437524,1048,10.0,20.0
v11_vs_tgv,after,0.013950892857142856,71.68,0.953414657259552,0.14285714285714285,0.2148713755575323,1076,10.0,20.0
v11_vs_tgv,after,0.0140625,71.11111111111111,0.964359345392438,0.14285714285714285,0.21475383879638116,1082,10.0,20.0
v11_vs_tgv,after,0.014174107142857143,70.55118110236221,0.9749449523785775,0.14285714285714285,0.21471487366377726,1084,10.0,20.0
v11_vs_tgv,after,0.014285714285714285,70.0,0.9772898530162069,0.14285714285714285,0.21459861283869502,1090,10.0,20.0
v11_vs_tgv,after,0.014397321428571428,69.45736434108528,0.9773859623750012,0.14285714285714285,0.21425543086377571,1108,10.0,20.0
v11_vs_tgv,after,0.01450892857142857,68.92307692307693,0.9499360803325715,0.14285714285714285,0.21456006915830092,1092,10.0,20.0
v11_vs_tgv,after,0.014620535714285714,68.3969465648855,0.9570494766598708,0.14285714285714285,0.21355728664025345,1146,10.0,20.0
v11_vs_tgv,after,0.014732142857142857,67.87878787878788,0.975739469413015,0.14285714285714285,0.21366522853675965,1140,10.0,20.0
v11_vs_tgv,after,0.01484375,67.36842105263158,0.9614112679713746,0.14285714285714285,0.2143309783773013,1104,10.0,20.0
v11_vs_tgv,after,0.014955357142857142,66.86567164179105,0.9561350168504414,0.14285714285714285,0.21279046829950965,1190,10.0,20.0
v11_vs_tgv,after,0.015066964285714286,66.37037037037037,0.9625922333544544,0.14285714285714285,0.21373765748018866,1136,10.0,20.0
v11_vs_tgv,after,0.015178571428571428,65.88235294117648,0.9601911660515651,0.14285714285714285,0.21352149146774207,1148,10.0,20.0
v11_vs_tgv,after,0.015290178571428571,65.4014598540146,0.9566638049463383,0.14285714285714285,0.21285843635360488,1186,10.0,20.0
v11_vs_tgv,after,0.015401785714285713,64.92753623188406,0.9557731777209004,0.14285714285714285,0.21282441002983377,1188,10.0,20.0
v11_vs_tgv,after,0.015513392857142856,64.46043165467627,0.9623828958567531,0.14285714285714285,0.21337922749072738,1156,10.0,20.0
v11_vs_tgv,after,0.015625,64.0,0.9658805177052321,0.14285714285714285,0.212000361835817,1238,10.0,20.0
v11_vs_tgv,after,0.015736607142857142,63.54609929078014,0.9828011642895943,0.14285714285714285,0.2124887421904062,1208,10.0,20.0
v11_vs_tgv,after,0.015848214285714285,63.098591549295776,0.983163768290956,0.14285714285714285,0.2127228372174348,1194,10.0,20.0
v11_vs_tgv,after,0.015959821428571427,62.65734265734266,0.9761306049512889,0.14285714285714285,0.2120323741059451,1236,10.0,20.0
v11_vs_tgv,after,0.01607142857142857,62.22222222222223,0.9691043596212713,0.14285714285714285,0.2120323741059451,1236,10.0,20.0
v11_vs_tgv,after,0.016183035714285712,61.79310344827587,0.9572831532351067,0.14285714285714285,0.21187307369980893,1246,10.0,20.0
v11_vs_tgv,after,0.016294642857142858,61.36986301369863,0.9499694015378709,0.14285714285714285,0.21216119331021152,1228,10.0,20.0
v11_vs_tgv,after,0.01640625,60.95238095238095,0.9361588369253173,0.14285714285714285,0.21159104545450594,1264,10.0,20.0
v11_vs_tgv,after,0.016517857142857143,60.54054054054054,0.9285151932496603,0.14285714285714285,0.21149835269259598,1270,10.0,20.0
v11_vs_tgv,after,0.016629464285714286,60.13422818791946,0.9442653279361428,0.14285714285714285,0.21177839816474361,1252,10.0,20.0
v11_vs_tgv,after,0.016741071428571428,59.733333333333334,0.9279603001114011,0.14285714285714285,0.21134529561252643,1280,10.0,20.0
v11_vs_tgv,after,0.01685267857142857,59.337748344370866,0.9477372843792222,0.14285714285714285,0.21054834880675766,1334,10.0,20.0
v11_vs_tgv,after,0.016964285714285713,58.94736842105264,0.9664757313928731,0.14285714285714285,0.21159104545450594,1264,10.0,20.0
v11_vs_tgv,after,0.017075892857142855,58.56209150326798,0.9700626047797403,0.14285714285714285,0.21080861501660042,1316,10.0,20.0
v11_vs_tgv,after,0.017187499999999998,58.18181818181819,0.9645311724000326,0.14285714285714285,0.2104912166657718,1338,10.0,20.0
v11_vs_tgv,after,0.017299107142857144,57.806451612903224,0.9608825386578436,0.14285714285714285,0.2112241179090306,1288,10.0,20.0
v11_vs_tgv,after,0.017410714285714286,57.43589743589743,0.9583790074370768,0.14285714285714285,0.21009825045931166,1366,10.0,20.0
v11_vs_tgv,after,0.01752232142857143,57.07006369426752,0.9726505586041844,0.14285714285714285,0.21034948559464076,1348,10.0,20.0
v11_vs_tgv,after,0.01763392857142857,56.708860759493675,0.9468009125055096,0.14285714285714285,0.21046274528313325,1340,10.0,20.0
v11_vs_tgv,after,0.017745535714285714,56.35220125786164,0.9194920760105373,0.14285714285714285,0.2102651915533084,1354,10.0,20.0
v11_vs_tgv,after,0.017857142857142856,56.0,0.9188093791078796,0.14285714285714285,0.20979775932161346,1388,10.0,20.0
v11_vs_tgv,after,0.01796875,55.652173913043484,0.9537401679000801,0.14285714285714285,0.21001559151209073,1372,10.0,20.0
v11_vs_tgv,after,0.01808035714285714,55.308641975308646,0.9589428763238533,0.14285714285714285,0.20993346585157174,1378,10.0,20.0
v11_vs_tgv,after,0.018191964285714284,54.96932515337424,0.9539566417126201,0.14285714285714285,0.20969023176701643,1396,10.0,20.0
v11_vs_tgv,after,0.01830357142857143,54.63414634146341,0.9402483806846018,0.14285714285714285,0.20974388120426476,1392,10.0,20.0
v11_vs_tgv,after,0.018415178571428572,54.303030303030305,0.9397428050955461,0.14285714285714285,0.20924322011539456,1430,10.0,20.0
v11_vs_tgv,after,0.018526785714285714,53.975903614457835,0.9230054425292117,0.14285714285714285,0.20937304795788578,1420,10.0,20.0
v11_vs_tgv,after,0.018638392857142857,53.65269461077845,0.9139011106943538,0.14285714285714285,0.20958361247909307,1404,10.0,20.0
v11_vs_tgv,after,0.01875,53.333333333333336,0.917856245200241,0.14285714285714285,0.20908918974285123,1442,10.0,20.0
v11_vs_tgv,after,0.018861607142857142,53.01775147928994,0.935800214155244,0.14285714285714285,0.2091147294392002,1440,10.0,20.0
v11_vs_tgv,after,0.018973214285714284,52.70588235294118,0.9438185498595364,0.14285714285714285,0.20878674915614567,1466,10.0,20.0
v11_vs_tgv,after,0.019084821428571427,52.397660818713454,0.8997489472369933,0.14285714285714285,0.20896227354363328,1452,10.0,20.0
v11_vs_tgv,after,0.01919642857142857,52.09302325581396,0.9028764138540432,0.14285714285714285,0.20861368932701757,1480,10.0,20.0
v11_vs_tgv,after,0.019308035714285715,51.79190751445086,0.8785835264844967,0.14285714285714285,0.20849155226945118,1490,10.0,20.0
v11_vs_tgv,after,0.019419642857142858,51.49425287356322,0.9058108965380245,0.14285714285714285,0.20886166870324252,1460,10.0,20.0
v11_vs_tgv,after,0.01953125,51.2,0.9107711028239647,0.14285714285714285,0.20832258514572422,1504,10.0,20.0
v11_vs_tgv,after,0.019642857142857142,50.909090909090914,0.8667838755042481,0.14285714285714285,0.20820331375489703,1514,10.0,20.0
v11_vs_tgv,after,0.019754464285714285,50.621468926553675,0.8646235306659772,0.14285714285714285,0.2080852033992908,1524,10.0,20.0
v11_vs_tgv,after,0.019866071428571427,50.337078651685395,0.8594317147771807,0.14285714285714285,0.20822707454226386,1512,10.0,20.0
v11_vs_tgv,after,0.01997767857142857,50.05586592178771,0.8912424551903922,0.14285714285714285,0.2076466470245122,1562,10.0,20.0
v11_vs_tgv,after,0.020089285714285712,49.777777777777786,0.893878761665688,0.14285714285714285,0.20817959940754727,1516,10.0,20.0
v11_vs_tgv,after,0.020200892857142858,49.50276243093922,0.935120060807503,0.14285714285714285,0.20817959940754727,1516,10.0,20.0
v11_vs_tgv,after,0.0203125,49.230769230769226,0.9431893603169743,0.14285714285714285,0.2071581805789342,1606,10.0,20.0
v11_vs_tgv,after,0.020424107142857143,48.96174863387978,0.9131765240933994,0.14285714285714285,0.2078523911652866,1544,10.0,20.0
v11_vs_tgv,after,0.020535714285714286,48.69565217391305,0.9266041807684203,0.14285714285714285,0.20751142498562736,1574,10.0,20.0
v11_vs_tgv,after,0.020647321428571428,48.432432432432435,0.9631984432210754,0.14285714285714285,0.207311430402214,1592,10.0,20.0
v11_vs_tgv,after,0.02075892857142857,48.17204301075269,0.9538383734136238,0.14285714285714285,0.20766933369874285,1560,10.0,20.0
v11_vs_tgv,after,0.020870535714285713,47.9144385026738,0.9380317263119603,0.14285714285714285,0.2072455083727941,1598,10.0,20.0
v11_vs_tgv,after,0.020982142857142855,47.65957446808511,0.9230360356780805,0.14285714285714285,0.20679410702631273,1640,10.0,20.0
v11_vs_tgv,after,0.021093749999999998,47.40740740740741,0.9407631961045789,0.14285714285714285,0.2070931065498322,1612,10.0,20.0
v11_vs_tgv,after,0.021205357142857144,47.1578947368421,0.9375314491560826,0.14285714285714285,0.20733348626347292,1590,10.0,20.0
v11_vs_tgv,after,0.021316964285714286,46.910994764397905,0.9202680290853221,0.14285714285714285,0.2068363565335541,1636,10.0,20.0
v11_vs_tgv,after,0.02142857142857143,46.666666666666664,0.916322061763416,0.14285714285714285,0.20646152179686691,1672,10.0,20.0
v11_vs_tgv,after,0.02154017857142857,46.424870466321245,0.9376772899904459,0.14285714285714285,0.20677303948480721,1642,10.0,20.0
v11_vs_tgv,after,0.021651785714285714,46.18556701030928,0.951451333164871,0.14285714285714285,0.20654377883697478,1664,10.0,20.0
v11_vs_tgv,after,0.021763392857142856,45.94871794871795,0.9630066357685991,0.14285714285714285,0.2069213164900138,1628,10.0,20.0
v11_vs_tgv,after,0.021875,45.714285714285715,0.953765304705306,0.14285714285714285,0.20615817865004304,1702,10.0,20.0
v11_vs_tgv,after,0.02198660714285714,45.48223350253807,0.954977048125953,0.14285714285714285,0.2063798459329584,1680,10.0,20.0
v11_vs_tgv,after,0.022098214285714284,45.25252525252526,0.9450720380383869,0.14285714285714285,0.20607862228912602,1710,10.0,20.0
v11_vs_tgv,after,0.02220982142857143,45.0251256281407,0.9389395594351685,0.14285714285714285,0.2060193161196826,1716,10.0,20.0
v11_vs_tgv,after,0.022321428571428572,44.8,0.9288147922550835,0.14285714285714285,0.2064206116472992,1676,10.0,20.0
v11_vs_tgv,after,0.022433035714285714,44.5771144278607,0.9092817460417246,0.14285714285714285,0.20568896146044316,1750,10.0,20.0
v11_vs_tgv,after,0.022544642857142857,44.35643564356436,0.9228903058780054,0.14285714285714285,0.20586265784981742,1732,10.0,20.0
v11_vs_tgv,after,0.02265625,44.13793103448276,0.9185747463630861,0.14285714285714285,0.20625840693654623,1692,10.0,20.0
v11_vs_tgv,after,0.022767857142857142,43.92156862745098,0.9155129981182579,0.14285714285714285,0.20561261066388095,1758,10.0,20.0
v11_vs_tgv,after,0.022879464285714284,43.707317073170735,0.9246030116063065,0.14285714285714285,0.20563165001517575,1756,10.0,20.0
v11_vs_tgv,after,0.022991071428571427,43.49514563106796,0.91645766639395,0.14285714285714285,0.2059799491398533,1720,10.0,20.0
v11_vs_tgv,after,0.02310267857142857,43.28502415458938,0.9318359546181272,0.14285714285714285,0.2050559530372921,1818,10.0,20.0
v11_vs_tgv,after,0.023214285714285715,43.07692307692307,0.943224391949697,0.14285714285714285,0.20529377749698421,1792,10.0,20.0
v11_vs_tgv,after,0.023325892857142858,42.87081339712918,0.9518946176948627,0.14285714285714285,0.20578513067261447,1740,10.0,20.0
v11_vs_tgv,after,0.0234375,42.666666666666664,0.9684736774256134,0.14285714285714285,0.2049478815407546,1830,10.0,20.0
v11_vs_tgv,after,0.023549107142857142,42.464454976303315,0.9297403820418847,0.14285714285714285,0.2053308201973659,1788,10.0,20.0
v11_vs_tgv,after,0.023660714285714285,42.26415094339623,0.9330631526195294,0.14285714285714285,0.2051650873580342,1806,10.0,20.0
v11_vs_tgv,after,0.023772321428571427,42.06572769953052,0.9303516483996084,0.14285714285714285,0.20500178551890139,1824,10.0,20.0
v11_vs_tgv,after,0.02388392857142857,41.86915887850468,0.9104708923732963,0.14285714285714285,0.2050378677827802,1820,10.0,20.0
v11_vs_tgv,after,0.023995535714285712,41.674418604651166,0.9081346553430036,0.14285714285714285,0.20473485868990474,1854,10.0,20.0
v11_vs_tgv,after,0.024107142857142855,41.48148148148149,0.8994507762233094,0.14285714285714285,0.20489423896779435,1836,10.0,20.0
v11_vs_tgv,after,0.02421875,41.29032258064516,0.8957860591948285,0.14285714285714285,0.20482311852246032,1844,10.0,20.0
v11_vs_tgv,after,0.024330357142857143,41.10091743119266,0.8734239843820979,0.14285714285714285,0.20428703415014268,1906,10.0,20.0
v11_vs_tgv,after,0.024441964285714286,40.91324200913242,0.8813527622494363,0.14285714285714285,0.20485862143419345,1840,10.0,20.0
v11_vs_tgv,after,0.024553571428571428,40.72727272727273,0.9039989869071134,0.14285714285714285,0.20443997892001115,1888,10.0,20.0
v11_vs_tgv,after,0.02466517857142857,40.542986425339365,0.9159349900868063,0.14285714285714285,0.20432083629059994,1902,10.0,20.0
v11_vs_tgv,after,0.024776785714285713,40.36036036036036,0.9508599092625788,0.14285714285714285,0.20478772961770136,1848,10.0,20.0
v11_vs_tgv,after,0.024888392857142855,40.17937219730942,0.9572434434365773,0.14285714285714285,0.20406985646203774,1932,10.0,20.0
v11_vs_tgv,after,0.024999999999999998,40.0,0.9248230836841412,0.14285714285714285,0.20405333008241125,1934,10.0,20.0
v11_vs_tgv,after,0.02511160714285714,39.82222222222222,0.8987574922014894,0.14285714285714285,0.20443997892001115,1888,10.0,20.0
v11_vs_tgv,after,0.025223214285714286,39.64601769911504,0.8761213532409488,0.14285714285714285,0.20395470143415717,1946,10.0,20.0
v11_vs_tgv,after,0.02533482142857143,39.47136563876652,0.8797450867860858,0.14285714285714285,0.20380843789404254,1964,10.0,20.0
v11_vs_tgv,after,0.02544642857142857,39.29824561403509,0.8938074496711483,0.14285714285714285,0.20397107681264137,1944,10.0,20.0
v11_vs_tgv,after,0.025558035714285714,39.12663755458515,0.8946748138378033,0.14285714285714285,0.2038245910506852,1962,10.0,20.0
v11_vs_tgv,after,0.025669642857142856,38.95652173913044,0.9024631901389033,0.14285714285714285,0.20368008519926165,1980,10.0,20.0
v11_vs_tgv,after,0.02578125,38.78787878787879,0.9100933910043806,0.14285714285714285,0.20406985646203774,1932,10.0,20.0
v11_vs_tgv,after,0.02589285714285714,38.62068965517242,0.9400886985209429,0.14285714285714285,0.20360064332422378,1990,10.0,20.0
v11_vs_tgv,after,0.026004464285714284,38.4549356223176,0.9346105762679472,0.14285714285714285,0.20345912978831718,2008,10.0,20.0
v11_vs_tgv,after,0.02611607142857143,38.29059829059829,0.9136077958525717,0.14285714285714285,0.20380843789404254,1964,10.0,20.0
v11_vs_tgv,after,0.026227678571428572,38.12765957446808,0.8941838337349752,0.14285714285714285,0.20335035825347117,2022,10.0,20.0
v11_vs_tgv,after,0.026339285714285714,37.96610169491525,0.9148354007324856,0.14285714285714285,0.20333491064606968,2024,10.0,20.0
v11_vs_tgv,after,0.026450892857142857,37.80590717299578,0.9393162116760685,0.14285714285714285,0.20333491064606968,2024,10.0,20.0
v11_vs_tgv,after,0.0265625,37.64705882352941,0.9414488774832501,0.14285714285714285,0.20338132157581876,2018,10.0,20.0
v11_vs_tgv,after,0.026674107142857142,37.48953974895397,0.9261955692632937,0.14285714285714285,0.2030306380195964,2064,10.0,20.0
v11_vs_tgv,after,0.026785714285714284,37.333333333333336,0.9377211578897415,0.14285714285714285,0.2030156542404139,2066,10.0,20.0
v11_vs_tgv,after,0.026897321428571427,37.178423236514526,0.9476963547309686,0.14285714285714285,0.20352179142430754,2000,10.0,20.0
v11_vs_tgv,after,0.02700892857142857,37.02479338842976,0.9534091239052818,0.14285714285714285,0.20276417883135758,2100,10.0,20.0
v11_vs_tgv,after,0.027120535714285715,36.87242798353909,0.9106289027204876,0.14285714285714285,0.20280811620931277,2094,10.0,20.0
v11_vs_tgv,after,0.027232142857142858,36.721311475409834,0.8880328140973175,0.14285714285714285,0.20294105689975392,2076,10.0,20.0
v11_vs_tgv,after,0.02734375,36.57142857142857,0.9274304279804031,0.14285714285714285,0.20285224078709876,2088,10.0,20.0
v11_vs_tgv,after,0.027455357142857142,36.422764227642276,0.8890260220295458,0.14285714285714285,0.20251867322781997,2134,10.0,20.0
v11_vs_tgv,after,0.027566964285714285,36.2753036437247,0.9163300943774918,0.14285714285714285,0.20276417883135758,2100,10.0,20.0
v11_vs_tgv,after,0.027678571428571427,36.12903225806452,0.9221644751325802,0.14285714285714285,0.20282280353622323,2092,10.0,20.0
v11_vs_tgv,after,0.02779017857142857,35.98393574297189,0.8744640052659683,0.14285714285714285,0.2024051399747265,2150,10.0,20.0
v11_vs_tgv,after,0.027901785714285712,35.84,0.8624778340109247,0.14285714285714285,0.2023910364655755,2152,10.0,20.0
v11_vs_tgv,after,0.028013392857142855,35.69721115537849,0.9155872259525735,0.14285714285714285,0.20294105689975392,2076,10.0,20.0
v11_vs_tgv,after,0.028125,35.55555555555556,0.9387309562274193,0.14285714285714285,0.20199031257847036,2210,10.0,20.0
v11_vs_tgv,after,0.028236607142857143,35.41501976284585,0.9225588634567481,0.14285714285714285,0.20256157441371295,2128,10.0,20.0
v11_vs_tgv,after,0.028348214285714286,35.275590551181104,0.9170918829665868,0.14285714285714285,0.20220944357269727,2178,10.0,20.0
v11_vs_tgv,after,0.028459821428571428,35.13725490196079,0.9221327225729149,0.14285714285714285,0.2020038700244288,2208,10.0,20.0
v11_vs_tgv,after,0.02857142857142857,35.0,0.9151142952129724,0.14285714285714285,0.20227890442236768,2168,10.0,20.0
v11_vs_tgv,after,0.028683035714285713,34.86381322957199,0.9128825047090351,0.14285714285714285,0.20209928513740544,2194,10.0,20.0
v11_vs_tgv,after,0.028794642857142855,34.72868217054264,0.8898587593312699,0.14285714285714285,0.20219560817884408,2180,10.0,20.0
v11_vs_tgv,after,0.028906249999999998,34.5945945945946,0.8715639254354941,0.14285714285714285,0.2018157070765534,2236,10.0,20.0
v11_vs_tgv,after,0.02901785714285714,34.46153846153847,0.876691798403125,0.14285714285714285,0.20212671273157043,2190,10.0,20.0
v11_vs_tgv,after,0.029129464285714286,34.32950191570881,0.8741636279400598,0.14285714285714285,0.20165718663427828,2260,10.0,20.0
v11_vs_tgv,after,0.02924107142857143,34.19847328244275,0.8828149752941573,0.14285714285714285,0.20197677333037697,2212,10.0,20.0
v11_vs_tgv,after,0.02935267857142857,34.06844106463878,0.775352744601568,0.14285714285714285,0.20148825195988218,2286,10.0,20.0
v11_vs_tgv,after,0.029464285714285714,33.93939393939394,0.8030284998015451,0.14285714285714285,0.20176258739613345,2244,10.0,20.0
v11_vs_tgv,after,0.029575892857142856,33.81132075471698,0.9028833875572773,0.14285714285714285,0.20165718663427828,2260,10.0,20.0
v11_vs_tgv,after,0.0296875,33.68421052631579,0.9095659375942355,0.14285714285714285,0.20130948318858632,2314,10.0,20.0
v11_vs_tgv,after,0.02979910714285714,33.55805243445693,0.8797467045453204,0.14285714285714285,0.20178911203700534,2240,10.0,20.0
v11_vs_tgv,after,0.029910714285714284,33.43283582089553,0.8513957434527142,0.14285714285714285,0.20133482448864679,2310,10.0,20.0
v11_vs_tgv,after,0.030022321428571426,33.30855018587361,0.8440859695615766,0.14285714285714285,0.20150114550038942,2284,10.0,20.0
v11_vs_tgv,after,0.030133928571428572,33.18518518518518,0.895061070261391,0.14285714285714285,0.20163100936456846,2264,10.0,20.0
v11_vs_tgv,after,0.030245535714285714,33.06273062730627,0.8863919630030539,0.14285714285714285,0.20093700504233267,2374,10.0,20.0
v11_vs_tgv,after,0.030357142857142857,32.94117647058824,0.8865387562604544,0.14285714285714285,0.20127159292996374,2320,10.0,20.0
v11_vs_tgv,after,0.03046875,32.820512820512825,0.856369643790634,0.14285714285714285,0.2014240345538633,2296,10.0,20.0
v11_vs_tgv,after,0.030580357142857142,32.7007299270073,0.9139334797088259,0.14285714285714285,0.20091267051918305,2378,10.0,20.0
v11_vs_tgv,after,0.030691964285714284,32.581818181818186,0.9343811566006531,0.14285714285714285,0.20117125958839946,2336,10.0,20.0
v11_vs_tgv,after,0.030803571428571427,32.46376811594203,0.922154192367927,0.14285714285714285,0.20117125958839946,2336,10.0,20.0
v11_vs_tgv,after,0.03091517857142857,32.34657039711192,0.8326429442442261,0.14285714285714285,0.20079190337726316,2398,10.0,20.0
v11_vs_tgv,after,0.03102678571428571,32.230215827338135,0.7796455729696352,0.14285714285714285,0.2008520992222212,2388,10.0,20.0
v11_vs_tgv,after,0.031138392857142858,32.11469534050179,0.8189912337094154,0.14285714285714285,0.20129683691159364,2316,10.0,20.0
v11_vs_tgv,after,0.03125,32.0,0.8012699366114452,0.14285714285714285,0.20060175498092978,2430,10.0,20.0
v11_vs_tgv,after,0.03136160714285714,31.88612099644128,0.8273326129874471,0.14285714285714285,0.2005899942187709,2432,10.0,20.0
v11_vs_tgv,after,0.031473214285714285,31.77304964539007,0.8616694679185943,0.14285714285714285,0.20091267051918305,2378,10.0,20.0
v11_vs_tgv,after,0.03158482142857143,31.66077738515901,0.8048464015653978,0.14285714285714285,0.2005899942187709,2432,10.0,20.0
v11_vs_tgv,after,0.03169642857142857,31.549295774647888,0.8958747512028944,0.14285714285714285,0.20073207911367105,2408,10.0,20.0
v11_vs_tgv,after,0.03180803571428571,31.438596491228072,0.9268274391240595,0.14285714285714285,0.20043839988598003,2458,10.0,20.0
v11_vs_tgv,after,0.031919642857142855,31.32867132867133,0.9082182334488574,0.14285714285714285,0.20063712367957884,2424,10.0,20.0
v11_vs_tgv,after,0.03203125,31.219512195121954,0.8926934533362167,0.14285714285714285,0.2004037543659979,2464,10.0,20.0
v11_vs_tgv,after,0.03214285714285714,31.111111111111114,0.8749285460625063,0.14285714285714285,0.2003233998560821,2478,10.0,20.0
v11_vs_tgv,after,0.03225446428571428,31.00346020761246,0.8468335801263132,0.14285714285714285,0.20075596447473562,2404,10.0,20.0
v11_vs_tgv,after,0.032366071428571425,30.896551724137936,0.8315215876671392,0.14285714285714285,0.2001759442030165,2504,10.0,20.0
v11_vs_tgv,after,0.03247767857142857,30.790378006872857,0.8012503259102819,0.14285714285714285,0.20011983450492699,2514,10.0,20.0
v11_vs_tgv,after,0.032589285714285716,30.684931506849313,0.760559839273485,0.14285714285714285,0.20038072687575237,2468,10.0,20.0
v11_vs_tgv,after,0.03270089285714286,30.580204778156993,0.8201001545300739,0.14285714285714285,0.20022107212707113,2496,10.0,20.0
v11_vs_tgv,after,0.0328125,30.476190476190474,0.8565884001509352,0.14285714285714285,0.1999424885446575,2546,10.0,20.0
v11_vs_tgv,after,0.032924107142857144,30.372881355932204,0.8755234798447492,0.14285714285714285,0.2003577547434476,2472,10.0,20.0
v11_vs_tgv,after,0.033035714285714286,30.27027027027027,0.742336241330874,0.14285714285714285,0.19992055302869258,2550,10.0,20.0
v11_vs_tgv,after,0.03314732142857143,30.16835016835017,0.8188718010258085,0.14285714285714285,0.19982247206699402,2568,10.0,20.0
v11_vs_tgv,after,0.03325892857142857,30.06711409395973,0.8889783097328096,0.14285714285714285,0.20022107212707113,2496,10.0,20.0
v11_vs_tgv,after,0.033370535714285714,29.96655518394649,0.7955774563090553,0.14285714285714285,0.19981163721274517,2570,10.0,20.0
v11_vs_tgv,after,0.033482142857142856,29.866666666666667,0.7569731173581672,0.14285714285714285,0.19969327465375333,2592,10.0,20.0
v11_vs_tgv,after,0.03359375,29.767441860465116,0.7037029035841389,0.14285714285714285,0.19999755197612662,2536,10.0,20.0
v11_vs_tgv,after,0.03370535714285714,29.668874172185433,0.6560630192195819,0.14285714285714285,0.19968258842376282,2594,10.0,20.0
v11_vs_tgv,after,0.033816964285714284,29.570957095709574,0.7915373060554243,0.14285714285714285,0.1997576502130963,2580,10.0,20.0
v11_vs_tgv,after,0.033928571428571426,29.47368421052632,0.843693013818614,0.14285714285714285,0.19962934028121115,2604,10.0,20.0
v11_vs_tgv,after,0.03404017857142857,29.377049180327873,0.838053392488208,0.14285714285714285,0.19970397313874927,2590,10.0,20.0
v11_vs_tgv,after,0.03415178571428571,29.28104575163399,0.696536042686506,0.14285714285714285,0.1995447720660188,2620,10.0,20.0
v11_vs_tgv,after,0.03426339285714285,29.185667752443,0.8159292405456968,0.14285714285714285,0.1995869599845832,2612,10.0,20.0
v11_vs_tgv,after,0.034374999999999996,29.090909090909093,0.8166852652153695,0.14285714285714285,0.19953425497473404,2622,10.0,20.0
v11_vs_tgv,after,0.034486607142857145,28.996763754045304,0.7129823828549454,0.14285714285714285,0.19923435045727056,2680,10.0,20.0
v11_vs_tgv,after,0.03459821428571429,28.903225806451612,0.7294950315819954,0.14285714285714285,0.19940897247414457,2646,10.0,20.0
v11_vs_tgv,after,0.03470982142857143,28.810289389067524,0.7876505819115525,0.14285714285714285,0.19948184772087152,2632,10.0,20.0
v11_vs_tgv,after,0.03482142857142857,28.717948717948715,0.7879475192659607,0.14285714285714285,0.19925472300409489,2676,10.0,20.0
v11_vs_tgv,after,0.034933035714285715,28.62619808306709,0.713888960001729,0.14285714285714285,0.199163400800433,2694,10.0,20.0
v11_vs_tgv,after,0.03504464285714286,28.53503184713376,0.686151724206613,0.14285714285714285,0.19929560413957997,2668,10.0,20.0
v11_vs_tgv,after,0.03515625,28.444444444444443,0.7202100799415257,0.14285714285714285,0.19923435045727056,2680,10.0,20.0
v11_vs_tgv,after,0.03526785714285714,28.354430379746837,0.8052708459480122,0.14285714285714285,0.199163400800433,2694,10.0,20.0
v11_vs_tgv,after,0.035379464285714285,28.26498422712934,0.8860549439395398,0.14285714285714285,0.19903307957272984,2720,10.0,20.0
v11_vs_tgv,after,0.03549107142857143,28.17610062893082,0.8770646236915737,0.14285714285714285,0.19923435045727056,2680,10.0,20.0
v11_vs_tgv,after,0.03560267857142857,28.087774294670847,0.8334455165560609,0.14285714285714285,0.1987296503731864,2782,10.0,20.0
v11_vs_tgv,after,0.03571428571428571,28.0,0.779424395046813,0.14285714285714285,0.19919374056785832,2688,10.0,20.0
v11_vs_tgv,after,0.035825892857142855,27.912772585669785,0.6886666526609078,0.14285714285714285,0.19897355378849282,2732,10.0,20.0
v11_vs_tgv,after,0.0359375,27.826086956521742,0.7743481106459427,0.14285714285714285,0.19863390479962775,2802,10.0,20.0
v11_vs_tgv,after,0.03604910714285714,27.73993808049536,0.7393660342263775,0.14285714285714285,0.19893408530849774,2740,10.0,20.0
v11_vs_tgv,after,0.03616071428571428,27.654320987654323,0.7021951494938969,0.14285714285714285,0.1989636705837003,2734,10.0,20.0
v11_vs_tgv,after,0.036272321428571425,27.56923076923077,0.6915875875711777,0.14285714285714285,0.1987779076146052,2772,10.0,20.0
v11_vs_tgv,after,0.03638392857142857,27.48466257668712,0.5227785280524939,0.14285714285714285,0.1985674850051077,2816,10.0,20.0
v11_vs_tgv,after,0.036495535714285716,27.400611620795104,0.744856962458211,0.14285714285714285,0.19880698630805718,2766,10.0,20.0
v11_vs_tgv,after,0.03660714285714286,27.317073170731707,0.7791430441697537,0.14285714285714285,0.19847344616835114,2836,10.0,20.0
v11_vs_tgv,after,0.03671875,27.23404255319149,0.793870005329392,0.14285714285714285,0.1985674850051077,2816,10.0,20.0
v11_vs_tgv,after,0.036830357142857144,27.151515151515152,0.741310823247211,0.14285714285714285,0.1987296503731864,2782,10.0,20.0
v11_vs_tgv,after,0.036941964285714286,27.069486404833835,0.6786399620480611,0.14285714285714285,0.1983434350217766,2864,10.0,20.0
v11_vs_tgv,after,0.03705357142857143,26.987951807228917,0.7851772859500397,0.14285714285714285,0.19852975072299847,2824,10.0,20.0
v11_vs_tgv,after,0.03716517857142857,26.906906906906908,0.8106130404797424,0.14285714285714285,0.19837113512849097,2858,10.0,20.0
v11_vs_tgv,after,0.037276785714285714,26.826347305389223,0.5501165236599447,0.14285714285714285,0.19847344616835114,2836,10.0,20.0
v11_vs_tgv,after,0.037388392857142856,26.746268656716417,0.6310135222428591,0.14285714285714285,0.1984547565946868,2840,10.0,20.0
v11_vs_tgv,after,0.0375,26.666666666666668,0.6437265320195649,0.14285714285714285,0.19818808118118406,2898,10.0,20.0
v11_vs_tgv,after,0.03761160714285714,26.587537091988132,0.7845622892711788,0.14285714285714285,0.19843610609789097,2844,10.0,20.0
v11_vs_tgv,after,0.037723214285714284,26.50887573964497,0.7620922826916551,0.14285714285714285,0.19795564920134207,2950,10.0,20.0
v11_vs_tgv,after,0.037834821428571426,26.4306784660767,0.5956768235388721,0.14285714285714285,0.19830663541185475,2872,10.0,20.0
v11_vs_tgv,after,0.03794642857142857,26.35294117647059,0.5777929997246452,0.14285714285714285,0.1982882926807455,2876,10.0,20.0
v11_vs_tgv,after,0.03805803571428571,26.275659824046922,0.5642608072940949,0.14285714285714285,0.19802651424106882,2934,10.0,20.0
v11_vs_tgv,after,0.03816964285714285,26.198830409356727,0.6384903794655102,0.14285714285714285,0.1981069271457448,2916,10.0,20.0
v11_vs_tgv,after,0.038281249999999996,26.12244897959184,0.574452218303594,0.14285714285714285,0.1982152991985056,2892,10.0,20.0
v11_vs_tgv,after,0.03839285714285714,26.04651162790698,0.5857993873485097,0.14285714285714285,0.19793802214251247,2954,10.0,20.0
v11_vs_tgv,after,0.03850446428571429,25.97101449275362,0.7488200077359164,0.14285714285714285,0.19782430484837527,2980,10.0,20.0
v11_vs_tgv,after,0.03861607142857143,25.89595375722543,0.6888736423325481,0.14285714285714285,0.19825172071105046,2884,10.0,20.0
v11_vs_tgv,after,0.03872767857142857,25.821325648414984,0.5829575077767467,0.14285714285714285,0.1978156184587228,2982,10.0,20.0
v11_vs_tgv,after,0.038839285714285715,25.74712643678161,0.5279940269679368,0.14285714285714285,0.19760123472388125,3032,10.0,20.0
v11_vs_tgv,after,0.03895089285714286,25.673352435530084,0.5196249801321307,0.14285714285714285,0.1981609467848357,2904,10.0,20.0
v11_vs_tgv,after,0.0390625,25.6,0.6787515596482304,0.14285714285714285,0.1975253385684874,3050,10.0,20.0
v11_vs_tgv,after,0.03917410714285714,25.527065527065528,0.6340879950218079,0.14285714285714285,0.19784170365088652,2976,10.0,20.0
v11_vs_tgv,after,0.039285714285714285,25.454545454545457,0.25491725870920345,0.14285714285714285,0.1976097089758139,3030,10.0,20.0
v11_vs_tgv,after,0.03939732142857143,25.38243626062323,0.32054479907313865,0.14285714285714285,0.1977550552720954,2996,10.0,20.0
v11_vs_tgv,after,0.03950892857142857,25.310734463276837,0.3511757746153135,0.14285714285714285,0.19765220529146557,3020,10.0,20.0
v11_vs_tgv,after,0.03962053571428571,25.23943661971831,0.5399065915295317,0.14285714285714285,0.1975085631250675,3054,10.0,20.0
v11_vs_tgv,after,0.039732142857142855,25.168539325842698,0.5212490364686101,0.14285714285714285,0.19770347780800562,3008,10.0,20.0
v11_vs_tgv,after,0.03984375,25.098039215686278,0.7227201789905084,0.14285714285714285,0.19743347590385044,3072,10.0,20.0
v11_vs_tgv,after,0.03995535714285714,25.027932960893857,0.6729376514054375,0.14285714285714285,0.19739204277139769,3082,10.0,20.0
v11_vs_tgv,after,0.04006696428571428,24.95821727019499,0.5752980447115364,0.14285714285714285,0.1976692624332035,3016,10.0,20.0
v11_vs_tgv,after,0.040178571428571425,24.888888888888893,0.7241359738791985,0.14285714285714285,0.19731796447605393,3100,10.0,20.0
v11_vs_tgv,after,0.04029017857142857,24.81994459833795,0.7319249258057936,0.14285714285714285,0.1974251732503782,3074,10.0,20.0
v11_vs_tgv,after,0.040401785714285716,24.75138121546961,0.7228972138836547,0.14285714285714285,0.19745010534200189,3068,10.0,20.0
v11_vs_tgv,after,0.04051339285714286,24.683195592286502,0.6332952218738782,0.14285714285714285,0.19736727869292328,3088,10.0,20.0
v11_vs_tgv,after,0.040625,24.615384615384613,0.6928526645953313,0.14285714285714285,0.1970358524551192,3170,10.0,20.0
v11_vs_tgv,after,0.040736607142857144,24.54794520547945,0.7001841064602423,0.14285714285714285,0.197483461108339,3060,10.0,20.0
v11_vs_tgv,after,0.040848214285714286,24.48087431693989,0.5372166812021494,0.14285714285714285,0.19717976864090656,3134,10.0,20.0
v11_vs_tgv,after,0.04095982142857143,24.4141689373297,0.5155984190524964,0.14285714285714285,0.19701210252814472,3176,10.0,20.0
v11_vs_tgv,after,0.04107142857142857,24.347826086956523,0.6206048848543895,0.14285714285714285,0.19738378012086183,3084,10.0,20.0
v11_vs_tgv,after,0.041183035714285714,24.281842818428185,0.7361393502483183,0.14285714285714285,0.19695694455425367,3190,10.0,20.0
v11_vs_tgv,after,0.041294642857142856,24.216216216216218,0.8177223957392039,0.14285714285714285,0.1970755845534379,3160,10.0,20.0
v11_vs_tgv,after,0.04140625,24.150943396226417,0.721255107191946,0.14285714285714285,0.1970755845534379,3160,10.0,20.0
v11_vs_tgv,after,0.04151785714285714,24.086021505376344,0.747600686148765,0.14285714285714285,0.19706762319057258,3162,10.0,20.0
v11_vs_tgv,after,0.041629464285714284,24.021447721179626,0.7670613964402871,0.14285714285714285,0.19698053952908048,3184,10.0,20.0
v11_vs_tgv,after,0.041741071428571426,23.9572192513369,0.7320853172881124,0.14285714285714285,0.19696480220931625,3188,10.0,20.0
v11_vs_tgv,after,0.04185267857142857,23.893333333333334,0.6813900945197545,0.14285714285714285,0.19690995197425074,3202,10.0,20.0
v11_vs_tgv,after,0.04196428571428571,23.829787234042556,0.5010646874268907,0.14285714285714285,0.1966864592271897,3260,10.0,20.0
v11_vs_tgv,after,0.04207589285714285,23.766578249336874,0.5161618318473503,0.14285714285714285,0.19691776587158633,3200,10.0,20.0
v11_vs_tgv,after,0.042187499999999996,23.703703703703706,0.56675964087368,0.14285714285714285,0.19692558703358493,3198,10.0,20.0
v11_vs_tgv,after,0.04229910714285714,23.641160949868077,0.47341714969770826,0.14285714285714285,0.19662584390434415,3276,10.0,20.0
v11_vs_tgv,after,0.04241071428571429,23.57894736842105,0.5886597505093148,0.14285714285714285,0.1967398616607217,3246,10.0,20.0
v11_vs_tgv,after,0.04252232142857143,23.517060367454068,0.6081139920006122,0.14285714285714285,0.1969334154715303,3196,10.0,20.0
v11_vs_tgv,after,0.04263392857142857,23.455497382198953,0.6044821891689893,0.14285714285714285,0.19662584390434415,3276,10.0,20.0
v11_vs_tgv,after,0.042745535714285715,23.39425587467363,0.7341179701234406,0.14285714285714285,0.19658818240465054,3286,10.0,20.0
v11_vs_tgv,after,0.04285714285714286,23.333333333333332,0.8123828283904061,0.14285714285714285,0.19656566720869945,3292,10.0,20.0
v11_vs_tgv,after,0.04296875,23.272727272727273,0.7782289305434625,0.14285714285714285,0.19674751854137398,3244,10.0,20.0
v11_vs_tgv,after,0.04308035714285714,23.212435233160623,0.7175806181664786,0.14285714285714285,0.19627841680223054,3370,10.0,20.0
v11_vs_tgv,after,0.043191964285714285,23.152454780361758,0.5553798912179,0.14285714285714285,0.19665609640424975,3268,10.0,20.0
v11_vs_tgv,after,0.04330357142857143,23.09278350515464,0.6271159105436873,0.14285714285714285,0.1965506909503124,3296,10.0,20.0
v11_vs_tgv,after,0.04341517857142857,23.033419023136247,0.5087435407004327,0.14285714285714285,0.19635112163071453,3350,10.0,20.0
v11_vs_tgv,after,0.04352678571428571,22.974358974358974,0.5662592575512831,0.14285714285714285,0.19649105513285683,3312,10.0,20.0
v11_vs_tgv,after,0.043638392857142855,22.915601023017903,0.5601833057737265,0.14285714285714285,0.1965506909503124,3296,10.0,20.0
v11_vs_tgv,after,0.04375,22.857142857142858,0.5468678487496779,0.14285714285714285,0.19620635084804425,3390,10.0,20.0
v11_vs_tgv,after,0.04386160714285714,22.798982188295167,0.5228611003303385,0.14285714285714285,0.19627118161272125,3372,10.0,20.0
v11_vs_tgv,after,0.04397321428571428,22.741116751269036,0.5249559515741485,0.14285714285714285,0.19639505513636507,3338,10.0,20.0
v11_vs_tgv,after,0.044084821428571425,22.683544303797472,0.5708819531114405,0.14285714285714285,0.19614203002159336,3408,10.0,20.0
v11_vs_tgv,after,0.04419642857142857,22.62626262626263,0.499825531085369,0.14285714285714285,0.19628565838032241,3368,10.0,20.0
v11_vs_tgv,after,0.04430803571428571,22.569269521410583,0.737614789088726,0.14285714285714285,0.19630742154042707,3362,10.0,20.0
v11_vs_tgv,after,0.04441964285714286,22.51256281407035,0.7998797253917413,0.14285714285714285,0.19604297333067175,3436,10.0,20.0
v11_vs_tgv,after,0.04453125,22.45614035087719,0.7284276005661743,0.14285714285714285,0.19624230455271754,3380,10.0,20.0
v11_vs_tgv,after,0.044642857142857144,22.4,0.582081163878552,0.14285714285714285,0.19616341405099993,3402,10.0,20.0
v11_vs_tgv,after,0.044754464285714286,22.34413965087282,0.4031792007407842,0.14285714285714285,0.19608527866196232,3424,10.0,20.0
v11_vs_tgv,after,0.04486607142857143,22.28855721393035,0.3774514502591351,0.14285714285714285,0.19608527866196232,3424,10.0,20.0
v11_vs_tgv,after,0.04497767857142857,22.233250620347395,0.5691720739661478,0.14285714285714285,0.19586903899227384,3486,10.0,20.0
v11_vs_tgv,after,0.045089285714285714,22.17821782178218,0.5699202379272841,0.14285714285714285,0.19609942947499998,3420,10.0,20.0
v11_vs_tgv,after,0.045200892857142856,22.123456790123456,0.5785195445935936,0.14285714285714285,0.19598690683769954,3452,10.0,20.0
v11_vs_tgv,after,0.0453125,22.06896551724138,0.5667850507071477,0.14285714285714285,0.19578686266146458,3510,10.0,20.0
v11_vs_tgv,after,0.04542410714285714,22.014742014742016,0.714868938857322,0.14285714285714285,0.195959018311031,3460,10.0,20.0
v11_vs_tgv,after,0.045535714285714284,21.96078431372549,0.7446195101792368,0.14285714285714285,0.1959242922263356,3470,10.0,20.0
v11_vs_tgv,after,0.045647321428571426,21.90709046454768,0.61983983526527,0.14285714285714285,0.1959312255268662,3468,10.0,20.0
v11_vs_tgv,after,0.04575892857142857,21.853658536585368,0.5888286095780645,0.14285714285714285,0.19578005236369755,3512,10.0,20.0
v11_vs_tgv,after,0.04587053571428571,21.800486618004868,0.5099547846795086,0.14285714285714285,0.1957460872064342,3522,10.0,20.0
v11_vs_tgv,after,0.04598214285714285,21.74757281553398,0.6648993197012624,0.14285714285714285,0.19567186631260183,3544,10.0,20.0
v11_vs_tgv,after,0.046093749999999996,21.69491525423729,0.7407030843938877,0.14285714285714285,0.19601489165878555,3444,10.0,20.0
v11_vs_tgv,after,0.04620535714285714,21.64251207729469,0.6806932883793015,0.14285714285714285,0.19554526746979894,3582,10.0,20.0
v11_vs_tgv,after,0.04631696428571429,21.59036144578313,0.6995552311311913,0.14285714285714285,0.19557838863500912,3572,10.0,20.0
v11_vs_tgv,after,0.04642857142857143,21.538461538461537,0.7696126435656708,0.14285714285714285,0.19587592500046092,3484,10.0,20.0
v11_vs_tgv,after,0.04654017857142857,21.48681055155875,0.8232771881786568,0.14285714285714285,0.19536229896004664,3638,10.0,20.0
v11_vs_tgv,after,0.046651785714285715,21.43540669856459,0.7606366967995484,0.14285714285714285,0.19572577688551,3528,10.0,20.0
v11_vs_tgv,after,0.04676339285714286,21.384248210023866,0.6253971431246477,0.14285714285714285,0.19565844520659162,3548,10.0,20.0
v11_vs_tgv,after,0.046875,21.333333333333332,0.6353005698522711,0.14285714285714285,0.19540115234939126,3626,10.0,20.0
v11_vs_tgv,after,0.04698660714285714,21.282660332541568,0.5796126047294955,0.14285714285714285,0.19544672377293545,3612,10.0,20.0
v11_vs_tgv,after,0.047098214285714285,21.232227488151658,0.506290803921016,0.14285714285714285,0.1954663349047849,3606,10.0,20.0
v11_vs_tgv,after,0.04720982142857143,21.182033096926716,0.6835611492858455,0.14285714285714285,0.1955651236363731,3576,10.0,20.0
v11_vs_tgv,after,0.04732142857142857,21.132075471698116,0.610777381419966,0.14285714285714285,0.19534294368347277,3644,10.0,20.0
v11_vs_tgv,after,0.04743303571428571,21.08235294117647,0.5313662629169355,0.14285714285714285,0.19537522888070752,3634,10.0,20.0
v11_vs_tgv,after,0.047544642857142855,21.03286384976526,0.6162598542945092,0.14285714285714285,0.19549912822785603,3596,10.0,20.0
v11_vs_tgv,after,0.04765625,20.98360655737705,0.752287998512749,0.14285714285714285,0.19527876700452393,3664,10.0,20.0
v11_vs_tgv,after,0.04776785714285714,20.93457943925234,0.7265040931677741,0.14285714285714285,0.19536229896004664,3638,10.0,20.0
v11_vs_tgv,after,0.04787946428571428,20.88578088578089,0.692053867799284,0.14285714285714285,0.1952532420597071,3672,10.0,20.0
v11_vs_tgv,after,0.047991071428571425,20.837209302325583,0.6956251721104132,0.14285714285714285,0.19534294368347277,3644,10.0,20.0
v11_vs_tgv,after,0.04810267857142857,20.788863109048727,0.7070901531824096,0.14285714285714285,0.1950209946989822,3746,10.0,20.0
v11_vs_tgv,after,0.04821428571428571,20.740740740740744,0.6605524430592157,0.14285714285714285,0.19530437499553316,3656,10.0,20.0
v11_vs_tgv,after,0.04832589285714286,20.69284064665127,0.6032226327856587,0.14285714285714285,0.19526599417946083,3668,10.0,20.0
v11_vs_tgv,after,0.0484375,20.64516129032258,0.5533836589773866,0.14285714285714285,0.19493488938335007,3774,10.0,20.0
v11_vs_tgv,after,0.048549107142857144,20.597701149425287,0.5822545199712678,0.14285714285714285,0.19539466351065476,3628,10.0,20.0
v11_vs_tgv,after,0.048660714285714286,20.55045871559633,0.6265518729317047,0.14285714285714285,0.19489827749225433,3786,10.0,20.0
v11_vs_tgv,after,0.04877232142857143,20.503432494279178,0.6258809194804694,0.14285714285714285,0.19506440733704855,3732,10.0,20.0
v11_vs_tgv,after,0.04888392857142857,20.45662100456621,0.49949868393068514,0.14285714285714285,0.19518979008893414,3692,10.0,20.0
v11_vs_tgv,after,0.048995535714285714,20.41002277904328,0.20228946824208674,0.14285714285714285,0.19491046224945754,3782,10.0,20.0
v11_vs_tgv,after,0.049107142857142856,20.363636363636363,0.5252068644879924,0.14285714285714285,0.19500246310468877,3752,10.0,20.0
v11_vs_tgv,after,0.04921875,20.317460317460316,0.6362821791128472,0.14285714285714285,0.19499013318559666,3756,10.0,20.0
v11_vs_tgv,after,0.04933035714285714,20.271493212669682,0.5921831760649234,0.14285714285714285,0.1948739653457362,3794,10.0,20.0
v11_vs_tgv,after,0.049441964285714284,20.225733634311513,0.6273882531064765,0.14285714285714285,0.19488003622703962,3792,10.0,20.0
v11_vs_tgv,after,0.049553571428571426,20.18018018018018,0.5813172270257196,0.14285714285714285,0.19489219229404334,3788,10.0,20.0
v11_vs_tgv,after,0.04966517857142857,20.134831460674157,0.6570129053320488,0.14285714285714285,0.1950209946989822,3746,10.0,20.0
v11_vs_tgv,after,0.04977678571428571,20.08968609865471,0.5734658680420469,0.14285714285714285,0.19475951592150462,3832,10.0,20.0
v11_vs_tgv,after,0.04988839285714285,20.04474272930649,0.6178919346139616,0.14285714285714285,0.19485578123579675,3800,10.0,20.0
v11_vs_tgv,after,0.049999999999999996,20.0,0.7377354275965544,0.14285714285714285,0.8417399583909729,2,10.0,20.0
