method,stage,frequency_um_inv,period_um,frc,threshold_1_7,threshold_half_bit,n_ring_pixels,hr_pitch_um,pixel_size_um
v11_new_vs_drz,before,0.0,inf,0.9999899031663608,0.14285714285714285,0.7560610050770457,3,10.0,20.0
v11_new_vs_drz,before,0.00011160714285714285,8960.0,0.9999750841079513,0.14285714285714285,0.5160568456025979,12,10.0,20.0
v11_new_vs_drz,before,0.0002232142857142857,4480.0,0.9997406374371006,0.14285714285714285,0.43846389609946435,22,10.0,20.0
v11_new_vs_drz,before,0.0003348214285714286,2986.6666666666665,0.9998874046106948,0.14285714285714285,0.41192739958594665,28,10.0,20.0
v11_new_vs_drz,before,0.0004464285714285714,2240.0,0.9995456274923215,0.14285714285714285,0.37684928940895107,40,10.0,20.0
v11_new_vs_drz,before,0.0005580357142857143,1792.0,0.999825697244178,0.14285714285714285,0.3572655453148874,50,10.0,20.0
v11_new_vs_drz,before,0.0006696428571428571,1493.3333333333333,0.9993737179447243,0.14285714285714285,0.3607189084162777,48,10.0,20.0
v11_new_vs_drz,before,0.0007812499999999999,1280.0,0.998744987998437,0.14285714285714285,0.33301944154606616,68,10.0,20.0
v11_new_vs_drz,before,0.0008928571428571428,1120.0,0.998486362297226,0.14285714285714285,0.3308883459615167,70,10.0,20.0
v11_new_vs_drz,before,0.0010044642857142856,995.5555555555557,0.9985146890114136,0.14285714285714285,0.32498105977643776,76,10.0,20.0
v11_new_vs_drz,before,0.0011160714285714285,896.0,0.9982633368144179,0.14285714285714285,0.3120228149867766,92,10.0,20.0
v11_new_vs_drz,before,0.0012276785714285714,814.5454545454546,0.997373450274993,0.14285714285714285,0.30307454563671804,106,10.0,20.0
v11_new_vs_drz,before,0.0013392857142857143,746.6666666666666,0.9974698285181074,0.14285714285714285,0.309276869488276,96,10.0,20.0
v11_new_vs_drz,before,0.0014508928571428572,689.2307692307692,0.9973173483399125,0.14285714285714285,0.297657677511583,116,10.0,20.0
v11_new_vs_drz,before,0.0015624999999999999,640.0,0.9967397986970424,0.14285714285714285,0.28942028891226607,134,10.0,20.0
v11_new_vs_drz,before,0.0016741071428571428,597.3333333333334,0.9943689187760852,0.14285714285714285,0.2956748612128594,120,10.0,20.0
v11_new_vs_drz,before,0.0017857142857142857,560.0,0.9963607589926701,0.14285714285714285,0.28476380812712476,146,10.0,20.0
v11_new_vs_drz,before,0.0018973214285714286,527.0588235294118,0.9950760125254253,0.14285714285714285,0.2812856424436456,156,10.0,20.0
v11_new_vs_drz,before,0.0020089285714285712,497.7777777777778,0.9973135090097155,0.14285714285714285,0.28702018719502587,140,10.0,20.0
v11_new_vs_drz,before,0.002120535714285714,471.5789473684211,0.9955454467604303,0.14285714285714285,0.2757709533720164,174,10.0,20.0
v11_new_vs_drz,before,0.002232142857142857,448.0,0.9975638343086843,0.14285714285714285,0.27520913338899333,176,10.0,20.0
v11_new_vs_drz,before,0.00234375,426.6666666666667,0.998134960145015,0.14285714285714285,0.273051000260408,184,10.0,20.0
v11_new_vs_drz,before,0.002455357142857143,407.2727272727273,0.9974066476089655,0.14285714285714285,0.2705369635786124,194,10.0,20.0
v11_new_vs_drz,before,0.0025669642857142857,389.5652173913044,0.9958217161895809,0.14285714285714285,0.269116846861646,200,10.0,20.0
v11_new_vs_drz,before,0.0026785714285714286,373.3333333333333,0.9950308207241754,0.14285714285714285,0.26731663903915925,208,10.0,20.0
v11_new_vs_drz,before,0.0027901785714285715,358.4,0.9964723613834994,0.14285714285714285,0.2668822084027434,210,10.0,20.0
v11_new_vs_drz,before,0.0029017857142857144,344.6153846153846,0.9946523002743286,0.14285714285714285,0.26173150991010213,236,10.0,20.0
v11_new_vs_drz,before,0.003013392857142857,331.8518518518519,0.9962191628931988,0.14285714285714285,0.2632250986856457,228,10.0,20.0
v11_new_vs_drz,before,0.0031249999999999997,320.0,0.995610867583565,0.14285714285714285,0.2613695641695868,238,10.0,20.0
v11_new_vs_drz,before,0.0032366071428571426,308.96551724137936,0.9957763876905799,0.14285714285714285,0.2576597972433477,260,10.0,20.0
v11_new_vs_drz,before,0.0033482142857142855,298.6666666666667,0.9928329354819099,0.14285714285714285,0.2586250244740691,254,10.0,20.0
v11_new_vs_drz,before,0.0034598214285714284,289.03225806451616,0.9951228983406237,0.14285714285714285,0.25523709705862524,276,10.0,20.0
v11_new_vs_drz,before,0.0035714285714285713,280.0,0.9935678422497617,0.14285714285714285,0.25582326430374547,272,10.0,20.0
v11_new_vs_drz,before,0.003683035714285714,271.5151515151515,0.9890671472600335,0.14285714285714285,0.2527449491574839,294,10.0,20.0
v11_new_vs_drz,before,0.003794642857142857,263.5294117647059,0.9879694339269468,0.14285714285714285,0.25410107451462977,284,10.0,20.0
v11_new_vs_drz,before,0.00390625,256.0,0.9856746255710346,0.14285714285714285,0.2514544516681247,304,10.0,20.0
v11_new_vs_drz,before,0.0040178571428571425,248.8888888888889,0.9907458071750784,0.14285714285714285,0.24928083583453234,322,10.0,20.0
v11_new_vs_drz,before,0.004129464285714286,242.16216216216216,0.9889360075176813,0.14285714285714285,0.2514544516681247,304,10.0,20.0
v11_new_vs_drz,before,0.004241071428571428,235.78947368421055,0.9877609415832761,0.14285714285714285,0.24905026945843273,324,10.0,20.0
v11_new_vs_drz,before,0.004352678571428572,229.74358974358972,0.9898590414447214,0.14285714285714285,0.24582376798178943,354,10.0,20.0
v11_new_vs_drz,before,0.004464285714285714,224.0,0.9938315503422397,0.14285714285714285,0.24770924671322134,336,10.0,20.0
v11_new_vs_drz,before,0.004575892857142857,218.53658536585365,0.9864050241096276,0.14285714285714285,0.24643640318775006,348,10.0,20.0
v11_new_vs_drz,before,0.0046875,213.33333333333334,0.9797775270050261,0.14285714285714285,0.24426173259637654,370,10.0,20.0
v11_new_vs_drz,before,0.004799107142857142,208.37209302325584,0.9849873101059616,0.14285714285714285,0.24407341871811294,372,10.0,20.0
v11_new_vs_drz,before,0.004910714285714286,203.63636363636365,0.9851191461930459,0.14285714285714285,0.24388657961491628,374,10.0,20.0
v11_new_vs_drz,before,0.005022321428571428,199.11111111111114,0.9828836516838636,0.14285714285714285,0.24124866466885456,404,10.0,20.0
v11_new_vs_drz,before,0.005133928571428571,194.7826086956522,0.9810869303020838,0.14285714285714285,0.24226832878047586,392,10.0,20.0
v11_new_vs_drz,before,0.005245535714285714,190.63829787234044,0.984217000507046,0.14285714285714285,0.2427954615022515,386,10.0,20.0
v11_new_vs_drz,before,0.005357142857142857,186.66666666666666,0.98449488035319,0.14285714285714285,0.23964416299559071,424,10.0,20.0
v11_new_vs_drz,before,0.00546875,182.85714285714286,0.9870866534460152,0.14285714285714285,0.24027239659586974,416,10.0,20.0
v11_new_vs_drz,before,0.005580357142857143,179.2,0.9888627580755392,0.14285714285714285,0.2388828626474958,434,10.0,20.0
v11_new_vs_drz,before,0.0056919642857142854,175.68627450980392,0.9833448847887037,0.14285714285714285,0.2384383044776066,440,10.0,20.0
v11_new_vs_drz,before,0.005803571428571429,172.3076923076923,0.9699043492314465,0.14285714285714285,0.23757528612232023,452,10.0,20.0
v11_new_vs_drz,before,0.005915178571428571,169.05660377358492,0.9726479407646123,0.14285714285714285,0.23688135961430892,462,10.0,20.0
v11_new_vs_drz,before,0.006026785714285714,165.92592592592595,0.972120188249555,0.14285714285714285,0.23785919155913984,448,10.0,20.0
v11_new_vs_drz,before,0.006138392857142857,162.9090909090909,0.9749734289046826,0.14285714285714285,0.23517586182327832,488,10.0,20.0
v11_new_vs_drz,before,0.0062499999999999995,160.0,0.9706576831191287,0.14285714285714285,0.23607716377209612,474,10.0,20.0
v11_new_vs_drz,before,0.006361607142857143,157.19298245614036,0.9730290448599775,0.14285714285714285,0.23568617177506457,480,10.0,20.0
v11_new_vs_drz,before,0.006473214285714285,154.48275862068968,0.9826168278390777,0.14285714285714285,0.23359868826190747,514,10.0,20.0
v11_new_vs_drz,before,0.006584821428571429,151.864406779661,0.9791707386198955,0.14285714285714285,0.23348222347930858,516,10.0,20.0
v11_new_vs_drz,before,0.006696428571428571,149.33333333333334,0.9815672827104486,0.14285714285714285,0.23467767886949623,496,10.0,20.0
v11_new_vs_drz,before,0.006808035714285714,146.88524590163934,0.9779296370597209,0.14285714285714285,0.23246304055541317,534,10.0,20.0
v11_new_vs_drz,before,0.006919642857142857,144.51612903225808,0.9783272851958574,0.14285714285714285,0.23191835858106052,544,10.0,20.0
v11_new_vs_drz,before,0.00703125,142.22222222222223,0.9755578145904015,0.14285714285714285,0.23348222347930858,516,10.0,20.0
v11_new_vs_drz,before,0.007142857142857143,140.0,0.970068002102166,0.14285714285714285,0.23118003674182988,558,10.0,20.0
v11_new_vs_drz,before,0.007254464285714285,137.84615384615387,0.963390870710372,0.14285714285714285,0.23066911942921098,568,10.0,20.0
v11_new_vs_drz,before,0.007366071428571428,135.75757575757575,0.957915323865582,0.14285714285714285,0.23257377696061368,532,10.0,20.0
v11_new_vs_drz,before,0.007477678571428571,133.7313432835821,0.9635720293889294,0.14285714285714285,0.22865956785210217,610,10.0,20.0
v11_new_vs_drz,before,0.007589285714285714,131.76470588235296,0.9706288897539002,0.14285714285714285,0.2300731936178756,580,10.0,20.0
v11_new_vs_drz,before,0.007700892857142857,129.85507246376812,0.9712578164478828,0.14285714285714285,0.22987856279938831,584,10.0,20.0
v11_new_vs_drz,before,0.0078125,128.0,0.9761241425578558,0.14285714285714285,0.22847879956174852,614,10.0,20.0
v11_new_vs_drz,before,0.007924107142857142,126.19718309859155,0.9844506346771061,0.14285714285714285,0.22856896654528058,612,10.0,20.0
v11_new_vs_drz,before,0.008035714285714285,124.44444444444446,0.9843377412275767,0.14285714285714285,0.22794672665157004,626,10.0,20.0
v11_new_vs_drz,before,0.008147321428571429,122.73972602739725,0.9762690532263929,0.14285714285714285,0.22856896654528058,612,10.0,20.0
v11_new_vs_drz,before,0.008258928571428572,121.08108108108108,0.9571374636633572,0.14285714285714285,0.22751466188342373,636,10.0,20.0
v11_new_vs_drz,before,0.008370535714285714,119.46666666666667,0.9480288446400271,0.14285714285714285,0.22709247611069447,646,10.0,20.0
v11_new_vs_drz,before,0.008482142857142856,117.89473684210527,0.9390938776259784,0.14285714285714285,0.2270091913293758,648,10.0,20.0
v11_new_vs_drz,before,0.008593749999999999,116.36363636363637,0.952057081897428,0.14285714285714285,0.22684375089361272,652,10.0,20.0
v11_new_vs_drz,before,0.008705357142857143,114.87179487179486,0.954519031260651,0.14285714285714285,0.22580365493397495,678,10.0,20.0
v11_new_vs_drz,before,0.008816964285714286,113.41772151898735,0.958985812628559,0.14285714285714285,0.22572608133433805,680,10.0,20.0
v11_new_vs_drz,before,0.008928571428571428,112.0,0.9656771753485461,0.14285714285714285,0.22572608133433805,680,10.0,20.0
v11_new_vs_drz,before,0.00904017857142857,110.61728395061729,0.9631716273294358,0.14285714285714285,0.2247472633332211,706,10.0,20.0
v11_new_vs_drz,before,0.009151785714285715,109.26829268292683,0.9704574551828233,0.14285714285714285,0.2252675931499613,692,10.0,20.0
v11_new_vs_drz,before,0.009263392857142857,107.95180722891567,0.9691910435446566,0.14285714285714285,0.22511735629687746,696,10.0,20.0
v11_new_vs_drz,before,0.009375,106.66666666666667,0.9540808349829891,0.14285714285714285,0.22347634762040358,742,10.0,20.0
v11_new_vs_drz,before,0.009486607142857142,105.41176470588236,0.9417544585680375,0.14285714285714285,0.22467416992987052,708,10.0,20.0
v11_new_vs_drz,before,0.009598214285714285,104.18604651162792,0.9210576504463844,0.14285714285714285,0.22280884262303868,762,10.0,20.0
v11_new_vs_drz,before,0.009709821428571429,102.98850574712644,0.9292107740515888,0.14285714285714285,0.22368179007692848,736,10.0,20.0
v11_new_vs_drz,before,0.009821428571428571,101.81818181818183,0.9185754774387841,0.14285714285714285,0.22287442635809016,760,10.0,20.0
v11_new_vs_drz,before,0.009933035714285714,100.67415730337079,0.9205446218599297,0.14285714285714285,0.22229315058834048,778,10.0,20.0
v11_new_vs_drz,before,0.010044642857142856,99.55555555555557,0.9391711286432419,0.14285714285714285,0.22261360373636063,768,10.0,20.0
v11_new_vs_drz,before,0.01015625,98.46153846153845,0.9588907359074682,0.14285714285714285,0.22287442635809016,760,10.0,20.0
v11_new_vs_drz,before,0.010267857142857143,97.3913043478261,0.9589643845831257,0.14285714285714285,0.22191652760781277,790,10.0,20.0
v11_new_vs_drz,before,0.010379464285714285,96.34408602150538,0.9473689159009112,0.14285714285714285,0.2212474895498582,812,10.0,20.0
v11_new_vs_drz,before,0.010491071428571428,95.31914893617022,0.9384334819432001,0.14285714285714285,0.2214876516950723,804,10.0,20.0
v11_new_vs_drz,before,0.010602678571428572,94.3157894736842,0.94649596085447,0.14285714285714285,0.22130720212890542,810,10.0,20.0
v11_new_vs_drz,before,0.010714285714285714,93.33333333333333,0.9303745232735745,0.14285714285714285,0.2206620549790673,832,10.0,20.0
v11_new_vs_drz,before,0.010825892857142857,92.37113402061856,0.9259654120484261,0.14285714285714285,0.2216090580540805,800,10.0,20.0
v11_new_vs_drz,before,0.0109375,91.42857142857143,0.9067211620295519,0.14285714285714285,0.2198217694523472,862,10.0,20.0
v11_new_vs_drz,before,0.011049107142857142,90.50505050505052,0.9060353928262129,0.14285714285714285,0.22020844574520457,848,10.0,20.0
v11_new_vs_drz,before,0.011160714285714286,89.6,0.9112773435887358,0.14285714285714285,0.21928516426814687,882,10.0,20.0
v11_new_vs_drz,before,0.011272321428571428,88.71287128712872,0.917439578177641,0.14285714285714285,0.22077747178815657,828,10.0,20.0
v11_new_vs_drz,before,0.011383928571428571,87.84313725490196,0.9442116401188836,0.14285714285714285,0.21955119748619267,872,10.0,20.0
v11_new_vs_drz,before,0.011495535714285713,86.99029126213593,0.9568452605078669,0.14285714285714285,0.21856336410973248,910,10.0,20.0
v11_new_vs_drz,before,0.011607142857142858,86.15384615384615,0.9555250580174943,0.14285714285714285,0.21965887440375706,868,10.0,20.0
v11_new_vs_drz,before,0.01171875,85.33333333333333,0.9123691398083008,0.14285714285714285,0.21902354389357315,892,10.0,20.0
v11_new_vs_drz,before,0.011830357142857142,84.52830188679246,0.9310554275394829,0.14285714285714285,0.2181654494608149,926,10.0,20.0
v11_new_vs_drz,before,0.011941964285714285,83.73831775700936,0.9318052865553281,0.14285714285714285,0.21841294458748992,916,10.0,20.0
v11_new_vs_drz,before,0.012053571428571427,82.96296296296298,0.8822981320654222,0.14285714285714285,0.21851306204381743,912,10.0,20.0
v11_new_vs_drz,before,0.012165178571428572,82.20183486238533,0.8892826157022657,0.14285714285714285,0.21758723335053728,950,10.0,20.0
v11_new_vs_drz,before,0.012276785714285714,81.45454545454545,0.9002539894613822,0.14285714285714285,0.21744603829804665,956,10.0,20.0
v11_new_vs_drz,before,0.012388392857142856,80.72072072072072,0.9307126566726887,0.14285714285714285,0.21861382957564643,908,10.0,20.0
v11_new_vs_drz,before,0.012499999999999999,80.0,0.9317015029307355,0.14285714285714285,0.21675920204107632,986,10.0,20.0
v11_new_vs_drz,before,0.012611607142857143,79.29203539823008,0.9136162353017669,0.14285714285714285,0.21725980028494588,964,10.0,20.0
v11_new_vs_drz,before,0.012723214285714286,78.59649122807018,0.925170118536672,0.14285714285714285,0.21721359693608783,966,10.0,20.0
v11_new_vs_drz,before,0.012834821428571428,77.91304347826087,0.9092990760272341,0.14285714285714285,0.21644914346158642,1000,10.0,20.0
v11_new_vs_drz,before,0.01294642857142857,77.24137931034484,0.91062469156309,0.14285714285714285,0.21653707458648785,996,10.0,20.0
v11_new_vs_drz,before,0.013058035714285715,76.58119658119658,0.9086087512155925,0.14285714285714285,0.21649304397049488,998,10.0,20.0
v11_new_vs_drz,before,0.013169642857142857,75.9322033898305,0.8605713087764537,0.14285714285714285,0.21610254718236965,1016,10.0,20.0
v11_new_vs_drz,before,0.01328125,75.29411764705883,0.8609601287304329,0.14285714285714285,0.21618843703925994,1012,10.0,20.0
v11_new_vs_drz,before,0.013392857142857142,74.66666666666667,0.9094779085118277,0.14285714285714285,0.21605978929178232,1018,10.0,20.0
v11_new_vs_drz,before,0.013504464285714285,74.04958677685951,0.8844131336947102,0.14285714285714285,0.21551499634696136,1044,10.0,20.0
v11_new_vs_drz,before,0.013616071428571429,73.44262295081967,0.878347292093039,0.14285714285714285,0.21568047213382657,1036,10.0,20.0
v11_new_vs_drz,before,0.013727678571428571,72.84552845528455,0.8580986491008269,0.14285714285714285,0.21498988471428435,1070,10.0,20.0
v11_new_vs_drz,before,0.013839285714285714,72.25806451612904,0.8756680348978086,0.14285714285714285,0.21543295911437524,1048,10.0,20.0
v11_new_vs_drz,before,0.013950892857142856,71.68,0.9172125031655285,0.14285714285714285,0.2148713755575323,1076,10.0,20.0
v11_new_vs_drz,before,0.0140625,71.11111111111111,0.9325018461837812,0.14285714285714285,0.21475383879638116,1082,10.0,20.0
v11_new_vs_drz,before,0.014174107142857143,70.55118110236221,0.9041360107841916,0.14285714285714285,0.21471487366377726,1084,10.0,20.0
v11_new_vs_drz,before,0.014285714285714285,70.0,0.8776248075730984,0.14285714285714285,0.21459861283869502,1090,10.0,20.0
v11_new_vs_drz,before,0.014397321428571428,69.45736434108528,0.855704980510464,0.14285714285714285,0.21425543086377571,1108,10.0,20.0
v11_new_vs_drz,before,0.01450892857142857,68.92307692307693,0.8614358174105938,0.14285714285714285,0.21456006915830092,1092,10.0,20.0
v11_new_vs_drz,before,0.014620535714285714,68.3969465648855,0.8208188848093644,0.14285714285714285,0.21355728664025345,1146,10.0,20.0
v11_new_vs_drz,before,0.014732142857142857,67.87878787878788,0.8361170350581802,0.14285714285714285,0.21366522853675965,1140,10.0,20.0
v11_new_vs_drz,before,0.01484375,67.36842105263158,0.8508819992526074,0.14285714285714285,0.2143309783773013,1104,10.0,20.0
v11_new_vs_drz,before,0.014955357142857142,66.86567164179105,0.8657697942275937,0.14285714285714285,0.21279046829950965,1190,10.0,20.0
v11_new_vs_drz,before,0.015066964285714286,66.37037037037037,0.9047801965217643,0.14285714285714285,0.21373765748018866,1136,10.0,20.0
v11_new_vs_drz,before,0.015178571428571428,65.88235294117648,0.8849613291822004,0.14285714285714285,0.21352149146774207,1148,10.0,20.0
v11_new_vs_drz,before,0.015290178571428571,65.4014598540146,0.8488361226939721,0.14285714285714285,0.21285843635360488,1186,10.0,20.0
v11_new_vs_drz,before,0.015401785714285713,64.92753623188406,0.8443835712735426,0.14285714285714285,0.21282441002983377,1188,10.0,20.0
v11_new_vs_drz,before,0.015513392857142856,64.46043165467627,0.845696117670612,0.14285714285714285,0.21337922749072738,1156,10.0,20.0
v11_new_vs_drz,before,0.015625,64.0,0.7940084552948278,0.14285714285714285,0.212000361835817,1238,10.0,20.0
v11_new_vs_drz,before,0.015736607142857142,63.54609929078014,0.8115283787382344,0.14285714285714285,0.2124887421904062,1208,10.0,20.0
v11_new_vs_drz,before,0.015848214285714285,63.098591549295776,0.8377018860111871,0.14285714285714285,0.2127228372174348,1194,10.0,20.0
v11_new_vs_drz,before,0.015959821428571427,62.65734265734266,0.8709984743367626,0.14285714285714285,0.2120323741059451,1236,10.0,20.0
v11_new_vs_drz,before,0.01607142857142857,62.22222222222223,0.8743038551153339,0.14285714285714285,0.2120323741059451,1236,10.0,20.0
v11_new_vs_drz,before,0.016183035714285712,61.79310344827587,0.8062794358957922,0.14285714285714285,0.21187307369980893,1246,10.0,20.0
v11_new_vs_drz,before,0.016294642857142858,61.36986301369863,0.8547520120862427,0.14285714285714285,0.21216119331021152,1228,10.0,20.0
v11_new_vs_drz,before,0.01640625,60.95238095238095,0.8430276590146486,0.14285714285714285,0.21159104545450594,1264,10.0,20.0
v11_new_vs_drz,before,0.016517857142857143,60.54054054054054,0.8210798334876163,0.14285714285714285,0.21149835269259598,1270,10.0,20.0
v11_new_vs_drz,before,0.016629464285714286,60.13422818791946,0.8064152929851539,0.14285714285714285,0.21177839816474361,1252,10.0,20.0
v11_new_vs_drz,before,0.016741071428571428,59.733333333333334,0.8094127274695732,0.14285714285714285,0.21134529561252643,1280,10.0,20.0
v11_new_vs_drz,before,0.01685267857142857,59.337748344370866,0.7973496322020885,0.14285714285714285,0.21054834880675766,1334,10.0,20.0
v11_new_vs_drz,before,0.016964285714285713,58.94736842105264,0.8167389824448644,0.14285714285714285,0.21159104545450594,1264,10.0,20.0
v11_new_vs_drz,before,0.017075892857142855,58.56209150326798,0.8670882251065362,0.14285714285714285,0.21080861501660042,1316,10.0,20.0
v11_new_vs_drz,before,0.017187499999999998,58.18181818181819,0.8862568889440839,0.14285714285714285,0.2104912166657718,1338,10.0,20.0
v11_new_vs_drz,before,0.017299107142857144,57.806451612903224,0.8129821770416414,0.14285714285714285,0.2112241179090306,1288,10.0,20.0
v11_new_vs_drz,before,0.017410714285714286,57.43589743589743,0.7637300654992143,0.14285714285714285,0.21009825045931166,1366,10.0,20.0
v11_new_vs_drz,before,0.01752232142857143,57.07006369426752,0.8269541961764462,0.14285714285714285,0.21034948559464076,1348,10.0,20.0
v11_new_vs_drz,before,0.01763392857142857,56.708860759493675,0.7931045692830396,0.14285714285714285,0.21046274528313325,1340,10.0,20.0
v11_new_vs_drz,before,0.017745535714285714,56.35220125786164,0.7496986264900557,0.14285714285714285,0.2102651915533084,1354,10.0,20.0
v11_new_vs_drz,before,0.017857142857142856,56.0,0.7207384509417427,0.14285714285714285,0.20979775932161346,1388,10.0,20.0
v11_new_vs_drz,before,0.01796875,55.652173913043484,0.7281097724807812,0.14285714285714285,0.21001559151209073,1372,10.0,20.0
v11_new_vs_drz,before,0.01808035714285714,55.308641975308646,0.7344073063709359,0.14285714285714285,0.20993346585157174,1378,10.0,20.0
v11_new_vs_drz,before,0.018191964285714284,54.96932515337424,0.733843895268364,0.14285714285714285,0.20969023176701643,1396,10.0,20.0
v11_new_vs_drz,before,0.01830357142857143,54.63414634146341,0.7925956667609059,0.14285714285714285,0.20974388120426476,1392,10.0,20.0
v11_new_vs_drz,before,0.018415178571428572,54.303030303030305,0.8254837472537945,0.14285714285714285,0.20924322011539456,1430,10.0,20.0
v11_new_vs_drz,before,0.018526785714285714,53.975903614457835,0.7552749481247001,0.14285714285714285,0.20937304795788578,1420,10.0,20.0
v11_new_vs_drz,before,0.018638392857142857,53.65269461077845,0.7293245988833984,0.14285714285714285,0.20958361247909307,1404,10.0,20.0
v11_new_vs_drz,before,0.01875,53.333333333333336,0.7784097668503325,0.14285714285714285,0.20908918974285123,1442,10.0,20.0
v11_new_vs_drz,before,0.018861607142857142,53.01775147928994,0.7149656904670485,0.14285714285714285,0.2091147294392002,1440,10.0,20.0
v11_new_vs_drz,before,0.018973214285714284,52.70588235294118,0.7790560226459445,0.14285714285714285,0.20878674915614567,1466,10.0,20.0
v11_new_vs_drz,before,0.019084821428571427,52.397660818713454,0.7219976365907474,0.14285714285714285,0.20896227354363328,1452,10.0,20.0
v11_new_vs_drz,before,0.01919642857142857,52.09302325581396,0.6957749640392877,0.14285714285714285,0.20861368932701757,1480,10.0,20.0
v11_new_vs_drz,before,0.019308035714285715,51.79190751445086,0.6972142641747869,0.14285714285714285,0.20849155226945118,1490,10.0,20.0
v11_new_vs_drz,before,0.019419642857142858,51.49425287356322,0.72787609131463,0.14285714285714285,0.20886166870324252,1460,10.0,20.0
v11_new_vs_drz,before,0.01953125,51.2,0.7740887052712752,0.14285714285714285,0.20832258514572422,1504,10.0,20.0
v11_new_vs_drz,before,0.019642857142857142,50.909090909090914,0.6650184639252558,0.14285714285714285,0.20820331375489703,1514,10.0,20.0
v11_new_vs_drz,before,0.019754464285714285,50.621468926553675,0.6589517393448773,0.14285714285714285,0.2080852033992908,1524,10.0,20.0
v11_new_vs_drz,before,0.019866071428571427,50.337078651685395,0.6538621371165784,0.14285714285714285,0.20822707454226386,1512,10.0,20.0
v11_new_vs_drz,before,0.01997767857142857,50.05586592178771,0.7093401223261239,0.14285714285714285,0.2076466470245122,1562,10.0,20.0
v11_new_vs_drz,before,0.020089285714285712,49.777777777777786,0.7157574955893798,0.14285714285714285,0.20817959940754727,1516,10.0,20.0
v11_new_vs_drz,before,0.020200892857142858,49.50276243093922,0.7841095812286641,0.14285714285714285,0.20817959940754727,1516,10.0,20.0
v11_new_vs_drz,before,0.0203125,49.230769230769226,0.716181358744392,0.14285714285714285,0.2071581805789342,1606,10.0,20.0
v11_new_vs_drz,before,0.020424107142857143,48.96174863387978,0.7552185744208945,0.14285714285714285,0.2078523911652866,1544,10.0,20.0
v11_new_vs_drz,before,0.020535714285714286,48.69565217391305,0.723877431807829,0.14285714285714285,0.20751142498562736,1574,10.0,20.0
v11_new_vs_drz,before,0.020647321428571428,48.432432432432435,0.7639714111637405,0.14285714285714285,0.207311430402214,1592,10.0,20.0
v11_new_vs_drz,before,0.02075892857142857,48.17204301075269,0.8262301546854233,0.14285714285714285,0.20766933369874285,1560,10.0,20.0
v11_new_vs_drz,before,0.020870535714285713,47.9144385026738,0.7980460652814985,0.14285714285714285,0.2072455083727941,1598,10.0,20.0
v11_new_vs_drz,before,0.020982142857142855,47.65957446808511,0.6469915057024874,0.14285714285714285,0.20679410702631273,1640,10.0,20.0
v11_new_vs_drz,before,0.021093749999999998,47.40740740740741,0.6570445008073181,0.14285714285714285,0.2070931065498322,1612,10.0,20.0
v11_new_vs_drz,before,0.021205357142857144,47.1578947368421,0.6451856012611406,0.14285714285714285,0.20733348626347292,1590,10.0,20.0
v11_new_vs_drz,before,0.021316964285714286,46.910994764397905,0.5972151080344136,0.14285714285714285,0.2068363565335541,1636,10.0,20.0
v11_new_vs_drz,before,0.02142857142857143,46.666666666666664,0.6129419479126849,0.14285714285714285,0.20646152179686691,1672,10.0,20.0
v11_new_vs_drz,before,0.02154017857142857,46.424870466321245,0.6620939494783409,0.14285714285714285,0.20677303948480721,1642,10.0,20.0
v11_new_vs_drz,before,0.021651785714285714,46.18556701030928,0.7283952300443699,0.14285714285714285,0.20654377883697478,1664,10.0,20.0
v11_new_vs_drz,before,0.021763392857142856,45.94871794871795,0.6619541407969142,0.14285714285714285,0.2069213164900138,1628,10.0,20.0
v11_new_vs_drz,before,0.021875,45.714285714285715,0.6943804125153373,0.14285714285714285,0.20615817865004304,1702,10.0,20.0
v11_new_vs_drz,before,0.02198660714285714,45.48223350253807,0.8386249288219711,0.14285714285714285,0.2063798459329584,1680,10.0,20.0
v11_new_vs_drz,before,0.022098214285714284,45.25252525252526,0.8025234510353538,0.14285714285714285,0.20607862228912602,1710,10.0,20.0
v11_new_vs_drz,before,0.02220982142857143,45.0251256281407,0.7703599596997416,0.14285714285714285,0.2060193161196826,1716,10.0,20.0
v11_new_vs_drz,before,0.022321428571428572,44.8,0.7475009017749541,0.14285714285714285,0.2064206116472992,1676,10.0,20.0
v11_new_vs_drz,before,0.022433035714285714,44.5771144278607,0.6646608189213553,0.14285714285714285,0.20568896146044316,1750,10.0,20.0
v11_new_vs_drz,before,0.022544642857142857,44.35643564356436,0.7187623243473283,0.14285714285714285,0.20586265784981742,1732,10.0,20.0
v11_new_vs_drz,before,0.02265625,44.13793103448276,0.8208486773562723,0.14285714285714285,0.20625840693654623,1692,10.0,20.0
v11_new_vs_drz,before,0.022767857142857142,43.92156862745098,0.8035759358108207,0.14285714285714285,0.20561261066388095,1758,10.0,20.0
v11_new_vs_drz,before,0.022879464285714284,43.707317073170735,0.6918376948877453,0.14285714285714285,0.20563165001517575,1756,10.0,20.0
v11_new_vs_drz,before,0.022991071428571427,43.49514563106796,0.6155669325556595,0.14285714285714285,0.2059799491398533,1720,10.0,20.0
v11_new_vs_drz,before,0.02310267857142857,43.28502415458938,0.7628485570856071,0.14285714285714285,0.2050559530372921,1818,10.0,20.0
v11_new_vs_drz,before,0.023214285714285715,43.07692307692307,0.7626225454487853,0.14285714285714285,0.20529377749698421,1792,10.0,20.0
v11_new_vs_drz,before,0.023325892857142858,42.87081339712918,0.6764805391386028,0.14285714285714285,0.20578513067261447,1740,10.0,20.0
v11_new_vs_drz,before,0.0234375,42.666666666666664,0.5810512052596302,0.14285714285714285,0.2049478815407546,1830,10.0,20.0
v11_new_vs_drz,before,0.023549107142857142,42.464454976303315,0.5770999899461023,0.14285714285714285,0.2053308201973659,1788,10.0,20.0
v11_new_vs_drz,before,0.023660714285714285,42.26415094339623,0.7096986456984846,0.14285714285714285,0.2051650873580342,1806,10.0,20.0
v11_new_vs_drz,before,0.023772321428571427,42.06572769953052,0.6983458977120884,0.14285714285714285,0.20500178551890139,1824,10.0,20.0
v11_new_vs_drz,before,0.02388392857142857,41.86915887850468,0.6424140505929693,0.14285714285714285,0.2050378677827802,1820,10.0,20.0
v11_new_vs_drz,before,0.023995535714285712,41.674418604651166,0.6083292472253435,0.14285714285714285,0.20473485868990474,1854,10.0,20.0
v11_new_vs_drz,before,0.024107142857142855,41.48148148148149,0.7312889941457535,0.14285714285714285,0.20489423896779435,1836,10.0,20.0
v11_new_vs_drz,before,0.02421875,41.29032258064516,0.7056589015674707,0.14285714285714285,0.20482311852246032,1844,10.0,20.0
v11_new_vs_drz,before,0.024330357142857143,41.10091743119266,0.6194083121007923,0.14285714285714285,0.20428703415014268,1906,10.0,20.0
v11_new_vs_drz,before,0.024441964285714286,40.91324200913242,0.6731007532995896,0.14285714285714285,0.20485862143419345,1840,10.0,20.0
v11_new_vs_drz,before,0.024553571428571428,40.72727272727273,0.6882245310251186,0.14285714285714285,0.20443997892001115,1888,10.0,20.0
v11_new_vs_drz,before,0.02466517857142857,40.542986425339365,0.7070670908809523,0.14285714285714285,0.20432083629059994,1902,10.0,20.0
v11_new_vs_drz,before,0.024776785714285713,40.36036036036036,0.6267624751360111,0.14285714285714285,0.20478772961770136,1848,10.0,20.0
v11_new_vs_drz,before,0.024888392857142855,40.17937219730942,0.6263242817855738,0.14285714285714285,0.20406985646203774,1932,10.0,20.0
v11_new_vs_drz,before,0.024999999999999998,40.0,0.6491597710407279,0.14285714285714285,0.20405333008241125,1934,10.0,20.0
v11_new_vs_drz,before,0.02511160714285714,39.82222222222222,0.7298274166106617,0.14285714285714285,0.20443997892001115,1888,10.0,20.0
v11_new_vs_drz,before,0.025223214285714286,39.64601769911504,0.6178166377014217,0.14285714285714285,0.20395470143415717,1946,10.0,20.0
v11_new_vs_drz,before,0.02533482142857143,39.47136563876652,0.5284646936307559,0.14285714285714285,0.20380843789404254,1964,10.0,20.0
v11_new_vs_drz,before,0.02544642857142857,39.29824561403509,0.5238162138653181,0.14285714285714285,0.20397107681264137,1944,10.0,20.0
v11_new_vs_drz,before,0.025558035714285714,39.12663755458515,0.6433311036078398,0.14285714285714285,0.2038245910506852,1962,10.0,20.0
v11_new_vs_drz,before,0.025669642857142856,38.95652173913044,0.7102160911924225,0.14285714285714285,0.20368008519926165,1980,10.0,20.0
v11_new_vs_drz,before,0.02578125,38.78787878787879,0.66020864479059,0.14285714285714285,0.20406985646203774,1932,10.0,20.0
v11_new_vs_drz,before,0.02589285714285714,38.62068965517242,0.5833741502101379,0.14285714285714285,0.20360064332422378,1990,10.0,20.0
v11_new_vs_drz,before,0.026004464285714284,38.4549356223176,0.5657427516247379,0.14285714285714285,0.20345912978831718,2008,10.0,20.0
v11_new_vs_drz,before,0.02611607142857143,38.29059829059829,0.7412760635895725,0.14285714285714285,0.20380843789404254,1964,10.0,20.0
v11_new_vs_drz,before,0.026227678571428572,38.12765957446808,0.6663900528583022,0.14285714285714285,0.20335035825347117,2022,10.0,20.0
v11_new_vs_drz,before,0.026339285714285714,37.96610169491525,0.6717623417669342,0.14285714285714285,0.20333491064606968,2024,10.0,20.0
v11_new_vs_drz,before,0.026450892857142857,37.80590717299578,0.7259747503780288,0.14285714285714285,0.20333491064606968,2024,10.0,20.0
v11_new_vs_drz,before,0.0265625,37.64705882352941,0.6060901867601893,0.14285714285714285,0.20338132157581876,2018,10.0,20.0
v11_new_vs_drz,before,0.026674107142857142,37.48953974895397,0.563642123841618,0.14285714285714285,0.2030306380195964,2064,10.0,20.0
v11_new_vs_drz,before,0.026785714285714284,37.333333333333336,0.5873373071621992,0.14285714285714285,0.2030156542404139,2066,10.0,20.0
v11_new_vs_drz,before,0.026897321428571427,37.178423236514526,0.5999174266597271,0.14285714285714285,0.20352179142430754,2000,10.0,20.0
v11_new_vs_drz,before,0.02700892857142857,37.02479338842976,0.5658932968126078,0.14285714285714285,0.20276417883135758,2100,10.0,20.0
v11_new_vs_drz,before,0.027120535714285715,36.87242798353909,0.6006365533460833,0.14285714285714285,0.20280811620931277,2094,10.0,20.0
v11_new_vs_drz,before,0.027232142857142858,36.721311475409834,0.6666918842263314,0.14285714285714285,0.20294105689975392,2076,10.0,20.0
v11_new_vs_drz,before,0.02734375,36.57142857142857,0.5893394695515415,0.14285714285714285,0.20285224078709876,2088,10.0,20.0
v11_new_vs_drz,before,0.027455357142857142,36.422764227642276,0.6229373251711191,0.14285714285714285,0.20251867322781997,2134,10.0,20.0
v11_new_vs_drz,before,0.027566964285714285,36.2753036437247,0.7940087915674398,0.14285714285714285,0.20276417883135758,2100,10.0,20.0
v11_new_vs_drz,before,0.027678571428571427,36.12903225806452,0.6956041856688578,0.14285714285714285,0.20282280353622323,2092,10.0,20.0
v11_new_vs_drz,before,0.02779017857142857,35.98393574297189,0.545839349927778,0.14285714285714285,0.2024051399747265,2150,10.0,20.0
v11_new_vs_drz,before,0.027901785714285712,35.84,0.5470604168572921,0.14285714285714285,0.2023910364655755,2152,10.0,20.0
v11_new_vs_drz,before,0.028013392857142855,35.69721115537849,0.6289336622470358,0.14285714285714285,0.20294105689975392,2076,10.0,20.0
v11_new_vs_drz,before,0.028125,35.55555555555556,0.6147671330384961,0.14285714285714285,0.20199031257847036,2210,10.0,20.0
v11_new_vs_drz,before,0.028236607142857143,35.41501976284585,0.5499663393393432,0.14285714285714285,0.20256157441371295,2128,10.0,20.0
v11_new_vs_drz,before,0.028348214285714286,35.275590551181104,0.5691979330363686,0.14285714285714285,0.20220944357269727,2178,10.0,20.0
v11_new_vs_drz,before,0.028459821428571428,35.13725490196079,0.611454553921071,0.14285714285714285,0.2020038700244288,2208,10.0,20.0
v11_new_vs_drz,before,0.02857142857142857,35.0,0.7219135388602164,0.14285714285714285,0.20227890442236768,2168,10.0,20.0
v11_new_vs_drz,before,0.028683035714285713,34.86381322957199,0.7205389041466105,0.14285714285714285,0.20209928513740544,2194,10.0,20.0
v11_new_vs_drz,before,0.028794642857142855,34.72868217054264,0.5831562052527197,0.14285714285714285,0.20219560817884408,2180,10.0,20.0
v11_new_vs_drz,before,0.028906249999999998,34.5945945945946,0.5800550070270118,0.14285714285714285,0.2018157070765534,2236,10.0,20.0
v11_new_vs_drz,before,0.02901785714285714,34.46153846153847,0.5592926826819273,0.14285714285714285,0.20212671273157043,2190,10.0,20.0
v11_new_vs_drz,before,0.029129464285714286,34.32950191570881,0.5510277716635053,0.14285714285714285,0.20165718663427828,2260,10.0,20.0
v11_new_vs_drz,before,0.02924107142857143,34.19847328244275,0.4235823464337886,0.14285714285714285,0.20197677333037697,2212,10.0,20.0
v11_new_vs_drz,before,0.02935267857142857,34.06844106463878,0.3976447725048621,0.14285714285714285,0.20148825195988218,2286,10.0,20.0
v11_new_vs_drz,before,0.029464285714285714,33.93939393939394,0.39549264512621174,0.14285714285714285,0.20176258739613345,2244,10.0,20.0
v11_new_vs_drz,before,0.029575892857142856,33.81132075471698,0.35829368011267726,0.14285714285714285,0.20165718663427828,2260,10.0,20.0
v11_new_vs_drz,before,0.0296875,33.68421052631579,0.3545258822148141,0.14285714285714285,0.20130948318858632,2314,10.0,20.0
v11_new_vs_drz,before,0.02979910714285714,33.55805243445693,0.5476757576683252,0.14285714285714285,0.20178911203700534,2240,10.0,20.0
v11_new_vs_drz,before,0.029910714285714284,33.43283582089553,0.5937813956094558,0.14285714285714285,0.20133482448864679,2310,10.0,20.0
v11_new_vs_drz,before,0.030022321428571426,33.30855018587361,0.6224545776717697,0.14285714285714285,0.20150114550038942,2284,10.0,20.0
v11_new_vs_drz,before,0.030133928571428572,33.18518518518518,0.4257729143661828,0.14285714285714285,0.20163100936456846,2264,10.0,20.0
v11_new_vs_drz,before,0.030245535714285714,33.06273062730627,0.45323297299670123,0.14285714285714285,0.20093700504233267,2374,10.0,20.0
v11_new_vs_drz,before,0.030357142857142857,32.94117647058824,0.46131845021526885,0.14285714285714285,0.20127159292996374,2320,10.0,20.0
v11_new_vs_drz,before,0.03046875,32.820512820512825,0.4771999744015833,0.14285714285714285,0.2014240345538633,2296,10.0,20.0
v11_new_vs_drz,before,0.030580357142857142,32.7007299270073,0.45306923806046917,0.14285714285714285,0.20091267051918305,2378,10.0,20.0
v11_new_vs_drz,before,0.030691964285714284,32.581818181818186,0.3329408696031512,0.14285714285714285,0.20117125958839946,2336,10.0,20.0
v11_new_vs_drz,before,0.030803571428571427,32.46376811594203,0.25426830907617864,0.14285714285714285,0.20117125958839946,2336,10.0,20.0
v11_new_vs_drz,before,0.03091517857142857,32.34657039711192,0.4033579848722269,0.14285714285714285,0.20079190337726316,2398,10.0,20.0
v11_new_vs_drz,before,0.03102678571428571,32.230215827338135,0.4537306903475843,0.14285714285714285,0.2008520992222212,2388,10.0,20.0
v11_new_vs_drz,before,0.031138392857142858,32.11469534050179,0.5521854486461358,0.14285714285714285,0.20129683691159364,2316,10.0,20.0
v11_new_vs_drz,before,0.03125,32.0,0.5009095055172763,0.14285714285714285,0.20060175498092978,2430,10.0,20.0
v11_new_vs_drz,before,0.03136160714285714,31.88612099644128,0.45392297409538523,0.14285714285714285,0.2005899942187709,2432,10.0,20.0
v11_new_vs_drz,before,0.031473214285714285,31.77304964539007,0.561430520926959,0.14285714285714285,0.20091267051918305,2378,10.0,20.0
v11_new_vs_drz,before,0.03158482142857143,31.66077738515901,0.49963165098552403,0.14285714285714285,0.2005899942187709,2432,10.0,20.0
v11_new_vs_drz,before,0.03169642857142857,31.549295774647888,0.373744505576142,0.14285714285714285,0.20073207911367105,2408,10.0,20.0
v11_new_vs_drz,before,0.03180803571428571,31.438596491228072,0.3228504005550909,0.14285714285714285,0.20043839988598003,2458,10.0,20.0
v11_new_vs_drz,before,0.031919642857142855,31.32867132867133,0.35140427181847805,0.14285714285714285,0.20063712367957884,2424,10.0,20.0
v11_new_vs_drz,before,0.03203125,31.219512195121954,0.5937681063362146,0.14285714285714285,0.2004037543659979,2464,10.0,20.0
v11_new_vs_drz,before,0.03214285714285714,31.111111111111114,0.5340726321415575,0.14285714285714285,0.2003233998560821,2478,10.0,20.0
v11_new_vs_drz,before,0.03225446428571428,31.00346020761246,0.4357678034227653,0.14285714285714285,0.20075596447473562,2404,10.0,20.0
v11_new_vs_drz,before,0.032366071428571425,30.896551724137936,0.44569518100684913,0.14285714285714285,0.2001759442030165,2504,10.0,20.0
v11_new_vs_drz,before,0.03247767857142857,30.790378006872857,0.4259015558747267,0.14285714285714285,0.20011983450492699,2514,10.0,20.0
v11_new_vs_drz,before,0.032589285714285716,30.684931506849313,0.38143694306016335,0.14285714285714285,0.20038072687575237,2468,10.0,20.0
v11_new_vs_drz,before,0.03270089285714286,30.580204778156993,0.47445641842879843,0.14285714285714285,0.20022107212707113,2496,10.0,20.0
v11_new_vs_drz,before,0.0328125,30.476190476190474,0.37682599332368744,0.14285714285714285,0.1999424885446575,2546,10.0,20.0
v11_new_vs_drz,before,0.032924107142857144,30.372881355932204,0.31005319848617835,0.14285714285714285,0.2003577547434476,2472,10.0,20.0
v11_new_vs_drz,before,0.033035714285714286,30.27027027027027,0.31831040909965547,0.14285714285714285,0.19992055302869258,2550,10.0,20.0
v11_new_vs_drz,before,0.03314732142857143,30.16835016835017,0.32277531632731615,0.14285714285714285,0.19982247206699402,2568,10.0,20.0
v11_new_vs_drz,before,0.03325892857142857,30.06711409395973,0.1547743206787415,0.14285714285714285,0.20022107212707113,2496,10.0,20.0
v11_new_vs_drz,before,0.033370535714285714,29.96655518394649,0.13300001646312062,0.14285714285714285,0.19981163721274517,2570,10.0,20.0
v11_new_vs_drz,before,0.033482142857142856,29.866666666666667,0.39619671215176033,0.14285714285714285,0.19969327465375333,2592,10.0,20.0
v11_new_vs_drz,before,0.03359375,29.767441860465116,0.3361030206813855,0.14285714285714285,0.19999755197612662,2536,10.0,20.0
v11_new_vs_drz,before,0.03370535714285714,29.668874172185433,0.30411679290423665,0.14285714285714285,0.19968258842376282,2594,10.0,20.0
v11_new_vs_drz,before,0.033816964285714284,29.570957095709574,0.3938592175344285,0.14285714285714285,0.1997576502130963,2580,10.0,20.0
v11_new_vs_drz,before,0.033928571428571426,29.47368421052632,0.5463413560793199,0.14285714285714285,0.19962934028121115,2604,10.0,20.0
v11_new_vs_drz,before,0.03404017857142857,29.377049180327873,0.349228055428875,0.14285714285714285,0.19970397313874927,2590,10.0,20.0
v11_new_vs_drz,before,0.03415178571428571,29.28104575163399,0.3099256444049678,0.14285714285714285,0.1995447720660188,2620,10.0,20.0
v11_new_vs_drz,before,0.03426339285714285,29.185667752443,0.2518043484353968,0.14285714285714285,0.1995869599845832,2612,10.0,20.0
v11_new_vs_drz,before,0.034374999999999996,29.090909090909093,0.2404501181999311,0.14285714285714285,0.19953425497473404,2622,10.0,20.0
v11_new_vs_drz,before,0.034486607142857145,28.996763754045304,0.3719902912388265,0.14285714285714285,0.19923435045727056,2680,10.0,20.0
v11_new_vs_drz,before,0.03459821428571429,28.903225806451612,0.3049901648673617,0.14285714285714285,0.19940897247414457,2646,10.0,20.0
v11_new_vs_drz,before,0.03470982142857143,28.810289389067524,0.4149809859272107,0.14285714285714285,0.19948184772087152,2632,10.0,20.0
v11_new_vs_drz,before,0.03482142857142857,28.717948717948715,0.3152505162842925,0.14285714285714285,0.19925472300409489,2676,10.0,20.0
v11_new_vs_drz,before,0.034933035714285715,28.62619808306709,0.21292724430419285,0.14285714285714285,0.199163400800433,2694,10.0,20.0
v11_new_vs_drz,before,0.03504464285714286,28.53503184713376,0.20520613267020568,0.14285714285714285,0.19929560413957997,2668,10.0,20.0
v11_new_vs_drz,before,0.03515625,28.444444444444443,0.30355036239686134,0.14285714285714285,0.19923435045727056,2680,10.0,20.0
v11_new_vs_drz,before,0.03526785714285714,28.354430379746837,0.29645492687916986,0.14285714285714285,0.199163400800433,2694,10.0,20.0
v11_new_vs_drz,before,0.035379464285714285,28.26498422712934,0.19560466933097959,0.14285714285714285,0.19903307957272984,2720,10.0,20.0
v11_new_vs_drz,before,0.03549107142857143,28.17610062893082,0.16527301380724138,0.14285714285714285,0.19923435045727056,2680,10.0,20.0
v11_new_vs_drz,before,0.03560267857142857,28.087774294670847,0.36056081321597877,0.14285714285714285,0.1987296503731864,2782,10.0,20.0
v11_new_vs_drz,before,0.03571428571428571,28.0,0.2701619780668725,0.14285714285714285,0.19919374056785832,2688,10.0,20.0
v11_new_vs_drz,before,0.035825892857142855,27.912772585669785,0.25105182680144633,0.14285714285714285,0.19897355378849282,2732,10.0,20.0
v11_new_vs_drz,before,0.0359375,27.826086956521742,0.40596399080335743,0.14285714285714285,0.19863390479962775,2802,10.0,20.0
v11_new_vs_drz,before,0.03604910714285714,27.73993808049536,0.12365941277170783,0.14285714285714285,0.19893408530849774,2740,10.0,20.0
v11_new_vs_drz,before,0.03616071428571428,27.654320987654323,0.30457259958441,0.14285714285714285,0.1989636705837003,2734,10.0,20.0
v11_new_vs_drz,before,0.036272321428571425,27.56923076923077,0.18753142545295554,0.14285714285714285,0.1987779076146052,2772,10.0,20.0
v11_new_vs_drz,before,0.03638392857142857,27.48466257668712,0.275689182181179,0.14285714285714285,0.1985674850051077,2816,10.0,20.0
v11_new_vs_drz,before,0.036495535714285716,27.400611620795104,0.20557749284989155,0.14285714285714285,0.19880698630805718,2766,10.0,20.0
v11_new_vs_drz,before,0.03660714285714286,27.317073170731707,0.18096189144297797,0.14285714285714285,0.19847344616835114,2836,10.0,20.0
v11_new_vs_drz,before,0.03671875,27.23404255319149,0.2622437513697051,0.14285714285714285,0.1985674850051077,2816,10.0,20.0
v11_new_vs_drz,before,0.036830357142857144,27.151515151515152,0.381868020913132,0.14285714285714285,0.1987296503731864,2782,10.0,20.0
v11_new_vs_drz,before,0.036941964285714286,27.069486404833835,0.2652568602372164,0.14285714285714285,0.1983434350217766,2864,10.0,20.0
v11_new_vs_drz,before,0.03705357142857143,26.987951807228917,0.20345083063139788,0.14285714285714285,0.19852975072299847,2824,10.0,20.0
v11_new_vs_drz,before,0.03716517857142857,26.906906906906908,0.1485304967054394,0.14285714285714285,0.19837113512849097,2858,10.0,20.0
v11_new_vs_drz,before,0.037276785714285714,26.826347305389223,0.1943358624754675,0.14285714285714285,0.19847344616835114,2836,10.0,20.0
v11_new_vs_drz,before,0.037388392857142856,26.746268656716417,0.26468812489033006,0.14285714285714285,0.1984547565946868,2840,10.0,20.0
v11_new_vs_drz,before,0.0375,26.666666666666668,0.15525436524388164,0.14285714285714285,0.19818808118118406,2898,10.0,20.0
v11_new_vs_drz,before,0.03761160714285714,26.587537091988132,0.08693220726379373,0.14285714285714285,0.19843610609789097,2844,10.0,20.0
v11_new_vs_drz,before,0.037723214285714284,26.50887573964497,-0.016286897462771305,0.14285714285714285,0.19795564920134207,2950,10.0,20.0
v11_new_vs_drz,before,0.037834821428571426,26.4306784660767,0.1394327336751048,0.14285714285714285,0.19830663541185475,2872,10.0,20.0
v11_new_vs_drz,before,0.03794642857142857,26.35294117647059,0.24461513084978287,0.14285714285714285,0.1982882926807455,2876,10.0,20.0
v11_new_vs_drz,before,0.03805803571428571,26.275659824046922,0.2198870624540813,0.14285714285714285,0.19802651424106882,2934,10.0,20.0
v11_new_vs_drz,before,0.03816964285714285,26.198830409356727,0.14683955652621636,0.14285714285714285,0.1981069271457448,2916,10.0,20.0
v11_new_vs_drz,before,0.038281249999999996,26.12244897959184,0.13512301783773523,0.14285714285714285,0.1982152991985056,2892,10.0,20.0
v11_new_vs_drz,before,0.03839285714285714,26.04651162790698,0.1881581704581882,0.14285714285714285,0.19793802214251247,2954,10.0,20.0
v11_new_vs_drz,before,0.03850446428571429,25.97101449275362,0.050911473457095714,0.14285714285714285,0.19782430484837527,2980,10.0,20.0
v11_new_vs_drz,before,0.03861607142857143,25.89595375722543,0.21768984667662222,0.14285714285714285,0.19825172071105046,2884,10.0,20.0
v11_new_vs_drz,before,0.03872767857142857,25.821325648414984,0.11319044103687081,0.14285714285714285,0.1978156184587228,2982,10.0,20.0
v11_new_vs_drz,before,0.038839285714285715,25.74712643678161,0.032918027976155624,0.14285714285714285,0.19760123472388125,3032,10.0,20.0
v11_new_vs_drz,before,0.03895089285714286,25.673352435530084,0.0786861421450823,0.14285714285714285,0.1981609467848357,2904,10.0,20.0
v11_new_vs_drz,before,0.0390625,25.6,0.1180677194628582,0.14285714285714285,0.1975253385684874,3050,10.0,20.0
v11_new_vs_drz,before,0.03917410714285714,25.527065527065528,0.07475122991228753,0.14285714285714285,0.19784170365088652,2976,10.0,20.0
v11_new_vs_drz,before,0.039285714285714285,25.454545454545457,0.09080835808494087,0.14285714285714285,0.1976097089758139,3030,10.0,20.0
v11_new_vs_drz,before,0.03939732142857143,25.38243626062323,0.10260909992400714,0.14285714285714285,0.1977550552720954,2996,10.0,20.0
v11_new_vs_drz,before,0.03950892857142857,25.310734463276837,0.12333518009924621,0.14285714285714285,0.19765220529146557,3020,10.0,20.0
v11_new_vs_drz,before,0.03962053571428571,25.23943661971831,0.05126363447781428,0.14285714285714285,0.1975085631250675,3054,10.0,20.0
v11_new_vs_drz,before,0.039732142857142855,25.168539325842698,0.15817350548873754,0.14285714285714285,0.19770347780800562,3008,10.0,20.0
v11_new_vs_drz,before,0.03984375,25.098039215686278,0.2100405161736457,0.14285714285714285,0.19743347590385044,3072,10.0,20.0
v11_new_vs_drz,before,0.03995535714285714,25.027932960893857,0.0067236356147308265,0.14285714285714285,0.19739204277139769,3082,10.0,20.0
v11_new_vs_drz,before,0.04006696428571428,24.95821727019499,0.15530093748127277,0.14285714285714285,0.1976692624332035,3016,10.0,20.0
v11_new_vs_drz,before,0.040178571428571425,24.888888888888893,0.007659298346784578,0.14285714285714285,0.19731796447605393,3100,10.0,20.0
v11_new_vs_drz,before,0.04029017857142857,24.81994459833795,0.15643026088468626,0.14285714285714285,0.1974251732503782,3074,10.0,20.0
v11_new_vs_drz,before,0.040401785714285716,24.75138121546961,0.20899026501935314,0.14285714285714285,0.19745010534200189,3068,10.0,20.0
v11_new_vs_drz,before,0.04051339285714286,24.683195592286502,0.13252613837157293,0.14285714285714285,0.19736727869292328,3088,10.0,20.0
v11_new_vs_drz,before,0.040625,24.615384615384613,0.08686029541022415,0.14285714285714285,0.1970358524551192,3170,10.0,20.0
v11_new_vs_drz,before,0.040736607142857144,24.54794520547945,-0.03852799398492081,0.14285714285714285,0.197483461108339,3060,10.0,20.0
v11_new_vs_drz,before,0.040848214285714286,24.48087431693989,-0.026256095094018588,0.14285714285714285,0.19717976864090656,3134,10.0,20.0
v11_new_vs_drz,before,0.04095982142857143,24.4141689373297,0.023849939667514527,0.14285714285714285,0.19701210252814472,3176,10.0,20.0
v11_new_vs_drz,before,0.04107142857142857,24.347826086956523,0.07849274773505205,0.14285714285714285,0.19738378012086183,3084,10.0,20.0
v11_new_vs_drz,before,0.041183035714285714,24.281842818428185,0.13734728185681136,0.14285714285714285,0.19695694455425367,3190,10.0,20.0
v11_new_vs_drz,before,0.041294642857142856,24.216216216216218,0.07896163742614987,0.14285714285714285,0.1970755845534379,3160,10.0,20.0
v11_new_vs_drz,before,0.04140625,24.150943396226417,-0.0319578297799408,0.14285714285714285,0.1970755845534379,3160,10.0,20.0
v11_new_vs_drz,before,0.04151785714285714,24.086021505376344,0.20265732894318456,0.14285714285714285,0.19706762319057258,3162,10.0,20.0
v11_new_vs_drz,before,0.041629464285714284,24.021447721179626,0.21541759638740599,0.14285714285714285,0.19698053952908048,3184,10.0,20.0
v11_new_vs_drz,before,0.041741071428571426,23.9572192513369,0.21280033747383958,0.14285714285714285,0.19696480220931625,3188,10.0,20.0
v11_new_vs_drz,before,0.04185267857142857,23.893333333333334,0.13272950028365868,0.14285714285714285,0.19690995197425074,3202,10.0,20.0
v11_new_vs_drz,before,0.04196428571428571,23.829787234042556,0.021393245773214487,0.14285714285714285,0.1966864592271897,3260,10.0,20.0
v11_new_vs_drz,before,0.04207589285714285,23.766578249336874,0.021149170485069313,0.14285714285714285,0.19691776587158633,3200,10.0,20.0
v11_new_vs_drz,before,0.042187499999999996,23.703703703703706,0.052828908356937945,0.14285714285714285,0.19692558703358493,3198,10.0,20.0
v11_new_vs_drz,before,0.04229910714285714,23.641160949868077,0.12990778783563706,0.14285714285714285,0.19662584390434415,3276,10.0,20.0
v11_new_vs_drz,before,0.04241071428571429,23.57894736842105,0.035749769796883435,0.14285714285714285,0.1967398616607217,3246,10.0,20.0
v11_new_vs_drz,before,0.04252232142857143,23.517060367454068,0.02802260214780532,0.14285714285714285,0.1969334154715303,3196,10.0,20.0
v11_new_vs_drz,before,0.04263392857142857,23.455497382198953,0.012714244465847744,0.14285714285714285,0.19662584390434415,3276,10.0,20.0
v11_new_vs_drz,before,0.042745535714285715,23.39425587467363,0.1638575662214836,0.14285714285714285,0.19658818240465054,3286,10.0,20.0
v11_new_vs_drz,before,0.04285714285714286,23.333333333333332,0.05203031165386801,0.14285714285714285,0.19656566720869945,3292,10.0,20.0
v11_new_vs_drz,before,0.04296875,23.272727272727273,-0.04867230859637093,0.14285714285714285,0.19674751854137398,3244,10.0,20.0
v11_new_vs_drz,before,0.04308035714285714,23.212435233160623,-0.08208479490288631,0.14285714285714285,0.19627841680223054,3370,10.0,20.0
v11_new_vs_drz,before,0.043191964285714285,23.152454780361758,0.0978878693998732,0.14285714285714285,0.19665609640424975,3268,10.0,20.0
v11_new_vs_drz,before,0.04330357142857143,23.09278350515464,0.09342805886550817,0.14285714285714285,0.1965506909503124,3296,10.0,20.0
v11_new_vs_drz,before,0.04341517857142857,23.033419023136247,0.0010219143830079711,0.14285714285714285,0.19635112163071453,3350,10.0,20.0
v11_new_vs_drz,before,0.04352678571428571,22.974358974358974,-0.007034046144642985,0.14285714285714285,0.19649105513285683,3312,10.0,20.0
v11_new_vs_drz,before,0.043638392857142855,22.915601023017903,0.09094831715411611,0.14285714285714285,0.1965506909503124,3296,10.0,20.0
v11_new_vs_drz,before,0.04375,22.857142857142858,0.12448944003078333,0.14285714285714285,0.19620635084804425,3390,10.0,20.0
v11_new_vs_drz,before,0.04386160714285714,22.798982188295167,0.044184147047744926,0.14285714285714285,0.19627118161272125,3372,10.0,20.0
v11_new_vs_drz,before,0.04397321428571428,22.741116751269036,0.06927212429425467,0.14285714285714285,0.19639505513636507,3338,10.0,20.0
v11_new_vs_drz,before,0.044084821428571425,22.683544303797472,-0.043495103195482755,0.14285714285714285,0.19614203002159336,3408,10.0,20.0
v11_new_vs_drz,before,0.04419642857142857,22.62626262626263,0.058245994642570624,0.14285714285714285,0.19628565838032241,3368,10.0,20.0
v11_new_vs_drz,before,0.04430803571428571,22.569269521410583,-0.020254891825143388,0.14285714285714285,0.19630742154042707,3362,10.0,20.0
v11_new_vs_drz,before,0.04441964285714286,22.51256281407035,-0.07205014216066022,0.14285714285714285,0.19604297333067175,3436,10.0,20.0
v11_new_vs_drz,before,0.04453125,22.45614035087719,0.058769289811031654,0.14285714285714285,0.19624230455271754,3380,10.0,20.0
v11_new_vs_drz,before,0.044642857142857144,22.4,0.0386449531495172,0.14285714285714285,0.19616341405099993,3402,10.0,20.0
v11_new_vs_drz,before,0.044754464285714286,22.34413965087282,0.05350194477771838,0.14285714285714285,0.19608527866196232,3424,10.0,20.0
v11_new_vs_drz,before,0.04486607142857143,22.28855721393035,0.02733988499485901,0.14285714285714285,0.19608527866196232,3424,10.0,20.0
v11_new_vs_drz,before,0.04497767857142857,22.233250620347395,-0.010781235069294766,0.14285714285714285,0.19586903899227384,3486,10.0,20.0
v11_new_vs_drz,before,0.045089285714285714,22.17821782178218,0.00048705634617115547,0.14285714285714285,0.19609942947499998,3420,10.0,20.0
v11_new_vs_drz,before,0.045200892857142856,22.123456790123456,0.039714856194855895,0.14285714285714285,0.19598690683769954,3452,10.0,20.0
v11_new_vs_drz,before,0.0453125,22.06896551724138,0.05190782186761397,0.14285714285714285,0.19578686266146458,3510,10.0,20.0
v11_new_vs_drz,before,0.04542410714285714,22.014742014742016,0.04127585106645302,0.14285714285714285,0.195959018311031,3460,10.0,20.0
v11_new_vs_drz,before,0.045535714285714284,21.96078431372549,-0.05637331863997208,0.14285714285714285,0.1959242922263356,3470,10.0,20.0
v11_new_vs_drz,before,0.045647321428571426,21.90709046454768,0.0568992307956625,0.14285714285714285,0.1959312255268662,3468,10.0,20.0
v11_new_vs_drz,before,0.04575892857142857,21.853658536585368,0.05658450423736803,0.14285714285714285,0.19578005236369755,3512,10.0,20.0
v11_new_vs_drz,before,0.04587053571428571,21.800486618004868,-0.02776207966859151,0.14285714285714285,0.1957460872064342,3522,10.0,20.0
v11_new_vs_drz,before,0.04598214285714285,21.74757281553398,0.048817633648034396,0.14285714285714285,0.19567186631260183,3544,10.0,20.0
v11_new_vs_drz,before,0.046093749999999996,21.69491525423729,-0.023164487863522144,0.14285714285714285,0.19601489165878555,3444,10.0,20.0
v11_new_vs_drz,before,0.04620535714285714,21.64251207729469,-0.007441070795599205,0.14285714285714285,0.19554526746979894,3582,10.0,20.0
v11_new_vs_drz,before,0.04631696428571429,21.59036144578313,-0.02011251427716265,0.14285714285714285,0.19557838863500912,3572,10.0,20.0
v11_new_vs_drz,before,0.04642857142857143,21.538461538461537,0.06790309742775333,0.14285714285714285,0.19587592500046092,3484,10.0,20.0
v11_new_vs_drz,before,0.04654017857142857,21.48681055155875,-0.020746618876407052,0.14285714285714285,0.19536229896004664,3638,10.0,20.0
v11_new_vs_drz,before,0.046651785714285715,21.43540669856459,-0.023105331854358285,0.14285714285714285,0.19572577688551,3528,10.0,20.0
v11_new_vs_drz,before,0.04676339285714286,21.384248210023866,0.031316381075252864,0.14285714285714285,0.19565844520659162,3548,10.0,20.0
v11_new_vs_drz,before,0.046875,21.333333333333332,-0.004420804236293711,0.14285714285714285,0.19540115234939126,3626,10.0,20.0
v11_new_vs_drz,before,0.04698660714285714,21.282660332541568,-0.02713978065330392,0.14285714285714285,0.19544672377293545,3612,10.0,20.0
v11_new_vs_drz,before,0.047098214285714285,21.232227488151658,0.0551278783685915,0.14285714285714285,0.1954663349047849,3606,10.0,20.0
v11_new_vs_drz,before,0.04720982142857143,21.182033096926716,0.056076927086156456,0.14285714285714285,0.1955651236363731,3576,10.0,20.0
v11_new_vs_drz,before,0.04732142857142857,21.132075471698116,0.0542885608266111,0.14285714285714285,0.19534294368347277,3644,10.0,20.0
v11_new_vs_drz,before,0.04743303571428571,21.08235294117647,0.024127483035375253,0.14285714285714285,0.19537522888070752,3634,10.0,20.0
v11_new_vs_drz,before,0.047544642857142855,21.03286384976526,0.028498529418958186,0.14285714285714285,0.19549912822785603,3596,10.0,20.0
v11_new_vs_drz,before,0.04765625,20.98360655737705,-0.043468243015299834,0.14285714285714285,0.19527876700452393,3664,10.0,20.0
v11_new_vs_drz,before,0.04776785714285714,20.93457943925234,-0.008187690081979934,0.14285714285714285,0.19536229896004664,3638,10.0,20.0
v11_new_vs_drz,before,0.04787946428571428,20.88578088578089,-0.005239764882910463,0.14285714285714285,0.1952532420597071,3672,10.0,20.0
v11_new_vs_drz,before,0.047991071428571425,20.837209302325583,0.0025886122508121936,0.14285714285714285,0.19534294368347277,3644,10.0,20.0
v11_new_vs_drz,before,0.04810267857142857,20.788863109048727,0.035071001103163385,0.14285714285714285,0.1950209946989822,3746,10.0,20.0
v11_new_vs_drz,before,0.04821428571428571,20.740740740740744,0.0017646225446379838,0.14285714285714285,0.19530437499553316,3656,10.0,20.0
v11_new_vs_drz,before,0.04832589285714286,20.69284064665127,0.004638173744144608,0.14285714285714285,0.19526599417946083,3668,10.0,20.0
v11_new_vs_drz,before,0.0484375,20.64516129032258,0.04870337471511524,0.14285714285714285,0.19493488938335007,3774,10.0,20.0
v11_new_vs_drz,before,0.048549107142857144,20.597701149425287,0.012167754865645137,0.14285714285714285,0.19539466351065476,3628,10.0,20.0
v11_new_vs_drz,before,0.048660714285714286,20.55045871559633,0.008323183200228007,0.14285714285714285,0.19489827749225433,3786,10.0,20.0
v11_new_vs_drz,before,0.04877232142857143,20.503432494279178,-0.017225600295843378,0.14285714285714285,0.19506440733704855,3732,10.0,20.0
v11_new_vs_drz,before,0.04888392857142857,20.45662100456621,0.0011189883372611854,0.14285714285714285,0.19518979008893414,3692,10.0,20.0
v11_new_vs_drz,before,0.048995535714285714,20.41002277904328,-0.03289032179714579,0.14285714285714285,0.19491046224945754,3782,10.0,20.0
v11_new_vs_drz,before,0.049107142857142856,20.363636363636363,-0.060472588385289926,0.14285714285714285,0.19500246310468877,3752,10.0,20.0
v11_new_vs_drz,before,0.04921875,20.317460317460316,-0.025404542087196745,0.14285714285714285,0.19499013318559666,3756,10.0,20.0
v11_new_vs_drz,before,0.04933035714285714,20.271493212669682,-0.011002128407145638,0.14285714285714285,0.1948739653457362,3794,10.0,20.0
v11_new_vs_drz,before,0.049441964285714284,20.225733634311513,0.012580306449585047,0.14285714285714285,0.19488003622703962,3792,10.0,20.0
v11_new_vs_drz,before,0.049553571428571426,20.18018018018018,0.018051001121075525,0.14285714285714285,0.19489219229404334,3788,10.0,20.0
v11_new_vs_drz,before,0.04966517857142857,20.134831460674157,0.00828881110994345,0.14285714285714285,0.1950209946989822,3746,10.0,20.0
v11_new_vs_drz,before,0.04977678571428571,20.08968609865471,-0.003024244137231465,0.14285714285714285,0.19475951592150462,3832,10.0,20.0
v11_new_vs_drz,before,0.04988839285714285,20.04474272930649,0.0017678516382749864,0.14285714285714285,0.19485578123579675,3800,10.0,20.0
v11_new_vs_drz,before,0.049999999999999996,20.0,-0.9829828701215916,0.14285714285714285,0.8417399583909729,2,10.0,20.0
v11_new_vs_drz,after,0.0,inf,0.9999970643739517,0.14285714285714285,0.7560610050770457,3,10.0,20.0
v11_new_vs_drz,after,0.00011160714285714285,8960.0,0.9999528480982983,0.14285714285714285,0.5160568456025979,12,10.0,20.0
v11_new_vs_drz,after,0.0002232142857142857,4480.0,0.9997858682905395,0.14285714285714285,0.43846389609946435,22,10.0,20.0
v11_new_vs_drz,after,0.0003348214285714286,2986.6666666666665,0.9999000865763431,0.14285714285714285,0.41192739958594665,28,10.0,20.0
v11_new_vs_drz,after,0.0004464285714285714,2240.0,0.9995850979089643,0.14285714285714285,0.37684928940895107,40,10.0,20.0
v11_new_vs_drz,after,0.0005580357142857143,1792.0,0.9998357367860486,0.14285714285714285,0.3572655453148874,50,10.0,20.0
v11_new_vs_drz,after,0.0006696428571428571,1493.3333333333333,0.9997377477427115,0.14285714285714285,0.3607189084162777,48,10.0,20.0
v11_new_vs_drz,after,0.0007812499999999999,1280.0,0.9991599864457874,0.14285714285714285,0.33301944154606616,68,10.0,20.0
v11_new_vs_drz,after,0.0008928571428571428,1120.0,0.9992178068640685,0.14285714285714285,0.3308883459615167,70,10.0,20.0
v11_new_vs_drz,after,0.0010044642857142856,995.5555555555557,0.9992588814990151,0.14285714285714285,0.32498105977643776,76,10.0,20.0
v11_new_vs_drz,after,0.0011160714285714285,896.0,0.9988318794865602,0.14285714285714285,0.3120228149867766,92,10.0,20.0
v11_new_vs_drz,after,0.0012276785714285714,814.5454545454546,0.9983688805083327,0.14285714285714285,0.30307454563671804,106,10.0,20.0
v11_new_vs_drz,after,0.0013392857142857143,746.6666666666666,0.998517740598405,0.14285714285714285,0.309276869488276,96,10.0,20.0
v11_new_vs_drz,after,0.0014508928571428572,689.2307692307692,0.9991251335985519,0.14285714285714285,0.297657677511583,116,10.0,20.0
v11_new_vs_drz,after,0.0015624999999999999,640.0,0.9989590779224798,0.14285714285714285,0.28942028891226607,134,10.0,20.0
v11_new_vs_drz,after,0.0016741071428571428,597.3333333333334,0.9969542034427883,0.14285714285714285,0.2956748612128594,120,10.0,20.0
v11_new_vs_drz,after,0.0017857142857142857,560.0,0.9982625023817682,0.14285714285714285,0.28476380812712476,146,10.0,20.0
v11_new_vs_drz,after,0.0018973214285714286,527.0588235294118,0.9977203964097577,0.14285714285714285,0.2812856424436456,156,10.0,20.0
v11_new_vs_drz,after,0.0020089285714285712,497.7777777777778,0.9993915597003897,0.14285714285714285,0.28702018719502587,140,10.0,20.0
v11_new_vs_drz,after,0.002120535714285714,471.5789473684211,0.9994035563912913,0.14285714285714285,0.2757709533720164,174,10.0,20.0
v11_new_vs_drz,after,0.002232142857142857,448.0,0.9996611900133127,0.14285714285714285,0.27520913338899333,176,10.0,20.0
v11_new_vs_drz,after,0.00234375,426.6666666666667,0.9996085437513073,0.14285714285714285,0.273051000260408,184,10.0,20.0
v11_new_vs_drz,after,0.002455357142857143,407.2727272727273,0.9994561439861137,0.14285714285714285,0.2705369635786124,194,10.0,20.0
v11_new_vs_drz,after,0.0025669642857142857,389.5652173913044,0.9996358888972181,0.14285714285714285,0.269116846861646,200,10.0,20.0
v11_new_vs_drz,after,0.0026785714285714286,373.3333333333333,0.999698768171914,0.14285714285714285,0.26731663903915925,208,10.0,20.0
v11_new_vs_drz,after,0.0027901785714285715,358.4,0.999470779585228,0.14285714285714285,0.2668822084027434,210,10.0,20.0
v11_new_vs_drz,after,0.0029017857142857144,344.6153846153846,0.9997459142435373,0.14285714285714285,0.26173150991010213,236,10.0,20.0
v11_new_vs_drz,after,0.003013392857142857,331.8518518518519,0.9996584520420911,0.14285714285714285,0.2632250986856457,228,10.0,20.0
v11_new_vs_drz,after,0.0031249999999999997,320.0,0.9993433953636172,0.14285714285714285,0.2613695641695868,238,10.0,20.0
v11_new_vs_drz,after,0.0032366071428571426,308.96551724137936,0.9994825318689458,0.14285714285714285,0.2576597972433477,260,10.0,20.0
v11_new_vs_drz,after,0.0033482142857142855,298.6666666666667,0.9987263160310432,0.14285714285714285,0.2586250244740691,254,10.0,20.0
v11_new_vs_drz,after,0.0034598214285714284,289.03225806451616,0.9988894976200463,0.14285714285714285,0.25523709705862524,276,10.0,20.0
v11_new_vs_drz,after,0.0035714285714285713,280.0,0.9982856168980632,0.14285714285714285,0.25582326430374547,272,10.0,20.0
v11_new_vs_drz,after,0.003683035714285714,271.5151515151515,0.9987788278844508,0.14285714285714285,0.2527449491574839,294,10.0,20.0
v11_new_vs_drz,after,0.003794642857142857,263.5294117647059,0.9991044757114933,0.14285714285714285,0.25410107451462977,284,10.0,20.0
v11_new_vs_drz,after,0.00390625,256.0,0.9972159369087379,0.14285714285714285,0.2514544516681247,304,10.0,20.0
v11_new_vs_drz,after,0.0040178571428571425,248.8888888888889,0.9976017315587106,0.14285714285714285,0.24928083583453234,322,10.0,20.0
v11_new_vs_drz,after,0.004129464285714286,242.16216216216216,0.9978310021350526,0.14285714285714285,0.2514544516681247,304,10.0,20.0
v11_new_vs_drz,after,0.004241071428571428,235.78947368421055,0.9964473888717694,0.14285714285714285,0.24905026945843273,324,10.0,20.0
v11_new_vs_drz,after,0.004352678571428572,229.74358974358972,0.9953944741580699,0.14285714285714285,0.24582376798178943,354,10.0,20.0
v11_new_vs_drz,after,0.004464285714285714,224.0,0.9979282187757356,0.14285714285714285,0.24770924671322134,336,10.0,20.0
v11_new_vs_drz,after,0.004575892857142857,218.53658536585365,0.9946086127052699,0.14285714285714285,0.24643640318775006,348,10.0,20.0
v11_new_vs_drz,after,0.0046875,213.33333333333334,0.9925648645062273,0.14285714285714285,0.24426173259637654,370,10.0,20.0
v11_new_vs_drz,after,0.004799107142857142,208.37209302325584,0.9963775655670708,0.14285714285714285,0.24407341871811294,372,10.0,20.0
v11_new_vs_drz,after,0.004910714285714286,203.63636363636365,0.9964990372184502,0.14285714285714285,0.24388657961491628,374,10.0,20.0
v11_new_vs_drz,after,0.005022321428571428,199.11111111111114,0.9968276807055254,0.14285714285714285,0.24124866466885456,404,10.0,20.0
v11_new_vs_drz,after,0.005133928571428571,194.7826086956522,0.9982946239531147,0.14285714285714285,0.24226832878047586,392,10.0,20.0
v11_new_vs_drz,after,0.005245535714285714,190.63829787234044,0.9983740928371224,0.14285714285714285,0.2427954615022515,386,10.0,20.0
v11_new_vs_drz,after,0.005357142857142857,186.66666666666666,0.9977698307341826,0.14285714285714285,0.23964416299559071,424,10.0,20.0
v11_new_vs_drz,after,0.00546875,182.85714285714286,0.9967537423937652,0.14285714285714285,0.24027239659586974,416,10.0,20.0
v11_new_vs_drz,after,0.005580357142857143,179.2,0.9950875567727694,0.14285714285714285,0.2388828626474958,434,10.0,20.0
v11_new_vs_drz,after,0.0056919642857142854,175.68627450980392,0.9963955065310737,0.14285714285714285,0.2384383044776066,440,10.0,20.0
v11_new_vs_drz,after,0.005803571428571429,172.3076923076923,0.9976587837199805,0.14285714285714285,0.23757528612232023,452,10.0,20.0
v11_new_vs_drz,after,0.005915178571428571,169.05660377358492,0.9961313797167495,0.14285714285714285,0.23688135961430892,462,10.0,20.0
v11_new_vs_drz,after,0.006026785714285714,165.92592592592595,0.9966987330283695,0.14285714285714285,0.23785919155913984,448,10.0,20.0
v11_new_vs_drz,after,0.006138392857142857,162.9090909090909,0.9967985525136763,0.14285714285714285,0.23517586182327832,488,10.0,20.0
v11_new_vs_drz,after,0.0062499999999999995,160.0,0.9981131686183686,0.14285714285714285,0.23607716377209612,474,10.0,20.0
v11_new_vs_drz,after,0.006361607142857143,157.19298245614036,0.9981372491798037,0.14285714285714285,0.23568617177506457,480,10.0,20.0
v11_new_vs_drz,after,0.006473214285714285,154.48275862068968,0.9971129133779189,0.14285714285714285,0.23359868826190747,514,10.0,20.0
v11_new_vs_drz,after,0.006584821428571429,151.864406779661,0.9949383215770529,0.14285714285714285,0.23348222347930858,516,10.0,20.0
v11_new_vs_drz,after,0.006696428571428571,149.33333333333334,0.9964669754058463,0.14285714285714285,0.23467767886949623,496,10.0,20.0
v11_new_vs_drz,after,0.006808035714285714,146.88524590163934,0.9970462335207205,0.14285714285714285,0.23246304055541317,534,10.0,20.0
v11_new_vs_drz,after,0.006919642857142857,144.51612903225808,0.997897443931218,0.14285714285714285,0.23191835858106052,544,10.0,20.0
v11_new_vs_drz,after,0.00703125,142.22222222222223,0.997993483819269,0.14285714285714285,0.23348222347930858,516,10.0,20.0
v11_new_vs_drz,after,0.007142857142857143,140.0,0.9978655453792736,0.14285714285714285,0.23118003674182988,558,10.0,20.0
v11_new_vs_drz,after,0.007254464285714285,137.84615384615387,0.9985751278796529,0.14285714285714285,0.23066911942921098,568,10.0,20.0
v11_new_vs_drz,after,0.007366071428571428,135.75757575757575,0.9989700611991476,0.14285714285714285,0.23257377696061368,532,10.0,20.0
v11_new_vs_drz,after,0.007477678571428571,133.7313432835821,0.9977585755958672,0.14285714285714285,0.22865956785210217,610,10.0,20.0
v11_new_vs_drz,after,0.007589285714285714,131.76470588235296,0.9958833187618795,0.14285714285714285,0.2300731936178756,580,10.0,20.0
v11_new_vs_drz,after,0.007700892857142857,129.85507246376812,0.9977075911902616,0.14285714285714285,0.22987856279938831,584,10.0,20.0
v11_new_vs_drz,after,0.0078125,128.0,0.9964639693149889,0.14285714285714285,0.22847879956174852,614,10.0,20.0
v11_new_vs_drz,after,0.007924107142857142,126.19718309859155,0.9970116731515634,0.14285714285714285,0.22856896654528058,612,10.0,20.0
v11_new_vs_drz,after,0.008035714285714285,124.44444444444446,0.9970403772304591,0.14285714285714285,0.22794672665157004,626,10.0,20.0
v11_new_vs_drz,after,0.008147321428571429,122.73972602739725,0.9960275457603311,0.14285714285714285,0.22856896654528058,612,10.0,20.0
v11_new_vs_drz,after,0.008258928571428572,121.08108108108108,0.9973270767405612,0.14285714285714285,0.22751466188342373,636,10.0,20.0
v11_new_vs_drz,after,0.008370535714285714,119.46666666666667,0.9970191783925914,0.14285714285714285,0.22709247611069447,646,10.0,20.0
v11_new_vs_drz,after,0.008482142857142856,117.89473684210527,0.9982313501829286,0.14285714285714285,0.2270091913293758,648,10.0,20.0
v11_new_vs_drz,after,0.008593749999999999,116.36363636363637,0.9973854718021182,0.14285714285714285,0.22684375089361272,652,10.0,20.0
v11_new_vs_drz,after,0.008705357142857143,114.87179487179486,0.9968773474735866,0.14285714285714285,0.22580365493397495,678,10.0,20.0
v11_new_vs_drz,after,0.008816964285714286,113.41772151898735,0.9968387338261997,0.14285714285714285,0.22572608133433805,680,10.0,20.0
v11_new_vs_drz,after,0.008928571428571428,112.0,0.9966486742561314,0.14285714285714285,0.22572608133433805,680,10.0,20.0
v11_new_vs_drz,after,0.00904017857142857,110.61728395061729,0.9953062139791604,0.14285714285714285,0.2247472633332211,706,10.0,20.0
v11_new_vs_drz,after,0.009151785714285715,109.26829268292683,0.9952605209627411,0.14285714285714285,0.2252675931499613,692,10.0,20.0
v11_new_vs_drz,after,0.009263392857142857,107.95180722891567,0.9942326753246015,0.14285714285714285,0.22511735629687746,696,10.0,20.0
v11_new_vs_drz,after,0.009375,106.66666666666667,0.9951647319406691,0.14285714285714285,0.22347634762040358,742,10.0,20.0
v11_new_vs_drz,after,0.009486607142857142,105.41176470588236,0.9954873262345473,0.14285714285714285,0.22467416992987052,708,10.0,20.0
v11_new_vs_drz,after,0.009598214285714285,104.18604651162792,0.995302352353527,0.14285714285714285,0.22280884262303868,762,10.0,20.0
v11_new_vs_drz,after,0.009709821428571429,102.98850574712644,0.990108936278229,0.14285714285714285,0.22368179007692848,736,10.0,20.0
v11_new_vs_drz,after,0.009821428571428571,101.81818181818183,0.9867353156983036,0.14285714285714285,0.22287442635809016,760,10.0,20.0
v11_new_vs_drz,after,0.009933035714285714,100.67415730337079,0.9932602711656943,0.14285714285714285,0.22229315058834048,778,10.0,20.0
v11_new_vs_drz,after,0.010044642857142856,99.55555555555557,0.9947087374803302,0.14285714285714285,0.22261360373636063,768,10.0,20.0
v11_new_vs_drz,after,0.01015625,98.46153846153845,0.9925774720121845,0.14285714285714285,0.22287442635809016,760,10.0,20.0
v11_new_vs_drz,after,0.010267857142857143,97.3913043478261,0.9901331292089668,0.14285714285714285,0.22191652760781277,790,10.0,20.0
v11_new_vs_drz,after,0.010379464285714285,96.34408602150538,0.9902382908066432,0.14285714285714285,0.2212474895498582,812,10.0,20.0
v11_new_vs_drz,after,0.010491071428571428,95.31914893617022,0.9921998988414089,0.14285714285714285,0.2214876516950723,804,10.0,20.0
v11_new_vs_drz,after,0.010602678571428572,94.3157894736842,0.9909694462962304,0.14285714285714285,0.22130720212890542,810,10.0,20.0
v11_new_vs_drz,after,0.010714285714285714,93.33333333333333,0.9920482811979888,0.14285714285714285,0.2206620549790673,832,10.0,20.0
v11_new_vs_drz,after,0.010825892857142857,92.37113402061856,0.9914531342649422,0.14285714285714285,0.2216090580540805,800,10.0,20.0
v11_new_vs_drz,after,0.0109375,91.42857142857143,0.9928462204656004,0.14285714285714285,0.2198217694523472,862,10.0,20.0
v11_new_vs_drz,after,0.011049107142857142,90.50505050505052,0.9927599979119434,0.14285714285714285,0.22020844574520457,848,10.0,20.0
v11_new_vs_drz,after,0.011160714285714286,89.6,0.9874767661431924,0.14285714285714285,0.21928516426814687,882,10.0,20.0
v11_new_vs_drz,after,0.011272321428571428,88.71287128712872,0.9807248901745081,0.14285714285714285,0.22077747178815657,828,10.0,20.0
v11_new_vs_drz,after,0.011383928571428571,87.84313725490196,0.9828123285304247,0.14285714285714285,0.21955119748619267,872,10.0,20.0
v11_new_vs_drz,after,0.011495535714285713,86.99029126213593,0.9838323513983419,0.14285714285714285,0.21856336410973248,910,10.0,20.0
v11_new_vs_drz,after,0.011607142857142858,86.15384615384615,0.9835006216752046,0.14285714285714285,0.21965887440375706,868,10.0,20.0
v11_new_vs_drz,after,0.01171875,85.33333333333333,0.9812627051783755,0.14285714285714285,0.21902354389357315,892,10.0,20.0
v11_new_vs_drz,after,0.011830357142857142,84.52830188679246,0.980738487746378,0.14285714285714285,0.2181654494608149,926,10.0,20.0
v11_new_vs_drz,after,0.011941964285714285,83.73831775700936,0.977430891315276,0.14285714285714285,0.21841294458748992,916,10.0,20.0
v11_new_vs_drz,after,0.012053571428571427,82.96296296296298,0.9884715118294808,0.14285714285714285,0.21851306204381743,912,10.0,20.0
v11_new_vs_drz,after,0.012165178571428572,82.20183486238533,0.9908391825638664,0.14285714285714285,0.21758723335053728,950,10.0,20.0
v11_new_vs_drz,after,0.012276785714285714,81.45454545454545,0.9906790620055483,0.14285714285714285,0.21744603829804665,956,10.0,20.0
v11_new_vs_drz,after,0.012388392857142856,80.72072072072072,0.9900293658589691,0.14285714285714285,0.21861382957564643,908,10.0,20.0
v11_new_vs_drz,after,0.012499999999999999,80.0,0.9864232796296998,0.14285714285714285,0.21675920204107632,986,10.0,20.0
v11_new_vs_drz,after,0.012611607142857143,79.29203539823008,0.9872903777608512,0.14285714285714285,0.21725980028494588,964,10.0,20.0
v11_new_vs_drz,after,0.012723214285714286,78.59649122807018,0.9852914386181306,0.14285714285714285,0.21721359693608783,966,10.0,20.0
v11_new_vs_drz,after,0.012834821428571428,77.91304347826087,0.9774165897277928,0.14285714285714285,0.21644914346158642,1000,10.0,20.0
v11_new_vs_drz,after,0.01294642857142857,77.24137931034484,0.979818070462756,0.14285714285714285,0.21653707458648785,996,10.0,20.0
v11_new_vs_drz,after,0.013058035714285715,76.58119658119658,0.9825186061662945,0.14285714285714285,0.21649304397049488,998,10.0,20.0
v11_new_vs_drz,after,0.013169642857142857,75.9322033898305,0.9857910013507465,0.14285714285714285,0.21610254718236965,1016,10.0,20.0
v11_new_vs_drz,after,0.01328125,75.29411764705883,0.9862878453926474,0.14285714285714285,0.21618843703925994,1012,10.0,20.0
v11_new_vs_drz,after,0.013392857142857142,74.66666666666667,0.9754972751353592,0.14285714285714285,0.21605978929178232,1018,10.0,20.0
v11_new_vs_drz,after,0.013504464285714285,74.04958677685951,0.9793532596190132,0.14285714285714285,0.21551499634696136,1044,10.0,20.0
v11_new_vs_drz,after,0.013616071428571429,73.44262295081967,0.9840511715634205,0.14285714285714285,0.21568047213382657,1036,10.0,20.0
v11_new_vs_drz,after,0.013727678571428571,72.84552845528455,0.9712968539193667,0.14285714285714285,0.21498988471428435,1070,10.0,20.0
v11_new_vs_drz,after,0.013839285714285714,72.25806451612904,0.9717831745410183,0.14285714285714285,0.21543295911437524,1048,10.0,20.0
v11_new_vs_drz,after,0.013950892857142856,71.68,0.9563272669446514,0.14285714285714285,0.2148713755575323,1076,10.0,20.0
v11_new_vs_drz,after,0.0140625,71.11111111111111,0.970838765903044,0.14285714285714285,0.21475383879638116,1082,10.0,20.0
v11_new_vs_drz,after,0.014174107142857143,70.55118110236221,0.9816551785480812,0.14285714285714285,0.21471487366377726,1084,10.0,20.0
v11_new_vs_drz,after,0.014285714285714285,70.0,0.9823098468843078,0.14285714285714285,0.21459861283869502,1090,10.0,20.0
v11_new_vs_drz,after,0.014397321428571428,69.45736434108528,0.9789023278687379,0.14285714285714285,0.21425543086377571,1108,10.0,20.0
v11_new_vs_drz,after,0.01450892857142857,68.92307692307693,0.9513566455689385,0.14285714285714285,0.21456006915830092,1092,10.0,20.0
v11_new_vs_drz,after,0.014620535714285714,68.3969465648855,0.9542974815341971,0.14285714285714285,0.21355728664025345,1146,10.0,20.0
v11_new_vs_drz,after,0.014732142857142857,67.87878787878788,0.975592413489843,0.14285714285714285,0.21366522853675965,1140,10.0,20.0
v11_new_vs_drz,after,0.01484375,67.36842105263158,0.9626126231034611,0.14285714285714285,0.2143309783773013,1104,10.0,20.0
v11_new_vs_drz,after,0.014955357142857142,66.86567164179105,0.9551351141284897,0.14285714285714285,0.21279046829950965,1190,10.0,20.0
v11_new_vs_drz,after,0.015066964285714286,66.37037037037037,0.969990934612948,0.14285714285714285,0.21373765748018866,1136,10.0,20.0
v11_new_vs_drz,after,0.015178571428571428,65.88235294117648,0.9635672484773854,0.14285714285714285,0.21352149146774207,1148,10.0,20.0
v11_new_vs_drz,after,0.015290178571428571,65.4014598540146,0.9556569018536735,0.14285714285714285,0.21285843635360488,1186,10.0,20.0
v11_new_vs_drz,after,0.015401785714285713,64.92753623188406,0.9527357049204586,0.14285714285714285,0.21282441002983377,1188,10.0,20.0
v11_new_vs_drz,after,0.015513392857142856,64.46043165467627,0.9611165087288103,0.14285714285714285,0.21337922749072738,1156,10.0,20.0
v11_new_vs_drz,after,0.015625,64.0,0.9596572689497525,0.14285714285714285,0.212000361835817,1238,10.0,20.0
v11_new_vs_drz,after,0.015736607142857142,63.54609929078014,0.9819419514097765,0.14285714285714285,0.2124887421904062,1208,10.0,20.0
v11_new_vs_drz,after,0.015848214285714285,63.098591549295776,0.9846736549197291,0.14285714285714285,0.2127228372174348,1194,10.0,20.0
v11_new_vs_drz,after,0.015959821428571427,62.65734265734266,0.982487897633327,0.14285714285714285,0.2120323741059451,1236,10.0,20.0
v11_new_vs_drz,after,0.01607142857142857,62.22222222222223,0.9740192431355513,0.14285714285714285,0.2120323741059451,1236,10.0,20.0
v11_new_vs_drz,after,0.016183035714285712,61.79310344827587,0.9515552071823966,0.14285714285714285,0.21187307369980893,1246,10.0,20.0
v11_new_vs_drz,after,0.016294642857142858,61.36986301369863,0.9507294942528179,0.14285714285714285,0.21216119331021152,1228,10.0,20.0
v11_new_vs_drz,after,0.01640625,60.95238095238095,0.9356586406659811,0.14285714285714285,0.21159104545450594,1264,10.0,20.0
v11_new_vs_drz,after,0.016517857142857143,60.54054054054054,0.916278315662407,0.14285714285714285,0.21149835269259598,1270,10.0,20.0
v11_new_vs_drz,after,0.016629464285714286,60.13422818791946,0.9349346224959939,0.14285714285714285,0.21177839816474361,1252,10.0,20.0
v11_new_vs_drz,after,0.016741071428571428,59.733333333333334,0.9142169056941344,0.14285714285714285,0.21134529561252643,1280,10.0,20.0
v11_new_vs_drz,after,0.01685267857142857,59.337748344370866,0.9389323098465736,0.14285714285714285,0.21054834880675766,1334,10.0,20.0
v11_new_vs_drz,after,0.016964285714285713,58.94736842105264,0.9652675611757683,0.14285714285714285,0.21159104545450594,1264,10.0,20.0
v11_new_vs_drz,after,0.017075892857142855,58.56209150326798,0.9756557105832081,0.14285714285714285,0.21080861501660042,1316,10.0,20.0
v11_new_vs_drz,after,0.017187499999999998,58.18181818181819,0.9725233574018715,0.14285714285714285,0.2104912166657718,1338,10.0,20.0
v11_new_vs_drz,after,0.017299107142857144,57.806451612903224,0.9597598109161133,0.14285714285714285,0.2112241179090306,1288,10.0,20.0
v11_new_vs_drz,after,0.017410714285714286,57.43589743589743,0.9466111878153562,0.14285714285714285,0.21009825045931166,1366,10.0,20.0
v11_new_vs_drz,after,0.01752232142857143,57.07006369426752,0.9738103060198046,0.14285714285714285,0.21034948559464076,1348,10.0,20.0
v11_new_vs_drz,after,0.01763392857142857,56.708860759493675,0.93656266756365,0.14285714285714285,0.21046274528313325,1340,10.0,20.0
v11_new_vs_drz,after,0.017745535714285714,56.35220125786164,0.9025363797184993,0.14285714285714285,0.2102651915533084,1354,10.0,20.0
v11_new_vs_drz,after,0.017857142857142856,56.0,0.9055742963913759,0.14285714285714285,0.20979775932161346,1388,10.0,20.0
v11_new_vs_drz,after,0.01796875,55.652173913043484,0.9432166366986844,0.14285714285714285,0.21001559151209073,1372,10.0,20.0
v11_new_vs_drz,after,0.01808035714285714,55.308641975308646,0.9472613230279241,0.14285714285714285,0.20993346585157174,1378,10.0,20.0
v11_new_vs_drz,after,0.018191964285714284,54.96932515337424,0.9378799200214042,0.14285714285714285,0.20969023176701643,1396,10.0,20.0
v11_new_vs_drz,after,0.01830357142857143,54.63414634146341,0.932127463577365,0.14285714285714285,0.20974388120426476,1392,10.0,20.0
v11_new_vs_drz,after,0.018415178571428572,54.303030303030305,0.9392456476292198,0.14285714285714285,0.20924322011539456,1430,10.0,20.0
v11_new_vs_drz,after,0.018526785714285714,53.975903614457835,0.9086854793746243,0.14285714285714285,0.20937304795788578,1420,10.0,20.0
v11_new_vs_drz,after,0.018638392857142857,53.65269461077845,0.8868197937588268,0.14285714285714285,0.20958361247909307,1404,10.0,20.0
v11_new_vs_drz,after,0.01875,53.333333333333336,0.908523466754926,0.14285714285714285,0.20908918974285123,1442,10.0,20.0
v11_new_vs_drz,after,0.018861607142857142,53.01775147928994,0.9125960734108439,0.14285714285714285,0.2091147294392002,1440,10.0,20.0
v11_new_vs_drz,after,0.018973214285714284,52.70588235294118,0.92853970936649,0.14285714285714285,0.20878674915614567,1466,10.0,20.0
v11_new_vs_drz,after,0.019084821428571427,52.397660818713454,0.808752540413374,0.14285714285714285,0.20896227354363328,1452,10.0,20.0
v11_new_vs_drz,after,0.01919642857142857,52.09302325581396,0.8557436037579816,0.14285714285714285,0.20861368932701757,1480,10.0,20.0
v11_new_vs_drz,after,0.019308035714285715,51.79190751445086,0.8382879437099369,0.14285714285714285,0.20849155226945118,1490,10.0,20.0
v11_new_vs_drz,after,0.019419642857142858,51.49425287356322,0.8843326943524743,0.14285714285714285,0.20886166870324252,1460,10.0,20.0
v11_new_vs_drz,after,0.01953125,51.2,0.8979139342901908,0.14285714285714285,0.20832258514572422,1504,10.0,20.0
v11_new_vs_drz,after,0.019642857142857142,50.909090909090914,0.8376588385065621,0.14285714285714285,0.20820331375489703,1514,10.0,20.0
v11_new_vs_drz,after,0.019754464285714285,50.621468926553675,0.8343388998046167,0.14285714285714285,0.2080852033992908,1524,10.0,20.0
v11_new_vs_drz,after,0.019866071428571427,50.337078651685395,0.8258037247743499,0.14285714285714285,0.20822707454226386,1512,10.0,20.0
v11_new_vs_drz,after,0.01997767857142857,50.05586592178771,0.8429425847944756,0.14285714285714285,0.2076466470245122,1562,10.0,20.0
v11_new_vs_drz,after,0.020089285714285712,49.777777777777786,0.8654338210919994,0.14285714285714285,0.20817959940754727,1516,10.0,20.0
v11_new_vs_drz,after,0.020200892857142858,49.50276243093922,0.9184531728918706,0.14285714285714285,0.20817959940754727,1516,10.0,20.0
v11_new_vs_drz,after,0.0203125,49.230769230769226,0.9149564870272473,0.14285714285714285,0.2071581805789342,1606,10.0,20.0
v11_new_vs_drz,after,0.020424107142857143,48.96174863387978,0.877608504105658,0.14285714285714285,0.2078523911652866,1544,10.0,20.0
v11_new_vs_drz,after,0.020535714285714286,48.69565217391305,0.9050725797367872,0.14285714285714285,0.20751142498562736,1574,10.0,20.0
v11_new_vs_drz,after,0.020647321428571428,48.432432432432435,0.9581790503556975,0.14285714285714285,0.207311430402214,1592,10.0,20.0
v11_new_vs_drz,after,0.02075892857142857,48.17204301075269,0.9591785438965137,0.14285714285714285,0.20766933369874285,1560,10.0,20.0
v11_new_vs_drz,after,0.020870535714285713,47.9144385026738,0.9319849610602178,0.14285714285714285,0.2072455083727941,1598,10.0,20.0
v11_new_vs_drz,after,0.020982142857142855,47.65957446808511,0.8817787639698033,0.14285714285714285,0.20679410702631273,1640,10.0,20.0
v11_new_vs_drz,after,0.021093749999999998,47.40740740740741,0.9153766524863823,0.14285714285714285,0.2070931065498322,1612,10.0,20.0
v11_new_vs_drz,after,0.021205357142857144,47.1578947368421,0.8995877631817929,0.14285714285714285,0.20733348626347292,1590,10.0,20.0
v11_new_vs_drz,after,0.021316964285714286,46.910994764397905,0.8774436543529568,0.14285714285714285,0.2068363565335541,1636,10.0,20.0
v11_new_vs_drz,after,0.02142857142857143,46.666666666666664,0.873127961372245,0.14285714285714285,0.20646152179686691,1672,10.0,20.0
v11_new_vs_drz,after,0.02154017857142857,46.424870466321245,0.9101413203274491,0.14285714285714285,0.20677303948480721,1642,10.0,20.0
v11_new_vs_drz,after,0.021651785714285714,46.18556701030928,0.9392785489616,0.14285714285714285,0.20654377883697478,1664,10.0,20.0
v11_new_vs_drz,after,0.021763392857142856,45.94871794871795,0.9429315159564008,0.14285714285714285,0.2069213164900138,1628,10.0,20.0
v11_new_vs_drz,after,0.021875,45.714285714285715,0.9375993584121343,0.14285714285714285,0.20615817865004304,1702,10.0,20.0
v11_new_vs_drz,after,0.02198660714285714,45.48223350253807,0.9608408150024336,0.14285714285714285,0.2063798459329584,1680,10.0,20.0
v11_new_vs_drz,after,0.022098214285714284,45.25252525252526,0.9392520713387033,0.14285714285714285,0.20607862228912602,1710,10.0,20.0
v11_new_vs_drz,after,0.02220982142857143,45.0251256281407,0.9124347970684406,0.14285714285714285,0.2060193161196826,1716,10.0,20.0
v11_new_vs_drz,after,0.022321428571428572,44.8,0.8947208095416482,0.14285714285714285,0.2064206116472992,1676,10.0,20.0
v11_new_vs_drz,after,0.022433035714285714,44.5771144278607,0.8653768668723206,0.14285714285714285,0.20568896146044316,1750,10.0,20.0
v11_new_vs_drz,after,0.022544642857142857,44.35643564356436,0.8961905897580349,0.14285714285714285,0.20586265784981742,1732,10.0,20.0
v11_new_vs_drz,after,0.02265625,44.13793103448276,0.9029113642991552,0.14285714285714285,0.20625840693654623,1692,10.0,20.0
v11_new_vs_drz,after,0.022767857142857142,43.92156862745098,0.8975410806777386,0.14285714285714285,0.20561261066388095,1758,10.0,20.0
v11_new_vs_drz,after,0.022879464285714284,43.707317073170735,0.8997037412872337,0.14285714285714285,0.20563165001517575,1756,10.0,20.0
v11_new_vs_drz,after,0.022991071428571427,43.49514563106796,0.8874886450622751,0.14285714285714285,0.2059799491398533,1720,10.0,20.0
v11_new_vs_drz,after,0.02310267857142857,43.28502415458938,0.9286250597017038,0.14285714285714285,0.2050559530372921,1818,10.0,20.0
v11_new_vs_drz,after,0.023214285714285715,43.07692307692307,0.9469007455119444,0.14285714285714285,0.20529377749698421,1792,10.0,20.0
v11_new_vs_drz,after,0.023325892857142858,42.87081339712918,0.9390744851927557,0.14285714285714285,0.20578513067261447,1740,10.0,20.0
v11_new_vs_drz,after,0.0234375,42.666666666666664,0.9425770593094264,0.14285714285714285,0.2049478815407546,1830,10.0,20.0
v11_new_vs_drz,after,0.023549107142857142,42.464454976303315,0.8915593643561297,0.14285714285714285,0.2053308201973659,1788,10.0,20.0
v11_new_vs_drz,after,0.023660714285714285,42.26415094339623,0.9056083954520261,0.14285714285714285,0.2051650873580342,1806,10.0,20.0
v11_new_vs_drz,after,0.023772321428571427,42.06572769953052,0.8981980388261943,0.14285714285714285,0.20500178551890139,1824,10.0,20.0
v11_new_vs_drz,after,0.02388392857142857,41.86915887850468,0.8396142434726223,0.14285714285714285,0.2050378677827802,1820,10.0,20.0
v11_new_vs_drz,after,0.023995535714285712,41.674418604651166,0.8519854864476409,0.14285714285714285,0.20473485868990474,1854,10.0,20.0
v11_new_vs_drz,after,0.024107142857142855,41.48148148148149,0.8673759827465555,0.14285714285714285,0.20489423896779435,1836,10.0,20.0
v11_new_vs_drz,after,0.02421875,41.29032258064516,0.8466202597866712,0.14285714285714285,0.20482311852246032,1844,10.0,20.0
v11_new_vs_drz,after,0.024330357142857143,41.10091743119266,0.809494696126672,0.14285714285714285,0.20428703415014268,1906,10.0,20.0
v11_new_vs_drz,after,0.024441964285714286,40.91324200913242,0.838710637995509,0.14285714285714285,0.20485862143419345,1840,10.0,20.0
v11_new_vs_drz,after,0.024553571428571428,40.72727272727273,0.8614186187458982,0.14285714285714285,0.20443997892001115,1888,10.0,20.0
v11_new_vs_drz,after,0.02466517857142857,40.542986425339365,0.8988190145325785,0.14285714285714285,0.20432083629059994,1902,10.0,20.0
v11_new_vs_drz,after,0.024776785714285713,40.36036036036036,0.9300698455335391,0.14285714285714285,0.20478772961770136,1848,10.0,20.0
v11_new_vs_drz,after,0.024888392857142855,40.17937219730942,0.9438802199030621,0.14285714285714285,0.20406985646203774,1932,10.0,20.0
v11_new_vs_drz,after,0.024999999999999998,40.0,0.8430850693774548,0.14285714285714285,0.20405333008241125,1934,10.0,20.0
v11_new_vs_drz,after,0.02511160714285714,39.82222222222222,0.8514763226906027,0.14285714285714285,0.20443997892001115,1888,10.0,20.0
v11_new_vs_drz,after,0.025223214285714286,39.64601769911504,0.8199122807529068,0.14285714285714285,0.20395470143415717,1946,10.0,20.0
v11_new_vs_drz,after,0.02533482142857143,39.47136563876652,0.8096409532491216,0.14285714285714285,0.20380843789404254,1964,10.0,20.0
v11_new_vs_drz,after,0.02544642857142857,39.29824561403509,0.8274632422931429,0.14285714285714285,0.20397107681264137,1944,10.0,20.0
v11_new_vs_drz,after,0.025558035714285714,39.12663755458515,0.8325107649192189,0.14285714285714285,0.2038245910506852,1962,10.0,20.0
v11_new_vs_drz,after,0.025669642857142856,38.95652173913044,0.853885714089008,0.14285714285714285,0.20368008519926165,1980,10.0,20.0
v11_new_vs_drz,after,0.02578125,38.78787878787879,0.8631026910824496,0.14285714285714285,0.20406985646203774,1932,10.0,20.0
v11_new_vs_drz,after,0.02589285714285714,38.62068965517242,0.9079663670268776,0.14285714285714285,0.20360064332422378,1990,10.0,20.0
v11_new_vs_drz,after,0.026004464285714284,38.4549356223176,0.9078000241603144,0.14285714285714285,0.20345912978831718,2008,10.0,20.0
v11_new_vs_drz,after,0.02611607142857143,38.29059829059829,0.906092024539786,0.14285714285714285,0.20380843789404254,1964,10.0,20.0
v11_new_vs_drz,after,0.026227678571428572,38.12765957446808,0.8658823416090038,0.14285714285714285,0.20335035825347117,2022,10.0,20.0
v11_new_vs_drz,after,0.026339285714285714,37.96610169491525,0.8945878345159997,0.14285714285714285,0.20333491064606968,2024,10.0,20.0
v11_new_vs_drz,after,0.026450892857142857,37.80590717299578,0.9192780200420774,0.14285714285714285,0.20333491064606968,2024,10.0,20.0
v11_new_vs_drz,after,0.0265625,37.64705882352941,0.9184733281687355,0.14285714285714285,0.20338132157581876,2018,10.0,20.0
v11_new_vs_drz,after,0.026674107142857142,37.48953974895397,0.8963900339430747,0.14285714285714285,0.2030306380195964,2064,10.0,20.0
v11_new_vs_drz,after,0.026785714285714284,37.333333333333336,0.9131791657843527,0.14285714285714285,0.2030156542404139,2066,10.0,20.0
v11_new_vs_drz,after,0.026897321428571427,37.178423236514526,0.9187299448300834,0.14285714285714285,0.20352179142430754,2000,10.0,20.0
v11_new_vs_drz,after,0.02700892857142857,37.02479338842976,0.9255798865786344,0.14285714285714285,0.20276417883135758,2100,10.0,20.0
v11_new_vs_drz,after,0.027120535714285715,36.87242798353909,0.879742357785073,0.14285714285714285,0.20280811620931277,2094,10.0,20.0
v11_new_vs_drz,after,0.027232142857142858,36.721311475409834,0.8249417527345723,0.14285714285714285,0.20294105689975392,2076,10.0,20.0
v11_new_vs_drz,after,0.02734375,36.57142857142857,0.8884348815937076,0.14285714285714285,0.20285224078709876,2088,10.0,20.0
v11_new_vs_drz,after,0.027455357142857142,36.422764227642276,0.8435642023810886,0.14285714285714285,0.20251867322781997,2134,10.0,20.0
v11_new_vs_drz,after,0.027566964285714285,36.2753036437247,0.89719669654517,0.14285714285714285,0.20276417883135758,2100,10.0,20.0
v11_new_vs_drz,after,0.027678571428571427,36.12903225806452,0.8994268721428013,0.14285714285714285,0.20282280353622323,2092,10.0,20.0
v11_new_vs_drz,after,0.02779017857142857,35.98393574297189,0.8224199007658183,0.14285714285714285,0.2024051399747265,2150,10.0,20.0
v11_new_vs_drz,after,0.027901785714285712,35.84,0.8101390936635305,0.14285714285714285,0.2023910364655755,2152,10.0,20.0
v11_new_vs_drz,after,0.028013392857142855,35.69721115537849,0.8970047265074803,0.14285714285714285,0.20294105689975392,2076,10.0,20.0
v11_new_vs_drz,after,0.028125,35.55555555555556,0.9276970675756662,0.14285714285714285,0.20199031257847036,2210,10.0,20.0
v11_new_vs_drz,after,0.028236607142857143,35.41501976284585,0.901074062738881,0.14285714285714285,0.20256157441371295,2128,10.0,20.0
v11_new_vs_drz,after,0.028348214285714286,35.275590551181104,0.8922293642007145,0.14285714285714285,0.20220944357269727,2178,10.0,20.0
v11_new_vs_drz,after,0.028459821428571428,35.13725490196079,0.8986837629388305,0.14285714285714285,0.2020038700244288,2208,10.0,20.0
v11_new_vs_drz,after,0.02857142857142857,35.0,0.9026810298361647,0.14285714285714285,0.20227890442236768,2168,10.0,20.0
v11_new_vs_drz,after,0.028683035714285713,34.86381322957199,0.870231626381647,0.14285714285714285,0.20209928513740544,2194,10.0,20.0
v11_new_vs_drz,after,0.028794642857142855,34.72868217054264,0.8584980508755528,0.14285714285714285,0.20219560817884408,2180,10.0,20.0
v11_new_vs_drz,after,0.028906249999999998,34.5945945945946,0.8300705050117407,0.14285714285714285,0.2018157070765534,2236,10.0,20.0
v11_new_vs_drz,after,0.02901785714285714,34.46153846153847,0.8466552762154744,0.14285714285714285,0.20212671273157043,2190,10.0,20.0
v11_new_vs_drz,after,0.029129464285714286,34.32950191570881,0.8256194569786585,0.14285714285714285,0.20165718663427828,2260,10.0,20.0
v11_new_vs_drz,after,0.02924107142857143,34.19847328244275,0.7804075849779842,0.14285714285714285,0.20197677333037697,2212,10.0,20.0
v11_new_vs_drz,after,0.02935267857142857,34.06844106463878,0.6199241116266823,0.14285714285714285,0.20148825195988218,2286,10.0,20.0
v11_new_vs_drz,after,0.029464285714285714,33.93939393939394,0.6765577667133886,0.14285714285714285,0.20176258739613345,2244,10.0,20.0
v11_new_vs_drz,after,0.029575892857142856,33.81132075471698,0.8414687420618745,0.14285714285714285,0.20165718663427828,2260,10.0,20.0
v11_new_vs_drz,after,0.0296875,33.68421052631579,0.8384385137890022,0.14285714285714285,0.20130948318858632,2314,10.0,20.0
v11_new_vs_drz,after,0.02979910714285714,33.55805243445693,0.7964859071487437,0.14285714285714285,0.20178911203700534,2240,10.0,20.0
v11_new_vs_drz,after,0.029910714285714284,33.43283582089553,0.7537290689282241,0.14285714285714285,0.20133482448864679,2310,10.0,20.0
v11_new_vs_drz,after,0.030022321428571426,33.30855018587361,0.7996743599522601,0.14285714285714285,0.20150114550038942,2284,10.0,20.0
v11_new_vs_drz,after,0.030133928571428572,33.18518518518518,0.8259821626428627,0.14285714285714285,0.20163100936456846,2264,10.0,20.0
v11_new_vs_drz,after,0.030245535714285714,33.06273062730627,0.8187146348030064,0.14285714285714285,0.20093700504233267,2374,10.0,20.0
v11_new_vs_drz,after,0.030357142857142857,32.94117647058824,0.8189920566330563,0.14285714285714285,0.20127159292996374,2320,10.0,20.0
v11_new_vs_drz,after,0.03046875,32.820512820512825,0.8127592808806925,0.14285714285714285,0.2014240345538633,2296,10.0,20.0
v11_new_vs_drz,after,0.030580357142857142,32.7007299270073,0.8747034521997563,0.14285714285714285,0.20091267051918305,2378,10.0,20.0
v11_new_vs_drz,after,0.030691964285714284,32.581818181818186,0.8519903457845659,0.14285714285714285,0.20117125958839946,2336,10.0,20.0
v11_new_vs_drz,after,0.030803571428571427,32.46376811594203,0.8460243413180293,0.14285714285714285,0.20117125958839946,2336,10.0,20.0
v11_new_vs_drz,after,0.03091517857142857,32.34657039711192,0.6817249838671001,0.14285714285714285,0.20079190337726316,2398,10.0,20.0
v11_new_vs_drz,after,0.03102678571428571,32.230215827338135,0.6409729748741193,0.14285714285714285,0.2008520992222212,2388,10.0,20.0
v11_new_vs_drz,after,0.031138392857142858,32.11469534050179,0.6902224469306139,0.14285714285714285,0.20129683691159364,2316,10.0,20.0
v11_new_vs_drz,after,0.03125,32.0,0.6795401776557651,0.14285714285714285,0.20060175498092978,2430,10.0,20.0
v11_new_vs_drz,after,0.03136160714285714,31.88612099644128,0.6619238115071887,0.14285714285714285,0.2005899942187709,2432,10.0,20.0
v11_new_vs_drz,after,0.031473214285714285,31.77304964539007,0.7319908429871549,0.14285714285714285,0.20091267051918305,2378,10.0,20.0
v11_new_vs_drz,after,0.03158482142857143,31.66077738515901,0.7061096908179517,0.14285714285714285,0.2005899942187709,2432,10.0,20.0
v11_new_vs_drz,after,0.03169642857142857,31.549295774647888,0.8128292423229202,0.14285714285714285,0.20073207911367105,2408,10.0,20.0
v11_new_vs_drz,after,0.03180803571428571,31.438596491228072,0.8653055979014512,0.14285714285714285,0.20043839988598003,2458,10.0,20.0
v11_new_vs_drz,after,0.031919642857142855,31.32867132867133,0.8561865052793247,0.14285714285714285,0.20063712367957884,2424,10.0,20.0
v11_new_vs_drz,after,0.03203125,31.219512195121954,0.8369465281899579,0.14285714285714285,0.2004037543659979,2464,10.0,20.0
v11_new_vs_drz,after,0.03214285714285714,31.111111111111114,0.7772607958023338,0.14285714285714285,0.2003233998560821,2478,10.0,20.0
v11_new_vs_drz,after,0.03225446428571428,31.00346020761246,0.7101447981873098,0.14285714285714285,0.20075596447473562,2404,10.0,20.0
v11_new_vs_drz,after,0.032366071428571425,30.896551724137936,0.7278978558865363,0.14285714285714285,0.2001759442030165,2504,10.0,20.0
v11_new_vs_drz,after,0.03247767857142857,30.790378006872857,0.6966248626457953,0.14285714285714285,0.20011983450492699,2514,10.0,20.0
v11_new_vs_drz,after,0.032589285714285716,30.684931506849313,0.6065246361758453,0.14285714285714285,0.20038072687575237,2468,10.0,20.0
v11_new_vs_drz,after,0.03270089285714286,30.580204778156993,0.7167181863406684,0.14285714285714285,0.20022107212707113,2496,10.0,20.0
v11_new_vs_drz,after,0.0328125,30.476190476190474,0.703636702924789,0.14285714285714285,0.1999424885446575,2546,10.0,20.0
v11_new_vs_drz,after,0.032924107142857144,30.372881355932204,0.7457097287632142,0.14285714285714285,0.2003577547434476,2472,10.0,20.0
v11_new_vs_drz,after,0.033035714285714286,30.27027027027027,0.5744708522922775,0.14285714285714285,0.19992055302869258,2550,10.0,20.0
v11_new_vs_drz,after,0.03314732142857143,30.16835016835017,0.6580373782705892,0.14285714285714285,0.19982247206699402,2568,10.0,20.0
v11_new_vs_drz,after,0.03325892857142857,30.06711409395973,0.7627860446911016,0.14285714285714285,0.20022107212707113,2496,10.0,20.0
v11_new_vs_drz,after,0.033370535714285714,29.96655518394649,0.6233403705465304,0.14285714285714285,0.19981163721274517,2570,10.0,20.0
v11_new_vs_drz,after,0.033482142857142856,29.866666666666667,0.6241800327708734,0.14285714285714285,0.19969327465375333,2592,10.0,20.0
v11_new_vs_drz,after,0.03359375,29.767441860465116,0.4925265109913978,0.14285714285714285,0.19999755197612662,2536,10.0,20.0
v11_new_vs_drz,after,0.03370535714285714,29.668874172185433,0.463724192750888,0.14285714285714285,0.19968258842376282,2594,10.0,20.0
v11_new_vs_drz,after,0.033816964285714284,29.570957095709574,0.607975997903377,0.14285714285714285,0.1997576502130963,2580,10.0,20.0
v11_new_vs_drz,after,0.033928571428571426,29.47368421052632,0.7326291078201829,0.14285714285714285,0.19962934028121115,2604,10.0,20.0
v11_new_vs_drz,after,0.03404017857142857,29.377049180327873,0.6970632016118652,0.14285714285714285,0.19970397313874927,2590,10.0,20.0
v11_new_vs_drz,after,0.03415178571428571,29.28104575163399,0.4878867033345215,0.14285714285714285,0.1995447720660188,2620,10.0,20.0
v11_new_vs_drz,after,0.03426339285714285,29.185667752443,0.6111050816712196,0.14285714285714285,0.1995869599845832,2612,10.0,20.0
v11_new_vs_drz,after,0.034374999999999996,29.090909090909093,0.6624841034464889,0.14285714285714285,0.19953425497473404,2622,10.0,20.0
v11_new_vs_drz,after,0.034486607142857145,28.996763754045304,0.5870352245851763,0.14285714285714285,0.19923435045727056,2680,10.0,20.0
v11_new_vs_drz,after,0.03459821428571429,28.903225806451612,0.5360101454879577,0.14285714285714285,0.19940897247414457,2646,10.0,20.0
v11_new_vs_drz,after,0.03470982142857143,28.810289389067524,0.5973064659169907,0.14285714285714285,0.19948184772087152,2632,10.0,20.0
v11_new_vs_drz,after,0.03482142857142857,28.717948717948715,0.5552177440082974,0.14285714285714285,0.19925472300409489,2676,10.0,20.0
v11_new_vs_drz,after,0.034933035714285715,28.62619808306709,0.5350216295557374,0.14285714285714285,0.199163400800433,2694,10.0,20.0
v11_new_vs_drz,after,0.03504464285714286,28.53503184713376,0.4738915753409578,0.14285714285714285,0.19929560413957997,2668,10.0,20.0
v11_new_vs_drz,after,0.03515625,28.444444444444443,0.5169020466574464,0.14285714285714285,0.19923435045727056,2680,10.0,20.0
v11_new_vs_drz,after,0.03526785714285714,28.354430379746837,0.5697393395590032,0.14285714285714285,0.199163400800433,2694,10.0,20.0
v11_new_vs_drz,after,0.035379464285714285,28.26498422712934,0.7213968286759377,0.14285714285714285,0.19903307957272984,2720,10.0,20.0
v11_new_vs_drz,after,0.03549107142857143,28.17610062893082,0.7393530539261826,0.14285714285714285,0.19923435045727056,2680,10.0,20.0
v11_new_vs_drz,after,0.03560267857142857,28.087774294670847,0.6750410496121743,0.14285714285714285,0.1987296503731864,2782,10.0,20.0
v11_new_vs_drz,after,0.03571428571428571,28.0,0.5766215343615513,0.14285714285714285,0.19919374056785832,2688,10.0,20.0
v11_new_vs_drz,after,0.035825892857142855,27.912772585669785,0.4548032708048823,0.14285714285714285,0.19897355378849282,2732,10.0,20.0
v11_new_vs_drz,after,0.0359375,27.826086956521742,0.5513291015253264,0.14285714285714285,0.19863390479962775,2802,10.0,20.0
v11_new_vs_drz,after,0.03604910714285714,27.73993808049536,0.44288623502554453,0.14285714285714285,0.19893408530849774,2740,10.0,20.0
v11_new_vs_drz,after,0.03616071428571428,27.654320987654323,0.44217050841673944,0.14285714285714285,0.1989636705837003,2734,10.0,20.0
v11_new_vs_drz,after,0.036272321428571425,27.56923076923077,0.4237835530646969,0.14285714285714285,0.1987779076146052,2772,10.0,20.0
v11_new_vs_drz,after,0.03638392857142857,27.48466257668712,0.4059094943064315,0.14285714285714285,0.1985674850051077,2816,10.0,20.0
v11_new_vs_drz,after,0.036495535714285716,27.400611620795104,0.5138247417224829,0.14285714285714285,0.19880698630805718,2766,10.0,20.0
v11_new_vs_drz,after,0.03660714285714286,27.317073170731707,0.4837263120930298,0.14285714285714285,0.19847344616835114,2836,10.0,20.0
v11_new_vs_drz,after,0.03671875,27.23404255319149,0.5478667338078973,0.14285714285714285,0.1985674850051077,2816,10.0,20.0
v11_new_vs_drz,after,0.036830357142857144,27.151515151515152,0.558559783703327,0.14285714285714285,0.1987296503731864,2782,10.0,20.0
v11_new_vs_drz,after,0.036941964285714286,27.069486404833835,0.4326618534217096,0.14285714285714285,0.1983434350217766,2864,10.0,20.0
v11_new_vs_drz,after,0.03705357142857143,26.987951807228917,0.4771850554171977,0.14285714285714285,0.19852975072299847,2824,10.0,20.0
v11_new_vs_drz,after,0.03716517857142857,26.906906906906908,0.49894776829971926,0.14285714285714285,0.19837113512849097,2858,10.0,20.0
v11_new_vs_drz,after,0.037276785714285714,26.826347305389223,0.3649932942949411,0.14285714285714285,0.19847344616835114,2836,10.0,20.0
v11_new_vs_drz,after,0.037388392857142856,26.746268656716417,0.4504646678612707,0.14285714285714285,0.1984547565946868,2840,10.0,20.0
v11_new_vs_drz,after,0.0375,26.666666666666668,0.38731697804857734,0.14285714285714285,0.19818808118118406,2898,10.0,20.0
v11_new_vs_drz,after,0.03761160714285714,26.587537091988132,0.49193727854572056,0.14285714285714285,0.19843610609789097,2844,10.0,20.0
v11_new_vs_drz,after,0.037723214285714284,26.50887573964497,0.45105553671498544,0.14285714285714285,0.19795564920134207,2950,10.0,20.0
v11_new_vs_drz,after,0.037834821428571426,26.4306784660767,0.41755283284196426,0.14285714285714285,0.19830663541185475,2872,10.0,20.0
v11_new_vs_drz,after,0.03794642857142857,26.35294117647059,0.3745757875941329,0.14285714285714285,0.1982882926807455,2876,10.0,20.0
v11_new_vs_drz,after,0.03805803571428571,26.275659824046922,0.2831561769296998,0.14285714285714285,0.19802651424106882,2934,10.0,20.0
v11_new_vs_drz,after,0.03816964285714285,26.198830409356727,0.3138558194709946,0.14285714285714285,0.1981069271457448,2916,10.0,20.0
v11_new_vs_drz,after,0.038281249999999996,26.12244897959184,0.33374320415740777,0.14285714285714285,0.1982152991985056,2892,10.0,20.0
v11_new_vs_drz,after,0.03839285714285714,26.04651162790698,0.33855501996634624,0.14285714285714285,0.19793802214251247,2954,10.0,20.0
v11_new_vs_drz,after,0.03850446428571429,25.97101449275362,0.403180312148031,0.14285714285714285,0.19782430484837527,2980,10.0,20.0
v11_new_vs_drz,after,0.03861607142857143,25.89595375722543,0.3991623470489307,0.14285714285714285,0.19825172071105046,2884,10.0,20.0
v11_new_vs_drz,after,0.03872767857142857,25.821325648414984,0.2504224813485024,0.14285714285714285,0.1978156184587228,2982,10.0,20.0
v11_new_vs_drz,after,0.038839285714285715,25.74712643678161,0.25750899771258706,0.14285714285714285,0.19760123472388125,3032,10.0,20.0
v11_new_vs_drz,after,0.03895089285714286,25.673352435530084,0.2620544312641763,0.14285714285714285,0.1981609467848357,2904,10.0,20.0
v11_new_vs_drz,after,0.0390625,25.6,0.3681970724980174,0.14285714285714285,0.1975253385684874,3050,10.0,20.0
v11_new_vs_drz,after,0.03917410714285714,25.527065527065528,0.36274684793646095,0.14285714285714285,0.19784170365088652,2976,10.0,20.0
v11_new_vs_drz,after,0.039285714285714285,25.454545454545457,0.21344711311848574,0.14285714285714285,0.1976097089758139,3030,10.0,20.0
v11_new_vs_drz,after,0.03939732142857143,25.38243626062323,0.19680561029616106,0.14285714285714285,0.1977550552720954,2996,10.0,20.0
v11_new_vs_drz,after,0.03950892857142857,25.310734463276837,0.21632790311857863,0.14285714285714285,0.19765220529146557,3020,10.0,20.0
v11_new_vs_drz,after,0.03962053571428571,25.23943661971831,0.2542633378275475,0.14285714285714285,0.1975085631250675,3054,10.0,20.0
v11_new_vs_drz,after,0.039732142857142855,25.168539325842698,0.26560380825466956,0.14285714285714285,0.19770347780800562,3008,10.0,20.0
v11_new_vs_drz,after,0.03984375,25.098039215686278,0.4338081076103438,0.14285714285714285,0.19743347590385044,3072,10.0,20.0
v11_new_vs_drz,after,0.03995535714285714,25.027932960893857,0.3183193027781127,0.14285714285714285,0.19739204277139769,3082,10.0,20.0
v11_new_vs_drz,after,0.04006696428571428,24.95821727019499,0.3052992189563415,0.14285714285714285,0.1976692624332035,3016,10.0,20.0
v11_new_vs_drz,after,0.040178571428571425,24.888888888888893,0.3494074261664365,0.14285714285714285,0.19731796447605393,3100,10.0,20.0
v11_new_vs_drz,after,0.04029017857142857,24.81994459833795,0.4345189937674283,0.14285714285714285,0.1974251732503782,3074,10.0,20.0
v11_new_vs_drz,after,0.040401785714285716,24.75138121546961,0.3811439499665541,0.14285714285714285,0.19745010534200189,3068,10.0,20.0
v11_new_vs_drz,after,0.04051339285714286,24.683195592286502,0.23928038917401995,0.14285714285714285,0.19736727869292328,3088,10.0,20.0
v11_new_vs_drz,after,0.040625,24.615384615384613,0.26162014459610416,0.14285714285714285,0.1970358524551192,3170,10.0,20.0
v11_new_vs_drz,after,0.040736607142857144,24.54794520547945,0.3170033952215089,0.14285714285714285,0.197483461108339,3060,10.0,20.0
v11_new_vs_drz,after,0.040848214285714286,24.48087431693989,0.2152333950653393,0.14285714285714285,0.19717976864090656,3134,10.0,20.0
v11_new_vs_drz,after,0.04095982142857143,24.4141689373297,0.1860569917800373,0.14285714285714285,0.19701210252814472,3176,10.0,20.0
v11_new_vs_drz,after,0.04107142857142857,24.347826086956523,0.20126015615638768,0.14285714285714285,0.19738378012086183,3084,10.0,20.0
v11_new_vs_drz,after,0.041183035714285714,24.281842818428185,0.2931167783359575,0.14285714285714285,0.19695694455425367,3190,10.0,20.0
v11_new_vs_drz,after,0.041294642857142856,24.216216216216218,0.48035192004793803,0.14285714285714285,0.1970755845534379,3160,10.0,20.0
v11_new_vs_drz,after,0.04140625,24.150943396226417,0.3194850858756248,0.14285714285714285,0.1970755845534379,3160,10.0,20.0
v11_new_vs_drz,after,0.04151785714285714,24.086021505376344,0.4030356577076617,0.14285714285714285,0.19706762319057258,3162,10.0,20.0
v11_new_vs_drz,after,0.041629464285714284,24.021447721179626,0.39031104524211024,0.14285714285714285,0.19698053952908048,3184,10.0,20.0
v11_new_vs_drz,after,0.041741071428571426,23.9572192513369,0.375346022602307,0.14285714285714285,0.19696480220931625,3188,10.0,20.0
v11_new_vs_drz,after,0.04185267857142857,23.893333333333334,0.31003927808379145,0.14285714285714285,0.19690995197425074,3202,10.0,20.0
v11_new_vs_drz,after,0.04196428571428571,23.829787234042556,0.1977351086241388,0.14285714285714285,0.1966864592271897,3260,10.0,20.0
v11_new_vs_drz,after,0.04207589285714285,23.766578249336874,0.18797407255743864,0.14285714285714285,0.19691776587158633,3200,10.0,20.0
v11_new_vs_drz,after,0.042187499999999996,23.703703703703706,0.21241233995291986,0.14285714285714285,0.19692558703358493,3198,10.0,20.0
v11_new_vs_drz,after,0.04229910714285714,23.641160949868077,0.20343129375712915,0.14285714285714285,0.19662584390434415,3276,10.0,20.0
v11_new_vs_drz,after,0.04241071428571429,23.57894736842105,0.2110023131761847,0.14285714285714285,0.1967398616607217,3246,10.0,20.0
v11_new_vs_drz,after,0.04252232142857143,23.517060367454068,0.21916329847458946,0.14285714285714285,0.1969334154715303,3196,10.0,20.0
v11_new_vs_drz,after,0.04263392857142857,23.455497382198953,0.20570405641831538,0.14285714285714285,0.19662584390434415,3276,10.0,20.0
v11_new_vs_drz,after,0.042745535714285715,23.39425587467363,0.302714661883727,0.14285714285714285,0.19658818240465054,3286,10.0,20.0
v11_new_vs_drz,after,0.04285714285714286,23.333333333333332,0.3200425951194023,0.14285714285714285,0.19656566720869945,3292,10.0,20.0
v11_new_vs_drz,after,0.04296875,23.272727272727273,0.29512386331287926,0.14285714285714285,0.19674751854137398,3244,10.0,20.0
v11_new_vs_drz,after,0.04308035714285714,23.212435233160623,0.2960721242768158,0.14285714285714285,0.19627841680223054,3370,10.0,20.0
v11_new_vs_drz,after,0.043191964285714285,23.152454780361758,0.2537590412941605,0.14285714285714285,0.19665609640424975,3268,10.0,20.0
v11_new_vs_drz,after,0.04330357142857143,23.09278350515464,0.23423090409884056,0.14285714285714285,0.1965506909503124,3296,10.0,20.0
v11_new_vs_drz,after,0.04341517857142857,23.033419023136247,0.17134508849959454,0.14285714285714285,0.19635112163071453,3350,10.0,20.0
v11_new_vs_drz,after,0.04352678571428571,22.974358974358974,0.1543781412542525,0.14285714285714285,0.19649105513285683,3312,10.0,20.0
v11_new_vs_drz,after,0.043638392857142855,22.915601023017903,0.19760979266999432,0.14285714285714285,0.1965506909503124,3296,10.0,20.0
v11_new_vs_drz,after,0.04375,22.857142857142858,0.2296144667050738,0.14285714285714285,0.19620635084804425,3390,10.0,20.0
v11_new_vs_drz,after,0.04386160714285714,22.798982188295167,0.13571234567070511,0.14285714285714285,0.19627118161272125,3372,10.0,20.0
v11_new_vs_drz,after,0.04397321428571428,22.741116751269036,0.15778371173676492,0.14285714285714285,0.19639505513636507,3338,10.0,20.0
v11_new_vs_drz,after,0.044084821428571425,22.683544303797472,0.15913438886846032,0.14285714285714285,0.19614203002159336,3408,10.0,20.0
v11_new_vs_drz,after,0.04419642857142857,22.62626262626263,0.1664715455519928,0.14285714285714285,0.19628565838032241,3368,10.0,20.0
v11_new_vs_drz,after,0.04430803571428571,22.569269521410583,0.21449746374147521,0.14285714285714285,0.19630742154042707,3362,10.0,20.0
v11_new_vs_drz,after,0.04441964285714286,22.51256281407035,0.31272256079745053,0.14285714285714285,0.19604297333067175,3436,10.0,20.0
v11_new_vs_drz,after,0.04453125,22.45614035087719,0.24945161511639213,0.14285714285714285,0.19624230455271754,3380,10.0,20.0
v11_new_vs_drz,after,0.044642857142857144,22.4,0.14935318339566775,0.14285714285714285,0.19616341405099993,3402,10.0,20.0
v11_new_vs_drz,after,0.044754464285714286,22.34413965087282,0.10172863783300594,0.14285714285714285,0.19608527866196232,3424,10.0,20.0
v11_new_vs_drz,after,0.04486607142857143,22.28855721393035,0.13947426763323625,0.14285714285714285,0.19608527866196232,3424,10.0,20.0
v11_new_vs_drz,after,0.04497767857142857,22.233250620347395,0.12573700932116455,0.14285714285714285,0.19586903899227384,3486,10.0,20.0
v11_new_vs_drz,after,0.045089285714285714,22.17821782178218,0.12160701329687643,0.14285714285714285,0.19609942947499998,3420,10.0,20.0
v11_new_vs_drz,after,0.045200892857142856,22.123456790123456,0.1632242465629938,0.14285714285714285,0.19598690683769954,3452,10.0,20.0
v11_new_vs_drz,after,0.0453125,22.06896551724138,0.15639777396093418,0.14285714285714285,0.19578686266146458,3510,10.0,20.0
v11_new_vs_drz,after,0.04542410714285714,22.014742014742016,0.18133474478799325,0.14285714285714285,0.195959018311031,3460,10.0,20.0
v11_new_vs_drz,after,0.045535714285714284,21.96078431372549,0.18850022545452047,0.14285714285714285,0.1959242922263356,3470,10.0,20.0
v11_new_vs_drz,after,0.045647321428571426,21.90709046454768,0.1696356165337007,0.14285714285714285,0.1959312255268662,3468,10.0,20.0
v11_new_vs_drz,after,0.04575892857142857,21.853658536585368,0.15137683208506794,0.14285714285714285,0.19578005236369755,3512,10.0,20.0
v11_new_vs_drz,after,0.04587053571428571,21.800486618004868,0.10779327719961065,0.14285714285714285,0.1957460872064342,3522,10.0,20.0
v11_new_vs_drz,after,0.04598214285714285,21.74757281553398,0.1627736852315323,0.14285714285714285,0.19567186631260183,3544,10.0,20.0
v11_new_vs_drz,after,0.046093749999999996,21.69491525423729,0.17626693313768957,0.14285714285714285,0.19601489165878555,3444,10.0,20.0
v11_new_vs_drz,after,0.04620535714285714,21.64251207729469,0.19365498821538474,0.14285714285714285,0.19554526746979894,3582,10.0,20.0
v11_new_vs_drz,after,0.04631696428571429,21.59036144578313,0.1395366654920705,0.14285714285714285,0.19557838863500912,3572,10.0,20.0
v11_new_vs_drz,after,0.04642857142857143,21.538461538461537,0.1967902303513781,0.14285714285714285,0.19587592500046092,3484,10.0,20.0
v11_new_vs_drz,after,0.04654017857142857,21.48681055155875,0.21375603653674358,0.14285714285714285,0.19536229896004664,3638,10.0,20.0
v11_new_vs_drz,after,0.046651785714285715,21.43540669856459,0.18773409102172456,0.14285714285714285,0.19572577688551,3528,10.0,20.0
v11_new_vs_drz,after,0.04676339285714286,21.384248210023866,0.0992726841187318,0.14285714285714285,0.19565844520659162,3548,10.0,20.0
v11_new_vs_drz,after,0.046875,21.333333333333332,0.13561795489458714,0.14285714285714285,0.19540115234939126,3626,10.0,20.0
v11_new_vs_drz,after,0.04698660714285714,21.282660332541568,0.13163948380344895,0.14285714285714285,0.19544672377293545,3612,10.0,20.0
v11_new_vs_drz,after,0.047098214285714285,21.232227488151658,0.11815219037487985,0.14285714285714285,0.1954663349047849,3606,10.0,20.0
v11_new_vs_drz,after,0.04720982142857143,21.182033096926716,0.11481034800817547,0.14285714285714285,0.1955651236363731,3576,10.0,20.0
v11_new_vs_drz,after,0.04732142857142857,21.132075471698116,0.13428216720265593,0.14285714285714285,0.19534294368347277,3644,10.0,20.0
v11_new_vs_drz,after,0.04743303571428571,21.08235294117647,0.10431543504129606,0.14285714285714285,0.19537522888070752,3634,10.0,20.0
v11_new_vs_drz,after,0.047544642857142855,21.03286384976526,0.07327628062392581,0.14285714285714285,0.19549912822785603,3596,10.0,20.0
v11_new_vs_drz,after,0.04765625,20.98360655737705,0.14199830799727636,0.14285714285714285,0.19527876700452393,3664,10.0,20.0
v11_new_vs_drz,after,0.04776785714285714,20.93457943925234,0.12480834838316959,0.14285714285714285,0.19536229896004664,3638,10.0,20.0
v11_new_vs_drz,after,0.04787946428571428,20.88578088578089,0.12104573903016393,0.14285714285714285,0.1952532420597071,3672,10.0,20.0
v11_new_vs_drz,after,0.047991071428571425,20.837209302325583,0.08976794346526176,0.14285714285714285,0.19534294368347277,3644,10.0,20.0
v11_new_vs_drz,after,0.04810267857142857,20.788863109048727,0.14205975916761487,0.14285714285714285,0.1950209946989822,3746,10.0,20.0
v11_new_vs_drz,after,0.04821428571428571,20.740740740740744,0.08892529943053211,0.14285714285714285,0.19530437499553316,3656,10.0,20.0
v11_new_vs_drz,after,0.04832589285714286,20.69284064665127,0.07233341004981267,0.14285714285714285,0.19526599417946083,3668,10.0,20.0
v11_new_vs_drz,after,0.0484375,20.64516129032258,0.07198309618958816,0.14285714285714285,0.19493488938335007,3774,10.0,20.0
v11_new_vs_drz,after,0.048549107142857144,20.597701149425287,0.026053213686491734,0.14285714285714285,0.19539466351065476,3628,10.0,20.0
v11_new_vs_drz,after,0.048660714285714286,20.55045871559633,0.06705026474130198,0.14285714285714285,0.19489827749225433,3786,10.0,20.0
v11_new_vs_drz,after,0.04877232142857143,20.503432494279178,0.06551451346376917,0.14285714285714285,0.19506440733704855,3732,10.0,20.0
v11_new_vs_drz,after,0.04888392857142857,20.45662100456621,0.07226429463755832,0.14285714285714285,0.19518979008893414,3692,10.0,20.0
v11_new_vs_drz,after,0.048995535714285714,20.41002277904328,0.053978730008781194,0.14285714285714285,0.19491046224945754,3782,10.0,20.0
v11_new_vs_drz,after,0.049107142857142856,20.363636363636363,0.061956307458465386,0.14285714285714285,0.19500246310468877,3752,10.0,20.0
v11_new_vs_drz,after,0.04921875,20.317460317460316,0.07595499683963734,0.14285714285714285,0.19499013318559666,3756,10.0,20.0
v11_new_vs_drz,after,0.04933035714285714,20.271493212669682,0.011704319404847233,0.14285714285714285,0.1948739653457362,3794,10.0,20.0
v11_new_vs_drz,after,0.049441964285714284,20.225733634311513,0.03781877408639731,0.14285714285714285,0.19488003622703962,3792,10.0,20.0
v11_new_vs_drz,after,0.049553571428571426,20.18018018018018,0.00519032499339903,0.14285714285714285,0.19489219229404334,3788,10.0,20.0
v11_new_vs_drz,after,0.04966517857142857,20.134831460674157,0.05671582616793896,0.14285714285714285,0.1950209946989822,3746,10.0,20.0
v11_new_vs_drz,after,0.04977678571428571,20.08968609865471,0.12156314199763832,0.14285714285714285,0.19475951592150462,3832,10.0,20.0
v11_new_vs_drz,after,0.04988839285714285,20.04474272930649,0.023174664803504597,0.14285714285714285,0.19485578123579675,3800,10.0,20.0
v11_new_vs_drz,after,0.049999999999999996,20.0,-0.9946705711142129,0.14285714285714285,0.8417399583909729,2,10.0,20.0
c_nodr_new_vs_drz,before,0.0,inf,0.9999501539640373,0.14285714285714285,0.7560610050770457,3,10.0,20.0
c_nodr_new_vs_drz,before,0.00011160714285714285,8960.0,0.9999827558482406,0.14285714285714285,0.5160568456025979,12,10.0,20.0
c_nodr_new_vs_drz,before,0.0002232142857142857,4480.0,0.9999563556535456,0.14285714285714285,0.43846389609946435,22,10.0,20.0
c_nodr_new_vs_drz,before,0.0003348214285714286,2986.6666666666665,0.9999554543182271,0.14285714285714285,0.41192739958594665,28,10.0,20.0
c_nodr_new_vs_drz,before,0.0004464285714285714,2240.0,0.9997089990151468,0.14285714285714285,0.37684928940895107,40,10.0,20.0
c_nodr_new_vs_drz,before,0.0005580357142857143,1792.0,0.9999010690463426,0.14285714285714285,0.3572655453148874,50,10.0,20.0
c_nodr_new_vs_drz,before,0.0006696428571428571,1493.3333333333333,0.9996429378724327,0.14285714285714285,0.3607189084162777,48,10.0,20.0
c_nodr_new_vs_drz,before,0.0007812499999999999,1280.0,0.9993024894839269,0.14285714285714285,0.33301944154606616,68,10.0,20.0
c_nodr_new_vs_drz,before,0.0008928571428571428,1120.0,0.9988336048945733,0.14285714285714285,0.3308883459615167,70,10.0,20.0
c_nodr_new_vs_drz,before,0.0010044642857142856,995.5555555555557,0.9987321773279394,0.14285714285714285,0.32498105977643776,76,10.0,20.0
c_nodr_new_vs_drz,before,0.0011160714285714285,896.0,0.9986893816399428,0.14285714285714285,0.3120228149867766,92,10.0,20.0
c_nodr_new_vs_drz,before,0.0012276785714285714,814.5454545454546,0.9978556279309072,0.14285714285714285,0.30307454563671804,106,10.0,20.0
c_nodr_new_vs_drz,before,0.0013392857142857143,746.6666666666666,0.9973643666117744,0.14285714285714285,0.309276869488276,96,10.0,20.0
c_nodr_new_vs_drz,before,0.0014508928571428572,689.2307692307692,0.9975340274282024,0.14285714285714285,0.297657677511583,116,10.0,20.0
c_nodr_new_vs_drz,before,0.0015624999999999999,640.0,0.9969187462698026,0.14285714285714285,0.28942028891226607,134,10.0,20.0
c_nodr_new_vs_drz,before,0.0016741071428571428,597.3333333333334,0.9947141619466927,0.14285714285714285,0.2956748612128594,120,10.0,20.0
c_nodr_new_vs_drz,before,0.0017857142857142857,560.0,0.9963581166783831,0.14285714285714285,0.28476380812712476,146,10.0,20.0
c_nodr_new_vs_drz,before,0.0018973214285714286,527.0588235294118,0.9952143088346901,0.14285714285714285,0.2812856424436456,156,10.0,20.0
c_nodr_new_vs_drz,before,0.0020089285714285712,497.7777777777778,0.9972730125075948,0.14285714285714285,0.28702018719502587,140,10.0,20.0
c_nodr_new_vs_drz,before,0.002120535714285714,471.5789473684211,0.9956322720454768,0.14285714285714285,0.2757709533720164,174,10.0,20.0
c_nodr_new_vs_drz,before,0.002232142857142857,448.0,0.997713815048989,0.14285714285714285,0.27520913338899333,176,10.0,20.0
c_nodr_new_vs_drz,before,0.00234375,426.6666666666667,0.9984412913634085,0.14285714285714285,0.273051000260408,184,10.0,20.0
c_nodr_new_vs_drz,before,0.002455357142857143,407.2727272727273,0.9979407512466794,0.14285714285714285,0.2705369635786124,194,10.0,20.0
c_nodr_new_vs_drz,before,0.0025669642857142857,389.5652173913044,0.9962722078938488,0.14285714285714285,0.269116846861646,200,10.0,20.0
c_nodr_new_vs_drz,before,0.0026785714285714286,373.3333333333333,0.9957746855482323,0.14285714285714285,0.26731663903915925,208,10.0,20.0
c_nodr_new_vs_drz,before,0.0027901785714285715,358.4,0.9964489584398434,0.14285714285714285,0.2668822084027434,210,10.0,20.0
c_nodr_new_vs_drz,before,0.0029017857142857144,344.6153846153846,0.9942401029258412,0.14285714285714285,0.26173150991010213,236,10.0,20.0
c_nodr_new_vs_drz,before,0.003013392857142857,331.8518518518519,0.9960989200075457,0.14285714285714285,0.2632250986856457,228,10.0,20.0
c_nodr_new_vs_drz,before,0.0031249999999999997,320.0,0.9945082367930248,0.14285714285714285,0.2613695641695868,238,10.0,20.0
c_nodr_new_vs_drz,before,0.0032366071428571426,308.96551724137936,0.9955195608558292,0.14285714285714285,0.2576597972433477,260,10.0,20.0
c_nodr_new_vs_drz,before,0.0033482142857142855,298.6666666666667,0.9923980995252302,0.14285714285714285,0.2586250244740691,254,10.0,20.0
c_nodr_new_vs_drz,before,0.0034598214285714284,289.03225806451616,0.9949674538318275,0.14285714285714285,0.25523709705862524,276,10.0,20.0
c_nodr_new_vs_drz,before,0.0035714285714285713,280.0,0.9935458096121178,0.14285714285714285,0.25582326430374547,272,10.0,20.0
c_nodr_new_vs_drz,before,0.003683035714285714,271.5151515151515,0.9886127664413141,0.14285714285714285,0.2527449491574839,294,10.0,20.0
c_nodr_new_vs_drz,before,0.003794642857142857,263.5294117647059,0.9873347667026326,0.14285714285714285,0.25410107451462977,284,10.0,20.0
c_nodr_new_vs_drz,before,0.00390625,256.0,0.9865780222572745,0.14285714285714285,0.2514544516681247,304,10.0,20.0
c_nodr_new_vs_drz,before,0.0040178571428571425,248.8888888888889,0.9905513466253612,0.14285714285714285,0.24928083583453234,322,10.0,20.0
c_nodr_new_vs_drz,before,0.004129464285714286,242.16216216216216,0.9889752398690016,0.14285714285714285,0.2514544516681247,304,10.0,20.0
c_nodr_new_vs_drz,before,0.004241071428571428,235.78947368421055,0.9878577968464786,0.14285714285714285,0.24905026945843273,324,10.0,20.0
c_nodr_new_vs_drz,before,0.004352678571428572,229.74358974358972,0.9901128074548088,0.14285714285714285,0.24582376798178943,354,10.0,20.0
c_nodr_new_vs_drz,before,0.004464285714285714,224.0,0.9938877583987223,0.14285714285714285,0.24770924671322134,336,10.0,20.0
c_nodr_new_vs_drz,before,0.004575892857142857,218.53658536585365,0.9868447772884201,0.14285714285714285,0.24643640318775006,348,10.0,20.0
c_nodr_new_vs_drz,before,0.0046875,213.33333333333334,0.9824841401351198,0.14285714285714285,0.24426173259637654,370,10.0,20.0
c_nodr_new_vs_drz,before,0.004799107142857142,208.37209302325584,0.9857040340849998,0.14285714285714285,0.24407341871811294,372,10.0,20.0
c_nodr_new_vs_drz,before,0.004910714285714286,203.63636363636365,0.98519587603018,0.14285714285714285,0.24388657961491628,374,10.0,20.0
c_nodr_new_vs_drz,before,0.005022321428571428,199.11111111111114,0.9847076762942069,0.14285714285714285,0.24124866466885456,404,10.0,20.0
c_nodr_new_vs_drz,before,0.005133928571428571,194.7826086956522,0.9818647345400954,0.14285714285714285,0.24226832878047586,392,10.0,20.0
c_nodr_new_vs_drz,before,0.005245535714285714,190.63829787234044,0.9846531563390369,0.14285714285714285,0.2427954615022515,386,10.0,20.0
c_nodr_new_vs_drz,before,0.005357142857142857,186.66666666666666,0.9841722275915048,0.14285714285714285,0.23964416299559071,424,10.0,20.0
c_nodr_new_vs_drz,before,0.00546875,182.85714285714286,0.9865666431132212,0.14285714285714285,0.24027239659586974,416,10.0,20.0
c_nodr_new_vs_drz,before,0.005580357142857143,179.2,0.9894069931987163,0.14285714285714285,0.2388828626474958,434,10.0,20.0
c_nodr_new_vs_drz,before,0.0056919642857142854,175.68627450980392,0.9839853856494042,0.14285714285714285,0.2384383044776066,440,10.0,20.0
c_nodr_new_vs_drz,before,0.005803571428571429,172.3076923076923,0.9706116058524084,0.14285714285714285,0.23757528612232023,452,10.0,20.0
c_nodr_new_vs_drz,before,0.005915178571428571,169.05660377358492,0.970885655123372,0.14285714285714285,0.23688135961430892,462,10.0,20.0
c_nodr_new_vs_drz,before,0.006026785714285714,165.92592592592595,0.9711680355222679,0.14285714285714285,0.23785919155913984,448,10.0,20.0
c_nodr_new_vs_drz,before,0.006138392857142857,162.9090909090909,0.9762775936534882,0.14285714285714285,0.23517586182327832,488,10.0,20.0
c_nodr_new_vs_drz,before,0.0062499999999999995,160.0,0.9712783383603099,0.14285714285714285,0.23607716377209612,474,10.0,20.0
c_nodr_new_vs_drz,before,0.006361607142857143,157.19298245614036,0.9734590035917828,0.14285714285714285,0.23568617177506457,480,10.0,20.0
c_nodr_new_vs_drz,before,0.006473214285714285,154.48275862068968,0.9824969422160911,0.14285714285714285,0.23359868826190747,514,10.0,20.0
c_nodr_new_vs_drz,before,0.006584821428571429,151.864406779661,0.9786536114615507,0.14285714285714285,0.23348222347930858,516,10.0,20.0
c_nodr_new_vs_drz,before,0.006696428571428571,149.33333333333334,0.9834427640799742,0.14285714285714285,0.23467767886949623,496,10.0,20.0
c_nodr_new_vs_drz,before,0.006808035714285714,146.88524590163934,0.9796001699622346,0.14285714285714285,0.23246304055541317,534,10.0,20.0
c_nodr_new_vs_drz,before,0.006919642857142857,144.51612903225808,0.9788256299800948,0.14285714285714285,0.23191835858106052,544,10.0,20.0
c_nodr_new_vs_drz,before,0.00703125,142.22222222222223,0.9754360492687114,0.14285714285714285,0.23348222347930858,516,10.0,20.0
c_nodr_new_vs_drz,before,0.007142857142857143,140.0,0.9715681584369381,0.14285714285714285,0.23118003674182988,558,10.0,20.0
c_nodr_new_vs_drz,before,0.007254464285714285,137.84615384615387,0.9658019234518262,0.14285714285714285,0.23066911942921098,568,10.0,20.0
c_nodr_new_vs_drz,before,0.007366071428571428,135.75757575757575,0.9599684257430728,0.14285714285714285,0.23257377696061368,532,10.0,20.0
c_nodr_new_vs_drz,before,0.007477678571428571,133.7313432835821,0.9647515488352979,0.14285714285714285,0.22865956785210217,610,10.0,20.0
c_nodr_new_vs_drz,before,0.007589285714285714,131.76470588235296,0.9731412611200635,0.14285714285714285,0.2300731936178756,580,10.0,20.0
c_nodr_new_vs_drz,before,0.007700892857142857,129.85507246376812,0.9708283049121845,0.14285714285714285,0.22987856279938831,584,10.0,20.0
c_nodr_new_vs_drz,before,0.0078125,128.0,0.9766445129261412,0.14285714285714285,0.22847879956174852,614,10.0,20.0
c_nodr_new_vs_drz,before,0.007924107142857142,126.19718309859155,0.9860539361803389,0.14285714285714285,0.22856896654528058,612,10.0,20.0
c_nodr_new_vs_drz,before,0.008035714285714285,124.44444444444446,0.9855769493724152,0.14285714285714285,0.22794672665157004,626,10.0,20.0
c_nodr_new_vs_drz,before,0.008147321428571429,122.73972602739725,0.9778568069561502,0.14285714285714285,0.22856896654528058,612,10.0,20.0
c_nodr_new_vs_drz,before,0.008258928571428572,121.08108108108108,0.9597460560347061,0.14285714285714285,0.22751466188342373,636,10.0,20.0
c_nodr_new_vs_drz,before,0.008370535714285714,119.46666666666667,0.951865966924543,0.14285714285714285,0.22709247611069447,646,10.0,20.0
c_nodr_new_vs_drz,before,0.008482142857142856,117.89473684210527,0.9419384820309821,0.14285714285714285,0.2270091913293758,648,10.0,20.0
c_nodr_new_vs_drz,before,0.008593749999999999,116.36363636363637,0.9537017902921471,0.14285714285714285,0.22684375089361272,652,10.0,20.0
c_nodr_new_vs_drz,before,0.008705357142857143,114.87179487179486,0.956465815592517,0.14285714285714285,0.22580365493397495,678,10.0,20.0
c_nodr_new_vs_drz,before,0.008816964285714286,113.41772151898735,0.9615164042545907,0.14285714285714285,0.22572608133433805,680,10.0,20.0
c_nodr_new_vs_drz,before,0.008928571428571428,112.0,0.9657130123294716,0.14285714285714285,0.22572608133433805,680,10.0,20.0
c_nodr_new_vs_drz,before,0.00904017857142857,110.61728395061729,0.9677445085655557,0.14285714285714285,0.2247472633332211,706,10.0,20.0
c_nodr_new_vs_drz,before,0.009151785714285715,109.26829268292683,0.9734225321720325,0.14285714285714285,0.2252675931499613,692,10.0,20.0
c_nodr_new_vs_drz,before,0.009263392857142857,107.95180722891567,0.972175074861171,0.14285714285714285,0.22511735629687746,696,10.0,20.0
c_nodr_new_vs_drz,before,0.009375,106.66666666666667,0.957899150047799,0.14285714285714285,0.22347634762040358,742,10.0,20.0
c_nodr_new_vs_drz,before,0.009486607142857142,105.41176470588236,0.9448579610779971,0.14285714285714285,0.22467416992987052,708,10.0,20.0
c_nodr_new_vs_drz,before,0.009598214285714285,104.18604651162792,0.9271125745435292,0.14285714285714285,0.22280884262303868,762,10.0,20.0
c_nodr_new_vs_drz,before,0.009709821428571429,102.98850574712644,0.9358240313227207,0.14285714285714285,0.22368179007692848,736,10.0,20.0
c_nodr_new_vs_drz,before,0.009821428571428571,101.81818181818183,0.931788991341727,0.14285714285714285,0.22287442635809016,760,10.0,20.0
c_nodr_new_vs_drz,before,0.009933035714285714,100.67415730337079,0.9304765482821138,0.14285714285714285,0.22229315058834048,778,10.0,20.0
c_nodr_new_vs_drz,before,0.010044642857142856,99.55555555555557,0.94386143702576,0.14285714285714285,0.22261360373636063,768,10.0,20.0
c_nodr_new_vs_drz,before,0.01015625,98.46153846153845,0.9609848482212929,0.14285714285714285,0.22287442635809016,760,10.0,20.0
c_nodr_new_vs_drz,before,0.010267857142857143,97.3913043478261,0.9631419638559082,0.14285714285714285,0.22191652760781277,790,10.0,20.0
c_nodr_new_vs_drz,before,0.010379464285714285,96.34408602150538,0.9551739689267937,0.14285714285714285,0.2212474895498582,812,10.0,20.0
c_nodr_new_vs_drz,before,0.010491071428571428,95.31914893617022,0.9461963996170543,0.14285714285714285,0.2214876516950723,804,10.0,20.0
c_nodr_new_vs_drz,before,0.010602678571428572,94.3157894736842,0.951668977684002,0.14285714285714285,0.22130720212890542,810,10.0,20.0
c_nodr_new_vs_drz,before,0.010714285714285714,93.33333333333333,0.9383861964334755,0.14285714285714285,0.2206620549790673,832,10.0,20.0
c_nodr_new_vs_drz,before,0.010825892857142857,92.37113402061856,0.9292708028137215,0.14285714285714285,0.2216090580540805,800,10.0,20.0
c_nodr_new_vs_drz,before,0.0109375,91.42857142857143,0.9174387952017767,0.14285714285714285,0.2198217694523472,862,10.0,20.0
c_nodr_new_vs_drz,before,0.011049107142857142,90.50505050505052,0.9136280482182254,0.14285714285714285,0.22020844574520457,848,10.0,20.0
c_nodr_new_vs_drz,before,0.011160714285714286,89.6,0.9147387381815876,0.14285714285714285,0.21928516426814687,882,10.0,20.0
c_nodr_new_vs_drz,before,0.011272321428571428,88.71287128712872,0.9240175889451718,0.14285714285714285,0.22077747178815657,828,10.0,20.0
c_nodr_new_vs_drz,before,0.011383928571428571,87.84313725490196,0.9541480392680756,0.14285714285714285,0.21955119748619267,872,10.0,20.0
c_nodr_new_vs_drz,before,0.011495535714285713,86.99029126213593,0.9665710564671058,0.14285714285714285,0.21856336410973248,910,10.0,20.0
c_nodr_new_vs_drz,before,0.011607142857142858,86.15384615384615,0.9655581837962002,0.14285714285714285,0.21965887440375706,868,10.0,20.0
c_nodr_new_vs_drz,before,0.01171875,85.33333333333333,0.9322505987372244,0.14285714285714285,0.21902354389357315,892,10.0,20.0
c_nodr_new_vs_drz,before,0.011830357142857142,84.52830188679246,0.9456936601241519,0.14285714285714285,0.2181654494608149,926,10.0,20.0
c_nodr_new_vs_drz,before,0.011941964285714285,83.73831775700936,0.9455651349447938,0.14285714285714285,0.21841294458748992,916,10.0,20.0
c_nodr_new_vs_drz,before,0.012053571428571427,82.96296296296298,0.9031507690653467,0.14285714285714285,0.21851306204381743,912,10.0,20.0
c_nodr_new_vs_drz,before,0.012165178571428572,82.20183486238533,0.8979762555760424,0.14285714285714285,0.21758723335053728,950,10.0,20.0
c_nodr_new_vs_drz,before,0.012276785714285714,81.45454545454545,0.902463638754691,0.14285714285714285,0.21744603829804665,956,10.0,20.0
c_nodr_new_vs_drz,before,0.012388392857142856,80.72072072072072,0.9340178879894574,0.14285714285714285,0.21861382957564643,908,10.0,20.0
c_nodr_new_vs_drz,before,0.012499999999999999,80.0,0.9422551041687218,0.14285714285714285,0.21675920204107632,986,10.0,20.0
c_nodr_new_vs_drz,before,0.012611607142857143,79.29203539823008,0.9262279771032238,0.14285714285714285,0.21725980028494588,964,10.0,20.0
c_nodr_new_vs_drz,before,0.012723214285714286,78.59649122807018,0.9349313031026155,0.14285714285714285,0.21721359693608783,966,10.0,20.0
c_nodr_new_vs_drz,before,0.012834821428571428,77.91304347826087,0.9206550269667066,0.14285714285714285,0.21644914346158642,1000,10.0,20.0
c_nodr_new_vs_drz,before,0.01294642857142857,77.24137931034484,0.9165212198504994,0.14285714285714285,0.21653707458648785,996,10.0,20.0
c_nodr_new_vs_drz,before,0.013058035714285715,76.58119658119658,0.9217135421563717,0.14285714285714285,0.21649304397049488,998,10.0,20.0
c_nodr_new_vs_drz,before,0.013169642857142857,75.9322033898305,0.8764075957511431,0.14285714285714285,0.21610254718236965,1016,10.0,20.0
c_nodr_new_vs_drz,before,0.01328125,75.29411764705883,0.8708637239232423,0.14285714285714285,0.21618843703925994,1012,10.0,20.0
c_nodr_new_vs_drz,before,0.013392857142857142,74.66666666666667,0.9181001298660464,0.14285714285714285,0.21605978929178232,1018,10.0,20.0
c_nodr_new_vs_drz,before,0.013504464285714285,74.04958677685951,0.9005630543171962,0.14285714285714285,0.21551499634696136,1044,10.0,20.0
c_nodr_new_vs_drz,before,0.013616071428571429,73.44262295081967,0.888469423164599,0.14285714285714285,0.21568047213382657,1036,10.0,20.0
c_nodr_new_vs_drz,before,0.013727678571428571,72.84552845528455,0.8633880411305106,0.14285714285714285,0.21498988471428435,1070,10.0,20.0
c_nodr_new_vs_drz,before,0.013839285714285714,72.25806451612904,0.8922530800763061,0.14285714285714285,0.21543295911437524,1048,10.0,20.0
c_nodr_new_vs_drz,before,0.013950892857142856,71.68,0.9359859293698266,0.14285714285714285,0.2148713755575323,1076,10.0,20.0
c_nodr_new_vs_drz,before,0.0140625,71.11111111111111,0.9470693425495377,0.14285714285714285,0.21475383879638116,1082,10.0,20.0
c_nodr_new_vs_drz,before,0.014174107142857143,70.55118110236221,0.9194094280816035,0.14285714285714285,0.21471487366377726,1084,10.0,20.0
c_nodr_new_vs_drz,before,0.014285714285714285,70.0,0.8928479601103396,0.14285714285714285,0.21459861283869502,1090,10.0,20.0
c_nodr_new_vs_drz,before,0.014397321428571428,69.45736434108528,0.8613421050222694,0.14285714285714285,0.21425543086377571,1108,10.0,20.0
c_nodr_new_vs_drz,before,0.01450892857142857,68.92307692307693,0.8793702344866408,0.14285714285714285,0.21456006915830092,1092,10.0,20.0
c_nodr_new_vs_drz,before,0.014620535714285714,68.3969465648855,0.8453696222511596,0.14285714285714285,0.21355728664025345,1146,10.0,20.0
c_nodr_new_vs_drz,before,0.014732142857142857,67.87878787878788,0.85077903204249,0.14285714285714285,0.21366522853675965,1140,10.0,20.0
c_nodr_new_vs_drz,before,0.01484375,67.36842105263158,0.8641648688064159,0.14285714285714285,0.2143309783773013,1104,10.0,20.0
c_nodr_new_vs_drz,before,0.014955357142857142,66.86567164179105,0.8837200288887277,0.14285714285714285,0.21279046829950965,1190,10.0,20.0
c_nodr_new_vs_drz,before,0.015066964285714286,66.37037037037037,0.9148346111981202,0.14285714285714285,0.21373765748018866,1136,10.0,20.0
c_nodr_new_vs_drz,before,0.015178571428571428,65.88235294117648,0.8921709814263431,0.14285714285714285,0.21352149146774207,1148,10.0,20.0
c_nodr_new_vs_drz,before,0.015290178571428571,65.4014598540146,0.8629682275660975,0.14285714285714285,0.21285843635360488,1186,10.0,20.0
c_nodr_new_vs_drz,before,0.015401785714285713,64.92753623188406,0.8602653655231978,0.14285714285714285,0.21282441002983377,1188,10.0,20.0
c_nodr_new_vs_drz,before,0.015513392857142856,64.46043165467627,0.8675160086038294,0.14285714285714285,0.21337922749072738,1156,10.0,20.0
c_nodr_new_vs_drz,before,0.015625,64.0,0.8180562617792636,0.14285714285714285,0.212000361835817,1238,10.0,20.0
c_nodr_new_vs_drz,before,0.015736607142857142,63.54609929078014,0.8203536602315208,0.14285714285714285,0.2124887421904062,1208,10.0,20.0
c_nodr_new_vs_drz,before,0.015848214285714285,63.098591549295776,0.8396095507574828,0.14285714285714285,0.2127228372174348,1194,10.0,20.0
c_nodr_new_vs_drz,before,0.015959821428571427,62.65734265734266,0.8821254845949448,0.14285714285714285,0.2120323741059451,1236,10.0,20.0
c_nodr_new_vs_drz,before,0.01607142857142857,62.22222222222223,0.8783775389119327,0.14285714285714285,0.2120323741059451,1236,10.0,20.0
c_nodr_new_vs_drz,before,0.016183035714285712,61.79310344827587,0.8303180294493752,0.14285714285714285,0.21187307369980893,1246,10.0,20.0
c_nodr_new_vs_drz,before,0.016294642857142858,61.36986301369863,0.865402387386165,0.14285714285714285,0.21216119331021152,1228,10.0,20.0
c_nodr_new_vs_drz,before,0.01640625,60.95238095238095,0.8544795143655958,0.14285714285714285,0.21159104545450594,1264,10.0,20.0
c_nodr_new_vs_drz,before,0.016517857142857143,60.54054054054054,0.8417255553256667,0.14285714285714285,0.21149835269259598,1270,10.0,20.0
c_nodr_new_vs_drz,before,0.016629464285714286,60.13422818791946,0.8177110300257444,0.14285714285714285,0.21177839816474361,1252,10.0,20.0
c_nodr_new_vs_drz,before,0.016741071428571428,59.733333333333334,0.8466108434159811,0.14285714285714285,0.21134529561252643,1280,10.0,20.0
c_nodr_new_vs_drz,before,0.01685267857142857,59.337748344370866,0.8048718821061703,0.14285714285714285,0.21054834880675766,1334,10.0,20.0
c_nodr_new_vs_drz,before,0.016964285714285713,58.94736842105264,0.827214224775388,0.14285714285714285,0.21159104545450594,1264,10.0,20.0
c_nodr_new_vs_drz,before,0.017075892857142855,58.56209150326798,0.879814191128301,0.14285714285714285,0.21080861501660042,1316,10.0,20.0
c_nodr_new_vs_drz,before,0.017187499999999998,58.18181818181819,0.8886882436529807,0.14285714285714285,0.2104912166657718,1338,10.0,20.0
c_nodr_new_vs_drz,before,0.017299107142857144,57.806451612903224,0.8239618664628865,0.14285714285714285,0.2112241179090306,1288,10.0,20.0
c_nodr_new_vs_drz,before,0.017410714285714286,57.43589743589743,0.7686498216549543,0.14285714285714285,0.21009825045931166,1366,10.0,20.0
c_nodr_new_vs_drz,before,0.01752232142857143,57.07006369426752,0.8268956123369019,0.14285714285714285,0.21034948559464076,1348,10.0,20.0
c_nodr_new_vs_drz,before,0.01763392857142857,56.708860759493675,0.8023678364808341,0.14285714285714285,0.21046274528313325,1340,10.0,20.0
c_nodr_new_vs_drz,before,0.017745535714285714,56.35220125786164,0.767892895273506,0.14285714285714285,0.2102651915533084,1354,10.0,20.0
c_nodr_new_vs_drz,before,0.017857142857142856,56.0,0.7515027039182776,0.14285714285714285,0.20979775932161346,1388,10.0,20.0
c_nodr_new_vs_drz,before,0.01796875,55.652173913043484,0.7263222287659733,0.14285714285714285,0.21001559151209073,1372,10.0,20.0
c_nodr_new_vs_drz,before,0.01808035714285714,55.308641975308646,0.7346474560115217,0.14285714285714285,0.20993346585157174,1378,10.0,20.0
c_nodr_new_vs_drz,before,0.018191964285714284,54.96932515337424,0.7496448339264545,0.14285714285714285,0.20969023176701643,1396,10.0,20.0
c_nodr_new_vs_drz,before,0.01830357142857143,54.63414634146341,0.8153612465506521,0.14285714285714285,0.20974388120426476,1392,10.0,20.0
c_nodr_new_vs_drz,before,0.018415178571428572,54.303030303030305,0.8386633997592315,0.14285714285714285,0.20924322011539456,1430,10.0,20.0
c_nodr_new_vs_drz,before,0.018526785714285714,53.975903614457835,0.7516006789393475,0.14285714285714285,0.20937304795788578,1420,10.0,20.0
c_nodr_new_vs_drz,before,0.018638392857142857,53.65269461077845,0.7513610444870771,0.14285714285714285,0.20958361247909307,1404,10.0,20.0
c_nodr_new_vs_drz,before,0.01875,53.333333333333336,0.7922973565958649,0.14285714285714285,0.20908918974285123,1442,10.0,20.0
c_nodr_new_vs_drz,before,0.018861607142857142,53.01775147928994,0.6960649908867923,0.14285714285714285,0.2091147294392002,1440,10.0,20.0
c_nodr_new_vs_drz,before,0.018973214285714284,52.70588235294118,0.8014715057713487,0.14285714285714285,0.20878674915614567,1466,10.0,20.0
c_nodr_new_vs_drz,before,0.019084821428571427,52.397660818713454,0.7357745141404679,0.14285714285714285,0.20896227354363328,1452,10.0,20.0
c_nodr_new_vs_drz,before,0.01919642857142857,52.09302325581396,0.7056500205145916,0.14285714285714285,0.20861368932701757,1480,10.0,20.0
c_nodr_new_vs_drz,before,0.019308035714285715,51.79190751445086,0.7015283424237276,0.14285714285714285,0.20849155226945118,1490,10.0,20.0
c_nodr_new_vs_drz,before,0.019419642857142858,51.49425287356322,0.7291206793666637,0.14285714285714285,0.20886166870324252,1460,10.0,20.0
c_nodr_new_vs_drz,before,0.01953125,51.2,0.7832918334094034,0.14285714285714285,0.20832258514572422,1504,10.0,20.0
c_nodr_new_vs_drz,before,0.019642857142857142,50.909090909090914,0.663296940234981,0.14285714285714285,0.20820331375489703,1514,10.0,20.0
c_nodr_new_vs_drz,before,0.019754464285714285,50.621468926553675,0.6790865445230687,0.14285714285714285,0.2080852033992908,1524,10.0,20.0
c_nodr_new_vs_drz,before,0.019866071428571427,50.337078651685395,0.6834623539455673,0.14285714285714285,0.20822707454226386,1512,10.0,20.0
c_nodr_new_vs_drz,before,0.01997767857142857,50.05586592178771,0.6908605500512329,0.14285714285714285,0.2076466470245122,1562,10.0,20.0
c_nodr_new_vs_drz,before,0.020089285714285712,49.777777777777786,0.745591378167722,0.14285714285714285,0.20817959940754727,1516,10.0,20.0
c_nodr_new_vs_drz,before,0.020200892857142858,49.50276243093922,0.7850292486954685,0.14285714285714285,0.20817959940754727,1516,10.0,20.0
c_nodr_new_vs_drz,before,0.0203125,49.230769230769226,0.7018416750432771,0.14285714285714285,0.2071581805789342,1606,10.0,20.0
c_nodr_new_vs_drz,before,0.020424107142857143,48.96174863387978,0.7738131911455178,0.14285714285714285,0.2078523911652866,1544,10.0,20.0
c_nodr_new_vs_drz,before,0.020535714285714286,48.69565217391305,0.7309263298195119,0.14285714285714285,0.20751142498562736,1574,10.0,20.0
c_nodr_new_vs_drz,before,0.020647321428571428,48.432432432432435,0.7876872847826878,0.14285714285714285,0.207311430402214,1592,10.0,20.0
c_nodr_new_vs_drz,before,0.02075892857142857,48.17204301075269,0.8498326556250949,0.14285714285714285,0.20766933369874285,1560,10.0,20.0
c_nodr_new_vs_drz,before,0.020870535714285713,47.9144385026738,0.8034620424312141,0.14285714285714285,0.2072455083727941,1598,10.0,20.0
c_nodr_new_vs_drz,before,0.020982142857142855,47.65957446808511,0.638704139693725,0.14285714285714285,0.20679410702631273,1640,10.0,20.0
c_nodr_new_vs_drz,before,0.021093749999999998,47.40740740740741,0.6115120140373644,0.14285714285714285,0.2070931065498322,1612,10.0,20.0
c_nodr_new_vs_drz,before,0.021205357142857144,47.1578947368421,0.6591644698363857,0.14285714285714285,0.20733348626347292,1590,10.0,20.0
c_nodr_new_vs_drz,before,0.021316964285714286,46.910994764397905,0.6044894662565832,0.14285714285714285,0.2068363565335541,1636,10.0,20.0
c_nodr_new_vs_drz,before,0.02142857142857143,46.666666666666664,0.6528242237170042,0.14285714285714285,0.20646152179686691,1672,10.0,20.0
c_nodr_new_vs_drz,before,0.02154017857142857,46.424870466321245,0.6533581823679157,0.14285714285714285,0.20677303948480721,1642,10.0,20.0
c_nodr_new_vs_drz,before,0.021651785714285714,46.18556701030928,0.719063455522928,0.14285714285714285,0.20654377883697478,1664,10.0,20.0
c_nodr_new_vs_drz,before,0.021763392857142856,45.94871794871795,0.6638792899428704,0.14285714285714285,0.2069213164900138,1628,10.0,20.0
c_nodr_new_vs_drz,before,0.021875,45.714285714285715,0.7209974248034327,0.14285714285714285,0.20615817865004304,1702,10.0,20.0
c_nodr_new_vs_drz,before,0.02198660714285714,45.48223350253807,0.8389822804451915,0.14285714285714285,0.2063798459329584,1680,10.0,20.0
c_nodr_new_vs_drz,before,0.022098214285714284,45.25252525252526,0.7993230256345609,0.14285714285714285,0.20607862228912602,1710,10.0,20.0
c_nodr_new_vs_drz,before,0.02220982142857143,45.0251256281407,0.7500950704798375,0.14285714285714285,0.2060193161196826,1716,10.0,20.0
c_nodr_new_vs_drz,before,0.022321428571428572,44.8,0.7388197185618789,0.14285714285714285,0.2064206116472992,1676,10.0,20.0
c_nodr_new_vs_drz,before,0.022433035714285714,44.5771144278607,0.6881662870629575,0.14285714285714285,0.20568896146044316,1750,10.0,20.0
c_nodr_new_vs_drz,before,0.022544642857142857,44.35643564356436,0.7286160565281671,0.14285714285714285,0.20586265784981742,1732,10.0,20.0
c_nodr_new_vs_drz,before,0.02265625,44.13793103448276,0.8345654021670406,0.14285714285714285,0.20625840693654623,1692,10.0,20.0
c_nodr_new_vs_drz,before,0.022767857142857142,43.92156862745098,0.7804473594155681,0.14285714285714285,0.20561261066388095,1758,10.0,20.0
c_nodr_new_vs_drz,before,0.022879464285714284,43.707317073170735,0.718505177716515,0.14285714285714285,0.20563165001517575,1756,10.0,20.0
c_nodr_new_vs_drz,before,0.022991071428571427,43.49514563106796,0.6340473725821645,0.14285714285714285,0.2059799491398533,1720,10.0,20.0
c_nodr_new_vs_drz,before,0.02310267857142857,43.28502415458938,0.7790879181136283,0.14285714285714285,0.2050559530372921,1818,10.0,20.0
c_nodr_new_vs_drz,before,0.023214285714285715,43.07692307692307,0.7270819165418895,0.14285714285714285,0.20529377749698421,1792,10.0,20.0
c_nodr_new_vs_drz,before,0.023325892857142858,42.87081339712918,0.6464344668493848,0.14285714285714285,0.20578513067261447,1740,10.0,20.0
c_nodr_new_vs_drz,before,0.0234375,42.666666666666664,0.5821353687519798,0.14285714285714285,0.2049478815407546,1830,10.0,20.0
c_nodr_new_vs_drz,before,0.023549107142857142,42.464454976303315,0.6322847004824926,0.14285714285714285,0.2053308201973659,1788,10.0,20.0
c_nodr_new_vs_drz,before,0.023660714285714285,42.26415094339623,0.7241841219980425,0.14285714285714285,0.2051650873580342,1806,10.0,20.0
c_nodr_new_vs_drz,before,0.023772321428571427,42.06572769953052,0.6900620594810297,0.14285714285714285,0.20500178551890139,1824,10.0,20.0
c_nodr_new_vs_drz,before,0.02388392857142857,41.86915887850468,0.6352143359485924,0.14285714285714285,0.2050378677827802,1820,10.0,20.0
c_nodr_new_vs_drz,before,0.023995535714285712,41.674418604651166,0.6537134585451961,0.14285714285714285,0.20473485868990474,1854,10.0,20.0
c_nodr_new_vs_drz,before,0.024107142857142855,41.48148148148149,0.753467793682953,0.14285714285714285,0.20489423896779435,1836,10.0,20.0
c_nodr_new_vs_drz,before,0.02421875,41.29032258064516,0.6911780914072703,0.14285714285714285,0.20482311852246032,1844,10.0,20.0
c_nodr_new_vs_drz,before,0.024330357142857143,41.10091743119266,0.592238942836669,0.14285714285714285,0.20428703415014268,1906,10.0,20.0
c_nodr_new_vs_drz,before,0.024441964285714286,40.91324200913242,0.631245795560253,0.14285714285714285,0.20485862143419345,1840,10.0,20.0
c_nodr_new_vs_drz,before,0.024553571428571428,40.72727272727273,0.7054752045581052,0.14285714285714285,0.20443997892001115,1888,10.0,20.0
c_nodr_new_vs_drz,before,0.02466517857142857,40.542986425339365,0.647946455106299,0.14285714285714285,0.20432083629059994,1902,10.0,20.0
c_nodr_new_vs_drz,before,0.024776785714285713,40.36036036036036,0.6067971189912599,0.14285714285714285,0.20478772961770136,1848,10.0,20.0
c_nodr_new_vs_drz,before,0.024888392857142855,40.17937219730942,0.6547554771976289,0.14285714285714285,0.20406985646203774,1932,10.0,20.0
c_nodr_new_vs_drz,before,0.024999999999999998,40.0,0.6759516442531914,0.14285714285714285,0.20405333008241125,1934,10.0,20.0
c_nodr_new_vs_drz,before,0.02511160714285714,39.82222222222222,0.7416850300745234,0.14285714285714285,0.20443997892001115,1888,10.0,20.0
c_nodr_new_vs_drz,before,0.025223214285714286,39.64601769911504,0.6267047188464945,0.14285714285714285,0.20395470143415717,1946,10.0,20.0
c_nodr_new_vs_drz,before,0.02533482142857143,39.47136563876652,0.5579721109132887,0.14285714285714285,0.20380843789404254,1964,10.0,20.0
c_nodr_new_vs_drz,before,0.02544642857142857,39.29824561403509,0.49166135778310316,0.14285714285714285,0.20397107681264137,1944,10.0,20.0
c_nodr_new_vs_drz,before,0.025558035714285714,39.12663755458515,0.6057333119054162,0.14285714285714285,0.2038245910506852,1962,10.0,20.0
c_nodr_new_vs_drz,before,0.025669642857142856,38.95652173913044,0.7058848252948138,0.14285714285714285,0.20368008519926165,1980,10.0,20.0
c_nodr_new_vs_drz,before,0.02578125,38.78787878787879,0.6336253361388985,0.14285714285714285,0.20406985646203774,1932,10.0,20.0
c_nodr_new_vs_drz,before,0.02589285714285714,38.62068965517242,0.5622784156226507,0.14285714285714285,0.20360064332422378,1990,10.0,20.0
c_nodr_new_vs_drz,before,0.026004464285714284,38.4549356223176,0.627315549637018,0.14285714285714285,0.20345912978831718,2008,10.0,20.0
c_nodr_new_vs_drz,before,0.02611607142857143,38.29059829059829,0.7461772744162597,0.14285714285714285,0.20380843789404254,1964,10.0,20.0
c_nodr_new_vs_drz,before,0.026227678571428572,38.12765957446808,0.6598072935884529,0.14285714285714285,0.20335035825347117,2022,10.0,20.0
c_nodr_new_vs_drz,before,0.026339285714285714,37.96610169491525,0.6773998942567936,0.14285714285714285,0.20333491064606968,2024,10.0,20.0
c_nodr_new_vs_drz,before,0.026450892857142857,37.80590717299578,0.734834700792632,0.14285714285714285,0.20333491064606968,2024,10.0,20.0
c_nodr_new_vs_drz,before,0.0265625,37.64705882352941,0.6513350915397154,0.14285714285714285,0.20338132157581876,2018,10.0,20.0
c_nodr_new_vs_drz,before,0.026674107142857142,37.48953974895397,0.614628219427356,0.14285714285714285,0.2030306380195964,2064,10.0,20.0
c_nodr_new_vs_drz,before,0.026785714285714284,37.333333333333336,0.5896935806142648,0.14285714285714285,0.2030156542404139,2066,10.0,20.0
c_nodr_new_vs_drz,before,0.026897321428571427,37.178423236514526,0.5600145892357764,0.14285714285714285,0.20352179142430754,2000,10.0,20.0
c_nodr_new_vs_drz,before,0.02700892857142857,37.02479338842976,0.5517015282228971,0.14285714285714285,0.20276417883135758,2100,10.0,20.0
c_nodr_new_vs_drz,before,0.027120535714285715,36.87242798353909,0.6401884339344044,0.14285714285714285,0.20280811620931277,2094,10.0,20.0
c_nodr_new_vs_drz,before,0.027232142857142858,36.721311475409834,0.6593544495545423,0.14285714285714285,0.20294105689975392,2076,10.0,20.0
c_nodr_new_vs_drz,before,0.02734375,36.57142857142857,0.6268164412425402,0.14285714285714285,0.20285224078709876,2088,10.0,20.0
c_nodr_new_vs_drz,before,0.027455357142857142,36.422764227642276,0.7075936648020978,0.14285714285714285,0.20251867322781997,2134,10.0,20.0
c_nodr_new_vs_drz,before,0.027566964285714285,36.2753036437247,0.8176854008570974,0.14285714285714285,0.20276417883135758,2100,10.0,20.0
c_nodr_new_vs_drz,before,0.027678571428571427,36.12903225806452,0.7467032787504745,0.14285714285714285,0.20282280353622323,2092,10.0,20.0
c_nodr_new_vs_drz,before,0.02779017857142857,35.98393574297189,0.5919413106604083,0.14285714285714285,0.2024051399747265,2150,10.0,20.0
c_nodr_new_vs_drz,before,0.027901785714285712,35.84,0.5448480717089176,0.14285714285714285,0.2023910364655755,2152,10.0,20.0
c_nodr_new_vs_drz,before,0.028013392857142855,35.69721115537849,0.5773158993311253,0.14285714285714285,0.20294105689975392,2076,10.0,20.0
c_nodr_new_vs_drz,before,0.028125,35.55555555555556,0.6014300229679728,0.14285714285714285,0.20199031257847036,2210,10.0,20.0
c_nodr_new_vs_drz,before,0.028236607142857143,35.41501976284585,0.5741465347906591,0.14285714285714285,0.20256157441371295,2128,10.0,20.0
c_nodr_new_vs_drz,before,0.028348214285714286,35.275590551181104,0.5981318069142105,0.14285714285714285,0.20220944357269727,2178,10.0,20.0
c_nodr_new_vs_drz,before,0.028459821428571428,35.13725490196079,0.6378887238846805,0.14285714285714285,0.2020038700244288,2208,10.0,20.0
c_nodr_new_vs_drz,before,0.02857142857142857,35.0,0.7136723072608947,0.14285714285714285,0.20227890442236768,2168,10.0,20.0
c_nodr_new_vs_drz,before,0.028683035714285713,34.86381322957199,0.727386421103245,0.14285714285714285,0.20209928513740544,2194,10.0,20.0
c_nodr_new_vs_drz,before,0.028794642857142855,34.72868217054264,0.6751806077071448,0.14285714285714285,0.20219560817884408,2180,10.0,20.0
c_nodr_new_vs_drz,before,0.028906249999999998,34.5945945945946,0.6240197944733522,0.14285714285714285,0.2018157070765534,2236,10.0,20.0
c_nodr_new_vs_drz,before,0.02901785714285714,34.46153846153847,0.5603698194318361,0.14285714285714285,0.20212671273157043,2190,10.0,20.0
c_nodr_new_vs_drz,before,0.029129464285714286,34.32950191570881,0.49604529505379,0.14285714285714285,0.20165718663427828,2260,10.0,20.0
c_nodr_new_vs_drz,before,0.02924107142857143,34.19847328244275,0.44030361918529026,0.14285714285714285,0.20197677333037697,2212,10.0,20.0
c_nodr_new_vs_drz,before,0.02935267857142857,34.06844106463878,0.4468425834823732,0.14285714285714285,0.20148825195988218,2286,10.0,20.0
c_nodr_new_vs_drz,before,0.029464285714285714,33.93939393939394,0.364738666977286,0.14285714285714285,0.20176258739613345,2244,10.0,20.0
c_nodr_new_vs_drz,before,0.029575892857142856,33.81132075471698,0.40617314787890924,0.14285714285714285,0.20165718663427828,2260,10.0,20.0
c_nodr_new_vs_drz,before,0.0296875,33.68421052631579,0.43510570625376105,0.14285714285714285,0.20130948318858632,2314,10.0,20.0
c_nodr_new_vs_drz,before,0.02979910714285714,33.55805243445693,0.5785903892594235,0.14285714285714285,0.20178911203700534,2240,10.0,20.0
c_nodr_new_vs_drz,before,0.029910714285714284,33.43283582089553,0.5931061396055287,0.14285714285714285,0.20133482448864679,2310,10.0,20.0
c_nodr_new_vs_drz,before,0.030022321428571426,33.30855018587361,0.5931801908427732,0.14285714285714285,0.20150114550038942,2284,10.0,20.0
c_nodr_new_vs_drz,before,0.030133928571428572,33.18518518518518,0.4788480186855568,0.14285714285714285,0.20163100936456846,2264,10.0,20.0
c_nodr_new_vs_drz,before,0.030245535714285714,33.06273062730627,0.5074901873183957,0.14285714285714285,0.20093700504233267,2374,10.0,20.0
c_nodr_new_vs_drz,before,0.030357142857142857,32.94117647058824,0.47969952312529973,0.14285714285714285,0.20127159292996374,2320,10.0,20.0
c_nodr_new_vs_drz,before,0.03046875,32.820512820512825,0.4647205865694481,0.14285714285714285,0.2014240345538633,2296,10.0,20.0
c_nodr_new_vs_drz,before,0.030580357142857142,32.7007299270073,0.4182260488948072,0.14285714285714285,0.20091267051918305,2378,10.0,20.0
c_nodr_new_vs_drz,before,0.030691964285714284,32.581818181818186,0.3767774655148222,0.14285714285714285,0.20117125958839946,2336,10.0,20.0
c_nodr_new_vs_drz,before,0.030803571428571427,32.46376811594203,0.36049908460618113,0.14285714285714285,0.20117125958839946,2336,10.0,20.0
c_nodr_new_vs_drz,before,0.03091517857142857,32.34657039711192,0.45634214677152474,0.14285714285714285,0.20079190337726316,2398,10.0,20.0
c_nodr_new_vs_drz,before,0.03102678571428571,32.230215827338135,0.4796102222225388,0.14285714285714285,0.2008520992222212,2388,10.0,20.0
c_nodr_new_vs_drz,before,0.031138392857142858,32.11469534050179,0.5908379689975443,0.14285714285714285,0.20129683691159364,2316,10.0,20.0
c_nodr_new_vs_drz,before,0.03125,32.0,0.5440799964621237,0.14285714285714285,0.20060175498092978,2430,10.0,20.0
c_nodr_new_vs_drz,before,0.03136160714285714,31.88612099644128,0.4718120701127178,0.14285714285714285,0.2005899942187709,2432,10.0,20.0
c_nodr_new_vs_drz,before,0.031473214285714285,31.77304964539007,0.5570711348008124,0.14285714285714285,0.20091267051918305,2378,10.0,20.0
c_nodr_new_vs_drz,before,0.03158482142857143,31.66077738515901,0.48756430434128223,0.14285714285714285,0.2005899942187709,2432,10.0,20.0
c_nodr_new_vs_drz,before,0.03169642857142857,31.549295774647888,0.3650937628218144,0.14285714285714285,0.20073207911367105,2408,10.0,20.0
c_nodr_new_vs_drz,before,0.03180803571428571,31.438596491228072,0.3722931325677283,0.14285714285714285,0.20043839988598003,2458,10.0,20.0
c_nodr_new_vs_drz,before,0.031919642857142855,31.32867132867133,0.45826582460380255,0.14285714285714285,0.20063712367957884,2424,10.0,20.0
c_nodr_new_vs_drz,before,0.03203125,31.219512195121954,0.6166216458207938,0.14285714285714285,0.2004037543659979,2464,10.0,20.0
c_nodr_new_vs_drz,before,0.03214285714285714,31.111111111111114,0.5817066773122338,0.14285714285714285,0.2003233998560821,2478,10.0,20.0
c_nodr_new_vs_drz,before,0.03225446428571428,31.00346020761246,0.4769490513027912,0.14285714285714285,0.20075596447473562,2404,10.0,20.0
c_nodr_new_vs_drz,before,0.032366071428571425,30.896551724137936,0.49425623249041534,0.14285714285714285,0.2001759442030165,2504,10.0,20.0
c_nodr_new_vs_drz,before,0.03247767857142857,30.790378006872857,0.4492404555090453,0.14285714285714285,0.20011983450492699,2514,10.0,20.0
c_nodr_new_vs_drz,before,0.032589285714285716,30.684931506849313,0.3945524912674998,0.14285714285714285,0.20038072687575237,2468,10.0,20.0
c_nodr_new_vs_drz,before,0.03270089285714286,30.580204778156993,0.44767708210528184,0.14285714285714285,0.20022107212707113,2496,10.0,20.0
c_nodr_new_vs_drz,before,0.0328125,30.476190476190474,0.3208407790309733,0.14285714285714285,0.1999424885446575,2546,10.0,20.0
c_nodr_new_vs_drz,before,0.032924107142857144,30.372881355932204,0.3497243466273725,0.14285714285714285,0.2003577547434476,2472,10.0,20.0
c_nodr_new_vs_drz,before,0.033035714285714286,30.27027027027027,0.35655215962839254,0.14285714285714285,0.19992055302869258,2550,10.0,20.0
c_nodr_new_vs_drz,before,0.03314732142857143,30.16835016835017,0.33373944225915986,0.14285714285714285,0.19982247206699402,2568,10.0,20.0
c_nodr_new_vs_drz,before,0.03325892857142857,30.06711409395973,0.25106903646899015,0.14285714285714285,0.20022107212707113,2496,10.0,20.0
c_nodr_new_vs_drz,before,0.033370535714285714,29.96655518394649,0.18771968897705635,0.14285714285714285,0.19981163721274517,2570,10.0,20.0
c_nodr_new_vs_drz,before,0.033482142857142856,29.866666666666667,0.41333073733984405,0.14285714285714285,0.19969327465375333,2592,10.0,20.0
c_nodr_new_vs_drz,before,0.03359375,29.767441860465116,0.41562626298097616,0.14285714285714285,0.19999755197612662,2536,10.0,20.0
c_nodr_new_vs_drz,before,0.03370535714285714,29.668874172185433,0.3340262089317998,0.14285714285714285,0.19968258842376282,2594,10.0,20.0
c_nodr_new_vs_drz,before,0.033816964285714284,29.570957095709574,0.39246763121902356,0.14285714285714285,0.1997576502130963,2580,10.0,20.0
c_nodr_new_vs_drz,before,0.033928571428571426,29.47368421052632,0.4925835287115024,0.14285714285714285,0.19962934028121115,2604,10.0,20.0
c_nodr_new_vs_drz,before,0.03404017857142857,29.377049180327873,0.3990677946655743,0.14285714285714285,0.19970397313874927,2590,10.0,20.0
c_nodr_new_vs_drz,before,0.03415178571428571,29.28104575163399,0.35260389417269744,0.14285714285714285,0.1995447720660188,2620,10.0,20.0
c_nodr_new_vs_drz,before,0.03426339285714285,29.185667752443,0.2761895944921318,0.14285714285714285,0.1995869599845832,2612,10.0,20.0
c_nodr_new_vs_drz,before,0.034374999999999996,29.090909090909093,0.3412438202354232,0.14285714285714285,0.19953425497473404,2622,10.0,20.0
c_nodr_new_vs_drz,before,0.034486607142857145,28.996763754045304,0.34325641389288386,0.14285714285714285,0.19923435045727056,2680,10.0,20.0
c_nodr_new_vs_drz,before,0.03459821428571429,28.903225806451612,0.3500762548872551,0.14285714285714285,0.19940897247414457,2646,10.0,20.0
c_nodr_new_vs_drz,before,0.03470982142857143,28.810289389067524,0.4768601333073347,0.14285714285714285,0.19948184772087152,2632,10.0,20.0
c_nodr_new_vs_drz,before,0.03482142857142857,28.717948717948715,0.345032858517073,0.14285714285714285,0.19925472300409489,2676,10.0,20.0
c_nodr_new_vs_drz,before,0.034933035714285715,28.62619808306709,0.22987541488377566,0.14285714285714285,0.199163400800433,2694,10.0,20.0
c_nodr_new_vs_drz,before,0.03504464285714286,28.53503184713376,0.23913090037038245,0.14285714285714285,0.19929560413957997,2668,10.0,20.0
c_nodr_new_vs_drz,before,0.03515625,28.444444444444443,0.27511422281834325,0.14285714285714285,0.19923435045727056,2680,10.0,20.0
c_nodr_new_vs_drz,before,0.03526785714285714,28.354430379746837,0.2510064606525936,0.14285714285714285,0.199163400800433,2694,10.0,20.0
c_nodr_new_vs_drz,before,0.035379464285714285,28.26498422712934,0.18582008787228738,0.14285714285714285,0.19903307957272984,2720,10.0,20.0
c_nodr_new_vs_drz,before,0.03549107142857143,28.17610062893082,0.2652586502044766,0.14285714285714285,0.19923435045727056,2680,10.0,20.0
c_nodr_new_vs_drz,before,0.03560267857142857,28.087774294670847,0.4134261096787795,0.14285714285714285,0.1987296503731864,2782,10.0,20.0
c_nodr_new_vs_drz,before,0.03571428571428571,28.0,0.26571610851386823,0.14285714285714285,0.19919374056785832,2688,10.0,20.0
c_nodr_new_vs_drz,before,0.035825892857142855,27.912772585669785,0.25447232575093026,0.14285714285714285,0.19897355378849282,2732,10.0,20.0
c_nodr_new_vs_drz,before,0.0359375,27.826086956521742,0.40956978132233796,0.14285714285714285,0.19863390479962775,2802,10.0,20.0
c_nodr_new_vs_drz,before,0.03604910714285714,27.73993808049536,0.22093742716997802,0.14285714285714285,0.19893408530849774,2740,10.0,20.0
c_nodr_new_vs_drz,before,0.03616071428571428,27.654320987654323,0.31136625338439494,0.14285714285714285,0.1989636705837003,2734,10.0,20.0
c_nodr_new_vs_drz,before,0.036272321428571425,27.56923076923077,0.2320695294527666,0.14285714285714285,0.1987779076146052,2772,10.0,20.0
c_nodr_new_vs_drz,before,0.03638392857142857,27.48466257668712,0.28578046108768246,0.14285714285714285,0.1985674850051077,2816,10.0,20.0
c_nodr_new_vs_drz,before,0.036495535714285716,27.400611620795104,0.20509883511567353,0.14285714285714285,0.19880698630805718,2766,10.0,20.0
c_nodr_new_vs_drz,before,0.03660714285714286,27.317073170731707,0.2446387523725067,0.14285714285714285,0.19847344616835114,2836,10.0,20.0
c_nodr_new_vs_drz,before,0.03671875,27.23404255319149,0.3227961807737017,0.14285714285714285,0.1985674850051077,2816,10.0,20.0
c_nodr_new_vs_drz,before,0.036830357142857144,27.151515151515152,0.38532057517662094,0.14285714285714285,0.1987296503731864,2782,10.0,20.0
c_nodr_new_vs_drz,before,0.036941964285714286,27.069486404833835,0.2002946871954819,0.14285714285714285,0.1983434350217766,2864,10.0,20.0
c_nodr_new_vs_drz,before,0.03705357142857143,26.987951807228917,0.19113962207199153,0.14285714285714285,0.19852975072299847,2824,10.0,20.0
c_nodr_new_vs_drz,before,0.03716517857142857,26.906906906906908,0.2338997592582917,0.14285714285714285,0.19837113512849097,2858,10.0,20.0
c_nodr_new_vs_drz,before,0.037276785714285714,26.826347305389223,0.1792464516692441,0.14285714285714285,0.19847344616835114,2836,10.0,20.0
c_nodr_new_vs_drz,before,0.037388392857142856,26.746268656716417,0.23754252275456464,0.14285714285714285,0.1984547565946868,2840,10.0,20.0
c_nodr_new_vs_drz,before,0.0375,26.666666666666668,0.12502086773004564,0.14285714285714285,0.19818808118118406,2898,10.0,20.0
c_nodr_new_vs_drz,before,0.03761160714285714,26.587537091988132,0.09085579336968139,0.14285714285714285,0.19843610609789097,2844,10.0,20.0
c_nodr_new_vs_drz,before,0.037723214285714284,26.50887573964497,0.05680956563318409,0.14285714285714285,0.19795564920134207,2950,10.0,20.0
c_nodr_new_vs_drz,before,0.037834821428571426,26.4306784660767,0.15576703724911878,0.14285714285714285,0.19830663541185475,2872,10.0,20.0
c_nodr_new_vs_drz,before,0.03794642857142857,26.35294117647059,0.2663865173249615,0.14285714285714285,0.1982882926807455,2876,10.0,20.0
c_nodr_new_vs_drz,before,0.03805803571428571,26.275659824046922,0.20175544781155422,0.14285714285714285,0.19802651424106882,2934,10.0,20.0
c_nodr_new_vs_drz,before,0.03816964285714285,26.198830409356727,0.1180976114545588,0.14285714285714285,0.1981069271457448,2916,10.0,20.0
c_nodr_new_vs_drz,before,0.038281249999999996,26.12244897959184,0.16077268290194952,0.14285714285714285,0.1982152991985056,2892,10.0,20.0
c_nodr_new_vs_drz,before,0.03839285714285714,26.04651162790698,0.14601409635641005,0.14285714285714285,0.19793802214251247,2954,10.0,20.0
c_nodr_new_vs_drz,before,0.03850446428571429,25.97101449275362,0.09557824508185668,0.14285714285714285,0.19782430484837527,2980,10.0,20.0
c_nodr_new_vs_drz,before,0.03861607142857143,25.89595375722543,0.2870952338797271,0.14285714285714285,0.19825172071105046,2884,10.0,20.0
c_nodr_new_vs_drz,before,0.03872767857142857,25.821325648414984,0.12639426338431844,0.14285714285714285,0.1978156184587228,2982,10.0,20.0
c_nodr_new_vs_drz,before,0.038839285714285715,25.74712643678161,0.01412169133020247,0.14285714285714285,0.19760123472388125,3032,10.0,20.0
c_nodr_new_vs_drz,before,0.03895089285714286,25.673352435530084,0.044135791404718606,0.14285714285714285,0.1981609467848357,2904,10.0,20.0
c_nodr_new_vs_drz,before,0.0390625,25.6,0.17284762389937927,0.14285714285714285,0.1975253385684874,3050,10.0,20.0
c_nodr_new_vs_drz,before,0.03917410714285714,25.527065527065528,0.15880922557044116,0.14285714285714285,0.19784170365088652,2976,10.0,20.0
c_nodr_new_vs_drz,before,0.039285714285714285,25.454545454545457,0.054677680705551804,0.14285714285714285,0.1976097089758139,3030,10.0,20.0
c_nodr_new_vs_drz,before,0.03939732142857143,25.38243626062323,0.07455221850618941,0.14285714285714285,0.1977550552720954,2996,10.0,20.0
c_nodr_new_vs_drz,before,0.03950892857142857,25.310734463276837,0.08120047300033638,0.14285714285714285,0.19765220529146557,3020,10.0,20.0
c_nodr_new_vs_drz,before,0.03962053571428571,25.23943661971831,0.06799071354176246,0.14285714285714285,0.1975085631250675,3054,10.0,20.0
c_nodr_new_vs_drz,before,0.039732142857142855,25.168539325842698,0.14189273421287496,0.14285714285714285,0.19770347780800562,3008,10.0,20.0
c_nodr_new_vs_drz,before,0.03984375,25.098039215686278,0.20063948817647448,0.14285714285714285,0.19743347590385044,3072,10.0,20.0
c_nodr_new_vs_drz,before,0.03995535714285714,25.027932960893857,0.09573492469207438,0.14285714285714285,0.19739204277139769,3082,10.0,20.0
c_nodr_new_vs_drz,before,0.04006696428571428,24.95821727019499,0.15994241244548968,0.14285714285714285,0.1976692624332035,3016,10.0,20.0
c_nodr_new_vs_drz,before,0.040178571428571425,24.888888888888893,0.040639799095363346,0.14285714285714285,0.19731796447605393,3100,10.0,20.0
c_nodr_new_vs_drz,before,0.04029017857142857,24.81994459833795,0.21204597930166733,0.14285714285714285,0.1974251732503782,3074,10.0,20.0
c_nodr_new_vs_drz,before,0.040401785714285716,24.75138121546961,0.22904295340371938,0.14285714285714285,0.19745010534200189,3068,10.0,20.0
c_nodr_new_vs_drz,before,0.04051339285714286,24.683195592286502,0.11592147810088403,0.14285714285714285,0.19736727869292328,3088,10.0,20.0
c_nodr_new_vs_drz,before,0.040625,24.615384615384613,0.056103979413631315,0.14285714285714285,0.1970358524551192,3170,10.0,20.0
c_nodr_new_vs_drz,before,0.040736607142857144,24.54794520547945,-0.021455982466157843,0.14285714285714285,0.197483461108339,3060,10.0,20.0
c_nodr_new_vs_drz,before,0.040848214285714286,24.48087431693989,-0.011163732180318471,0.14285714285714285,0.19717976864090656,3134,10.0,20.0
c_nodr_new_vs_drz,before,0.04095982142857143,24.4141689373297,0.007123192880716561,0.14285714285714285,0.19701210252814472,3176,10.0,20.0
c_nodr_new_vs_drz,before,0.04107142857142857,24.347826086956523,0.042921246938961335,0.14285714285714285,0.19738378012086183,3084,10.0,20.0
c_nodr_new_vs_drz,before,0.041183035714285714,24.281842818428185,0.1161318972464392,0.14285714285714285,0.19695694455425367,3190,10.0,20.0
c_nodr_new_vs_drz,before,0.041294642857142856,24.216216216216218,0.0982272043324712,0.14285714285714285,0.1970755845534379,3160,10.0,20.0
c_nodr_new_vs_drz,before,0.04140625,24.150943396226417,0.02493454391379091,0.14285714285714285,0.1970755845534379,3160,10.0,20.0
c_nodr_new_vs_drz,before,0.04151785714285714,24.086021505376344,0.20336619825130756,0.14285714285714285,0.19706762319057258,3162,10.0,20.0
c_nodr_new_vs_drz,before,0.041629464285714284,24.021447721179626,0.23985228316688664,0.14285714285714285,0.19698053952908048,3184,10.0,20.0
c_nodr_new_vs_drz,before,0.041741071428571426,23.9572192513369,0.20731408753706088,0.14285714285714285,0.19696480220931625,3188,10.0,20.0
c_nodr_new_vs_drz,before,0.04185267857142857,23.893333333333334,0.16424114802807654,0.14285714285714285,0.19690995197425074,3202,10.0,20.0
c_nodr_new_vs_drz,before,0.04196428571428571,23.829787234042556,0.07441382358817124,0.14285714285714285,0.1966864592271897,3260,10.0,20.0
c_nodr_new_vs_drz,before,0.04207589285714285,23.766578249336874,0.05212485153504947,0.14285714285714285,0.19691776587158633,3200,10.0,20.0
c_nodr_new_vs_drz,before,0.042187499999999996,23.703703703703706,0.05206228413394769,0.14285714285714285,0.19692558703358493,3198,10.0,20.0
c_nodr_new_vs_drz,before,0.04229910714285714,23.641160949868077,0.14535265260202163,0.14285714285714285,0.19662584390434415,3276,10.0,20.0
c_nodr_new_vs_drz,before,0.04241071428571429,23.57894736842105,0.10044687649843048,0.14285714285714285,0.1967398616607217,3246,10.0,20.0
c_nodr_new_vs_drz,before,0.04252232142857143,23.517060367454068,0.03185158744088483,0.14285714285714285,0.1969334154715303,3196,10.0,20.0
c_nodr_new_vs_drz,before,0.04263392857142857,23.455497382198953,0.02034063049561781,0.14285714285714285,0.19662584390434415,3276,10.0,20.0
c_nodr_new_vs_drz,before,0.042745535714285715,23.39425587467363,0.15825148007355244,0.14285714285714285,0.19658818240465054,3286,10.0,20.0
c_nodr_new_vs_drz,before,0.04285714285714286,23.333333333333332,0.06723935745444104,0.14285714285714285,0.19656566720869945,3292,10.0,20.0
c_nodr_new_vs_drz,before,0.04296875,23.272727272727273,-0.035570700805452694,0.14285714285714285,0.19674751854137398,3244,10.0,20.0
c_nodr_new_vs_drz,before,0.04308035714285714,23.212435233160623,-0.04697951105363308,0.14285714285714285,0.19627841680223054,3370,10.0,20.0
c_nodr_new_vs_drz,before,0.043191964285714285,23.152454780361758,0.09198649642265455,0.14285714285714285,0.19665609640424975,3268,10.0,20.0
c_nodr_new_vs_drz,before,0.04330357142857143,23.09278350515464,0.1117490381100744,0.14285714285714285,0.1965506909503124,3296,10.0,20.0
c_nodr_new_vs_drz,before,0.04341517857142857,23.033419023136247,0.04933793325376655,0.14285714285714285,0.19635112163071453,3350,10.0,20.0
c_nodr_new_vs_drz,before,0.04352678571428571,22.974358974358974,0.04460611236144776,0.14285714285714285,0.19649105513285683,3312,10.0,20.0
c_nodr_new_vs_drz,before,0.043638392857142855,22.915601023017903,0.10072365898265366,0.14285714285714285,0.1965506909503124,3296,10.0,20.0
c_nodr_new_vs_drz,before,0.04375,22.857142857142858,0.13304635193414943,0.14285714285714285,0.19620635084804425,3390,10.0,20.0
c_nodr_new_vs_drz,before,0.04386160714285714,22.798982188295167,0.043126950496966625,0.14285714285714285,0.19627118161272125,3372,10.0,20.0
c_nodr_new_vs_drz,before,0.04397321428571428,22.741116751269036,0.019475284855153194,0.14285714285714285,0.19639505513636507,3338,10.0,20.0
c_nodr_new_vs_drz,before,0.044084821428571425,22.683544303797472,-0.026573910525919127,0.14285714285714285,0.19614203002159336,3408,10.0,20.0
c_nodr_new_vs_drz,before,0.04419642857142857,22.62626262626263,0.07298002399188824,0.14285714285714285,0.19628565838032241,3368,10.0,20.0
c_nodr_new_vs_drz,before,0.04430803571428571,22.569269521410583,-0.031325665038703945,0.14285714285714285,0.19630742154042707,3362,10.0,20.0
c_nodr_new_vs_drz,before,0.04441964285714286,22.51256281407035,-0.04358711729685142,0.14285714285714285,0.19604297333067175,3436,10.0,20.0
c_nodr_new_vs_drz,before,0.04453125,22.45614035087719,0.06286536695835285,0.14285714285714285,0.19624230455271754,3380,10.0,20.0
c_nodr_new_vs_drz,before,0.044642857142857144,22.4,0.01753335765800117,0.14285714285714285,0.19616341405099993,3402,10.0,20.0
c_nodr_new_vs_drz,before,0.044754464285714286,22.34413965087282,0.05548765075966819,0.14285714285714285,0.19608527866196232,3424,10.0,20.0
c_nodr_new_vs_drz,before,0.04486607142857143,22.28855721393035,-0.00010280869203550699,0.14285714285714285,0.19608527866196232,3424,10.0,20.0
c_nodr_new_vs_drz,before,0.04497767857142857,22.233250620347395,-0.01924683161243891,0.14285714285714285,0.19586903899227384,3486,10.0,20.0
c_nodr_new_vs_drz,before,0.045089285714285714,22.17821782178218,-0.008594091791454903,0.14285714285714285,0.19609942947499998,3420,10.0,20.0
c_nodr_new_vs_drz,before,0.045200892857142856,22.123456790123456,0.06524386238714391,0.14285714285714285,0.19598690683769954,3452,10.0,20.0
c_nodr_new_vs_drz,before,0.0453125,22.06896551724138,0.07943322111532057,0.14285714285714285,0.19578686266146458,3510,10.0,20.0
c_nodr_new_vs_drz,before,0.04542410714285714,22.014742014742016,0.027284373001045255,0.14285714285714285,0.195959018311031,3460,10.0,20.0
c_nodr_new_vs_drz,before,0.045535714285714284,21.96078431372549,-0.03139408927167784,0.14285714285714285,0.1959242922263356,3470,10.0,20.0
c_nodr_new_vs_drz,before,0.045647321428571426,21.90709046454768,0.0627932331458553,0.14285714285714285,0.1959312255268662,3468,10.0,20.0
c_nodr_new_vs_drz,before,0.04575892857142857,21.853658536585368,0.07316985442812467,0.14285714285714285,0.19578005236369755,3512,10.0,20.0
c_nodr_new_vs_drz,before,0.04587053571428571,21.800486618004868,-0.02581759791927601,0.14285714285714285,0.1957460872064342,3522,10.0,20.0
c_nodr_new_vs_drz,before,0.04598214285714285,21.74757281553398,0.058550576433205694,0.14285714285714285,0.19567186631260183,3544,10.0,20.0
c_nodr_new_vs_drz,before,0.046093749999999996,21.69491525423729,0.013575719514540341,0.14285714285714285,0.19601489165878555,3444,10.0,20.0
c_nodr_new_vs_drz,before,0.04620535714285714,21.64251207729469,-0.010274367770598538,0.14285714285714285,0.19554526746979894,3582,10.0,20.0
c_nodr_new_vs_drz,before,0.04631696428571429,21.59036144578313,-0.021347641072929083,0.14285714285714285,0.19557838863500912,3572,10.0,20.0
c_nodr_new_vs_drz,before,0.04642857142857143,21.538461538461537,0.03578992497390829,0.14285714285714285,0.19587592500046092,3484,10.0,20.0
c_nodr_new_vs_drz,before,0.04654017857142857,21.48681055155875,-0.0011369663911573004,0.14285714285714285,0.19536229896004664,3638,10.0,20.0
c_nodr_new_vs_drz,before,0.046651785714285715,21.43540669856459,-0.008498004697027071,0.14285714285714285,0.19572577688551,3528,10.0,20.0
c_nodr_new_vs_drz,before,0.04676339285714286,21.384248210023866,0.01540655777975624,0.14285714285714285,0.19565844520659162,3548,10.0,20.0
c_nodr_new_vs_drz,before,0.046875,21.333333333333332,-0.0031317051920536536,0.14285714285714285,0.19540115234939126,3626,10.0,20.0
c_nodr_new_vs_drz,before,0.04698660714285714,21.282660332541568,0.018704615861702984,0.14285714285714285,0.19544672377293545,3612,10.0,20.0
c_nodr_new_vs_drz,before,0.047098214285714285,21.232227488151658,0.07494873804408234,0.14285714285714285,0.1954663349047849,3606,10.0,20.0
c_nodr_new_vs_drz,before,0.04720982142857143,21.182033096926716,0.04497217801536331,0.14285714285714285,0.1955651236363731,3576,10.0,20.0
c_nodr_new_vs_drz,before,0.04732142857142857,21.132075471698116,0.06020068038831493,0.14285714285714285,0.19534294368347277,3644,10.0,20.0
c_nodr_new_vs_drz,before,0.04743303571428571,21.08235294117647,-0.007015652135027941,0.14285714285714285,0.19537522888070752,3634,10.0,20.0
c_nodr_new_vs_drz,before,0.047544642857142855,21.03286384976526,-0.0009072082039948406,0.14285714285714285,0.19549912822785603,3596,10.0,20.0
c_nodr_new_vs_drz,before,0.04765625,20.98360655737705,-0.03487964730330849,0.14285714285714285,0.19527876700452393,3664,10.0,20.0
c_nodr_new_vs_drz,before,0.04776785714285714,20.93457943925234,-0.015692982644240606,0.14285714285714285,0.19536229896004664,3638,10.0,20.0
c_nodr_new_vs_drz,before,0.04787946428571428,20.88578088578089,0.012438541484813527,0.14285714285714285,0.1952532420597071,3672,10.0,20.0
c_nodr_new_vs_drz,before,0.047991071428571425,20.837209302325583,0.00452408144188702,0.14285714285714285,0.19534294368347277,3644,10.0,20.0
c_nodr_new_vs_drz,before,0.04810267857142857,20.788863109048727,0.024677835433955426,0.14285714285714285,0.1950209946989822,3746,10.0,20.0
c_nodr_new_vs_drz,before,0.04821428571428571,20.740740740740744,0.022185064002678,0.14285714285714285,0.19530437499553316,3656,10.0,20.0
c_nodr_new_vs_drz,before,0.04832589285714286,20.69284064665127,0.01913572604986245,0.14285714285714285,0.19526599417946083,3668,10.0,20.0
c_nodr_new_vs_drz,before,0.0484375,20.64516129032258,0.02598881240111878,0.14285714285714285,0.19493488938335007,3774,10.0,20.0
c_nodr_new_vs_drz,before,0.048549107142857144,20.597701149425287,-0.0010268902119727895,0.14285714285714285,0.19539466351065476,3628,10.0,20.0
c_nodr_new_vs_drz,before,0.048660714285714286,20.55045871559633,-0.00042316690552986745,0.14285714285714285,0.19489827749225433,3786,10.0,20.0
c_nodr_new_vs_drz,before,0.04877232142857143,20.503432494279178,-0.02592053795533618,0.14285714285714285,0.19506440733704855,3732,10.0,20.0
c_nodr_new_vs_drz,before,0.04888392857142857,20.45662100456621,-0.016422399464326342,0.14285714285714285,0.19518979008893414,3692,10.0,20.0
c_nodr_new_vs_drz,before,0.048995535714285714,20.41002277904328,-0.0051267716831425334,0.14285714285714285,0.19491046224945754,3782,10.0,20.0
c_nodr_new_vs_drz,before,0.049107142857142856,20.363636363636363,-0.03961087567699474,0.14285714285714285,0.19500246310468877,3752,10.0,20.0
c_nodr_new_vs_drz,before,0.04921875,20.317460317460316,-0.03251021348652106,0.14285714285714285,0.19499013318559666,3756,10.0,20.0
c_nodr_new_vs_drz,before,0.04933035714285714,20.271493212669682,-0.010438468923519786,0.14285714285714285,0.1948739653457362,3794,10.0,20.0
c_nodr_new_vs_drz,before,0.049441964285714284,20.225733634311513,0.009442279993550988,0.14285714285714285,0.19488003622703962,3792,10.0,20.0
c_nodr_new_vs_drz,before,0.049553571428571426,20.18018018018018,0.025486473489913106,0.14285714285714285,0.19489219229404334,3788,10.0,20.0
c_nodr_new_vs_drz,before,0.04966517857142857,20.134831460674157,-0.005928514747640229,0.14285714285714285,0.1950209946989822,3746,10.0,20.0
c_nodr_new_vs_drz,before,0.04977678571428571,20.08968609865471,-0.008151166049742442,0.14285714285714285,0.19475951592150462,3832,10.0,20.0
c_nodr_new_vs_drz,before,0.04988839285714285,20.04474272930649,0.012657875919042072,0.14285714285714285,0.19485578123579675,3800,10.0,20.0
c_nodr_new_vs_drz,before,0.049999999999999996,20.0,0.44257050637941125,0.14285714285714285,0.8417399583909729,2,10.0,20.0
c_nodr_new_vs_drz,after,0.0,inf,0.9999751305721473,0.14285714285714285,0.7560610050770457,3,10.0,20.0
c_nodr_new_vs_drz,after,0.00011160714285714285,8960.0,0.999974423882813,0.14285714285714285,0.5160568456025979,12,10.0,20.0
c_nodr_new_vs_drz,after,0.0002232142857142857,4480.0,0.9999490511399308,0.14285714285714285,0.43846389609946435,22,10.0,20.0
c_nodr_new_vs_drz,after,0.0003348214285714286,2986.6666666666665,0.9999057551435385,0.14285714285714285,0.41192739958594665,28,10.0,20.0
c_nodr_new_vs_drz,after,0.0004464285714285714,2240.0,0.9997830837964925,0.14285714285714285,0.37684928940895107,40,10.0,20.0
c_nodr_new_vs_drz,after,0.0005580357142857143,1792.0,0.999834862506285,0.14285714285714285,0.3572655453148874,50,10.0,20.0
c_nodr_new_vs_drz,after,0.0006696428571428571,1493.3333333333333,0.9999055720648341,0.14285714285714285,0.3607189084162777,48,10.0,20.0
c_nodr_new_vs_drz,after,0.0007812499999999999,1280.0,0.9996063621239782,0.14285714285714285,0.33301944154606616,68,10.0,20.0
c_nodr_new_vs_drz,after,0.0008928571428571428,1120.0,0.999432946124206,0.14285714285714285,0.3308883459615167,70,10.0,20.0
c_nodr_new_vs_drz,after,0.0010044642857142856,995.5555555555557,0.999414505017848,0.14285714285714285,0.32498105977643776,76,10.0,20.0
c_nodr_new_vs_drz,after,0.0011160714285714285,896.0,0.999249413599619,0.14285714285714285,0.3120228149867766,92,10.0,20.0
c_nodr_new_vs_drz,after,0.0012276785714285714,814.5454545454546,0.9985796945431986,0.14285714285714285,0.30307454563671804,106,10.0,20.0
c_nodr_new_vs_drz,after,0.0013392857142857143,746.6666666666666,0.9979617629161164,0.14285714285714285,0.309276869488276,96,10.0,20.0
c_nodr_new_vs_drz,after,0.0014508928571428572,689.2307692307692,0.9990732180746037,0.14285714285714285,0.297657677511583,116,10.0,20.0
c_nodr_new_vs_drz,after,0.0015624999999999999,640.0,0.9988741946977479,0.14285714285714285,0.28942028891226607,134,10.0,20.0
c_nodr_new_vs_drz,after,0.0016741071428571428,597.3333333333334,0.9973731640356234,0.14285714285714285,0.2956748612128594,120,10.0,20.0
c_nodr_new_vs_drz,after,0.0017857142857142857,560.0,0.9981497835263445,0.14285714285714285,0.28476380812712476,146,10.0,20.0
c_nodr_new_vs_drz,after,0.0018973214285714286,527.0588235294118,0.9985244417128362,0.14285714285714285,0.2812856424436456,156,10.0,20.0
c_nodr_new_vs_drz,after,0.0020089285714285712,497.7777777777778,0.9996696093859403,0.14285714285714285,0.28702018719502587,140,10.0,20.0
c_nodr_new_vs_drz,after,0.002120535714285714,471.5789473684211,0.9997025234454392,0.14285714285714285,0.2757709533720164,174,10.0,20.0
c_nodr_new_vs_drz,after,0.002232142857142857,448.0,0.9998286030273306,0.14285714285714285,0.27520913338899333,176,10.0,20.0
c_nodr_new_vs_drz,after,0.00234375,426.6666666666667,0.999879317114763,0.14285714285714285,0.273051000260408,184,10.0,20.0
c_nodr_new_vs_drz,after,0.002455357142857143,407.2727272727273,0.9998824476269162,0.14285714285714285,0.2705369635786124,194,10.0,20.0
c_nodr_new_vs_drz,after,0.0025669642857142857,389.5652173913044,0.9998840225409721,0.14285714285714285,0.269116846861646,200,10.0,20.0
c_nodr_new_vs_drz,after,0.0026785714285714286,373.3333333333333,0.9998165307319024,0.14285714285714285,0.26731663903915925,208,10.0,20.0
c_nodr_new_vs_drz,after,0.0027901785714285715,358.4,0.9991445205179432,0.14285714285714285,0.2668822084027434,210,10.0,20.0
c_nodr_new_vs_drz,after,0.0029017857142857144,344.6153846153846,0.9992553607253725,0.14285714285714285,0.26173150991010213,236,10.0,20.0
c_nodr_new_vs_drz,after,0.003013392857142857,331.8518518518519,0.9992505441809543,0.14285714285714285,0.2632250986856457,228,10.0,20.0
c_nodr_new_vs_drz,after,0.0031249999999999997,320.0,0.9980925352776369,0.14285714285714285,0.2613695641695868,238,10.0,20.0
c_nodr_new_vs_drz,after,0.0032366071428571426,308.96551724137936,0.9989965980758976,0.14285714285714285,0.2576597972433477,260,10.0,20.0
c_nodr_new_vs_drz,after,0.0033482142857142855,298.6666666666667,0.9979748692893071,0.14285714285714285,0.2586250244740691,254,10.0,20.0
c_nodr_new_vs_drz,after,0.0034598214285714284,289.03225806451616,0.9985987898999513,0.14285714285714285,0.25523709705862524,276,10.0,20.0
c_nodr_new_vs_drz,after,0.0035714285714285713,280.0,0.9984023138207869,0.14285714285714285,0.25582326430374547,272,10.0,20.0
c_nodr_new_vs_drz,after,0.003683035714285714,271.5151515151515,0.9985082232945051,0.14285714285714285,0.2527449491574839,294,10.0,20.0
c_nodr_new_vs_drz,after,0.003794642857142857,263.5294117647059,0.9986952260605069,0.14285714285714285,0.25410107451462977,284,10.0,20.0
c_nodr_new_vs_drz,after,0.00390625,256.0,0.9978089024511857,0.14285714285714285,0.2514544516681247,304,10.0,20.0
c_nodr_new_vs_drz,after,0.0040178571428571425,248.8888888888889,0.9978729980563735,0.14285714285714285,0.24928083583453234,322,10.0,20.0
c_nodr_new_vs_drz,after,0.004129464285714286,242.16216216216216,0.9977849325326549,0.14285714285714285,0.2514544516681247,304,10.0,20.0
c_nodr_new_vs_drz,after,0.004241071428571428,235.78947368421055,0.9966725332019365,0.14285714285714285,0.24905026945843273,324,10.0,20.0
c_nodr_new_vs_drz,after,0.004352678571428572,229.74358974358972,0.995789879054164,0.14285714285714285,0.24582376798178943,354,10.0,20.0
c_nodr_new_vs_drz,after,0.004464285714285714,224.0,0.998260290977056,0.14285714285714285,0.24770924671322134,336,10.0,20.0
c_nodr_new_vs_drz,after,0.004575892857142857,218.53658536585365,0.9952762447571144,0.14285714285714285,0.24643640318775006,348,10.0,20.0
c_nodr_new_vs_drz,after,0.0046875,213.33333333333334,0.9947439590565358,0.14285714285714285,0.24426173259637654,370,10.0,20.0
c_nodr_new_vs_drz,after,0.004799107142857142,208.37209302325584,0.9977282272663452,0.14285714285714285,0.24407341871811294,372,10.0,20.0
c_nodr_new_vs_drz,after,0.004910714285714286,203.63636363636365,0.9976746699069031,0.14285714285714285,0.24388657961491628,374,10.0,20.0
c_nodr_new_vs_drz,after,0.005022321428571428,199.11111111111114,0.9977489207260773,0.14285714285714285,0.24124866466885456,404,10.0,20.0
c_nodr_new_vs_drz,after,0.005133928571428571,194.7826086956522,0.9988520885261915,0.14285714285714285,0.24226832878047586,392,10.0,20.0
c_nodr_new_vs_drz,after,0.005245535714285714,190.63829787234044,0.998834285182766,0.14285714285714285,0.2427954615022515,386,10.0,20.0
c_nodr_new_vs_drz,after,0.005357142857142857,186.66666666666666,0.9982477440783094,0.14285714285714285,0.23964416299559071,424,10.0,20.0
c_nodr_new_vs_drz,after,0.00546875,182.85714285714286,0.9972088719661659,0.14285714285714285,0.24027239659586974,416,10.0,20.0
c_nodr_new_vs_drz,after,0.005580357142857143,179.2,0.9955303847978324,0.14285714285714285,0.2388828626474958,434,10.0,20.0
c_nodr_new_vs_drz,after,0.0056919642857142854,175.68627450980392,0.9970474239028548,0.14285714285714285,0.2384383044776066,440,10.0,20.0
c_nodr_new_vs_drz,after,0.005803571428571429,172.3076923076923,0.9978819696162207,0.14285714285714285,0.23757528612232023,452,10.0,20.0
c_nodr_new_vs_drz,after,0.005915178571428571,169.05660377358492,0.9949166210846697,0.14285714285714285,0.23688135961430892,462,10.0,20.0
c_nodr_new_vs_drz,after,0.006026785714285714,165.92592592592595,0.9966739697842419,0.14285714285714285,0.23785919155913984,448,10.0,20.0
c_nodr_new_vs_drz,after,0.006138392857142857,162.9090909090909,0.9967069104102476,0.14285714285714285,0.23517586182327832,488,10.0,20.0
c_nodr_new_vs_drz,after,0.0062499999999999995,160.0,0.9980457236262397,0.14285714285714285,0.23607716377209612,474,10.0,20.0
c_nodr_new_vs_drz,after,0.006361607142857143,157.19298245614036,0.998339337399828,0.14285714285714285,0.23568617177506457,480,10.0,20.0
c_nodr_new_vs_drz,after,0.006473214285714285,154.48275862068968,0.997482102911782,0.14285714285714285,0.23359868826190747,514,10.0,20.0
c_nodr_new_vs_drz,after,0.006584821428571429,151.864406779661,0.9954018685855047,0.14285714285714285,0.23348222347930858,516,10.0,20.0
c_nodr_new_vs_drz,after,0.006696428571428571,149.33333333333334,0.9970594776749028,0.14285714285714285,0.23467767886949623,496,10.0,20.0
c_nodr_new_vs_drz,after,0.006808035714285714,146.88524590163934,0.9977208170146912,0.14285714285714285,0.23246304055541317,534,10.0,20.0
c_nodr_new_vs_drz,after,0.006919642857142857,144.51612903225808,0.9982823661673451,0.14285714285714285,0.23191835858106052,544,10.0,20.0
c_nodr_new_vs_drz,after,0.00703125,142.22222222222223,0.9981959874382993,0.14285714285714285,0.23348222347930858,516,10.0,20.0
c_nodr_new_vs_drz,after,0.007142857142857143,140.0,0.9982117044151536,0.14285714285714285,0.23118003674182988,558,10.0,20.0
c_nodr_new_vs_drz,after,0.007254464285714285,137.84615384615387,0.9988517954711164,0.14285714285714285,0.23066911942921098,568,10.0,20.0
c_nodr_new_vs_drz,after,0.007366071428571428,135.75757575757575,0.9991321480173947,0.14285714285714285,0.23257377696061368,532,10.0,20.0
c_nodr_new_vs_drz,after,0.007477678571428571,133.7313432835821,0.9982635005304351,0.14285714285714285,0.22865956785210217,610,10.0,20.0
c_nodr_new_vs_drz,after,0.007589285714285714,131.76470588235296,0.9974310321360913,0.14285714285714285,0.2300731936178756,580,10.0,20.0
c_nodr_new_vs_drz,after,0.007700892857142857,129.85507246376812,0.9979716799687647,0.14285714285714285,0.22987856279938831,584,10.0,20.0
c_nodr_new_vs_drz,after,0.0078125,128.0,0.9975479854704982,0.14285714285714285,0.22847879956174852,614,10.0,20.0
c_nodr_new_vs_drz,after,0.007924107142857142,126.19718309859155,0.997869320411624,0.14285714285714285,0.22856896654528058,612,10.0,20.0
c_nodr_new_vs_drz,after,0.008035714285714285,124.44444444444446,0.9977229044815513,0.14285714285714285,0.22794672665157004,626,10.0,20.0
c_nodr_new_vs_drz,after,0.008147321428571429,122.73972602739725,0.9972400042545768,0.14285714285714285,0.22856896654528058,612,10.0,20.0
c_nodr_new_vs_drz,after,0.008258928571428572,121.08108108108108,0.9979097011556076,0.14285714285714285,0.22751466188342373,636,10.0,20.0
c_nodr_new_vs_drz,after,0.008370535714285714,119.46666666666667,0.9985639585469804,0.14285714285714285,0.22709247611069447,646,10.0,20.0
c_nodr_new_vs_drz,after,0.008482142857142856,117.89473684210527,0.9990804173855883,0.14285714285714285,0.2270091913293758,648,10.0,20.0
c_nodr_new_vs_drz,after,0.008593749999999999,116.36363636363637,0.9985157693536216,0.14285714285714285,0.22684375089361272,652,10.0,20.0
c_nodr_new_vs_drz,after,0.008705357142857143,114.87179487179486,0.9982679545243304,0.14285714285714285,0.22580365493397495,678,10.0,20.0
c_nodr_new_vs_drz,after,0.008816964285714286,113.41772151898735,0.9981444430892572,0.14285714285714285,0.22572608133433805,680,10.0,20.0
c_nodr_new_vs_drz,after,0.008928571428571428,112.0,0.9981019458806824,0.14285714285714285,0.22572608133433805,680,10.0,20.0
c_nodr_new_vs_drz,after,0.00904017857142857,110.61728395061729,0.9971733070705531,0.14285714285714285,0.2247472633332211,706,10.0,20.0
c_nodr_new_vs_drz,after,0.009151785714285715,109.26829268292683,0.9971967283813193,0.14285714285714285,0.2252675931499613,692,10.0,20.0
c_nodr_new_vs_drz,after,0.009263392857142857,107.95180722891567,0.9969024807336482,0.14285714285714285,0.22511735629687746,696,10.0,20.0
c_nodr_new_vs_drz,after,0.009375,106.66666666666667,0.9970887410362237,0.14285714285714285,0.22347634762040358,742,10.0,20.0
c_nodr_new_vs_drz,after,0.009486607142857142,105.41176470588236,0.9970475361340467,0.14285714285714285,0.22467416992987052,708,10.0,20.0
c_nodr_new_vs_drz,after,0.009598214285714285,104.18604651162792,0.9970531888083556,0.14285714285714285,0.22280884262303868,762,10.0,20.0
c_nodr_new_vs_drz,after,0.009709821428571429,102.98850574712644,0.9926441891516294,0.14285714285714285,0.22368179007692848,736,10.0,20.0
c_nodr_new_vs_drz,after,0.009821428571428571,101.81818181818183,0.9912468789247177,0.14285714285714285,0.22287442635809016,760,10.0,20.0
c_nodr_new_vs_drz,after,0.009933035714285714,100.67415730337079,0.9957613605889332,0.14285714285714285,0.22229315058834048,778,10.0,20.0
c_nodr_new_vs_drz,after,0.010044642857142856,99.55555555555557,0.9964018948653292,0.14285714285714285,0.22261360373636063,768,10.0,20.0
c_nodr_new_vs_drz,after,0.01015625,98.46153846153845,0.9957044117000643,0.14285714285714285,0.22287442635809016,760,10.0,20.0
c_nodr_new_vs_drz,after,0.010267857142857143,97.3913043478261,0.9943944008374755,0.14285714285714285,0.22191652760781277,790,10.0,20.0
c_nodr_new_vs_drz,after,0.010379464285714285,96.34408602150538,0.9947020876164876,0.14285714285714285,0.2212474895498582,812,10.0,20.0
c_nodr_new_vs_drz,after,0.010491071428571428,95.31914893617022,0.9951410084831297,0.14285714285714285,0.2214876516950723,804,10.0,20.0
c_nodr_new_vs_drz,after,0.010602678571428572,94.3157894736842,0.9949092019756627,0.14285714285714285,0.22130720212890542,810,10.0,20.0
c_nodr_new_vs_drz,after,0.010714285714285714,93.33333333333333,0.9958892340184116,0.14285714285714285,0.2206620549790673,832,10.0,20.0
c_nodr_new_vs_drz,after,0.010825892857142857,92.37113402061856,0.9955553634411434,0.14285714285714285,0.2216090580540805,800,10.0,20.0
c_nodr_new_vs_drz,after,0.0109375,91.42857142857143,0.9967635845269506,0.14285714285714285,0.2198217694523472,862,10.0,20.0
c_nodr_new_vs_drz,after,0.011049107142857142,90.50505050505052,0.9963873489078209,0.14285714285714285,0.22020844574520457,848,10.0,20.0
c_nodr_new_vs_drz,after,0.011160714285714286,89.6,0.9948775210884604,0.14285714285714285,0.21928516426814687,882,10.0,20.0
c_nodr_new_vs_drz,after,0.011272321428571428,88.71287128712872,0.9912688230850992,0.14285714285714285,0.22077747178815657,828,10.0,20.0
c_nodr_new_vs_drz,after,0.011383928571428571,87.84313725490196,0.9911594924342828,0.14285714285714285,0.21955119748619267,872,10.0,20.0
c_nodr_new_vs_drz,after,0.011495535714285713,86.99029126213593,0.9918745486952437,0.14285714285714285,0.21856336410973248,910,10.0,20.0
c_nodr_new_vs_drz,after,0.011607142857142858,86.15384615384615,0.9901499803997509,0.14285714285714285,0.21965887440375706,868,10.0,20.0
c_nodr_new_vs_drz,after,0.01171875,85.33333333333333,0.9898443736687601,0.14285714285714285,0.21902354389357315,892,10.0,20.0
c_nodr_new_vs_drz,after,0.011830357142857142,84.52830188679246,0.9889738901706695,0.14285714285714285,0.2181654494608149,926,10.0,20.0
c_nodr_new_vs_drz,after,0.011941964285714285,83.73831775700936,0.9885505427681118,0.14285714285714285,0.21841294458748992,916,10.0,20.0
c_nodr_new_vs_drz,after,0.012053571428571427,82.96296296296298,0.9942704248623682,0.14285714285714285,0.21851306204381743,912,10.0,20.0
c_nodr_new_vs_drz,after,0.012165178571428572,82.20183486238533,0.9946761666651132,0.14285714285714285,0.21758723335053728,950,10.0,20.0
c_nodr_new_vs_drz,after,0.012276785714285714,81.45454545454545,0.9950085348576411,0.14285714285714285,0.21744603829804665,956,10.0,20.0
c_nodr_new_vs_drz,after,0.012388392857142856,80.72072072072072,0.9931058912438177,0.14285714285714285,0.21861382957564643,908,10.0,20.0
c_nodr_new_vs_drz,after,0.012499999999999999,80.0,0.9919824407038594,0.14285714285714285,0.21675920204107632,986,10.0,20.0
c_nodr_new_vs_drz,after,0.012611607142857143,79.29203539823008,0.9919103880648177,0.14285714285714285,0.21725980028494588,964,10.0,20.0
c_nodr_new_vs_drz,after,0.012723214285714286,78.59649122807018,0.9909097627379825,0.14285714285714285,0.21721359693608783,966,10.0,20.0
c_nodr_new_vs_drz,after,0.012834821428571428,77.91304347826087,0.9875628378623666,0.14285714285714285,0.21644914346158642,1000,10.0,20.0
c_nodr_new_vs_drz,after,0.01294642857142857,77.24137931034484,0.9860508909461053,0.14285714285714285,0.21653707458648785,996,10.0,20.0
c_nodr_new_vs_drz,after,0.013058035714285715,76.58119658119658,0.989313060963117,0.14285714285714285,0.21649304397049488,998,10.0,20.0
c_nodr_new_vs_drz,after,0.013169642857142857,75.9322033898305,0.9905739146586122,0.14285714285714285,0.21610254718236965,1016,10.0,20.0
c_nodr_new_vs_drz,after,0.01328125,75.29411764705883,0.9917034646557041,0.14285714285714285,0.21618843703925994,1012,10.0,20.0
c_nodr_new_vs_drz,after,0.013392857142857142,74.66666666666667,0.9857087444539432,0.14285714285714285,0.21605978929178232,1018,10.0,20.0
c_nodr_new_vs_drz,after,0.013504464285714285,74.04958677685951,0.9880575686987725,0.14285714285714285,0.21551499634696136,1044,10.0,20.0
c_nodr_new_vs_drz,after,0.013616071428571429,73.44262295081967,0.9905843304821177,0.14285714285714285,0.21568047213382657,1036,10.0,20.0
c_nodr_new_vs_drz,after,0.013727678571428571,72.84552845528455,0.9832860905275683,0.14285714285714285,0.21498988471428435,1070,10.0,20.0
c_nodr_new_vs_drz,after,0.013839285714285714,72.25806451612904,0.9809445239303783,0.14285714285714285,0.21543295911437524,1048,10.0,20.0
c_nodr_new_vs_drz,after,0.013950892857142856,71.68,0.9750739712891773,0.14285714285714285,0.2148713755575323,1076,10.0,20.0
c_nodr_new_vs_drz,after,0.0140625,71.11111111111111,0.9801046561345171,0.14285714285714285,0.21475383879638116,1082,10.0,20.0
c_nodr_new_vs_drz,after,0.014174107142857143,70.55118110236221,0.9881160320718788,0.14285714285714285,0.21471487366377726,1084,10.0,20.0
c_nodr_new_vs_drz,after,0.014285714285714285,70.0,0.9886372399483137,0.14285714285714285,0.21459861283869502,1090,10.0,20.0
c_nodr_new_vs_drz,after,0.014397321428571428,69.45736434108528,0.9868797322137326,0.14285714285714285,0.21425543086377571,1108,10.0,20.0
c_nodr_new_vs_drz,after,0.01450892857142857,68.92307692307693,0.969293871282411,0.14285714285714285,0.21456006915830092,1092,10.0,20.0
c_nodr_new_vs_drz,after,0.014620535714285714,68.3969465648855,0.969513704286217,0.14285714285714285,0.21355728664025345,1146,10.0,20.0
c_nodr_new_vs_drz,after,0.014732142857142857,67.87878787878788,0.9820323922545907,0.14285714285714285,0.21366522853675965,1140,10.0,20.0
c_nodr_new_vs_drz,after,0.01484375,67.36842105263158,0.9736226502461983,0.14285714285714285,0.2143309783773013,1104,10.0,20.0
c_nodr_new_vs_drz,after,0.014955357142857142,66.86567164179105,0.9713123730805433,0.14285714285714285,0.21279046829950965,1190,10.0,20.0
c_nodr_new_vs_drz,after,0.015066964285714286,66.37037037037037,0.9793495980890264,0.14285714285714285,0.21373765748018866,1136,10.0,20.0
c_nodr_new_vs_drz,after,0.015178571428571428,65.88235294117648,0.9735823605145839,0.14285714285714285,0.21352149146774207,1148,10.0,20.0
c_nodr_new_vs_drz,after,0.015290178571428571,65.4014598540146,0.9690089914627553,0.14285714285714285,0.21285843635360488,1186,10.0,20.0
c_nodr_new_vs_drz,after,0.015401785714285713,64.92753623188406,0.9641740594030351,0.14285714285714285,0.21282441002983377,1188,10.0,20.0
c_nodr_new_vs_drz,after,0.015513392857142856,64.46043165467627,0.9693049825811916,0.14285714285714285,0.21337922749072738,1156,10.0,20.0
c_nodr_new_vs_drz,after,0.015625,64.0,0.9736299837426345,0.14285714285714285,0.212000361835817,1238,10.0,20.0
c_nodr_new_vs_drz,after,0.015736607142857142,63.54609929078014,0.9867443826050865,0.14285714285714285,0.2124887421904062,1208,10.0,20.0
c_nodr_new_vs_drz,after,0.015848214285714285,63.098591549295776,0.9884950783805799,0.14285714285714285,0.2127228372174348,1194,10.0,20.0
c_nodr_new_vs_drz,after,0.015959821428571427,62.65734265734266,0.984499117624045,0.14285714285714285,0.2120323741059451,1236,10.0,20.0
c_nodr_new_vs_drz,after,0.01607142857142857,62.22222222222223,0.9789292404196483,0.14285714285714285,0.2120323741059451,1236,10.0,20.0
c_nodr_new_vs_drz,after,0.016183035714285712,61.79310344827587,0.9655324127702214,0.14285714285714285,0.21187307369980893,1246,10.0,20.0
c_nodr_new_vs_drz,after,0.016294642857142858,61.36986301369863,0.9614266778706028,0.14285714285714285,0.21216119331021152,1228,10.0,20.0
c_nodr_new_vs_drz,after,0.01640625,60.95238095238095,0.9531140803204546,0.14285714285714285,0.21159104545450594,1264,10.0,20.0
c_nodr_new_vs_drz,after,0.016517857142857143,60.54054054054054,0.9347882540465516,0.14285714285714285,0.21149835269259598,1270,10.0,20.0
c_nodr_new_vs_drz,after,0.016629464285714286,60.13422818791946,0.9507278763180306,0.14285714285714285,0.21177839816474361,1252,10.0,20.0
c_nodr_new_vs_drz,after,0.016741071428571428,59.733333333333334,0.9324741170074464,0.14285714285714285,0.21134529561252643,1280,10.0,20.0
c_nodr_new_vs_drz,after,0.01685267857142857,59.337748344370866,0.9510920401916861,0.14285714285714285,0.21054834880675766,1334,10.0,20.0
c_nodr_new_vs_drz,after,0.016964285714285713,58.94736842105264,0.972425830139254,0.14285714285714285,0.21159104545450594,1264,10.0,20.0
c_nodr_new_vs_drz,after,0.017075892857142855,58.56209150326798,0.9776185897720879,0.14285714285714285,0.21080861501660042,1316,10.0,20.0
c_nodr_new_vs_drz,after,0.017187499999999998,58.18181818181819,0.9767535693475194,0.14285714285714285,0.2104912166657718,1338,10.0,20.0
c_nodr_new_vs_drz,after,0.017299107142857144,57.806451612903224,0.9697857782309822,0.14285714285714285,0.2112241179090306,1288,10.0,20.0
c_nodr_new_vs_drz,after,0.017410714285714286,57.43589743589743,0.9579886561034342,0.14285714285714285,0.21009825045931166,1366,10.0,20.0
c_nodr_new_vs_drz,after,0.01752232142857143,57.07006369426752,0.9785143421183148,0.14285714285714285,0.21034948559464076,1348,10.0,20.0
c_nodr_new_vs_drz,after,0.01763392857142857,56.708860759493675,0.9399504819626977,0.14285714285714285,0.21046274528313325,1340,10.0,20.0
c_nodr_new_vs_drz,after,0.017745535714285714,56.35220125786164,0.9225067845836694,0.14285714285714285,0.2102651915533084,1354,10.0,20.0
c_nodr_new_vs_drz,after,0.017857142857142856,56.0,0.9330501383217326,0.14285714285714285,0.20979775932161346,1388,10.0,20.0
c_nodr_new_vs_drz,after,0.01796875,55.652173913043484,0.9520295139883895,0.14285714285714285,0.21001559151209073,1372,10.0,20.0
c_nodr_new_vs_drz,after,0.01808035714285714,55.308641975308646,0.9609037887455292,0.14285714285714285,0.20993346585157174,1378,10.0,20.0
c_nodr_new_vs_drz,after,0.018191964285714284,54.96932515337424,0.946684513198125,0.14285714285714285,0.20969023176701643,1396,10.0,20.0
c_nodr_new_vs_drz,after,0.01830357142857143,54.63414634146341,0.9440220498990058,0.14285714285714285,0.20974388120426476,1392,10.0,20.0
c_nodr_new_vs_drz,after,0.018415178571428572,54.303030303030305,0.946811318163713,0.14285714285714285,0.20924322011539456,1430,10.0,20.0
c_nodr_new_vs_drz,after,0.018526785714285714,53.975903614457835,0.9189993846938141,0.14285714285714285,0.20937304795788578,1420,10.0,20.0
c_nodr_new_vs_drz,after,0.018638392857142857,53.65269461077845,0.9061594543066266,0.14285714285714285,0.20958361247909307,1404,10.0,20.0
c_nodr_new_vs_drz,after,0.01875,53.333333333333336,0.9161846528052864,0.14285714285714285,0.20908918974285123,1442,10.0,20.0
c_nodr_new_vs_drz,after,0.018861607142857142,53.01775147928994,0.921120375939579,0.14285714285714285,0.2091147294392002,1440,10.0,20.0
c_nodr_new_vs_drz,after,0.018973214285714284,52.70588235294118,0.9415078898308046,0.14285714285714285,0.20878674915614567,1466,10.0,20.0
c_nodr_new_vs_drz,after,0.019084821428571427,52.397660818713454,0.8400015657784285,0.14285714285714285,0.20896227354363328,1452,10.0,20.0
c_nodr_new_vs_drz,after,0.01919642857142857,52.09302325581396,0.8848638172733232,0.14285714285714285,0.20861368932701757,1480,10.0,20.0
c_nodr_new_vs_drz,after,0.019308035714285715,51.79190751445086,0.8444102573906089,0.14285714285714285,0.20849155226945118,1490,10.0,20.0
c_nodr_new_vs_drz,after,0.019419642857142858,51.49425287356322,0.9008148958589763,0.14285714285714285,0.20886166870324252,1460,10.0,20.0
c_nodr_new_vs_drz,after,0.01953125,51.2,0.9035393696476584,0.14285714285714285,0.20832258514572422,1504,10.0,20.0
c_nodr_new_vs_drz,after,0.019642857142857142,50.909090909090914,0.8245435492385285,0.14285714285714285,0.20820331375489703,1514,10.0,20.0
c_nodr_new_vs_drz,after,0.019754464285714285,50.621468926553675,0.849247228780858,0.14285714285714285,0.2080852033992908,1524,10.0,20.0
c_nodr_new_vs_drz,after,0.019866071428571427,50.337078651685395,0.8385538990476832,0.14285714285714285,0.20822707454226386,1512,10.0,20.0
c_nodr_new_vs_drz,after,0.01997767857142857,50.05586592178771,0.8601644045025236,0.14285714285714285,0.2076466470245122,1562,10.0,20.0
c_nodr_new_vs_drz,after,0.020089285714285712,49.777777777777786,0.8765480790567773,0.14285714285714285,0.20817959940754727,1516,10.0,20.0
c_nodr_new_vs_drz,after,0.020200892857142858,49.50276243093922,0.9331074506930892,0.14285714285714285,0.20817959940754727,1516,10.0,20.0
c_nodr_new_vs_drz,after,0.0203125,49.230769230769226,0.9236578240746308,0.14285714285714285,0.2071581805789342,1606,10.0,20.0
c_nodr_new_vs_drz,after,0.020424107142857143,48.96174863387978,0.8846400135825869,0.14285714285714285,0.2078523911652866,1544,10.0,20.0
c_nodr_new_vs_drz,after,0.020535714285714286,48.69565217391305,0.9208911425556396,0.14285714285714285,0.20751142498562736,1574,10.0,20.0
c_nodr_new_vs_drz,after,0.020647321428571428,48.432432432432435,0.9618481061008841,0.14285714285714285,0.207311430402214,1592,10.0,20.0
c_nodr_new_vs_drz,after,0.02075892857142857,48.17204301075269,0.9617135708825558,0.14285714285714285,0.20766933369874285,1560,10.0,20.0
c_nodr_new_vs_drz,after,0.020870535714285713,47.9144385026738,0.9438581190075138,0.14285714285714285,0.2072455083727941,1598,10.0,20.0
c_nodr_new_vs_drz,after,0.020982142857142855,47.65957446808511,0.8921912049717733,0.14285714285714285,0.20679410702631273,1640,10.0,20.0
c_nodr_new_vs_drz,after,0.021093749999999998,47.40740740740741,0.919031348950567,0.14285714285714285,0.2070931065498322,1612,10.0,20.0
c_nodr_new_vs_drz,after,0.021205357142857144,47.1578947368421,0.9053370120230311,0.14285714285714285,0.20733348626347292,1590,10.0,20.0
c_nodr_new_vs_drz,after,0.021316964285714286,46.910994764397905,0.8588253812551564,0.14285714285714285,0.2068363565335541,1636,10.0,20.0
c_nodr_new_vs_drz,after,0.02142857142857143,46.666666666666664,0.8905399796103591,0.14285714285714285,0.20646152179686691,1672,10.0,20.0
c_nodr_new_vs_drz,after,0.02154017857142857,46.424870466321245,0.9197452514843708,0.14285714285714285,0.20677303948480721,1642,10.0,20.0
c_nodr_new_vs_drz,after,0.021651785714285714,46.18556701030928,0.9497127755485801,0.14285714285714285,0.20654377883697478,1664,10.0,20.0
c_nodr_new_vs_drz,after,0.021763392857142856,45.94871794871795,0.9480238307592943,0.14285714285714285,0.2069213164900138,1628,10.0,20.0
c_nodr_new_vs_drz,after,0.021875,45.714285714285715,0.9386477723533645,0.14285714285714285,0.20615817865004304,1702,10.0,20.0
c_nodr_new_vs_drz,after,0.02198660714285714,45.48223350253807,0.9666461363570662,0.14285714285714285,0.2063798459329584,1680,10.0,20.0
c_nodr_new_vs_drz,after,0.022098214285714284,45.25252525252526,0.9356342884200732,0.14285714285714285,0.20607862228912602,1710,10.0,20.0
c_nodr_new_vs_drz,after,0.02220982142857143,45.0251256281407,0.9299134542363773,0.14285714285714285,0.2060193161196826,1716,10.0,20.0
c_nodr_new_vs_drz,after,0.022321428571428572,44.8,0.8925416638248186,0.14285714285714285,0.2064206116472992,1676,10.0,20.0
c_nodr_new_vs_drz,after,0.022433035714285714,44.5771144278607,0.8719134468521487,0.14285714285714285,0.20568896146044316,1750,10.0,20.0
c_nodr_new_vs_drz,after,0.022544642857142857,44.35643564356436,0.8961953243876931,0.14285714285714285,0.20586265784981742,1732,10.0,20.0
c_nodr_new_vs_drz,after,0.02265625,44.13793103448276,0.9083700558771223,0.14285714285714285,0.20625840693654623,1692,10.0,20.0
c_nodr_new_vs_drz,after,0.022767857142857142,43.92156862745098,0.899206634795163,0.14285714285714285,0.20561261066388095,1758,10.0,20.0
c_nodr_new_vs_drz,after,0.022879464285714284,43.707317073170735,0.9041789079841263,0.14285714285714285,0.20563165001517575,1756,10.0,20.0
c_nodr_new_vs_drz,after,0.022991071428571427,43.49514563106796,0.8917434624621391,0.14285714285714285,0.2059799491398533,1720,10.0,20.0
c_nodr_new_vs_drz,after,0.02310267857142857,43.28502415458938,0.9412066453867788,0.14285714285714285,0.2050559530372921,1818,10.0,20.0
c_nodr_new_vs_drz,after,0.023214285714285715,43.07692307692307,0.9469767820734566,0.14285714285714285,0.20529377749698421,1792,10.0,20.0
c_nodr_new_vs_drz,after,0.023325892857142858,42.87081339712918,0.9479080327063165,0.14285714285714285,0.20578513067261447,1740,10.0,20.0
c_nodr_new_vs_drz,after,0.0234375,42.666666666666664,0.9495726186571821,0.14285714285714285,0.2049478815407546,1830,10.0,20.0
c_nodr_new_vs_drz,after,0.023549107142857142,42.464454976303315,0.9005065999473711,0.14285714285714285,0.2053308201973659,1788,10.0,20.0
c_nodr_new_vs_drz,after,0.023660714285714285,42.26415094339623,0.9132250538904928,0.14285714285714285,0.2051650873580342,1806,10.0,20.0
c_nodr_new_vs_drz,after,0.023772321428571427,42.06572769953052,0.8850933624813793,0.14285714285714285,0.20500178551890139,1824,10.0,20.0
c_nodr_new_vs_drz,after,0.02388392857142857,41.86915887850468,0.8563441856206052,0.14285714285714285,0.2050378677827802,1820,10.0,20.0
c_nodr_new_vs_drz,after,0.023995535714285712,41.674418604651166,0.8622575227406639,0.14285714285714285,0.20473485868990474,1854,10.0,20.0
c_nodr_new_vs_drz,after,0.024107142857142855,41.48148148148149,0.8785883442125179,0.14285714285714285,0.20489423896779435,1836,10.0,20.0
c_nodr_new_vs_drz,after,0.02421875,41.29032258064516,0.8474924688547143,0.14285714285714285,0.20482311852246032,1844,10.0,20.0
c_nodr_new_vs_drz,after,0.024330357142857143,41.10091743119266,0.822538691201411,0.14285714285714285,0.20428703415014268,1906,10.0,20.0
c_nodr_new_vs_drz,after,0.024441964285714286,40.91324200913242,0.8596483526161042,0.14285714285714285,0.20485862143419345,1840,10.0,20.0
c_nodr_new_vs_drz,after,0.024553571428571428,40.72727272727273,0.8651291179349767,0.14285714285714285,0.20443997892001115,1888,10.0,20.0
c_nodr_new_vs_drz,after,0.02466517857142857,40.542986425339365,0.8946899751382751,0.14285714285714285,0.20432083629059994,1902,10.0,20.0
c_nodr_new_vs_drz,after,0.024776785714285713,40.36036036036036,0.9395941753688809,0.14285714285714285,0.20478772961770136,1848,10.0,20.0
c_nodr_new_vs_drz,after,0.024888392857142855,40.17937219730942,0.9465366299623665,0.14285714285714285,0.20406985646203774,1932,10.0,20.0
c_nodr_new_vs_drz,after,0.024999999999999998,40.0,0.856470821042122,0.14285714285714285,0.20405333008241125,1934,10.0,20.0
c_nodr_new_vs_drz,after,0.02511160714285714,39.82222222222222,0.8426987362093645,0.14285714285714285,0.20443997892001115,1888,10.0,20.0
c_nodr_new_vs_drz,after,0.025223214285714286,39.64601769911504,0.7966884343677156,0.14285714285714285,0.20395470143415717,1946,10.0,20.0
c_nodr_new_vs_drz,after,0.02533482142857143,39.47136563876652,0.8370861612559016,0.14285714285714285,0.20380843789404254,1964,10.0,20.0
c_nodr_new_vs_drz,after,0.02544642857142857,39.29824561403509,0.8418437341636956,0.14285714285714285,0.20397107681264137,1944,10.0,20.0
c_nodr_new_vs_drz,after,0.025558035714285714,39.12663755458515,0.8622393859274642,0.14285714285714285,0.2038245910506852,1962,10.0,20.0
c_nodr_new_vs_drz,after,0.025669642857142856,38.95652173913044,0.841213187656356,0.14285714285714285,0.20368008519926165,1980,10.0,20.0
c_nodr_new_vs_drz,after,0.02578125,38.78787878787879,0.8810327323246582,0.14285714285714285,0.20406985646203774,1932,10.0,20.0
c_nodr_new_vs_drz,after,0.02589285714285714,38.62068965517242,0.9117925040412322,0.14285714285714285,0.20360064332422378,1990,10.0,20.0
c_nodr_new_vs_drz,after,0.026004464285714284,38.4549356223176,0.9031727781696696,0.14285714285714285,0.20345912978831718,2008,10.0,20.0
c_nodr_new_vs_drz,after,0.02611607142857143,38.29059829059829,0.9181098189102049,0.14285714285714285,0.20380843789404254,1964,10.0,20.0
c_nodr_new_vs_drz,after,0.026227678571428572,38.12765957446808,0.8679340804917698,0.14285714285714285,0.20335035825347117,2022,10.0,20.0
c_nodr_new_vs_drz,after,0.026339285714285714,37.96610169491525,0.9083002339925714,0.14285714285714285,0.20333491064606968,2024,10.0,20.0
c_nodr_new_vs_drz,after,0.026450892857142857,37.80590717299578,0.9292456950821204,0.14285714285714285,0.20333491064606968,2024,10.0,20.0
c_nodr_new_vs_drz,after,0.0265625,37.64705882352941,0.9248524897909972,0.14285714285714285,0.20338132157581876,2018,10.0,20.0
c_nodr_new_vs_drz,after,0.026674107142857142,37.48953974895397,0.9078398242080136,0.14285714285714285,0.2030306380195964,2064,10.0,20.0
c_nodr_new_vs_drz,after,0.026785714285714284,37.333333333333336,0.9249687363858001,0.14285714285714285,0.2030156542404139,2066,10.0,20.0
c_nodr_new_vs_drz,after,0.026897321428571427,37.178423236514526,0.9284858294099124,0.14285714285714285,0.20352179142430754,2000,10.0,20.0
c_nodr_new_vs_drz,after,0.02700892857142857,37.02479338842976,0.9360887904231255,0.14285714285714285,0.20276417883135758,2100,10.0,20.0
c_nodr_new_vs_drz,after,0.027120535714285715,36.87242798353909,0.8792567388208985,0.14285714285714285,0.20280811620931277,2094,10.0,20.0
c_nodr_new_vs_drz,after,0.027232142857142858,36.721311475409834,0.8442169663403386,0.14285714285714285,0.20294105689975392,2076,10.0,20.0
c_nodr_new_vs_drz,after,0.02734375,36.57142857142857,0.8867841012208801,0.14285714285714285,0.20285224078709876,2088,10.0,20.0
c_nodr_new_vs_drz,after,0.027455357142857142,36.422764227642276,0.8595293267611047,0.14285714285714285,0.20251867322781997,2134,10.0,20.0
c_nodr_new_vs_drz,after,0.027566964285714285,36.2753036437247,0.9132042284979002,0.14285714285714285,0.20276417883135758,2100,10.0,20.0
c_nodr_new_vs_drz,after,0.027678571428571427,36.12903225806452,0.9028825433310858,0.14285714285714285,0.20282280353622323,2092,10.0,20.0
c_nodr_new_vs_drz,after,0.02779017857142857,35.98393574297189,0.8362293120589664,0.14285714285714285,0.2024051399747265,2150,10.0,20.0
c_nodr_new_vs_drz,after,0.027901785714285712,35.84,0.8158128310309104,0.14285714285714285,0.2023910364655755,2152,10.0,20.0
c_nodr_new_vs_drz,after,0.028013392857142855,35.69721115537849,0.9070903702697619,0.14285714285714285,0.20294105689975392,2076,10.0,20.0
c_nodr_new_vs_drz,after,0.028125,35.55555555555556,0.9365123067934442,0.14285714285714285,0.20199031257847036,2210,10.0,20.0
c_nodr_new_vs_drz,after,0.028236607142857143,35.41501976284585,0.9109619382425581,0.14285714285714285,0.20256157441371295,2128,10.0,20.0
c_nodr_new_vs_drz,after,0.028348214285714286,35.275590551181104,0.9044067790283746,0.14285714285714285,0.20220944357269727,2178,10.0,20.0
c_nodr_new_vs_drz,after,0.028459821428571428,35.13725490196079,0.9028605399928299,0.14285714285714285,0.2020038700244288,2208,10.0,20.0
c_nodr_new_vs_drz,after,0.02857142857142857,35.0,0.9070572379494726,0.14285714285714285,0.20227890442236768,2168,10.0,20.0
c_nodr_new_vs_drz,after,0.028683035714285713,34.86381322957199,0.8796383029037507,0.14285714285714285,0.20209928513740544,2194,10.0,20.0
c_nodr_new_vs_drz,after,0.028794642857142855,34.72868217054264,0.865727241586537,0.14285714285714285,0.20219560817884408,2180,10.0,20.0
c_nodr_new_vs_drz,after,0.028906249999999998,34.5945945945946,0.8543160548527173,0.14285714285714285,0.2018157070765534,2236,10.0,20.0
c_nodr_new_vs_drz,after,0.02901785714285714,34.46153846153847,0.8518870094595365,0.14285714285714285,0.20212671273157043,2190,10.0,20.0
c_nodr_new_vs_drz,after,0.029129464285714286,34.32950191570881,0.8163606726008915,0.14285714285714285,0.20165718663427828,2260,10.0,20.0
c_nodr_new_vs_drz,after,0.02924107142857143,34.19847328244275,0.8002185384926126,0.14285714285714285,0.20197677333037697,2212,10.0,20.0
c_nodr_new_vs_drz,after,0.02935267857142857,34.06844106463878,0.6049014076563418,0.14285714285714285,0.20148825195988218,2286,10.0,20.0
c_nodr_new_vs_drz,after,0.029464285714285714,33.93939393939394,0.7103905254548599,0.14285714285714285,0.20176258739613345,2244,10.0,20.0
c_nodr_new_vs_drz,after,0.029575892857142856,33.81132075471698,0.8287404840703161,0.14285714285714285,0.20165718663427828,2260,10.0,20.0
c_nodr_new_vs_drz,after,0.0296875,33.68421052631579,0.8470440329783089,0.14285714285714285,0.20130948318858632,2314,10.0,20.0
c_nodr_new_vs_drz,after,0.02979910714285714,33.55805243445693,0.814953294700332,0.14285714285714285,0.20178911203700534,2240,10.0,20.0
c_nodr_new_vs_drz,after,0.029910714285714284,33.43283582089553,0.7853889105844699,0.14285714285714285,0.20133482448864679,2310,10.0,20.0
c_nodr_new_vs_drz,after,0.030022321428571426,33.30855018587361,0.8216794949754933,0.14285714285714285,0.20150114550038942,2284,10.0,20.0
c_nodr_new_vs_drz,after,0.030133928571428572,33.18518518518518,0.8245901307799469,0.14285714285714285,0.20163100936456846,2264,10.0,20.0
c_nodr_new_vs_drz,after,0.030245535714285714,33.06273062730627,0.8396080041651652,0.14285714285714285,0.20093700504233267,2374,10.0,20.0
c_nodr_new_vs_drz,after,0.030357142857142857,32.94117647058824,0.8436313024479576,0.14285714285714285,0.20127159292996374,2320,10.0,20.0
c_nodr_new_vs_drz,after,0.03046875,32.820512820512825,0.8343142184505689,0.14285714285714285,0.2014240345538633,2296,10.0,20.0
c_nodr_new_vs_drz,after,0.030580357142857142,32.7007299270073,0.8862047170479248,0.14285714285714285,0.20091267051918305,2378,10.0,20.0
c_nodr_new_vs_drz,after,0.030691964285714284,32.581818181818186,0.864973122132653,0.14285714285714285,0.20117125958839946,2336,10.0,20.0
c_nodr_new_vs_drz,after,0.030803571428571427,32.46376811594203,0.8581336727510412,0.14285714285714285,0.20117125958839946,2336,10.0,20.0
c_nodr_new_vs_drz,after,0.03091517857142857,32.34657039711192,0.6912501403773732,0.14285714285714285,0.20079190337726316,2398,10.0,20.0
c_nodr_new_vs_drz,after,0.03102678571428571,32.230215827338135,0.6447780930185807,0.14285714285714285,0.2008520992222212,2388,10.0,20.0
c_nodr_new_vs_drz,after,0.031138392857142858,32.11469534050179,0.7370349849536906,0.14285714285714285,0.20129683691159364,2316,10.0,20.0
c_nodr_new_vs_drz,after,0.03125,32.0,0.7169955954638988,0.14285714285714285,0.20060175498092978,2430,10.0,20.0
c_nodr_new_vs_drz,after,0.03136160714285714,31.88612099644128,0.6962012217667587,0.14285714285714285,0.2005899942187709,2432,10.0,20.0
c_nodr_new_vs_drz,after,0.031473214285714285,31.77304964539007,0.7447069427922983,0.14285714285714285,0.20091267051918305,2378,10.0,20.0
c_nodr_new_vs_drz,after,0.03158482142857143,31.66077738515901,0.7069148695054699,0.14285714285714285,0.2005899942187709,2432,10.0,20.0
c_nodr_new_vs_drz,after,0.03169642857142857,31.549295774647888,0.8348394396063685,0.14285714285714285,0.20073207911367105,2408,10.0,20.0
c_nodr_new_vs_drz,after,0.03180803571428571,31.438596491228072,0.8783575442610045,0.14285714285714285,0.20043839988598003,2458,10.0,20.0
c_nodr_new_vs_drz,after,0.031919642857142855,31.32867132867133,0.8718192844087814,0.14285714285714285,0.20063712367957884,2424,10.0,20.0
c_nodr_new_vs_drz,after,0.03203125,31.219512195121954,0.8385833554432849,0.14285714285714285,0.2004037543659979,2464,10.0,20.0
c_nodr_new_vs_drz,after,0.03214285714285714,31.111111111111114,0.7906102911673429,0.14285714285714285,0.2003233998560821,2478,10.0,20.0
c_nodr_new_vs_drz,after,0.03225446428571428,31.00346020761246,0.7418801214976793,0.14285714285714285,0.20075596447473562,2404,10.0,20.0
c_nodr_new_vs_drz,after,0.032366071428571425,30.896551724137936,0.7399283496750763,0.14285714285714285,0.2001759442030165,2504,10.0,20.0
c_nodr_new_vs_drz,after,0.03247767857142857,30.790378006872857,0.7027897720719445,0.14285714285714285,0.20011983450492699,2514,10.0,20.0
c_nodr_new_vs_drz,after,0.032589285714285716,30.684931506849313,0.6004169645217702,0.14285714285714285,0.20038072687575237,2468,10.0,20.0
c_nodr_new_vs_drz,after,0.03270089285714286,30.580204778156993,0.725370206928642,0.14285714285714285,0.20022107212707113,2496,10.0,20.0
c_nodr_new_vs_drz,after,0.0328125,30.476190476190474,0.7423031742364631,0.14285714285714285,0.1999424885446575,2546,10.0,20.0
c_nodr_new_vs_drz,after,0.032924107142857144,30.372881355932204,0.7440503222757682,0.14285714285714285,0.2003577547434476,2472,10.0,20.0
c_nodr_new_vs_drz,after,0.033035714285714286,30.27027027027027,0.5802517755403238,0.14285714285714285,0.19992055302869258,2550,10.0,20.0
c_nodr_new_vs_drz,after,0.03314732142857143,30.16835016835017,0.6755297711938731,0.14285714285714285,0.19982247206699402,2568,10.0,20.0
c_nodr_new_vs_drz,after,0.03325892857142857,30.06711409395973,0.76339380391044,0.14285714285714285,0.20022107212707113,2496,10.0,20.0
c_nodr_new_vs_drz,after,0.033370535714285714,29.96655518394649,0.6225888049743968,0.14285714285714285,0.19981163721274517,2570,10.0,20.0
c_nodr_new_vs_drz,after,0.033482142857142856,29.866666666666667,0.6034387432288189,0.14285714285714285,0.19969327465375333,2592,10.0,20.0
c_nodr_new_vs_drz,after,0.03359375,29.767441860465116,0.5201802342156432,0.14285714285714285,0.19999755197612662,2536,10.0,20.0
c_nodr_new_vs_drz,after,0.03370535714285714,29.668874172185433,0.4987852791526893,0.14285714285714285,0.19968258842376282,2594,10.0,20.0
c_nodr_new_vs_drz,after,0.033816964285714284,29.570957095709574,0.6303383833950025,0.14285714285714285,0.1997576502130963,2580,10.0,20.0
c_nodr_new_vs_drz,after,0.033928571428571426,29.47368421052632,0.7601110070173531,0.14285714285714285,0.19962934028121115,2604,10.0,20.0
c_nodr_new_vs_drz,after,0.03404017857142857,29.377049180327873,0.6988823085239846,0.14285714285714285,0.19970397313874927,2590,10.0,20.0
c_nodr_new_vs_drz,after,0.03415178571428571,29.28104575163399,0.5043917609541153,0.14285714285714285,0.1995447720660188,2620,10.0,20.0
c_nodr_new_vs_drz,after,0.03426339285714285,29.185667752443,0.6412723653409791,0.14285714285714285,0.1995869599845832,2612,10.0,20.0
c_nodr_new_vs_drz,after,0.034374999999999996,29.090909090909093,0.6773525867037434,0.14285714285714285,0.19953425497473404,2622,10.0,20.0
c_nodr_new_vs_drz,after,0.034486607142857145,28.996763754045304,0.5775720408297377,0.14285714285714285,0.19923435045727056,2680,10.0,20.0
c_nodr_new_vs_drz,after,0.03459821428571429,28.903225806451612,0.5539217122803318,0.14285714285714285,0.19940897247414457,2646,10.0,20.0
c_nodr_new_vs_drz,after,0.03470982142857143,28.810289389067524,0.6361727296427762,0.14285714285714285,0.19948184772087152,2632,10.0,20.0
c_nodr_new_vs_drz,after,0.03482142857142857,28.717948717948715,0.568922305763814,0.14285714285714285,0.19925472300409489,2676,10.0,20.0
c_nodr_new_vs_drz,after,0.034933035714285715,28.62619808306709,0.49808334374659086,0.14285714285714285,0.199163400800433,2694,10.0,20.0
c_nodr_new_vs_drz,after,0.03504464285714286,28.53503184713376,0.5235758381595366,0.14285714285714285,0.19929560413957997,2668,10.0,20.0
c_nodr_new_vs_drz,after,0.03515625,28.444444444444443,0.5255813539037025,0.14285714285714285,0.19923435045727056,2680,10.0,20.0
c_nodr_new_vs_drz,after,0.03526785714285714,28.354430379746837,0.6017735550571124,0.14285714285714285,0.199163400800433,2694,10.0,20.0
c_nodr_new_vs_drz,after,0.035379464285714285,28.26498422712934,0.7109067191943795,0.14285714285714285,0.19903307957272984,2720,10.0,20.0
c_nodr_new_vs_drz,after,0.03549107142857143,28.17610062893082,0.7370931012866753,0.14285714285714285,0.19923435045727056,2680,10.0,20.0
c_nodr_new_vs_drz,after,0.03560267857142857,28.087774294670847,0.6915358204943587,0.14285714285714285,0.1987296503731864,2782,10.0,20.0
c_nodr_new_vs_drz,after,0.03571428571428571,28.0,0.555384696709525,0.14285714285714285,0.19919374056785832,2688,10.0,20.0
c_nodr_new_vs_drz,after,0.035825892857142855,27.912772585669785,0.46763782896505124,0.14285714285714285,0.19897355378849282,2732,10.0,20.0
c_nodr_new_vs_drz,after,0.0359375,27.826086956521742,0.5349399375197529,0.14285714285714285,0.19863390479962775,2802,10.0,20.0
c_nodr_new_vs_drz,after,0.03604910714285714,27.73993808049536,0.44452938991962127,0.14285714285714285,0.19893408530849774,2740,10.0,20.0
c_nodr_new_vs_drz,after,0.03616071428571428,27.654320987654323,0.4523085413562164,0.14285714285714285,0.1989636705837003,2734,10.0,20.0
c_nodr_new_vs_drz,after,0.036272321428571425,27.56923076923077,0.3833058422431246,0.14285714285714285,0.1987779076146052,2772,10.0,20.0
c_nodr_new_vs_drz,after,0.03638392857142857,27.48466257668712,0.38060985299103617,0.14285714285714285,0.1985674850051077,2816,10.0,20.0
c_nodr_new_vs_drz,after,0.036495535714285716,27.400611620795104,0.5004978511877322,0.14285714285714285,0.19880698630805718,2766,10.0,20.0
c_nodr_new_vs_drz,after,0.03660714285714286,27.317073170731707,0.5014852247351639,0.14285714285714285,0.19847344616835114,2836,10.0,20.0
c_nodr_new_vs_drz,after,0.03671875,27.23404255319149,0.5513993643283173,0.14285714285714285,0.1985674850051077,2816,10.0,20.0
c_nodr_new_vs_drz,after,0.036830357142857144,27.151515151515152,0.5403433989201127,0.14285714285714285,0.1987296503731864,2782,10.0,20.0
c_nodr_new_vs_drz,after,0.036941964285714286,27.069486404833835,0.4274428210531481,0.14285714285714285,0.1983434350217766,2864,10.0,20.0
c_nodr_new_vs_drz,after,0.03705357142857143,26.987951807228917,0.46985699242829077,0.14285714285714285,0.19852975072299847,2824,10.0,20.0
c_nodr_new_vs_drz,after,0.03716517857142857,26.906906906906908,0.4974579264490322,0.14285714285714285,0.19837113512849097,2858,10.0,20.0
c_nodr_new_vs_drz,after,0.037276785714285714,26.826347305389223,0.35486269858205677,0.14285714285714285,0.19847344616835114,2836,10.0,20.0
c_nodr_new_vs_drz,after,0.037388392857142856,26.746268656716417,0.42041388821374814,0.14285714285714285,0.1984547565946868,2840,10.0,20.0
c_nodr_new_vs_drz,after,0.0375,26.666666666666668,0.39778943741496137,0.14285714285714285,0.19818808118118406,2898,10.0,20.0
c_nodr_new_vs_drz,after,0.03761160714285714,26.587537091988132,0.4979812122980917,0.14285714285714285,0.19843610609789097,2844,10.0,20.0
c_nodr_new_vs_drz,after,0.037723214285714284,26.50887573964497,0.47025462983194477,0.14285714285714285,0.19795564920134207,2950,10.0,20.0
c_nodr_new_vs_drz,after,0.037834821428571426,26.4306784660767,0.4076178281922522,0.14285714285714285,0.19830663541185475,2872,10.0,20.0
c_nodr_new_vs_drz,after,0.03794642857142857,26.35294117647059,0.37414246088754616,0.14285714285714285,0.1982882926807455,2876,10.0,20.0
c_nodr_new_vs_drz,after,0.03805803571428571,26.275659824046922,0.31753596181343685,0.14285714285714285,0.19802651424106882,2934,10.0,20.0
c_nodr_new_vs_drz,after,0.03816964285714285,26.198830409356727,0.33461828679077626,0.14285714285714285,0.1981069271457448,2916,10.0,20.0
c_nodr_new_vs_drz,after,0.038281249999999996,26.12244897959184,0.3070955274656707,0.14285714285714285,0.1982152991985056,2892,10.0,20.0
c_nodr_new_vs_drz,after,0.03839285714285714,26.04651162790698,0.30420545220491924,0.14285714285714285,0.19793802214251247,2954,10.0,20.0
c_nodr_new_vs_drz,after,0.03850446428571429,25.97101449275362,0.3916605852277478,0.14285714285714285,0.19782430484837527,2980,10.0,20.0
c_nodr_new_vs_drz,after,0.03861607142857143,25.89595375722543,0.41774281150155923,0.14285714285714285,0.19825172071105046,2884,10.0,20.0
c_nodr_new_vs_drz,after,0.03872767857142857,25.821325648414984,0.20871019772402716,0.14285714285714285,0.1978156184587228,2982,10.0,20.0
c_nodr_new_vs_drz,after,0.038839285714285715,25.74712643678161,0.16073635180403645,0.14285714285714285,0.19760123472388125,3032,10.0,20.0
c_nodr_new_vs_drz,after,0.03895089285714286,25.673352435530084,0.25037155540601314,0.14285714285714285,0.1981609467848357,2904,10.0,20.0
c_nodr_new_vs_drz,after,0.0390625,25.6,0.3840947618141978,0.14285714285714285,0.1975253385684874,3050,10.0,20.0
c_nodr_new_vs_drz,after,0.03917410714285714,25.527065527065528,0.3661183843889121,0.14285714285714285,0.19784170365088652,2976,10.0,20.0
c_nodr_new_vs_drz,after,0.039285714285714285,25.454545454545457,0.15008218311690624,0.14285714285714285,0.1976097089758139,3030,10.0,20.0
c_nodr_new_vs_drz,after,0.03939732142857143,25.38243626062323,0.12834510179648098,0.14285714285714285,0.1977550552720954,2996,10.0,20.0
c_nodr_new_vs_drz,after,0.03950892857142857,25.310734463276837,0.19013311833855198,0.14285714285714285,0.19765220529146557,3020,10.0,20.0
c_nodr_new_vs_drz,after,0.03962053571428571,25.23943661971831,0.21590484511964964,0.14285714285714285,0.1975085631250675,3054,10.0,20.0
c_nodr_new_vs_drz,after,0.039732142857142855,25.168539325842698,0.26717677869469303,0.14285714285714285,0.19770347780800562,3008,10.0,20.0
c_nodr_new_vs_drz,after,0.03984375,25.098039215686278,0.4172928139660383,0.14285714285714285,0.19743347590385044,3072,10.0,20.0
c_nodr_new_vs_drz,after,0.03995535714285714,25.027932960893857,0.3260866234739841,0.14285714285714285,0.19739204277139769,3082,10.0,20.0
c_nodr_new_vs_drz,after,0.04006696428571428,24.95821727019499,0.29844661128519423,0.14285714285714285,0.1976692624332035,3016,10.0,20.0
c_nodr_new_vs_drz,after,0.040178571428571425,24.888888888888893,0.35595054887802147,0.14285714285714285,0.19731796447605393,3100,10.0,20.0
c_nodr_new_vs_drz,after,0.04029017857142857,24.81994459833795,0.4495571446871279,0.14285714285714285,0.1974251732503782,3074,10.0,20.0
c_nodr_new_vs_drz,after,0.040401785714285716,24.75138121546961,0.38430074109333845,0.14285714285714285,0.19745010534200189,3068,10.0,20.0
c_nodr_new_vs_drz,after,0.04051339285714286,24.683195592286502,0.2699366094112154,0.14285714285714285,0.19736727869292328,3088,10.0,20.0
c_nodr_new_vs_drz,after,0.040625,24.615384615384613,0.26125834625943345,0.14285714285714285,0.1970358524551192,3170,10.0,20.0
c_nodr_new_vs_drz,after,0.040736607142857144,24.54794520547945,0.2812222822017266,0.14285714285714285,0.197483461108339,3060,10.0,20.0
c_nodr_new_vs_drz,after,0.040848214285714286,24.48087431693989,0.19442939818791827,0.14285714285714285,0.19717976864090656,3134,10.0,20.0
c_nodr_new_vs_drz,after,0.04095982142857143,24.4141689373297,0.1755767766108805,0.14285714285714285,0.19701210252814472,3176,10.0,20.0
c_nodr_new_vs_drz,after,0.04107142857142857,24.347826086956523,0.20904931059300239,0.14285714285714285,0.19738378012086183,3084,10.0,20.0
c_nodr_new_vs_drz,after,0.041183035714285714,24.281842818428185,0.3133381185737704,0.14285714285714285,0.19695694455425367,3190,10.0,20.0
c_nodr_new_vs_drz,after,0.041294642857142856,24.216216216216218,0.47670017078996696,0.14285714285714285,0.1970755845534379,3160,10.0,20.0
c_nodr_new_vs_drz,after,0.04140625,24.150943396226417,0.321315104484404,0.14285714285714285,0.1970755845534379,3160,10.0,20.0
c_nodr_new_vs_drz,after,0.04151785714285714,24.086021505376344,0.4032806017742932,0.14285714285714285,0.19706762319057258,3162,10.0,20.0
c_nodr_new_vs_drz,after,0.041629464285714284,24.021447721179626,0.4059444214480187,0.14285714285714285,0.19698053952908048,3184,10.0,20.0
c_nodr_new_vs_drz,after,0.041741071428571426,23.9572192513369,0.35663622760661173,0.14285714285714285,0.19696480220931625,3188,10.0,20.0
c_nodr_new_vs_drz,after,0.04185267857142857,23.893333333333334,0.30976084490018024,0.14285714285714285,0.19690995197425074,3202,10.0,20.0
c_nodr_new_vs_drz,after,0.04196428571428571,23.829787234042556,0.19458592931458413,0.14285714285714285,0.1966864592271897,3260,10.0,20.0
c_nodr_new_vs_drz,after,0.04207589285714285,23.766578249336874,0.17258414158312438,0.14285714285714285,0.19691776587158633,3200,10.0,20.0
c_nodr_new_vs_drz,after,0.042187499999999996,23.703703703703706,0.1887602204973427,0.14285714285714285,0.19692558703358493,3198,10.0,20.0
c_nodr_new_vs_drz,after,0.04229910714285714,23.641160949868077,0.19743979147601043,0.14285714285714285,0.19662584390434415,3276,10.0,20.0
c_nodr_new_vs_drz,after,0.04241071428571429,23.57894736842105,0.22353186501851136,0.14285714285714285,0.1967398616607217,3246,10.0,20.0
c_nodr_new_vs_drz,after,0.04252232142857143,23.517060367454068,0.22316012243217448,0.14285714285714285,0.1969334154715303,3196,10.0,20.0
c_nodr_new_vs_drz,after,0.04263392857142857,23.455497382198953,0.20034082780032514,0.14285714285714285,0.19662584390434415,3276,10.0,20.0
c_nodr_new_vs_drz,after,0.042745535714285715,23.39425587467363,0.3048576046337409,0.14285714285714285,0.19658818240465054,3286,10.0,20.0
c_nodr_new_vs_drz,after,0.04285714285714286,23.333333333333332,0.3323082513353078,0.14285714285714285,0.19656566720869945,3292,10.0,20.0
c_nodr_new_vs_drz,after,0.04296875,23.272727272727273,0.2668919223739073,0.14285714285714285,0.19674751854137398,3244,10.0,20.0
c_nodr_new_vs_drz,after,0.04308035714285714,23.212435233160623,0.30537817487750113,0.14285714285714285,0.19627841680223054,3370,10.0,20.0
c_nodr_new_vs_drz,after,0.043191964285714285,23.152454780361758,0.24405719867661008,0.14285714285714285,0.19665609640424975,3268,10.0,20.0
c_nodr_new_vs_drz,after,0.04330357142857143,23.09278350515464,0.22907998399332988,0.14285714285714285,0.1965506909503124,3296,10.0,20.0
c_nodr_new_vs_drz,after,0.04341517857142857,23.033419023136247,0.15502454729976145,0.14285714285714285,0.19635112163071453,3350,10.0,20.0
c_nodr_new_vs_drz,after,0.04352678571428571,22.974358974358974,0.16868773233972106,0.14285714285714285,0.19649105513285683,3312,10.0,20.0
c_nodr_new_vs_drz,after,0.043638392857142855,22.915601023017903,0.19659398835175354,0.14285714285714285,0.1965506909503124,3296,10.0,20.0
c_nodr_new_vs_drz,after,0.04375,22.857142857142858,0.2146122654417458,0.14285714285714285,0.19620635084804425,3390,10.0,20.0
c_nodr_new_vs_drz,after,0.04386160714285714,22.798982188295167,0.12972022341644215,0.14285714285714285,0.19627118161272125,3372,10.0,20.0
c_nodr_new_vs_drz,after,0.04397321428571428,22.741116751269036,0.14570411132870117,0.14285714285714285,0.19639505513636507,3338,10.0,20.0
c_nodr_new_vs_drz,after,0.044084821428571425,22.683544303797472,0.113487764460125,0.14285714285714285,0.19614203002159336,3408,10.0,20.0
c_nodr_new_vs_drz,after,0.04419642857142857,22.62626262626263,0.13606491683224128,0.14285714285714285,0.19628565838032241,3368,10.0,20.0
c_nodr_new_vs_drz,after,0.04430803571428571,22.569269521410583,0.1967333211979206,0.14285714285714285,0.19630742154042707,3362,10.0,20.0
c_nodr_new_vs_drz,after,0.04441964285714286,22.51256281407035,0.32510976152132326,0.14285714285714285,0.19604297333067175,3436,10.0,20.0
c_nodr_new_vs_drz,after,0.04453125,22.45614035087719,0.2590309683528218,0.14285714285714285,0.19624230455271754,3380,10.0,20.0
c_nodr_new_vs_drz,after,0.044642857142857144,22.4,0.15663552202072958,0.14285714285714285,0.19616341405099993,3402,10.0,20.0
c_nodr_new_vs_drz,after,0.044754464285714286,22.34413965087282,0.13105096516179865,0.14285714285714285,0.19608527866196232,3424,10.0,20.0
c_nodr_new_vs_drz,after,0.04486607142857143,22.28855721393035,0.1356948434499383,0.14285714285714285,0.19608527866196232,3424,10.0,20.0
c_nodr_new_vs_drz,after,0.04497767857142857,22.233250620347395,0.1243919818806338,0.14285714285714285,0.19586903899227384,3486,10.0,20.0
c_nodr_new_vs_drz,after,0.045089285714285714,22.17821782178218,0.13001150946195625,0.14285714285714285,0.19609942947499998,3420,10.0,20.0
c_nodr_new_vs_drz,after,0.045200892857142856,22.123456790123456,0.15397548118265733,0.14285714285714285,0.19598690683769954,3452,10.0,20.0
c_nodr_new_vs_drz,after,0.0453125,22.06896551724138,0.17539734169412155,0.14285714285714285,0.19578686266146458,3510,10.0,20.0
c_nodr_new_vs_drz,after,0.04542410714285714,22.014742014742016,0.20284351794645478,0.14285714285714285,0.195959018311031,3460,10.0,20.0
c_nodr_new_vs_drz,after,0.045535714285714284,21.96078431372549,0.20254989564251263,0.14285714285714285,0.1959242922263356,3470,10.0,20.0
c_nodr_new_vs_drz,after,0.045647321428571426,21.90709046454768,0.17542606947328762,0.14285714285714285,0.1959312255268662,3468,10.0,20.0
c_nodr_new_vs_drz,after,0.04575892857142857,21.853658536585368,0.16698050054887084,0.14285714285714285,0.19578005236369755,3512,10.0,20.0
c_nodr_new_vs_drz,after,0.04587053571428571,21.800486618004868,0.14526964253043453,0.14285714285714285,0.1957460872064342,3522,10.0,20.0
c_nodr_new_vs_drz,after,0.04598214285714285,21.74757281553398,0.18484238000963002,0.14285714285714285,0.19567186631260183,3544,10.0,20.0
c_nodr_new_vs_drz,after,0.046093749999999996,21.69491525423729,0.19563876161868746,0.14285714285714285,0.19601489165878555,3444,10.0,20.0
c_nodr_new_vs_drz,after,0.04620535714285714,21.64251207729469,0.19129267098597746,0.14285714285714285,0.19554526746979894,3582,10.0,20.0
c_nodr_new_vs_drz,after,0.04631696428571429,21.59036144578313,0.16361009332057322,0.14285714285714285,0.19557838863500912,3572,10.0,20.0
c_nodr_new_vs_drz,after,0.04642857142857143,21.538461538461537,0.20960033486503446,0.14285714285714285,0.19587592500046092,3484,10.0,20.0
c_nodr_new_vs_drz,after,0.04654017857142857,21.48681055155875,0.2067438791693473,0.14285714285714285,0.19536229896004664,3638,10.0,20.0
c_nodr_new_vs_drz,after,0.046651785714285715,21.43540669856459,0.21059014399522358,0.14285714285714285,0.19572577688551,3528,10.0,20.0
c_nodr_new_vs_drz,after,0.04676339285714286,21.384248210023866,0.09252078776714436,0.14285714285714285,0.19565844520659162,3548,10.0,20.0
c_nodr_new_vs_drz,after,0.046875,21.333333333333332,0.12011314200430642,0.14285714285714285,0.19540115234939126,3626,10.0,20.0
c_nodr_new_vs_drz,after,0.04698660714285714,21.282660332541568,0.1470773657951615,0.14285714285714285,0.19544672377293545,3612,10.0,20.0
c_nodr_new_vs_drz,after,0.047098214285714285,21.232227488151658,0.1313914914922642,0.14285714285714285,0.1954663349047849,3606,10.0,20.0
c_nodr_new_vs_drz,after,0.04720982142857143,21.182033096926716,0.13324041664183897,0.14285714285714285,0.1955651236363731,3576,10.0,20.0
c_nodr_new_vs_drz,after,0.04732142857142857,21.132075471698116,0.1520645467711143,0.14285714285714285,0.19534294368347277,3644,10.0,20.0
c_nodr_new_vs_drz,after,0.04743303571428571,21.08235294117647,0.10020310497391781,0.14285714285714285,0.19537522888070752,3634,10.0,20.0
c_nodr_new_vs_drz,after,0.047544642857142855,21.03286384976526,0.10543552714726984,0.14285714285714285,0.19549912822785603,3596,10.0,20.0
c_nodr_new_vs_drz,after,0.04765625,20.98360655737705,0.1529811343897491,0.14285714285714285,0.19527876700452393,3664,10.0,20.0
c_nodr_new_vs_drz,after,0.04776785714285714,20.93457943925234,0.13775001418497523,0.14285714285714285,0.19536229896004664,3638,10.0,20.0
c_nodr_new_vs_drz,after,0.04787946428571428,20.88578088578089,0.13377049873453511,0.14285714285714285,0.1952532420597071,3672,10.0,20.0
c_nodr_new_vs_drz,after,0.047991071428571425,20.837209302325583,0.11083366586103974,0.14285714285714285,0.19534294368347277,3644,10.0,20.0
c_nodr_new_vs_drz,after,0.04810267857142857,20.788863109048727,0.1624284056743013,0.14285714285714285,0.1950209946989822,3746,10.0,20.0
c_nodr_new_vs_drz,after,0.04821428571428571,20.740740740740744,0.10947682709669057,0.14285714285714285,0.19530437499553316,3656,10.0,20.0
c_nodr_new_vs_drz,after,0.04832589285714286,20.69284064665127,0.10408358991757093,0.14285714285714285,0.19526599417946083,3668,10.0,20.0
c_nodr_new_vs_drz,after,0.0484375,20.64516129032258,0.1001546187615386,0.14285714285714285,0.19493488938335007,3774,10.0,20.0
c_nodr_new_vs_drz,after,0.048549107142857144,20.597701149425287,0.07536560926495095,0.14285714285714285,0.19539466351065476,3628,10.0,20.0
c_nodr_new_vs_drz,after,0.048660714285714286,20.55045871559633,0.09380682134122191,0.14285714285714285,0.19489827749225433,3786,10.0,20.0
c_nodr_new_vs_drz,after,0.04877232142857143,20.503432494279178,0.10260325414366805,0.14285714285714285,0.19506440733704855,3732,10.0,20.0
c_nodr_new_vs_drz,after,0.04888392857142857,20.45662100456621,0.08443945008020091,0.14285714285714285,0.19518979008893414,3692,10.0,20.0
c_nodr_new_vs_drz,after,0.048995535714285714,20.41002277904328,0.06997385824747118,0.14285714285714285,0.19491046224945754,3782,10.0,20.0
c_nodr_new_vs_drz,after,0.049107142857142856,20.363636363636363,0.10145749109887703,0.14285714285714285,0.19500246310468877,3752,10.0,20.0
c_nodr_new_vs_drz,after,0.04921875,20.317460317460316,0.09049917208950368,0.14285714285714285,0.19499013318559666,3756,10.0,20.0
c_nodr_new_vs_drz,after,0.04933035714285714,20.271493212669682,0.06956522829803696,0.14285714285714285,0.1948739653457362,3794,10.0,20.0
c_nodr_new_vs_drz,after,0.049441964285714284,20.225733634311513,0.05459955632869973,0.14285714285714285,0.19488003622703962,3792,10.0,20.0
c_nodr_new_vs_drz,after,0.049553571428571426,20.18018018018018,0.03367876600739196,0.14285714285714285,0.19489219229404334,3788,10.0,20.0
c_nodr_new_vs_drz,after,0.04966517857142857,20.134831460674157,0.10634727706368705,0.14285714285714285,0.1950209946989822,3746,10.0,20.0
c_nodr_new_vs_drz,after,0.04977678571428571,20.08968609865471,0.16839294377260353,0.14285714285714285,0.19475951592150462,3832,10.0,20.0
c_nodr_new_vs_drz,after,0.04988839285714285,20.04474272930649,0.04267289880970865,0.14285714285714285,0.19485578123579675,3800,10.0,20.0
c_nodr_new_vs_drz,after,0.049999999999999996,20.0,0.6425516161404036,0.14285714285714285,0.8417399583909729,2,10.0,20.0
d_dr01_new_vs_drz,before,0.0,inf,0.9999675088455804,0.14285714285714285,0.7560610050770457,3,10.0,20.0
d_dr01_new_vs_drz,before,0.00011160714285714285,8960.0,0.9999750970031807,0.14285714285714285,0.5160568456025979,12,10.0,20.0
d_dr01_new_vs_drz,before,0.0002232142857142857,4480.0,0.999867012510177,0.14285714285714285,0.43846389609946435,22,10.0,20.0
d_dr01_new_vs_drz,before,0.0003348214285714286,2986.6666666666665,0.9998181797400867,0.14285714285714285,0.41192739958594665,28,10.0,20.0
d_dr01_new_vs_drz,before,0.0004464285714285714,2240.0,0.9992419373871422,0.14285714285714285,0.37684928940895107,40,10.0,20.0
d_dr01_new_vs_drz,before,0.0005580357142857143,1792.0,0.9998299305091957,0.14285714285714285,0.3572655453148874,50,10.0,20.0
d_dr01_new_vs_drz,before,0.0006696428571428571,1493.3333333333333,0.9996429259234579,0.14285714285714285,0.3607189084162777,48,10.0,20.0
d_dr01_new_vs_drz,before,0.0007812499999999999,1280.0,0.9993139713146638,0.14285714285714285,0.33301944154606616,68,10.0,20.0
d_dr01_new_vs_drz,before,0.0008928571428571428,1120.0,0.9985981146528313,0.14285714285714285,0.3308883459615167,70,10.0,20.0
d_dr01_new_vs_drz,before,0.0010044642857142856,995.5555555555557,0.9986744776867168,0.14285714285714285,0.32498105977643776,76,10.0,20.0
d_dr01_new_vs_drz,before,0.0011160714285714285,896.0,0.9984904969867707,0.14285714285714285,0.3120228149867766,92,10.0,20.0
d_dr01_new_vs_drz,before,0.0012276785714285714,814.5454545454546,0.9976796547402146,0.14285714285714285,0.30307454563671804,106,10.0,20.0
d_dr01_new_vs_drz,before,0.0013392857142857143,746.6666666666666,0.9967626855202263,0.14285714285714285,0.309276869488276,96,10.0,20.0
d_dr01_new_vs_drz,before,0.0014508928571428572,689.2307692307692,0.997740993455591,0.14285714285714285,0.297657677511583,116,10.0,20.0
d_dr01_new_vs_drz,before,0.0015624999999999999,640.0,0.9971081556622221,0.14285714285714285,0.28942028891226607,134,10.0,20.0
d_dr01_new_vs_drz,before,0.0016741071428571428,597.3333333333334,0.9939266537335327,0.14285714285714285,0.2956748612128594,120,10.0,20.0
d_dr01_new_vs_drz,before,0.0017857142857142857,560.0,0.9964573616017699,0.14285714285714285,0.28476380812712476,146,10.0,20.0
d_dr01_new_vs_drz,before,0.0018973214285714286,527.0588235294118,0.9960541178929282,0.14285714285714285,0.2812856424436456,156,10.0,20.0
d_dr01_new_vs_drz,before,0.0020089285714285712,497.7777777777778,0.997606890219836,0.14285714285714285,0.28702018719502587,140,10.0,20.0
d_dr01_new_vs_drz,before,0.002120535714285714,471.5789473684211,0.9962773512862211,0.14285714285714285,0.2757709533720164,174,10.0,20.0
d_dr01_new_vs_drz,before,0.002232142857142857,448.0,0.9978269496042117,0.14285714285714285,0.27520913338899333,176,10.0,20.0
d_dr01_new_vs_drz,before,0.00234375,426.6666666666667,0.998525254310186,0.14285714285714285,0.273051000260408,184,10.0,20.0
d_dr01_new_vs_drz,before,0.002455357142857143,407.2727272727273,0.9979489521334225,0.14285714285714285,0.2705369635786124,194,10.0,20.0
d_dr01_new_vs_drz,before,0.0025669642857142857,389.5652173913044,0.9961929789822523,0.14285714285714285,0.269116846861646,200,10.0,20.0
d_dr01_new_vs_drz,before,0.0026785714285714286,373.3333333333333,0.9956786549737071,0.14285714285714285,0.26731663903915925,208,10.0,20.0
d_dr01_new_vs_drz,before,0.0027901785714285715,358.4,0.9966251880725364,0.14285714285714285,0.2668822084027434,210,10.0,20.0
d_dr01_new_vs_drz,before,0.0029017857142857144,344.6153846153846,0.9945399032202908,0.14285714285714285,0.26173150991010213,236,10.0,20.0
d_dr01_new_vs_drz,before,0.003013392857142857,331.8518518518519,0.9964903999034446,0.14285714285714285,0.2632250986856457,228,10.0,20.0
d_dr01_new_vs_drz,before,0.0031249999999999997,320.0,0.9946369256068793,0.14285714285714285,0.2613695641695868,238,10.0,20.0
d_dr01_new_vs_drz,before,0.0032366071428571426,308.96551724137936,0.9957434660759719,0.14285714285714285,0.2576597972433477,260,10.0,20.0
d_dr01_new_vs_drz,before,0.0033482142857142855,298.6666666666667,0.9926702000657289,0.14285714285714285,0.2586250244740691,254,10.0,20.0
d_dr01_new_vs_drz,before,0.0034598214285714284,289.03225806451616,0.9952664409179114,0.14285714285714285,0.25523709705862524,276,10.0,20.0
d_dr01_new_vs_drz,before,0.0035714285714285713,280.0,0.994094342743974,0.14285714285714285,0.25582326430374547,272,10.0,20.0
d_dr01_new_vs_drz,before,0.003683035714285714,271.5151515151515,0.9891023377140282,0.14285714285714285,0.2527449491574839,294,10.0,20.0
d_dr01_new_vs_drz,before,0.003794642857142857,263.5294117647059,0.9877302412432569,0.14285714285714285,0.25410107451462977,284,10.0,20.0
d_dr01_new_vs_drz,before,0.00390625,256.0,0.986571386519437,0.14285714285714285,0.2514544516681247,304,10.0,20.0
d_dr01_new_vs_drz,before,0.0040178571428571425,248.8888888888889,0.9908702510559295,0.14285714285714285,0.24928083583453234,322,10.0,20.0
d_dr01_new_vs_drz,before,0.004129464285714286,242.16216216216216,0.9894706564817585,0.14285714285714285,0.2514544516681247,304,10.0,20.0
d_dr01_new_vs_drz,before,0.004241071428571428,235.78947368421055,0.9874496943777171,0.14285714285714285,0.24905026945843273,324,10.0,20.0
d_dr01_new_vs_drz,before,0.004352678571428572,229.74358974358972,0.9904249389251061,0.14285714285714285,0.24582376798178943,354,10.0,20.0
d_dr01_new_vs_drz,before,0.004464285714285714,224.0,0.9935502406368907,0.14285714285714285,0.24770924671322134,336,10.0,20.0
d_dr01_new_vs_drz,before,0.004575892857142857,218.53658536585365,0.9863944493561049,0.14285714285714285,0.24643640318775006,348,10.0,20.0
d_dr01_new_vs_drz,before,0.0046875,213.33333333333334,0.9829284137123275,0.14285714285714285,0.24426173259637654,370,10.0,20.0
d_dr01_new_vs_drz,before,0.004799107142857142,208.37209302325584,0.9865196860718184,0.14285714285714285,0.24407341871811294,372,10.0,20.0
d_dr01_new_vs_drz,before,0.004910714285714286,203.63636363636365,0.9858429415250659,0.14285714285714285,0.24388657961491628,374,10.0,20.0
d_dr01_new_vs_drz,before,0.005022321428571428,199.11111111111114,0.9853775912512766,0.14285714285714285,0.24124866466885456,404,10.0,20.0
d_dr01_new_vs_drz,before,0.005133928571428571,194.7826086956522,0.9829763087787615,0.14285714285714285,0.24226832878047586,392,10.0,20.0
d_dr01_new_vs_drz,before,0.005245535714285714,190.63829787234044,0.9857085121078593,0.14285714285714285,0.2427954615022515,386,10.0,20.0
d_dr01_new_vs_drz,before,0.005357142857142857,186.66666666666666,0.9854774922453606,0.14285714285714285,0.23964416299559071,424,10.0,20.0
d_dr01_new_vs_drz,before,0.00546875,182.85714285714286,0.9878392165507777,0.14285714285714285,0.24027239659586974,416,10.0,20.0
d_dr01_new_vs_drz,before,0.005580357142857143,179.2,0.9901021538424986,0.14285714285714285,0.2388828626474958,434,10.0,20.0
d_dr01_new_vs_drz,before,0.0056919642857142854,175.68627450980392,0.9856843111811969,0.14285714285714285,0.2384383044776066,440,10.0,20.0
d_dr01_new_vs_drz,before,0.005803571428571429,172.3076923076923,0.9720952927407529,0.14285714285714285,0.23757528612232023,452,10.0,20.0
d_dr01_new_vs_drz,before,0.005915178571428571,169.05660377358492,0.9728892303079788,0.14285714285714285,0.23688135961430892,462,10.0,20.0
d_dr01_new_vs_drz,before,0.006026785714285714,165.92592592592595,0.9729672515058129,0.14285714285714285,0.23785919155913984,448,10.0,20.0
d_dr01_new_vs_drz,before,0.006138392857142857,162.9090909090909,0.9782260798803327,0.14285714285714285,0.23517586182327832,488,10.0,20.0
d_dr01_new_vs_drz,before,0.0062499999999999995,160.0,0.9741835871765914,0.14285714285714285,0.23607716377209612,474,10.0,20.0
d_dr01_new_vs_drz,before,0.006361607142857143,157.19298245614036,0.9761109963868387,0.14285714285714285,0.23568617177506457,480,10.0,20.0
d_dr01_new_vs_drz,before,0.006473214285714285,154.48275862068968,0.9842434769947899,0.14285714285714285,0.23359868826190747,514,10.0,20.0
d_dr01_new_vs_drz,before,0.006584821428571429,151.864406779661,0.980491643418345,0.14285714285714285,0.23348222347930858,516,10.0,20.0
d_dr01_new_vs_drz,before,0.006696428571428571,149.33333333333334,0.9839179582147785,0.14285714285714285,0.23467767886949623,496,10.0,20.0
d_dr01_new_vs_drz,before,0.006808035714285714,146.88524590163934,0.9811479404142,0.14285714285714285,0.23246304055541317,534,10.0,20.0
d_dr01_new_vs_drz,before,0.006919642857142857,144.51612903225808,0.9809270458396762,0.14285714285714285,0.23191835858106052,544,10.0,20.0
d_dr01_new_vs_drz,before,0.00703125,142.22222222222223,0.977995698749626,0.14285714285714285,0.23348222347930858,516,10.0,20.0
d_dr01_new_vs_drz,before,0.007142857142857143,140.0,0.9735170327056879,0.14285714285714285,0.23118003674182988,558,10.0,20.0
d_dr01_new_vs_drz,before,0.007254464285714285,137.84615384615387,0.9671342885669681,0.14285714285714285,0.23066911942921098,568,10.0,20.0
d_dr01_new_vs_drz,before,0.007366071428571428,135.75757575757575,0.961776097592851,0.14285714285714285,0.23257377696061368,532,10.0,20.0
d_dr01_new_vs_drz,before,0.007477678571428571,133.7313432835821,0.9675614240189964,0.14285714285714285,0.22865956785210217,610,10.0,20.0
d_dr01_new_vs_drz,before,0.007589285714285714,131.76470588235296,0.9741704450476717,0.14285714285714285,0.2300731936178756,580,10.0,20.0
d_dr01_new_vs_drz,before,0.007700892857142857,129.85507246376812,0.9721538246014522,0.14285714285714285,0.22987856279938831,584,10.0,20.0
d_dr01_new_vs_drz,before,0.0078125,128.0,0.978088151590571,0.14285714285714285,0.22847879956174852,614,10.0,20.0
d_dr01_new_vs_drz,before,0.007924107142857142,126.19718309859155,0.9865929108378829,0.14285714285714285,0.22856896654528058,612,10.0,20.0
d_dr01_new_vs_drz,before,0.008035714285714285,124.44444444444446,0.9860906764250763,0.14285714285714285,0.22794672665157004,626,10.0,20.0
d_dr01_new_vs_drz,before,0.008147321428571429,122.73972602739725,0.9792955079713972,0.14285714285714285,0.22856896654528058,612,10.0,20.0
d_dr01_new_vs_drz,before,0.008258928571428572,121.08108108108108,0.9601995278501394,0.14285714285714285,0.22751466188342373,636,10.0,20.0
d_dr01_new_vs_drz,before,0.008370535714285714,119.46666666666667,0.9515446761650834,0.14285714285714285,0.22709247611069447,646,10.0,20.0
d_dr01_new_vs_drz,before,0.008482142857142856,117.89473684210527,0.9429248099733945,0.14285714285714285,0.2270091913293758,648,10.0,20.0
d_dr01_new_vs_drz,before,0.008593749999999999,116.36363636363637,0.9555010513880463,0.14285714285714285,0.22684375089361272,652,10.0,20.0
d_dr01_new_vs_drz,before,0.008705357142857143,114.87179487179486,0.9576662504111239,0.14285714285714285,0.22580365493397495,678,10.0,20.0
d_dr01_new_vs_drz,before,0.008816964285714286,113.41772151898735,0.962333457742027,0.14285714285714285,0.22572608133433805,680,10.0,20.0
d_dr01_new_vs_drz,before,0.008928571428571428,112.0,0.9662513398246386,0.14285714285714285,0.22572608133433805,680,10.0,20.0
d_dr01_new_vs_drz,before,0.00904017857142857,110.61728395061729,0.968407829868399,0.14285714285714285,0.2247472633332211,706,10.0,20.0
d_dr01_new_vs_drz,before,0.009151785714285715,109.26829268292683,0.9742789592994362,0.14285714285714285,0.2252675931499613,692,10.0,20.0
d_dr01_new_vs_drz,before,0.009263392857142857,107.95180722891567,0.9726436942749347,0.14285714285714285,0.22511735629687746,696,10.0,20.0
d_dr01_new_vs_drz,before,0.009375,106.66666666666667,0.9581850907958562,0.14285714285714285,0.22347634762040358,742,10.0,20.0
d_dr01_new_vs_drz,before,0.009486607142857142,105.41176470588236,0.944862254784391,0.14285714285714285,0.22467416992987052,708,10.0,20.0
d_dr01_new_vs_drz,before,0.009598214285714285,104.18604651162792,0.9280127917237949,0.14285714285714285,0.22280884262303868,762,10.0,20.0
d_dr01_new_vs_drz,before,0.009709821428571429,102.98850574712644,0.9368601407192083,0.14285714285714285,0.22368179007692848,736,10.0,20.0
d_dr01_new_vs_drz,before,0.009821428571428571,101.81818181818183,0.9324439385236927,0.14285714285714285,0.22287442635809016,760,10.0,20.0
d_dr01_new_vs_drz,before,0.009933035714285714,100.67415730337079,0.9313584034270229,0.14285714285714285,0.22229315058834048,778,10.0,20.0
d_dr01_new_vs_drz,before,0.010044642857142856,99.55555555555557,0.9443916266767937,0.14285714285714285,0.22261360373636063,768,10.0,20.0
d_dr01_new_vs_drz,before,0.01015625,98.46153846153845,0.9612820089047033,0.14285714285714285,0.22287442635809016,760,10.0,20.0
d_dr01_new_vs_drz,before,0.010267857142857143,97.3913043478261,0.963300065502266,0.14285714285714285,0.22191652760781277,790,10.0,20.0
d_dr01_new_vs_drz,before,0.010379464285714285,96.34408602150538,0.9554923724243258,0.14285714285714285,0.2212474895498582,812,10.0,20.0
d_dr01_new_vs_drz,before,0.010491071428571428,95.31914893617022,0.9465253248343607,0.14285714285714285,0.2214876516950723,804,10.0,20.0
d_dr01_new_vs_drz,before,0.010602678571428572,94.3157894736842,0.9518722821711151,0.14285714285714285,0.22130720212890542,810,10.0,20.0
d_dr01_new_vs_drz,before,0.010714285714285714,93.33333333333333,0.9385136057274395,0.14285714285714285,0.2206620549790673,832,10.0,20.0
d_dr01_new_vs_drz,before,0.010825892857142857,92.37113402061856,0.9293409752088448,0.14285714285714285,0.2216090580540805,800,10.0,20.0
d_dr01_new_vs_drz,before,0.0109375,91.42857142857143,0.9175026286021042,0.14285714285714285,0.2198217694523472,862,10.0,20.0
d_dr01_new_vs_drz,before,0.011049107142857142,90.50505050505052,0.9135728454443703,0.14285714285714285,0.22020844574520457,848,10.0,20.0
d_dr01_new_vs_drz,before,0.011160714285714286,89.6,0.9145919733975906,0.14285714285714285,0.21928516426814687,882,10.0,20.0
d_dr01_new_vs_drz,before,0.011272321428571428,88.71287128712872,0.9238710392310054,0.14285714285714285,0.22077747178815657,828,10.0,20.0
d_dr01_new_vs_drz,before,0.011383928571428571,87.84313725490196,0.9539652370627947,0.14285714285714285,0.21955119748619267,872,10.0,20.0
d_dr01_new_vs_drz,before,0.011495535714285713,86.99029126213593,0.9663727608604437,0.14285714285714285,0.21856336410973248,910,10.0,20.0
d_dr01_new_vs_drz,before,0.011607142857142858,86.15384615384615,0.9652647319877647,0.14285714285714285,0.21965887440375706,868,10.0,20.0
d_dr01_new_vs_drz,before,0.01171875,85.33333333333333,0.9315354286514926,0.14285714285714285,0.21902354389357315,892,10.0,20.0
d_dr01_new_vs_drz,before,0.011830357142857142,84.52830188679246,0.9450081701578851,0.14285714285714285,0.2181654494608149,926,10.0,20.0
d_dr01_new_vs_drz,before,0.011941964285714285,83.73831775700936,0.9449790698619094,0.14285714285714285,0.21841294458748992,916,10.0,20.0
d_dr01_new_vs_drz,before,0.012053571428571427,82.96296296296298,0.9016892782696668,0.14285714285714285,0.21851306204381743,912,10.0,20.0
d_dr01_new_vs_drz,before,0.012165178571428572,82.20183486238533,0.8964554565197179,0.14285714285714285,0.21758723335053728,950,10.0,20.0
d_dr01_new_vs_drz,before,0.012276785714285714,81.45454545454545,0.9014954248787292,0.14285714285714285,0.21744603829804665,956,10.0,20.0
d_dr01_new_vs_drz,before,0.012388392857142856,80.72072072072072,0.9333668149805953,0.14285714285714285,0.21861382957564643,908,10.0,20.0
d_dr01_new_vs_drz,before,0.012499999999999999,80.0,0.9413550127914715,0.14285714285714285,0.21675920204107632,986,10.0,20.0
d_dr01_new_vs_drz,before,0.012611607142857143,79.29203539823008,0.9246278947479583,0.14285714285714285,0.21725980028494588,964,10.0,20.0
d_dr01_new_vs_drz,before,0.012723214285714286,78.59649122807018,0.9333658348796363,0.14285714285714285,0.21721359693608783,966,10.0,20.0
d_dr01_new_vs_drz,before,0.012834821428571428,77.91304347826087,0.9193896109972057,0.14285714285714285,0.21644914346158642,1000,10.0,20.0
d_dr01_new_vs_drz,before,0.01294642857142857,77.24137931034484,0.9151076434407465,0.14285714285714285,0.21653707458648785,996,10.0,20.0
d_dr01_new_vs_drz,before,0.013058035714285715,76.58119658119658,0.9199554249970916,0.14285714285714285,0.21649304397049488,998,10.0,20.0
d_dr01_new_vs_drz,before,0.013169642857142857,75.9322033898305,0.8731339210339716,0.14285714285714285,0.21610254718236965,1016,10.0,20.0
d_dr01_new_vs_drz,before,0.01328125,75.29411764705883,0.8685588978252108,0.14285714285714285,0.21618843703925994,1012,10.0,20.0
d_dr01_new_vs_drz,before,0.013392857142857142,74.66666666666667,0.9174745872476588,0.14285714285714285,0.21605978929178232,1018,10.0,20.0
d_dr01_new_vs_drz,before,0.013504464285714285,74.04958677685951,0.8986058276635138,0.14285714285714285,0.21551499634696136,1044,10.0,20.0
d_dr01_new_vs_drz,before,0.013616071428571429,73.44262295081967,0.8870330087314092,0.14285714285714285,0.21568047213382657,1036,10.0,20.0
d_dr01_new_vs_drz,before,0.013727678571428571,72.84552845528455,0.8626502414469898,0.14285714285714285,0.21498988471428435,1070,10.0,20.0
d_dr01_new_vs_drz,before,0.013839285714285714,72.25806451612904,0.8908626474240797,0.14285714285714285,0.21543295911437524,1048,10.0,20.0
d_dr01_new_vs_drz,before,0.013950892857142856,71.68,0.9348023458417617,0.14285714285714285,0.2148713755575323,1076,10.0,20.0
d_dr01_new_vs_drz,before,0.0140625,71.11111111111111,0.946192045773517,0.14285714285714285,0.21475383879638116,1082,10.0,20.0
d_dr01_new_vs_drz,before,0.014174107142857143,70.55118110236221,0.9163006466667343,0.14285714285714285,0.21471487366377726,1084,10.0,20.0
d_dr01_new_vs_drz,before,0.014285714285714285,70.0,0.8884421136229438,0.14285714285714285,0.21459861283869502,1090,10.0,20.0
d_dr01_new_vs_drz,before,0.014397321428571428,69.45736434108528,0.8575740018983194,0.14285714285714285,0.21425543086377571,1108,10.0,20.0
d_dr01_new_vs_drz,before,0.01450892857142857,68.92307692307693,0.8791281905392884,0.14285714285714285,0.21456006915830092,1092,10.0,20.0
d_dr01_new_vs_drz,before,0.014620535714285714,68.3969465648855,0.8402938258936414,0.14285714285714285,0.21355728664025345,1146,10.0,20.0
d_dr01_new_vs_drz,before,0.014732142857142857,67.87878787878788,0.8472903558229327,0.14285714285714285,0.21366522853675965,1140,10.0,20.0
d_dr01_new_vs_drz,before,0.01484375,67.36842105263158,0.8652384763753196,0.14285714285714285,0.2143309783773013,1104,10.0,20.0
d_dr01_new_vs_drz,before,0.014955357142857142,66.86567164179105,0.8850649754342591,0.14285714285714285,0.21279046829950965,1190,10.0,20.0
d_dr01_new_vs_drz,before,0.015066964285714286,66.37037037037037,0.9149014449772389,0.14285714285714285,0.21373765748018866,1136,10.0,20.0
d_dr01_new_vs_drz,before,0.015178571428571428,65.88235294117648,0.8910181499987644,0.14285714285714285,0.21352149146774207,1148,10.0,20.0
d_dr01_new_vs_drz,before,0.015290178571428571,65.4014598540146,0.8605995215296246,0.14285714285714285,0.21285843635360488,1186,10.0,20.0
d_dr01_new_vs_drz,before,0.015401785714285713,64.92753623188406,0.859429116928561,0.14285714285714285,0.21282441002983377,1188,10.0,20.0
d_dr01_new_vs_drz,before,0.015513392857142856,64.46043165467627,0.8661692162664564,0.14285714285714285,0.21337922749072738,1156,10.0,20.0
d_dr01_new_vs_drz,before,0.015625,64.0,0.8154743960117381,0.14285714285714285,0.212000361835817,1238,10.0,20.0
d_dr01_new_vs_drz,before,0.015736607142857142,63.54609929078014,0.8174507198886335,0.14285714285714285,0.2124887421904062,1208,10.0,20.0
d_dr01_new_vs_drz,before,0.015848214285714285,63.098591549295776,0.8388938356949432,0.14285714285714285,0.2127228372174348,1194,10.0,20.0
d_dr01_new_vs_drz,before,0.015959821428571427,62.65734265734266,0.884299271544479,0.14285714285714285,0.2120323741059451,1236,10.0,20.0
d_dr01_new_vs_drz,before,0.01607142857142857,62.22222222222223,0.8796604584329464,0.14285714285714285,0.2120323741059451,1236,10.0,20.0
d_dr01_new_vs_drz,before,0.016183035714285712,61.79310344827587,0.8304730432873921,0.14285714285714285,0.21187307369980893,1246,10.0,20.0
d_dr01_new_vs_drz,before,0.016294642857142858,61.36986301369863,0.863818053728177,0.14285714285714285,0.21216119331021152,1228,10.0,20.0
d_dr01_new_vs_drz,before,0.01640625,60.95238095238095,0.8537086295388714,0.14285714285714285,0.21159104545450594,1264,10.0,20.0
d_dr01_new_vs_drz,before,0.016517857142857143,60.54054054054054,0.8455119166118866,0.14285714285714285,0.21149835269259598,1270,10.0,20.0
d_dr01_new_vs_drz,before,0.016629464285714286,60.13422818791946,0.8173468858129875,0.14285714285714285,0.21177839816474361,1252,10.0,20.0
d_dr01_new_vs_drz,before,0.016741071428571428,59.733333333333334,0.8475206574550073,0.14285714285714285,0.21134529561252643,1280,10.0,20.0
d_dr01_new_vs_drz,before,0.01685267857142857,59.337748344370866,0.8018582803710326,0.14285714285714285,0.21054834880675766,1334,10.0,20.0
d_dr01_new_vs_drz,before,0.016964285714285713,58.94736842105264,0.8266623871838896,0.14285714285714285,0.21159104545450594,1264,10.0,20.0
d_dr01_new_vs_drz,before,0.017075892857142855,58.56209150326798,0.8816150267159981,0.14285714285714285,0.21080861501660042,1316,10.0,20.0
d_dr01_new_vs_drz,before,0.017187499999999998,58.18181818181819,0.8911798612097612,0.14285714285714285,0.2104912166657718,1338,10.0,20.0
d_dr01_new_vs_drz,before,0.017299107142857144,57.806451612903224,0.824632450736853,0.14285714285714285,0.2112241179090306,1288,10.0,20.0
d_dr01_new_vs_drz,before,0.017410714285714286,57.43589743589743,0.7691154911749605,0.14285714285714285,0.21009825045931166,1366,10.0,20.0
d_dr01_new_vs_drz,before,0.01752232142857143,57.07006369426752,0.8284905754775131,0.14285714285714285,0.21034948559464076,1348,10.0,20.0
d_dr01_new_vs_drz,before,0.01763392857142857,56.708860759493675,0.807058033091229,0.14285714285714285,0.21046274528313325,1340,10.0,20.0
d_dr01_new_vs_drz,before,0.017745535714285714,56.35220125786164,0.7696571198562394,0.14285714285714285,0.2102651915533084,1354,10.0,20.0
d_dr01_new_vs_drz,before,0.017857142857142856,56.0,0.754992029915112,0.14285714285714285,0.20979775932161346,1388,10.0,20.0
d_dr01_new_vs_drz,before,0.01796875,55.652173913043484,0.7299122790715673,0.14285714285714285,0.21001559151209073,1372,10.0,20.0
d_dr01_new_vs_drz,before,0.01808035714285714,55.308641975308646,0.7430810139888399,0.14285714285714285,0.20993346585157174,1378,10.0,20.0
d_dr01_new_vs_drz,before,0.018191964285714284,54.96932515337424,0.7629402020161856,0.14285714285714285,0.20969023176701643,1396,10.0,20.0
d_dr01_new_vs_drz,before,0.01830357142857143,54.63414634146341,0.8244061280730628,0.14285714285714285,0.20974388120426476,1392,10.0,20.0
d_dr01_new_vs_drz,before,0.018415178571428572,54.303030303030305,0.8434625101935086,0.14285714285714285,0.20924322011539456,1430,10.0,20.0
d_dr01_new_vs_drz,before,0.018526785714285714,53.975903614457835,0.7588629795261346,0.14285714285714285,0.20937304795788578,1420,10.0,20.0
d_dr01_new_vs_drz,before,0.018638392857142857,53.65269461077845,0.7565340140697142,0.14285714285714285,0.20958361247909307,1404,10.0,20.0
d_dr01_new_vs_drz,before,0.01875,53.333333333333336,0.7906067928583425,0.14285714285714285,0.20908918974285123,1442,10.0,20.0
d_dr01_new_vs_drz,before,0.018861607142857142,53.01775147928994,0.6976361064066385,0.14285714285714285,0.2091147294392002,1440,10.0,20.0
d_dr01_new_vs_drz,before,0.018973214285714284,52.70588235294118,0.8010559266976118,0.14285714285714285,0.20878674915614567,1466,10.0,20.0
d_dr01_new_vs_drz,before,0.019084821428571427,52.397660818713454,0.7259101924967564,0.14285714285714285,0.20896227354363328,1452,10.0,20.0
d_dr01_new_vs_drz,before,0.01919642857142857,52.09302325581396,0.707730484451106,0.14285714285714285,0.20861368932701757,1480,10.0,20.0
d_dr01_new_vs_drz,before,0.019308035714285715,51.79190751445086,0.703848740311214,0.14285714285714285,0.20849155226945118,1490,10.0,20.0
d_dr01_new_vs_drz,before,0.019419642857142858,51.49425287356322,0.7211379287755729,0.14285714285714285,0.20886166870324252,1460,10.0,20.0
d_dr01_new_vs_drz,before,0.01953125,51.2,0.7828688300066927,0.14285714285714285,0.20832258514572422,1504,10.0,20.0
d_dr01_new_vs_drz,before,0.019642857142857142,50.909090909090914,0.6803559165937624,0.14285714285714285,0.20820331375489703,1514,10.0,20.0
d_dr01_new_vs_drz,before,0.019754464285714285,50.621468926553675,0.6830815204411655,0.14285714285714285,0.2080852033992908,1524,10.0,20.0
d_dr01_new_vs_drz,before,0.019866071428571427,50.337078651685395,0.6847647919701042,0.14285714285714285,0.20822707454226386,1512,10.0,20.0
d_dr01_new_vs_drz,before,0.01997767857142857,50.05586592178771,0.6849597074734273,0.14285714285714285,0.2076466470245122,1562,10.0,20.0
d_dr01_new_vs_drz,before,0.020089285714285712,49.777777777777786,0.749872418684837,0.14285714285714285,0.20817959940754727,1516,10.0,20.0
d_dr01_new_vs_drz,before,0.020200892857142858,49.50276243093922,0.7888344588082454,0.14285714285714285,0.20817959940754727,1516,10.0,20.0
d_dr01_new_vs_drz,before,0.0203125,49.230769230769226,0.7086279722682403,0.14285714285714285,0.2071581805789342,1606,10.0,20.0
d_dr01_new_vs_drz,before,0.020424107142857143,48.96174863387978,0.772329670352332,0.14285714285714285,0.2078523911652866,1544,10.0,20.0
d_dr01_new_vs_drz,before,0.020535714285714286,48.69565217391305,0.7258480308296231,0.14285714285714285,0.20751142498562736,1574,10.0,20.0
d_dr01_new_vs_drz,before,0.020647321428571428,48.432432432432435,0.7868655089733482,0.14285714285714285,0.207311430402214,1592,10.0,20.0
d_dr01_new_vs_drz,before,0.02075892857142857,48.17204301075269,0.8514034080441399,0.14285714285714285,0.20766933369874285,1560,10.0,20.0
d_dr01_new_vs_drz,before,0.020870535714285713,47.9144385026738,0.8118010197602892,0.14285714285714285,0.2072455083727941,1598,10.0,20.0
d_dr01_new_vs_drz,before,0.020982142857142855,47.65957446808511,0.6524381721864476,0.14285714285714285,0.20679410702631273,1640,10.0,20.0
d_dr01_new_vs_drz,before,0.021093749999999998,47.40740740740741,0.6254505715067069,0.14285714285714285,0.2070931065498322,1612,10.0,20.0
d_dr01_new_vs_drz,before,0.021205357142857144,47.1578947368421,0.6697447457690476,0.14285714285714285,0.20733348626347292,1590,10.0,20.0
d_dr01_new_vs_drz,before,0.021316964285714286,46.910994764397905,0.6224706139210819,0.14285714285714285,0.2068363565335541,1636,10.0,20.0
d_dr01_new_vs_drz,before,0.02142857142857143,46.666666666666664,0.6580567260711685,0.14285714285714285,0.20646152179686691,1672,10.0,20.0
d_dr01_new_vs_drz,before,0.02154017857142857,46.424870466321245,0.6562600451698608,0.14285714285714285,0.20677303948480721,1642,10.0,20.0
d_dr01_new_vs_drz,before,0.021651785714285714,46.18556701030928,0.7178511916679022,0.14285714285714285,0.20654377883697478,1664,10.0,20.0
d_dr01_new_vs_drz,before,0.021763392857142856,45.94871794871795,0.6627612643443741,0.14285714285714285,0.2069213164900138,1628,10.0,20.0
d_dr01_new_vs_drz,before,0.021875,45.714285714285715,0.7287960141434546,0.14285714285714285,0.20615817865004304,1702,10.0,20.0
d_dr01_new_vs_drz,before,0.02198660714285714,45.48223350253807,0.8430747275217532,0.14285714285714285,0.2063798459329584,1680,10.0,20.0
d_dr01_new_vs_drz,before,0.022098214285714284,45.25252525252526,0.8038970839233928,0.14285714285714285,0.20607862228912602,1710,10.0,20.0
d_dr01_new_vs_drz,before,0.02220982142857143,45.0251256281407,0.7572380885583924,0.14285714285714285,0.2060193161196826,1716,10.0,20.0
d_dr01_new_vs_drz,before,0.022321428571428572,44.8,0.7436063370587304,0.14285714285714285,0.2064206116472992,1676,10.0,20.0
d_dr01_new_vs_drz,before,0.022433035714285714,44.5771144278607,0.6874292657135967,0.14285714285714285,0.20568896146044316,1750,10.0,20.0
d_dr01_new_vs_drz,before,0.022544642857142857,44.35643564356436,0.7300810501677246,0.14285714285714285,0.20586265784981742,1732,10.0,20.0
d_dr01_new_vs_drz,before,0.02265625,44.13793103448276,0.8359700212416804,0.14285714285714285,0.20625840693654623,1692,10.0,20.0
d_dr01_new_vs_drz,before,0.022767857142857142,43.92156862745098,0.7882065516637224,0.14285714285714285,0.20561261066388095,1758,10.0,20.0
d_dr01_new_vs_drz,before,0.022879464285714284,43.707317073170735,0.7193820228464824,0.14285714285714285,0.20563165001517575,1756,10.0,20.0
d_dr01_new_vs_drz,before,0.022991071428571427,43.49514563106796,0.641607103932893,0.14285714285714285,0.2059799491398533,1720,10.0,20.0
d_dr01_new_vs_drz,before,0.02310267857142857,43.28502415458938,0.7841593486144418,0.14285714285714285,0.2050559530372921,1818,10.0,20.0
d_dr01_new_vs_drz,before,0.023214285714285715,43.07692307692307,0.7354900146420865,0.14285714285714285,0.20529377749698421,1792,10.0,20.0
d_dr01_new_vs_drz,before,0.023325892857142858,42.87081339712918,0.653646338755897,0.14285714285714285,0.20578513067261447,1740,10.0,20.0
d_dr01_new_vs_drz,before,0.0234375,42.666666666666664,0.5915827877147667,0.14285714285714285,0.2049478815407546,1830,10.0,20.0
d_dr01_new_vs_drz,before,0.023549107142857142,42.464454976303315,0.6365954467902838,0.14285714285714285,0.2053308201973659,1788,10.0,20.0
d_dr01_new_vs_drz,before,0.023660714285714285,42.26415094339623,0.7222102919454241,0.14285714285714285,0.2051650873580342,1806,10.0,20.0
d_dr01_new_vs_drz,before,0.023772321428571427,42.06572769953052,0.6912355231252917,0.14285714285714285,0.20500178551890139,1824,10.0,20.0
d_dr01_new_vs_drz,before,0.02388392857142857,41.86915887850468,0.637546852973212,0.14285714285714285,0.2050378677827802,1820,10.0,20.0
d_dr01_new_vs_drz,before,0.023995535714285712,41.674418604651166,0.6488519697231521,0.14285714285714285,0.20473485868990474,1854,10.0,20.0
d_dr01_new_vs_drz,before,0.024107142857142855,41.48148148148149,0.7519275766420933,0.14285714285714285,0.20489423896779435,1836,10.0,20.0
d_dr01_new_vs_drz,before,0.02421875,41.29032258064516,0.6975695089694549,0.14285714285714285,0.20482311852246032,1844,10.0,20.0
d_dr01_new_vs_drz,before,0.024330357142857143,41.10091743119266,0.5962408290726641,0.14285714285714285,0.20428703415014268,1906,10.0,20.0
d_dr01_new_vs_drz,before,0.024441964285714286,40.91324200913242,0.6236035792973189,0.14285714285714285,0.20485862143419345,1840,10.0,20.0
d_dr01_new_vs_drz,before,0.024553571428571428,40.72727272727273,0.6986303914404789,0.14285714285714285,0.20443997892001115,1888,10.0,20.0
d_dr01_new_vs_drz,before,0.02466517857142857,40.542986425339365,0.6532178791235829,0.14285714285714285,0.20432083629059994,1902,10.0,20.0
d_dr01_new_vs_drz,before,0.024776785714285713,40.36036036036036,0.6119344336281615,0.14285714285714285,0.20478772961770136,1848,10.0,20.0
d_dr01_new_vs_drz,before,0.024888392857142855,40.17937219730942,0.6573531951922231,0.14285714285714285,0.20406985646203774,1932,10.0,20.0
d_dr01_new_vs_drz,before,0.024999999999999998,40.0,0.6776321988487192,0.14285714285714285,0.20405333008241125,1934,10.0,20.0
d_dr01_new_vs_drz,before,0.02511160714285714,39.82222222222222,0.7373443884946252,0.14285714285714285,0.20443997892001115,1888,10.0,20.0
d_dr01_new_vs_drz,before,0.025223214285714286,39.64601769911504,0.6323144633555887,0.14285714285714285,0.20395470143415717,1946,10.0,20.0
d_dr01_new_vs_drz,before,0.02533482142857143,39.47136563876652,0.5650102636730118,0.14285714285714285,0.20380843789404254,1964,10.0,20.0
d_dr01_new_vs_drz,before,0.02544642857142857,39.29824561403509,0.5085749699965123,0.14285714285714285,0.20397107681264137,1944,10.0,20.0
d_dr01_new_vs_drz,before,0.025558035714285714,39.12663755458515,0.609545207093394,0.14285714285714285,0.2038245910506852,1962,10.0,20.0
d_dr01_new_vs_drz,before,0.025669642857142856,38.95652173913044,0.7086163271346684,0.14285714285714285,0.20368008519926165,1980,10.0,20.0
d_dr01_new_vs_drz,before,0.02578125,38.78787878787879,0.6327642312438039,0.14285714285714285,0.20406985646203774,1932,10.0,20.0
d_dr01_new_vs_drz,before,0.02589285714285714,38.62068965517242,0.5593318521806396,0.14285714285714285,0.20360064332422378,1990,10.0,20.0
d_dr01_new_vs_drz,before,0.026004464285714284,38.4549356223176,0.6267097252379404,0.14285714285714285,0.20345912978831718,2008,10.0,20.0
d_dr01_new_vs_drz,before,0.02611607142857143,38.29059829059829,0.7487201922174982,0.14285714285714285,0.20380843789404254,1964,10.0,20.0
d_dr01_new_vs_drz,before,0.026227678571428572,38.12765957446808,0.6674103649554528,0.14285714285714285,0.20335035825347117,2022,10.0,20.0
d_dr01_new_vs_drz,before,0.026339285714285714,37.96610169491525,0.6846224272523396,0.14285714285714285,0.20333491064606968,2024,10.0,20.0
d_dr01_new_vs_drz,before,0.026450892857142857,37.80590717299578,0.7376609844062465,0.14285714285714285,0.20333491064606968,2024,10.0,20.0
d_dr01_new_vs_drz,before,0.0265625,37.64705882352941,0.6574899196279596,0.14285714285714285,0.20338132157581876,2018,10.0,20.0
d_dr01_new_vs_drz,before,0.026674107142857142,37.48953974895397,0.6246162074196462,0.14285714285714285,0.2030306380195964,2064,10.0,20.0
d_dr01_new_vs_drz,before,0.026785714285714284,37.333333333333336,0.5968886442854417,0.14285714285714285,0.2030156542404139,2066,10.0,20.0
d_dr01_new_vs_drz,before,0.026897321428571427,37.178423236514526,0.5679691574773168,0.14285714285714285,0.20352179142430754,2000,10.0,20.0
d_dr01_new_vs_drz,before,0.02700892857142857,37.02479338842976,0.5559515921658065,0.14285714285714285,0.20276417883135758,2100,10.0,20.0
d_dr01_new_vs_drz,before,0.027120535714285715,36.87242798353909,0.6449882739466043,0.14285714285714285,0.20280811620931277,2094,10.0,20.0
d_dr01_new_vs_drz,before,0.027232142857142858,36.721311475409834,0.6573490778917219,0.14285714285714285,0.20294105689975392,2076,10.0,20.0
d_dr01_new_vs_drz,before,0.02734375,36.57142857142857,0.6202730600162626,0.14285714285714285,0.20285224078709876,2088,10.0,20.0
d_dr01_new_vs_drz,before,0.027455357142857142,36.422764227642276,0.713379664600577,0.14285714285714285,0.20251867322781997,2134,10.0,20.0
d_dr01_new_vs_drz,before,0.027566964285714285,36.2753036437247,0.8153211493855577,0.14285714285714285,0.20276417883135758,2100,10.0,20.0
d_dr01_new_vs_drz,before,0.027678571428571427,36.12903225806452,0.7448788547629335,0.14285714285714285,0.20282280353622323,2092,10.0,20.0
d_dr01_new_vs_drz,before,0.02779017857142857,35.98393574297189,0.5995826534508134,0.14285714285714285,0.2024051399747265,2150,10.0,20.0
d_dr01_new_vs_drz,before,0.027901785714285712,35.84,0.5626324474833814,0.14285714285714285,0.2023910364655755,2152,10.0,20.0
d_dr01_new_vs_drz,before,0.028013392857142855,35.69721115537849,0.5904067821072374,0.14285714285714285,0.20294105689975392,2076,10.0,20.0
d_dr01_new_vs_drz,before,0.028125,35.55555555555556,0.6089540673187892,0.14285714285714285,0.20199031257847036,2210,10.0,20.0
d_dr01_new_vs_drz,before,0.028236607142857143,35.41501976284585,0.5884262143690416,0.14285714285714285,0.20256157441371295,2128,10.0,20.0
d_dr01_new_vs_drz,before,0.028348214285714286,35.275590551181104,0.6115631838821667,0.14285714285714285,0.20220944357269727,2178,10.0,20.0
d_dr01_new_vs_drz,before,0.028459821428571428,35.13725490196079,0.6447478350474556,0.14285714285714285,0.2020038700244288,2208,10.0,20.0
d_dr01_new_vs_drz,before,0.02857142857142857,35.0,0.7168995106516958,0.14285714285714285,0.20227890442236768,2168,10.0,20.0
d_dr01_new_vs_drz,before,0.028683035714285713,34.86381322957199,0.7208418572486173,0.14285714285714285,0.20209928513740544,2194,10.0,20.0
d_dr01_new_vs_drz,before,0.028794642857142855,34.72868217054264,0.6701689564889122,0.14285714285714285,0.20219560817884408,2180,10.0,20.0
d_dr01_new_vs_drz,before,0.028906249999999998,34.5945945945946,0.6228502465010947,0.14285714285714285,0.2018157070765534,2236,10.0,20.0
d_dr01_new_vs_drz,before,0.02901785714285714,34.46153846153847,0.5727737038591966,0.14285714285714285,0.20212671273157043,2190,10.0,20.0
d_dr01_new_vs_drz,before,0.029129464285714286,34.32950191570881,0.5137416873268511,0.14285714285714285,0.20165718663427828,2260,10.0,20.0
d_dr01_new_vs_drz,before,0.02924107142857143,34.19847328244275,0.44615032632494106,0.14285714285714285,0.20197677333037697,2212,10.0,20.0
d_dr01_new_vs_drz,before,0.02935267857142857,34.06844106463878,0.45009828829903276,0.14285714285714285,0.20148825195988218,2286,10.0,20.0
d_dr01_new_vs_drz,before,0.029464285714285714,33.93939393939394,0.36148374799465194,0.14285714285714285,0.20176258739613345,2244,10.0,20.0
d_dr01_new_vs_drz,before,0.029575892857142856,33.81132075471698,0.41043262335860553,0.14285714285714285,0.20165718663427828,2260,10.0,20.0
d_dr01_new_vs_drz,before,0.0296875,33.68421052631579,0.4395079237114125,0.14285714285714285,0.20130948318858632,2314,10.0,20.0
d_dr01_new_vs_drz,before,0.02979910714285714,33.55805243445693,0.5732489832048023,0.14285714285714285,0.20178911203700534,2240,10.0,20.0
d_dr01_new_vs_drz,before,0.029910714285714284,33.43283582089553,0.5867732264245794,0.14285714285714285,0.20133482448864679,2310,10.0,20.0
d_dr01_new_vs_drz,before,0.030022321428571426,33.30855018587361,0.5844417670619602,0.14285714285714285,0.20150114550038942,2284,10.0,20.0
d_dr01_new_vs_drz,before,0.030133928571428572,33.18518518518518,0.4654520372647601,0.14285714285714285,0.20163100936456846,2264,10.0,20.0
d_dr01_new_vs_drz,before,0.030245535714285714,33.06273062730627,0.5119348663322512,0.14285714285714285,0.20093700504233267,2374,10.0,20.0
d_dr01_new_vs_drz,before,0.030357142857142857,32.94117647058824,0.4926732759998474,0.14285714285714285,0.20127159292996374,2320,10.0,20.0
d_dr01_new_vs_drz,before,0.03046875,32.820512820512825,0.478129109547152,0.14285714285714285,0.2014240345538633,2296,10.0,20.0
d_dr01_new_vs_drz,before,0.030580357142857142,32.7007299270073,0.4145391955641093,0.14285714285714285,0.20091267051918305,2378,10.0,20.0
d_dr01_new_vs_drz,before,0.030691964285714284,32.581818181818186,0.36734243484441004,0.14285714285714285,0.20117125958839946,2336,10.0,20.0
d_dr01_new_vs_drz,before,0.030803571428571427,32.46376811594203,0.3560181479475409,0.14285714285714285,0.20117125958839946,2336,10.0,20.0
d_dr01_new_vs_drz,before,0.03091517857142857,32.34657039711192,0.4504012704163431,0.14285714285714285,0.20079190337726316,2398,10.0,20.0
d_dr01_new_vs_drz,before,0.03102678571428571,32.230215827338135,0.4660092836167259,0.14285714285714285,0.2008520992222212,2388,10.0,20.0
d_dr01_new_vs_drz,before,0.031138392857142858,32.11469534050179,0.5807375089806646,0.14285714285714285,0.20129683691159364,2316,10.0,20.0
d_dr01_new_vs_drz,before,0.03125,32.0,0.5298477016622282,0.14285714285714285,0.20060175498092978,2430,10.0,20.0
d_dr01_new_vs_drz,before,0.03136160714285714,31.88612099644128,0.45999952487134765,0.14285714285714285,0.2005899942187709,2432,10.0,20.0
d_dr01_new_vs_drz,before,0.031473214285714285,31.77304964539007,0.5511094108815587,0.14285714285714285,0.20091267051918305,2378,10.0,20.0
d_dr01_new_vs_drz,before,0.03158482142857143,31.66077738515901,0.48935814808498895,0.14285714285714285,0.2005899942187709,2432,10.0,20.0
d_dr01_new_vs_drz,before,0.03169642857142857,31.549295774647888,0.35307898540753474,0.14285714285714285,0.20073207911367105,2408,10.0,20.0
d_dr01_new_vs_drz,before,0.03180803571428571,31.438596491228072,0.3597288725614207,0.14285714285714285,0.20043839988598003,2458,10.0,20.0
d_dr01_new_vs_drz,before,0.031919642857142855,31.32867132867133,0.460487677245182,0.14285714285714285,0.20063712367957884,2424,10.0,20.0
d_dr01_new_vs_drz,before,0.03203125,31.219512195121954,0.6272021285855501,0.14285714285714285,0.2004037543659979,2464,10.0,20.0
d_dr01_new_vs_drz,before,0.03214285714285714,31.111111111111114,0.5837266163358522,0.14285714285714285,0.2003233998560821,2478,10.0,20.0
d_dr01_new_vs_drz,before,0.03225446428571428,31.00346020761246,0.4720939617868116,0.14285714285714285,0.20075596447473562,2404,10.0,20.0
d_dr01_new_vs_drz,before,0.032366071428571425,30.896551724137936,0.48968261471413355,0.14285714285714285,0.2001759442030165,2504,10.0,20.0
d_dr01_new_vs_drz,before,0.03247767857142857,30.790378006872857,0.45998827889083865,0.14285714285714285,0.20011983450492699,2514,10.0,20.0
d_dr01_new_vs_drz,before,0.032589285714285716,30.684931506849313,0.4076087227994898,0.14285714285714285,0.20038072687575237,2468,10.0,20.0
d_dr01_new_vs_drz,before,0.03270089285714286,30.580204778156993,0.4498473481109044,0.14285714285714285,0.20022107212707113,2496,10.0,20.0
d_dr01_new_vs_drz,before,0.0328125,30.476190476190474,0.3207472826067533,0.14285714285714285,0.1999424885446575,2546,10.0,20.0
d_dr01_new_vs_drz,before,0.032924107142857144,30.372881355932204,0.33662636682801245,0.14285714285714285,0.2003577547434476,2472,10.0,20.0
d_dr01_new_vs_drz,before,0.033035714285714286,30.27027027027027,0.34908679818758015,0.14285714285714285,0.19992055302869258,2550,10.0,20.0
d_dr01_new_vs_drz,before,0.03314732142857143,30.16835016835017,0.3210207302149842,0.14285714285714285,0.19982247206699402,2568,10.0,20.0
d_dr01_new_vs_drz,before,0.03325892857142857,30.06711409395973,0.23357059389448387,0.14285714285714285,0.20022107212707113,2496,10.0,20.0
d_dr01_new_vs_drz,before,0.033370535714285714,29.96655518394649,0.19487432729585974,0.14285714285714285,0.19981163721274517,2570,10.0,20.0
d_dr01_new_vs_drz,before,0.033482142857142856,29.866666666666667,0.4296357417316114,0.14285714285714285,0.19969327465375333,2592,10.0,20.0
d_dr01_new_vs_drz,before,0.03359375,29.767441860465116,0.4132814223111767,0.14285714285714285,0.19999755197612662,2536,10.0,20.0
d_dr01_new_vs_drz,before,0.03370535714285714,29.668874172185433,0.32651382513978167,0.14285714285714285,0.19968258842376282,2594,10.0,20.0
d_dr01_new_vs_drz,before,0.033816964285714284,29.570957095709574,0.4023673057567065,0.14285714285714285,0.1997576502130963,2580,10.0,20.0
d_dr01_new_vs_drz,before,0.033928571428571426,29.47368421052632,0.5031889241323626,0.14285714285714285,0.19962934028121115,2604,10.0,20.0
d_dr01_new_vs_drz,before,0.03404017857142857,29.377049180327873,0.40774467653135854,0.14285714285714285,0.19970397313874927,2590,10.0,20.0
d_dr01_new_vs_drz,before,0.03415178571428571,29.28104575163399,0.3502044559651961,0.14285714285714285,0.1995447720660188,2620,10.0,20.0
d_dr01_new_vs_drz,before,0.03426339285714285,29.185667752443,0.24662954152676772,0.14285714285714285,0.1995869599845832,2612,10.0,20.0
d_dr01_new_vs_drz,before,0.034374999999999996,29.090909090909093,0.30555372387460467,0.14285714285714285,0.19953425497473404,2622,10.0,20.0
d_dr01_new_vs_drz,before,0.034486607142857145,28.996763754045304,0.32010878221678324,0.14285714285714285,0.19923435045727056,2680,10.0,20.0
d_dr01_new_vs_drz,before,0.03459821428571429,28.903225806451612,0.34066282002056697,0.14285714285714285,0.19940897247414457,2646,10.0,20.0
d_dr01_new_vs_drz,before,0.03470982142857143,28.810289389067524,0.46641346117180243,0.14285714285714285,0.19948184772087152,2632,10.0,20.0
d_dr01_new_vs_drz,before,0.03482142857142857,28.717948717948715,0.33907994524581125,0.14285714285714285,0.19925472300409489,2676,10.0,20.0
d_dr01_new_vs_drz,before,0.034933035714285715,28.62619808306709,0.2254329930527126,0.14285714285714285,0.199163400800433,2694,10.0,20.0
d_dr01_new_vs_drz,before,0.03504464285714286,28.53503184713376,0.22476725165374783,0.14285714285714285,0.19929560413957997,2668,10.0,20.0
d_dr01_new_vs_drz,before,0.03515625,28.444444444444443,0.2696238597511264,0.14285714285714285,0.19923435045727056,2680,10.0,20.0
d_dr01_new_vs_drz,before,0.03526785714285714,28.354430379746837,0.24484021287021157,0.14285714285714285,0.199163400800433,2694,10.0,20.0
d_dr01_new_vs_drz,before,0.035379464285714285,28.26498422712934,0.1723883144836383,0.14285714285714285,0.19903307957272984,2720,10.0,20.0
d_dr01_new_vs_drz,before,0.03549107142857143,28.17610062893082,0.24968439831531247,0.14285714285714285,0.19923435045727056,2680,10.0,20.0
d_dr01_new_vs_drz,before,0.03560267857142857,28.087774294670847,0.40186093479688684,0.14285714285714285,0.1987296503731864,2782,10.0,20.0
d_dr01_new_vs_drz,before,0.03571428571428571,28.0,0.26143904827681125,0.14285714285714285,0.19919374056785832,2688,10.0,20.0
d_dr01_new_vs_drz,before,0.035825892857142855,27.912772585669785,0.25120766062577554,0.14285714285714285,0.19897355378849282,2732,10.0,20.0
d_dr01_new_vs_drz,before,0.0359375,27.826086956521742,0.3900475776821633,0.14285714285714285,0.19863390479962775,2802,10.0,20.0
d_dr01_new_vs_drz,before,0.03604910714285714,27.73993808049536,0.1872736439657121,0.14285714285714285,0.19893408530849774,2740,10.0,20.0
d_dr01_new_vs_drz,before,0.03616071428571428,27.654320987654323,0.3050023165624123,0.14285714285714285,0.1989636705837003,2734,10.0,20.0
d_dr01_new_vs_drz,before,0.036272321428571425,27.56923076923077,0.21504237117767988,0.14285714285714285,0.1987779076146052,2772,10.0,20.0
d_dr01_new_vs_drz,before,0.03638392857142857,27.48466257668712,0.25951852860682834,0.14285714285714285,0.1985674850051077,2816,10.0,20.0
d_dr01_new_vs_drz,before,0.036495535714285716,27.400611620795104,0.17039105102466817,0.14285714285714285,0.19880698630805718,2766,10.0,20.0
d_dr01_new_vs_drz,before,0.03660714285714286,27.317073170731707,0.22705472275728522,0.14285714285714285,0.19847344616835114,2836,10.0,20.0
d_dr01_new_vs_drz,before,0.03671875,27.23404255319149,0.3155065213697552,0.14285714285714285,0.1985674850051077,2816,10.0,20.0
d_dr01_new_vs_drz,before,0.036830357142857144,27.151515151515152,0.37439892745925124,0.14285714285714285,0.1987296503731864,2782,10.0,20.0
d_dr01_new_vs_drz,before,0.036941964285714286,27.069486404833835,0.19298714254617996,0.14285714285714285,0.1983434350217766,2864,10.0,20.0
d_dr01_new_vs_drz,before,0.03705357142857143,26.987951807228917,0.18505905524393226,0.14285714285714285,0.19852975072299847,2824,10.0,20.0
d_dr01_new_vs_drz,before,0.03716517857142857,26.906906906906908,0.22104943265280844,0.14285714285714285,0.19837113512849097,2858,10.0,20.0
d_dr01_new_vs_drz,before,0.037276785714285714,26.826347305389223,0.1673125409716005,0.14285714285714285,0.19847344616835114,2836,10.0,20.0
d_dr01_new_vs_drz,before,0.037388392857142856,26.746268656716417,0.21689509167219445,0.14285714285714285,0.1984547565946868,2840,10.0,20.0
d_dr01_new_vs_drz,before,0.0375,26.666666666666668,0.1136862019318179,0.14285714285714285,0.19818808118118406,2898,10.0,20.0
d_dr01_new_vs_drz,before,0.03761160714285714,26.587537091988132,0.07625104374795705,0.14285714285714285,0.19843610609789097,2844,10.0,20.0
d_dr01_new_vs_drz,before,0.037723214285714284,26.50887573964497,0.04871193562448676,0.14285714285714285,0.19795564920134207,2950,10.0,20.0
d_dr01_new_vs_drz,before,0.037834821428571426,26.4306784660767,0.1404644640376674,0.14285714285714285,0.19830663541185475,2872,10.0,20.0
d_dr01_new_vs_drz,before,0.03794642857142857,26.35294117647059,0.24544512748210634,0.14285714285714285,0.1982882926807455,2876,10.0,20.0
d_dr01_new_vs_drz,before,0.03805803571428571,26.275659824046922,0.1793763722691317,0.14285714285714285,0.19802651424106882,2934,10.0,20.0
d_dr01_new_vs_drz,before,0.03816964285714285,26.198830409356727,0.10787183434383171,0.14285714285714285,0.1981069271457448,2916,10.0,20.0
d_dr01_new_vs_drz,before,0.038281249999999996,26.12244897959184,0.13117190144797009,0.14285714285714285,0.1982152991985056,2892,10.0,20.0
d_dr01_new_vs_drz,before,0.03839285714285714,26.04651162790698,0.13243845789487854,0.14285714285714285,0.19793802214251247,2954,10.0,20.0
d_dr01_new_vs_drz,before,0.03850446428571429,25.97101449275362,0.08724095383825382,0.14285714285714285,0.19782430484837527,2980,10.0,20.0
d_dr01_new_vs_drz,before,0.03861607142857143,25.89595375722543,0.2699472958387381,0.14285714285714285,0.19825172071105046,2884,10.0,20.0
d_dr01_new_vs_drz,before,0.03872767857142857,25.821325648414984,0.10484546776472277,0.14285714285714285,0.1978156184587228,2982,10.0,20.0
d_dr01_new_vs_drz,before,0.038839285714285715,25.74712643678161,-0.004197294228279459,0.14285714285714285,0.19760123472388125,3032,10.0,20.0
d_dr01_new_vs_drz,before,0.03895089285714286,25.673352435530084,0.02698956301587643,0.14285714285714285,0.1981609467848357,2904,10.0,20.0
d_dr01_new_vs_drz,before,0.0390625,25.6,0.15128451093166134,0.14285714285714285,0.1975253385684874,3050,10.0,20.0
d_dr01_new_vs_drz,before,0.03917410714285714,25.527065527065528,0.14261579347962036,0.14285714285714285,0.19784170365088652,2976,10.0,20.0
d_dr01_new_vs_drz,before,0.039285714285714285,25.454545454545457,0.03580928997733337,0.14285714285714285,0.1976097089758139,3030,10.0,20.0
d_dr01_new_vs_drz,before,0.03939732142857143,25.38243626062323,0.046831109802549925,0.14285714285714285,0.1977550552720954,2996,10.0,20.0
d_dr01_new_vs_drz,before,0.03950892857142857,25.310734463276837,0.053606278028371056,0.14285714285714285,0.19765220529146557,3020,10.0,20.0
d_dr01_new_vs_drz,before,0.03962053571428571,25.23943661971831,0.02504178533112029,0.14285714285714285,0.1975085631250675,3054,10.0,20.0
d_dr01_new_vs_drz,before,0.039732142857142855,25.168539325842698,0.13043629788315572,0.14285714285714285,0.19770347780800562,3008,10.0,20.0
d_dr01_new_vs_drz,before,0.03984375,25.098039215686278,0.19116933728660246,0.14285714285714285,0.19743347590385044,3072,10.0,20.0
d_dr01_new_vs_drz,before,0.03995535714285714,25.027932960893857,0.06696880475500351,0.14285714285714285,0.19739204277139769,3082,10.0,20.0
d_dr01_new_vs_drz,before,0.04006696428571428,24.95821727019499,0.13759074946986408,0.14285714285714285,0.1976692624332035,3016,10.0,20.0
d_dr01_new_vs_drz,before,0.040178571428571425,24.888888888888893,0.021339504753291518,0.14285714285714285,0.19731796447605393,3100,10.0,20.0
d_dr01_new_vs_drz,before,0.04029017857142857,24.81994459833795,0.1884539224749466,0.14285714285714285,0.1974251732503782,3074,10.0,20.0
d_dr01_new_vs_drz,before,0.040401785714285716,24.75138121546961,0.22013324449210017,0.14285714285714285,0.19745010534200189,3068,10.0,20.0
d_dr01_new_vs_drz,before,0.04051339285714286,24.683195592286502,0.1116013283297933,0.14285714285714285,0.19736727869292328,3088,10.0,20.0
d_dr01_new_vs_drz,before,0.040625,24.615384615384613,0.046065046557540824,0.14285714285714285,0.1970358524551192,3170,10.0,20.0
d_dr01_new_vs_drz,before,0.040736607142857144,24.54794520547945,-0.056800364981009814,0.14285714285714285,0.197483461108339,3060,10.0,20.0
d_dr01_new_vs_drz,before,0.040848214285714286,24.48087431693989,-0.040018419373913885,0.14285714285714285,0.19717976864090656,3134,10.0,20.0
d_dr01_new_vs_drz,before,0.04095982142857143,24.4141689373297,-0.0006477818581334226,0.14285714285714285,0.19701210252814472,3176,10.0,20.0
d_dr01_new_vs_drz,before,0.04107142857142857,24.347826086956523,0.02430468393605021,0.14285714285714285,0.19738378012086183,3084,10.0,20.0
d_dr01_new_vs_drz,before,0.041183035714285714,24.281842818428185,0.10661063500138364,0.14285714285714285,0.19695694455425367,3190,10.0,20.0
d_dr01_new_vs_drz,before,0.041294642857142856,24.216216216216218,0.07579463223863665,0.14285714285714285,0.1970755845534379,3160,10.0,20.0
d_dr01_new_vs_drz,before,0.04140625,24.150943396226417,0.012477821085862172,0.14285714285714285,0.1970755845534379,3160,10.0,20.0
d_dr01_new_vs_drz,before,0.04151785714285714,24.086021505376344,0.20301580550685294,0.14285714285714285,0.19706762319057258,3162,10.0,20.0
d_dr01_new_vs_drz,before,0.041629464285714284,24.021447721179626,0.23537919918494846,0.14285714285714285,0.19698053952908048,3184,10.0,20.0
d_dr01_new_vs_drz,before,0.041741071428571426,23.9572192513369,0.19469405533034717,0.14285714285714285,0.19696480220931625,3188,10.0,20.0
d_dr01_new_vs_drz,before,0.04185267857142857,23.893333333333334,0.1450116796900284,0.14285714285714285,0.19690995197425074,3202,10.0,20.0
d_dr01_new_vs_drz,before,0.04196428571428571,23.829787234042556,0.0486852108230746,0.14285714285714285,0.1966864592271897,3260,10.0,20.0
d_dr01_new_vs_drz,before,0.04207589285714285,23.766578249336874,0.035109802317100945,0.14285714285714285,0.19691776587158633,3200,10.0,20.0
d_dr01_new_vs_drz,before,0.042187499999999996,23.703703703703706,0.025546658428920017,0.14285714285714285,0.19692558703358493,3198,10.0,20.0
d_dr01_new_vs_drz,before,0.04229910714285714,23.641160949868077,0.11581263888554183,0.14285714285714285,0.19662584390434415,3276,10.0,20.0
d_dr01_new_vs_drz,before,0.04241071428571429,23.57894736842105,0.06369194705765678,0.14285714285714285,0.1967398616607217,3246,10.0,20.0
d_dr01_new_vs_drz,before,0.04252232142857143,23.517060367454068,0.014436228614705405,0.14285714285714285,0.1969334154715303,3196,10.0,20.0
d_dr01_new_vs_drz,before,0.04263392857142857,23.455497382198953,0.015423239472654188,0.14285714285714285,0.19662584390434415,3276,10.0,20.0
d_dr01_new_vs_drz,before,0.042745535714285715,23.39425587467363,0.15366135642601977,0.14285714285714285,0.19658818240465054,3286,10.0,20.0
d_dr01_new_vs_drz,before,0.04285714285714286,23.333333333333332,0.05931715901636014,0.14285714285714285,0.19656566720869945,3292,10.0,20.0
d_dr01_new_vs_drz,before,0.04296875,23.272727272727273,-0.04188592628920676,0.14285714285714285,0.19674751854137398,3244,10.0,20.0
d_dr01_new_vs_drz,before,0.04308035714285714,23.212435233160623,-0.05280332647258599,0.14285714285714285,0.19627841680223054,3370,10.0,20.0
d_dr01_new_vs_drz,before,0.043191964285714285,23.152454780361758,0.07656576588659911,0.14285714285714285,0.19665609640424975,3268,10.0,20.0
d_dr01_new_vs_drz,before,0.04330357142857143,23.09278350515464,0.09153847630804285,0.14285714285714285,0.1965506909503124,3296,10.0,20.0
d_dr01_new_vs_drz,before,0.04341517857142857,23.033419023136247,0.04354291622030188,0.14285714285714285,0.19635112163071453,3350,10.0,20.0
d_dr01_new_vs_drz,before,0.04352678571428571,22.974358974358974,0.033130527463067785,0.14285714285714285,0.19649105513285683,3312,10.0,20.0
d_dr01_new_vs_drz,before,0.043638392857142855,22.915601023017903,0.09015422763710979,0.14285714285714285,0.1965506909503124,3296,10.0,20.0
d_dr01_new_vs_drz,before,0.04375,22.857142857142858,0.1217505447017941,0.14285714285714285,0.19620635084804425,3390,10.0,20.0
d_dr01_new_vs_drz,before,0.04386160714285714,22.798982188295167,0.025491049684390976,0.14285714285714285,0.19627118161272125,3372,10.0,20.0
d_dr01_new_vs_drz,before,0.04397321428571428,22.741116751269036,0.011912022856845925,0.14285714285714285,0.19639505513636507,3338,10.0,20.0
d_dr01_new_vs_drz,before,0.044084821428571425,22.683544303797472,-0.03705137268645155,0.14285714285714285,0.19614203002159336,3408,10.0,20.0
d_dr01_new_vs_drz,before,0.04419642857142857,22.62626262626263,0.05794005335357801,0.14285714285714285,0.19628565838032241,3368,10.0,20.0
d_dr01_new_vs_drz,before,0.04430803571428571,22.569269521410583,-0.04364497973970559,0.14285714285714285,0.19630742154042707,3362,10.0,20.0
d_dr01_new_vs_drz,before,0.04441964285714286,22.51256281407035,-0.048048292584595614,0.14285714285714285,0.19604297333067175,3436,10.0,20.0
d_dr01_new_vs_drz,before,0.04453125,22.45614035087719,0.06130032509753728,0.14285714285714285,0.19624230455271754,3380,10.0,20.0
d_dr01_new_vs_drz,before,0.044642857142857144,22.4,0.011444364498943784,0.14285714285714285,0.19616341405099993,3402,10.0,20.0
d_dr01_new_vs_drz,before,0.044754464285714286,22.34413965087282,0.03429102652498224,0.14285714285714285,0.19608527866196232,3424,10.0,20.0
d_dr01_new_vs_drz,before,0.04486607142857143,22.28855721393035,-0.018233816093706164,0.14285714285714285,0.19608527866196232,3424,10.0,20.0
d_dr01_new_vs_drz,before,0.04497767857142857,22.233250620347395,-0.02812182611885194,0.14285714285714285,0.19586903899227384,3486,10.0,20.0
d_dr01_new_vs_drz,before,0.045089285714285714,22.17821782178218,-0.021226987479065137,0.14285714285714285,0.19609942947499998,3420,10.0,20.0
d_dr01_new_vs_drz,before,0.045200892857142856,22.123456790123456,0.05554353822978017,0.14285714285714285,0.19598690683769954,3452,10.0,20.0
d_dr01_new_vs_drz,before,0.0453125,22.06896551724138,0.07727199276309965,0.14285714285714285,0.19578686266146458,3510,10.0,20.0
d_dr01_new_vs_drz,before,0.04542410714285714,22.014742014742016,0.02088466838751631,0.14285714285714285,0.195959018311031,3460,10.0,20.0
d_dr01_new_vs_drz,before,0.045535714285714284,21.96078431372549,-0.04345064918965074,0.14285714285714285,0.1959242922263356,3470,10.0,20.0
d_dr01_new_vs_drz,before,0.045647321428571426,21.90709046454768,0.0544790216789554,0.14285714285714285,0.1959312255268662,3468,10.0,20.0
d_dr01_new_vs_drz,before,0.04575892857142857,21.853658536585368,0.06975810559082093,0.14285714285714285,0.19578005236369755,3512,10.0,20.0
d_dr01_new_vs_drz,before,0.04587053571428571,21.800486618004868,-0.02670441588981034,0.14285714285714285,0.1957460872064342,3522,10.0,20.0
d_dr01_new_vs_drz,before,0.04598214285714285,21.74757281553398,0.04938063878089852,0.14285714285714285,0.19567186631260183,3544,10.0,20.0
d_dr01_new_vs_drz,before,0.046093749999999996,21.69491525423729,0.004970147323244917,0.14285714285714285,0.19601489165878555,3444,10.0,20.0
d_dr01_new_vs_drz,before,0.04620535714285714,21.64251207729469,-0.010868612739842702,0.14285714285714285,0.19554526746979894,3582,10.0,20.0
d_dr01_new_vs_drz,before,0.04631696428571429,21.59036144578313,-0.014785931771506389,0.14285714285714285,0.19557838863500912,3572,10.0,20.0
d_dr01_new_vs_drz,before,0.04642857142857143,21.538461538461537,0.041236262106543554,0.14285714285714285,0.19587592500046092,3484,10.0,20.0
d_dr01_new_vs_drz,before,0.04654017857142857,21.48681055155875,0.002427028949147682,0.14285714285714285,0.19536229896004664,3638,10.0,20.0
d_dr01_new_vs_drz,before,0.046651785714285715,21.43540669856459,-0.012789925838607245,0.14285714285714285,0.19572577688551,3528,10.0,20.0
d_dr01_new_vs_drz,before,0.04676339285714286,21.384248210023866,0.01730299807966863,0.14285714285714285,0.19565844520659162,3548,10.0,20.0
d_dr01_new_vs_drz,before,0.046875,21.333333333333332,-0.010062486863684855,0.14285714285714285,0.19540115234939126,3626,10.0,20.0
d_dr01_new_vs_drz,before,0.04698660714285714,21.282660332541568,-0.003944871174635552,0.14285714285714285,0.19544672377293545,3612,10.0,20.0
d_dr01_new_vs_drz,before,0.047098214285714285,21.232227488151658,0.0656039553650374,0.14285714285714285,0.1954663349047849,3606,10.0,20.0
d_dr01_new_vs_drz,before,0.04720982142857143,21.182033096926716,0.03732518061857396,0.14285714285714285,0.1955651236363731,3576,10.0,20.0
d_dr01_new_vs_drz,before,0.04732142857142857,21.132075471698116,0.06071877481586236,0.14285714285714285,0.19534294368347277,3644,10.0,20.0
d_dr01_new_vs_drz,before,0.04743303571428571,21.08235294117647,-0.007864171866627138,0.14285714285714285,0.19537522888070752,3634,10.0,20.0
d_dr01_new_vs_drz,before,0.047544642857142855,21.03286384976526,-0.010630460773724662,0.14285714285714285,0.19549912822785603,3596,10.0,20.0
d_dr01_new_vs_drz,before,0.04765625,20.98360655737705,-0.031103873281257736,0.14285714285714285,0.19527876700452393,3664,10.0,20.0
d_dr01_new_vs_drz,before,0.04776785714285714,20.93457943925234,-0.016541127639208796,0.14285714285714285,0.19536229896004664,3638,10.0,20.0
d_dr01_new_vs_drz,before,0.04787946428571428,20.88578088578089,0.01035481203317767,0.14285714285714285,0.1952532420597071,3672,10.0,20.0
d_dr01_new_vs_drz,before,0.047991071428571425,20.837209302325583,0.0035127286619779994,0.14285714285714285,0.19534294368347277,3644,10.0,20.0
d_dr01_new_vs_drz,before,0.04810267857142857,20.788863109048727,0.012610880120479472,0.14285714285714285,0.1950209946989822,3746,10.0,20.0
d_dr01_new_vs_drz,before,0.04821428571428571,20.740740740740744,0.012449947682741293,0.14285714285714285,0.19530437499553316,3656,10.0,20.0
d_dr01_new_vs_drz,before,0.04832589285714286,20.69284064665127,0.003006248374194188,0.14285714285714285,0.19526599417946083,3668,10.0,20.0
d_dr01_new_vs_drz,before,0.0484375,20.64516129032258,0.014227468726504443,0.14285714285714285,0.19493488938335007,3774,10.0,20.0
d_dr01_new_vs_drz,before,0.048549107142857144,20.597701149425287,-0.010774639597432804,0.14285714285714285,0.19539466351065476,3628,10.0,20.0
d_dr01_new_vs_drz,before,0.048660714285714286,20.55045871559633,-0.011149534757244436,0.14285714285714285,0.19489827749225433,3786,10.0,20.0
d_dr01_new_vs_drz,before,0.04877232142857143,20.503432494279178,-0.034885490159715496,0.14285714285714285,0.19506440733704855,3732,10.0,20.0
d_dr01_new_vs_drz,before,0.04888392857142857,20.45662100456621,-0.013286019825486677,0.14285714285714285,0.19518979008893414,3692,10.0,20.0
d_dr01_new_vs_drz,before,0.048995535714285714,20.41002277904328,-0.01798205612821703,0.14285714285714285,0.19491046224945754,3782,10.0,20.0
d_dr01_new_vs_drz,before,0.049107142857142856,20.363636363636363,-0.05256571105452319,0.14285714285714285,0.19500246310468877,3752,10.0,20.0
d_dr01_new_vs_drz,before,0.04921875,20.317460317460316,-0.04908061030625601,0.14285714285714285,0.19499013318559666,3756,10.0,20.0
d_dr01_new_vs_drz,before,0.04933035714285714,20.271493212669682,-0.022497701005481045,0.14285714285714285,0.1948739653457362,3794,10.0,20.0
d_dr01_new_vs_drz,before,0.049441964285714284,20.225733634311513,0.008780692297180023,0.14285714285714285,0.19488003622703962,3792,10.0,20.0
d_dr01_new_vs_drz,before,0.049553571428571426,20.18018018018018,0.019277016708406564,0.14285714285714285,0.19489219229404334,3788,10.0,20.0
d_dr01_new_vs_drz,before,0.04966517857142857,20.134831460674157,-0.009222611447635377,0.14285714285714285,0.1950209946989822,3746,10.0,20.0
d_dr01_new_vs_drz,before,0.04977678571428571,20.08968609865471,-0.002605241819414519,0.14285714285714285,0.19475951592150462,3832,10.0,20.0
d_dr01_new_vs_drz,before,0.04988839285714285,20.04474272930649,0.03465911895016656,0.14285714285714285,0.19485578123579675,3800,10.0,20.0
d_dr01_new_vs_drz,before,0.049999999999999996,20.0,0.2796615039458198,0.14285714285714285,0.8417399583909729,2,10.0,20.0
d_dr01_new_vs_drz,after,0.0,inf,0.9999857002202699,0.14285714285714285,0.7560610050770457,3,10.0,20.0
d_dr01_new_vs_drz,after,0.00011160714285714285,8960.0,0.9999799313514186,0.14285714285714285,0.5160568456025979,12,10.0,20.0
d_dr01_new_vs_drz,after,0.0002232142857142857,4480.0,0.9998679150647304,0.14285714285714285,0.43846389609946435,22,10.0,20.0
d_dr01_new_vs_drz,after,0.0003348214285714286,2986.6666666666665,0.9998141713762063,0.14285714285714285,0.41192739958594665,28,10.0,20.0
d_dr01_new_vs_drz,after,0.0004464285714285714,2240.0,0.9992942852983338,0.14285714285714285,0.37684928940895107,40,10.0,20.0
d_dr01_new_vs_drz,after,0.0005580357142857143,1792.0,0.9997319961008528,0.14285714285714285,0.3572655453148874,50,10.0,20.0
d_dr01_new_vs_drz,after,0.0006696428571428571,1493.3333333333333,0.9998171584440698,0.14285714285714285,0.3607189084162777,48,10.0,20.0
d_dr01_new_vs_drz,after,0.0007812499999999999,1280.0,0.9994295607068596,0.14285714285714285,0.33301944154606616,68,10.0,20.0
d_dr01_new_vs_drz,after,0.0008928571428571428,1120.0,0.9991858878020328,0.14285714285714285,0.3308883459615167,70,10.0,20.0
d_dr01_new_vs_drz,after,0.0010044642857142856,995.5555555555557,0.9990335138401177,0.14285714285714285,0.32498105977643776,76,10.0,20.0
d_dr01_new_vs_drz,after,0.0011160714285714285,896.0,0.9989414312006657,0.14285714285714285,0.3120228149867766,92,10.0,20.0
d_dr01_new_vs_drz,after,0.0012276785714285714,814.5454545454546,0.9981450834149443,0.14285714285714285,0.30307454563671804,106,10.0,20.0
d_dr01_new_vs_drz,after,0.0013392857142857143,746.6666666666666,0.9972842672684913,0.14285714285714285,0.309276869488276,96,10.0,20.0
d_dr01_new_vs_drz,after,0.0014508928571428572,689.2307692307692,0.9986801564591713,0.14285714285714285,0.297657677511583,116,10.0,20.0
d_dr01_new_vs_drz,after,0.0015624999999999999,640.0,0.9987170333905614,0.14285714285714285,0.28942028891226607,134,10.0,20.0
d_dr01_new_vs_drz,after,0.0016741071428571428,597.3333333333334,0.9964458426246342,0.14285714285714285,0.2956748612128594,120,10.0,20.0
d_dr01_new_vs_drz,after,0.0017857142857142857,560.0,0.9976795030096915,0.14285714285714285,0.28476380812712476,146,10.0,20.0
d_dr01_new_vs_drz,after,0.0018973214285714286,527.0588235294118,0.9986055515189091,0.14285714285714285,0.2812856424436456,156,10.0,20.0
d_dr01_new_vs_drz,after,0.0020089285714285712,497.7777777777778,0.9995212822137012,0.14285714285714285,0.28702018719502587,140,10.0,20.0
d_dr01_new_vs_drz,after,0.002120535714285714,471.5789473684211,0.99973128427978,0.14285714285714285,0.2757709533720164,174,10.0,20.0
d_dr01_new_vs_drz,after,0.002232142857142857,448.0,0.9998280281431738,0.14285714285714285,0.27520913338899333,176,10.0,20.0
d_dr01_new_vs_drz,after,0.00234375,426.6666666666667,0.9998715361713609,0.14285714285714285,0.273051000260408,184,10.0,20.0
d_dr01_new_vs_drz,after,0.002455357142857143,407.2727272727273,0.9998670302260384,0.14285714285714285,0.2705369635786124,194,10.0,20.0
d_dr01_new_vs_drz,after,0.0025669642857142857,389.5652173913044,0.9998940721352212,0.14285714285714285,0.269116846861646,200,10.0,20.0
d_dr01_new_vs_drz,after,0.0026785714285714286,373.3333333333333,0.999832160162514,0.14285714285714285,0.26731663903915925,208,10.0,20.0
d_dr01_new_vs_drz,after,0.0027901785714285715,358.4,0.9992627531828837,0.14285714285714285,0.2668822084027434,210,10.0,20.0
d_dr01_new_vs_drz,after,0.0029017857142857144,344.6153846153846,0.9993166694988265,0.14285714285714285,0.26173150991010213,236,10.0,20.0
d_dr01_new_vs_drz,after,0.003013392857142857,331.8518518518519,0.9993112178262505,0.14285714285714285,0.2632250986856457,228,10.0,20.0
d_dr01_new_vs_drz,after,0.0031249999999999997,320.0,0.9983133893065228,0.14285714285714285,0.2613695641695868,238,10.0,20.0
d_dr01_new_vs_drz,after,0.0032366071428571426,308.96551724137936,0.999185478910836,0.14285714285714285,0.2576597972433477,260,10.0,20.0
d_dr01_new_vs_drz,after,0.0033482142857142855,298.6666666666667,0.9982398474366632,0.14285714285714285,0.2586250244740691,254,10.0,20.0
d_dr01_new_vs_drz,after,0.0034598214285714284,289.03225806451616,0.9987416526453701,0.14285714285714285,0.25523709705862524,276,10.0,20.0
d_dr01_new_vs_drz,after,0.0035714285714285713,280.0,0.9984957006141078,0.14285714285714285,0.25582326430374547,272,10.0,20.0
d_dr01_new_vs_drz,after,0.003683035714285714,271.5151515151515,0.9987561222757771,0.14285714285714285,0.2527449491574839,294,10.0,20.0
d_dr01_new_vs_drz,after,0.003794642857142857,263.5294117647059,0.9989865700551704,0.14285714285714285,0.25410107451462977,284,10.0,20.0
d_dr01_new_vs_drz,after,0.00390625,256.0,0.9980085128840034,0.14285714285714285,0.2514544516681247,304,10.0,20.0
d_dr01_new_vs_drz,after,0.0040178571428571425,248.8888888888889,0.9979889978515404,0.14285714285714285,0.24928083583453234,322,10.0,20.0
d_dr01_new_vs_drz,after,0.004129464285714286,242.16216216216216,0.9979947314228746,0.14285714285714285,0.2514544516681247,304,10.0,20.0
d_dr01_new_vs_drz,after,0.004241071428571428,235.78947368421055,0.9965552566666209,0.14285714285714285,0.24905026945843273,324,10.0,20.0
d_dr01_new_vs_drz,after,0.004352678571428572,229.74358974358972,0.996333199522826,0.14285714285714285,0.24582376798178943,354,10.0,20.0
d_dr01_new_vs_drz,after,0.004464285714285714,224.0,0.9980793194626267,0.14285714285714285,0.24770924671322134,336,10.0,20.0
d_dr01_new_vs_drz,after,0.004575892857142857,218.53658536585365,0.9949675674132412,0.14285714285714285,0.24643640318775006,348,10.0,20.0
d_dr01_new_vs_drz,after,0.0046875,213.33333333333334,0.9951092451133532,0.14285714285714285,0.24426173259637654,370,10.0,20.0
d_dr01_new_vs_drz,after,0.004799107142857142,208.37209302325584,0.9980245086830598,0.14285714285714285,0.24407341871811294,372,10.0,20.0
d_dr01_new_vs_drz,after,0.004910714285714286,203.63636363636365,0.9973500447198013,0.14285714285714285,0.24388657961491628,374,10.0,20.0
d_dr01_new_vs_drz,after,0.005022321428571428,199.11111111111114,0.9978306899558682,0.14285714285714285,0.24124866466885456,404,10.0,20.0
d_dr01_new_vs_drz,after,0.005133928571428571,194.7826086956522,0.9987982336722566,0.14285714285714285,0.24226832878047586,392,10.0,20.0
d_dr01_new_vs_drz,after,0.005245535714285714,190.63829787234044,0.9988905696752572,0.14285714285714285,0.2427954615022515,386,10.0,20.0
d_dr01_new_vs_drz,after,0.005357142857142857,186.66666666666666,0.9984607550326935,0.14285714285714285,0.23964416299559071,424,10.0,20.0
d_dr01_new_vs_drz,after,0.00546875,182.85714285714286,0.9978772404388669,0.14285714285714285,0.24027239659586974,416,10.0,20.0
d_dr01_new_vs_drz,after,0.005580357142857143,179.2,0.9961906066785586,0.14285714285714285,0.2388828626474958,434,10.0,20.0
d_dr01_new_vs_drz,after,0.0056919642857142854,175.68627450980392,0.9975998585923734,0.14285714285714285,0.2384383044776066,440,10.0,20.0
d_dr01_new_vs_drz,after,0.005803571428571429,172.3076923076923,0.9982740185377249,0.14285714285714285,0.23757528612232023,452,10.0,20.0
d_dr01_new_vs_drz,after,0.005915178571428571,169.05660377358492,0.996314144350801,0.14285714285714285,0.23688135961430892,462,10.0,20.0
d_dr01_new_vs_drz,after,0.006026785714285714,165.92592592592595,0.9974064863355689,0.14285714285714285,0.23785919155913984,448,10.0,20.0
d_dr01_new_vs_drz,after,0.006138392857142857,162.9090909090909,0.997170456959695,0.14285714285714285,0.23517586182327832,488,10.0,20.0
d_dr01_new_vs_drz,after,0.0062499999999999995,160.0,0.9984663862276068,0.14285714285714285,0.23607716377209612,474,10.0,20.0
d_dr01_new_vs_drz,after,0.006361607142857143,157.19298245614036,0.9985800466852631,0.14285714285714285,0.23568617177506457,480,10.0,20.0
d_dr01_new_vs_drz,after,0.006473214285714285,154.48275862068968,0.99806450349768,0.14285714285714285,0.23359868826190747,514,10.0,20.0
d_dr01_new_vs_drz,after,0.006584821428571429,151.864406779661,0.9964150585360574,0.14285714285714285,0.23348222347930858,516,10.0,20.0
d_dr01_new_vs_drz,after,0.006696428571428571,149.33333333333334,0.9976041536159421,0.14285714285714285,0.23467767886949623,496,10.0,20.0
d_dr01_new_vs_drz,after,0.006808035714285714,146.88524590163934,0.9981267084642353,0.14285714285714285,0.23246304055541317,534,10.0,20.0
d_dr01_new_vs_drz,after,0.006919642857142857,144.51612903225808,0.99855763448796,0.14285714285714285,0.23191835858106052,544,10.0,20.0
d_dr01_new_vs_drz,after,0.00703125,142.22222222222223,0.9984227922734908,0.14285714285714285,0.23348222347930858,516,10.0,20.0
d_dr01_new_vs_drz,after,0.007142857142857143,140.0,0.9986332811928644,0.14285714285714285,0.23118003674182988,558,10.0,20.0
d_dr01_new_vs_drz,after,0.007254464285714285,137.84615384615387,0.9990755288071189,0.14285714285714285,0.23066911942921098,568,10.0,20.0
d_dr01_new_vs_drz,after,0.007366071428571428,135.75757575757575,0.9992547480530336,0.14285714285714285,0.23257377696061368,532,10.0,20.0
d_dr01_new_vs_drz,after,0.007477678571428571,133.7313432835821,0.9986328150843048,0.14285714285714285,0.22865956785210217,610,10.0,20.0
d_dr01_new_vs_drz,after,0.007589285714285714,131.76470588235296,0.9979585219592457,0.14285714285714285,0.2300731936178756,580,10.0,20.0
d_dr01_new_vs_drz,after,0.007700892857142857,129.85507246376812,0.9984522907188645,0.14285714285714285,0.22987856279938831,584,10.0,20.0
d_dr01_new_vs_drz,after,0.0078125,128.0,0.9980149052791314,0.14285714285714285,0.22847879956174852,614,10.0,20.0
d_dr01_new_vs_drz,after,0.007924107142857142,126.19718309859155,0.9980781379688076,0.14285714285714285,0.22856896654528058,612,10.0,20.0
d_dr01_new_vs_drz,after,0.008035714285714285,124.44444444444446,0.9977496689421055,0.14285714285714285,0.22794672665157004,626,10.0,20.0
d_dr01_new_vs_drz,after,0.008147321428571429,122.73972602739725,0.9975241666947092,0.14285714285714285,0.22856896654528058,612,10.0,20.0
d_dr01_new_vs_drz,after,0.008258928571428572,121.08108108108108,0.9981947290928253,0.14285714285714285,0.22751466188342373,636,10.0,20.0
d_dr01_new_vs_drz,after,0.008370535714285714,119.46666666666667,0.9987066540522561,0.14285714285714285,0.22709247611069447,646,10.0,20.0
d_dr01_new_vs_drz,after,0.008482142857142856,117.89473684210527,0.9991447540680436,0.14285714285714285,0.2270091913293758,648,10.0,20.0
d_dr01_new_vs_drz,after,0.008593749999999999,116.36363636363637,0.9985362831353981,0.14285714285714285,0.22684375089361272,652,10.0,20.0
d_dr01_new_vs_drz,after,0.008705357142857143,114.87179487179486,0.9982734552619644,0.14285714285714285,0.22580365493397495,678,10.0,20.0
d_dr01_new_vs_drz,after,0.008816964285714286,113.41772151898735,0.9981754516439629,0.14285714285714285,0.22572608133433805,680,10.0,20.0
d_dr01_new_vs_drz,after,0.008928571428571428,112.0,0.9980554218790484,0.14285714285714285,0.22572608133433805,680,10.0,20.0
d_dr01_new_vs_drz,after,0.00904017857142857,110.61728395061729,0.9972201049314611,0.14285714285714285,0.2247472633332211,706,10.0,20.0
d_dr01_new_vs_drz,after,0.009151785714285715,109.26829268292683,0.9971331177558405,0.14285714285714285,0.2252675931499613,692,10.0,20.0
d_dr01_new_vs_drz,after,0.009263392857142857,107.95180722891567,0.9968250828730051,0.14285714285714285,0.22511735629687746,696,10.0,20.0
d_dr01_new_vs_drz,after,0.009375,106.66666666666667,0.9970377632941724,0.14285714285714285,0.22347634762040358,742,10.0,20.0
d_dr01_new_vs_drz,after,0.009486607142857142,105.41176470588236,0.9970669938798639,0.14285714285714285,0.22467416992987052,708,10.0,20.0
d_dr01_new_vs_drz,after,0.009598214285714285,104.18604651162792,0.9971117931455485,0.14285714285714285,0.22280884262303868,762,10.0,20.0
d_dr01_new_vs_drz,after,0.009709821428571429,102.98850574712644,0.9927703041024135,0.14285714285714285,0.22368179007692848,736,10.0,20.0
d_dr01_new_vs_drz,after,0.009821428571428571,101.81818181818183,0.9913580025597057,0.14285714285714285,0.22287442635809016,760,10.0,20.0
d_dr01_new_vs_drz,after,0.009933035714285714,100.67415730337079,0.9956134888953435,0.14285714285714285,0.22229315058834048,778,10.0,20.0
d_dr01_new_vs_drz,after,0.010044642857142856,99.55555555555557,0.996244497845623,0.14285714285714285,0.22261360373636063,768,10.0,20.0
d_dr01_new_vs_drz,after,0.01015625,98.46153846153845,0.995594171991317,0.14285714285714285,0.22287442635809016,760,10.0,20.0
d_dr01_new_vs_drz,after,0.010267857142857143,97.3913043478261,0.9942387277429753,0.14285714285714285,0.22191652760781277,790,10.0,20.0
d_dr01_new_vs_drz,after,0.010379464285714285,96.34408602150538,0.9945885328223839,0.14285714285714285,0.2212474895498582,812,10.0,20.0
d_dr01_new_vs_drz,after,0.010491071428571428,95.31914893617022,0.9949957647737807,0.14285714285714285,0.2214876516950723,804,10.0,20.0
d_dr01_new_vs_drz,after,0.010602678571428572,94.3157894736842,0.9947109585220218,0.14285714285714285,0.22130720212890542,810,10.0,20.0
d_dr01_new_vs_drz,after,0.010714285714285714,93.33333333333333,0.9957495154596293,0.14285714285714285,0.2206620549790673,832,10.0,20.0
d_dr01_new_vs_drz,after,0.010825892857142857,92.37113402061856,0.9954476491931387,0.14285714285714285,0.2216090580540805,800,10.0,20.0
d_dr01_new_vs_drz,after,0.0109375,91.42857142857143,0.9966745628412984,0.14285714285714285,0.2198217694523472,862,10.0,20.0
d_dr01_new_vs_drz,after,0.011049107142857142,90.50505050505052,0.9962178492480073,0.14285714285714285,0.22020844574520457,848,10.0,20.0
d_dr01_new_vs_drz,after,0.011160714285714286,89.6,0.9947256773575746,0.14285714285714285,0.21928516426814687,882,10.0,20.0
d_dr01_new_vs_drz,after,0.011272321428571428,88.71287128712872,0.9909904869612178,0.14285714285714285,0.22077747178815657,828,10.0,20.0
d_dr01_new_vs_drz,after,0.011383928571428571,87.84313725490196,0.9908172937812658,0.14285714285714285,0.21955119748619267,872,10.0,20.0
d_dr01_new_vs_drz,after,0.011495535714285713,86.99029126213593,0.9914766273275725,0.14285714285714285,0.21856336410973248,910,10.0,20.0
d_dr01_new_vs_drz,after,0.011607142857142858,86.15384615384615,0.9896993909530449,0.14285714285714285,0.21965887440375706,868,10.0,20.0
d_dr01_new_vs_drz,after,0.01171875,85.33333333333333,0.989436155488111,0.14285714285714285,0.21902354389357315,892,10.0,20.0
d_dr01_new_vs_drz,after,0.011830357142857142,84.52830188679246,0.9883454479220092,0.14285714285714285,0.2181654494608149,926,10.0,20.0
d_dr01_new_vs_drz,after,0.011941964285714285,83.73831775700936,0.9879338746765596,0.14285714285714285,0.21841294458748992,916,10.0,20.0
d_dr01_new_vs_drz,after,0.012053571428571427,82.96296296296298,0.9939676678339846,0.14285714285714285,0.21851306204381743,912,10.0,20.0
d_dr01_new_vs_drz,after,0.012165178571428572,82.20183486238533,0.9943320971078843,0.14285714285714285,0.21758723335053728,950,10.0,20.0
d_dr01_new_vs_drz,after,0.012276785714285714,81.45454545454545,0.9946310883769711,0.14285714285714285,0.21744603829804665,956,10.0,20.0
d_dr01_new_vs_drz,after,0.012388392857142856,80.72072072072072,0.9925660989683669,0.14285714285714285,0.21861382957564643,908,10.0,20.0
d_dr01_new_vs_drz,after,0.012499999999999999,80.0,0.9911378122695418,0.14285714285714285,0.21675920204107632,986,10.0,20.0
d_dr01_new_vs_drz,after,0.012611607142857143,79.29203539823008,0.9912333876374867,0.14285714285714285,0.21725980028494588,964,10.0,20.0
d_dr01_new_vs_drz,after,0.012723214285714286,78.59649122807018,0.9900725601065964,0.14285714285714285,0.21721359693608783,966,10.0,20.0
d_dr01_new_vs_drz,after,0.012834821428571428,77.91304347826087,0.9866927728761545,0.14285714285714285,0.21644914346158642,1000,10.0,20.0
d_dr01_new_vs_drz,after,0.01294642857142857,77.24137931034484,0.9852482580748552,0.14285714285714285,0.21653707458648785,996,10.0,20.0
d_dr01_new_vs_drz,after,0.013058035714285715,76.58119658119658,0.9886077820101747,0.14285714285714285,0.21649304397049488,998,10.0,20.0
d_dr01_new_vs_drz,after,0.013169642857142857,75.9322033898305,0.9900820974696932,0.14285714285714285,0.21610254718236965,1016,10.0,20.0
d_dr01_new_vs_drz,after,0.01328125,75.29411764705883,0.991222010515862,0.14285714285714285,0.21618843703925994,1012,10.0,20.0
d_dr01_new_vs_drz,after,0.013392857142857142,74.66666666666667,0.9846496831922902,0.14285714285714285,0.21605978929178232,1018,10.0,20.0
d_dr01_new_vs_drz,after,0.013504464285714285,74.04958677685951,0.9872080061948796,0.14285714285714285,0.21551499634696136,1044,10.0,20.0
d_dr01_new_vs_drz,after,0.013616071428571429,73.44262295081967,0.9902421298494952,0.14285714285714285,0.21568047213382657,1036,10.0,20.0
d_dr01_new_vs_drz,after,0.013727678571428571,72.84552845528455,0.9824824563767108,0.14285714285714285,0.21498988471428435,1070,10.0,20.0
d_dr01_new_vs_drz,after,0.013839285714285714,72.25806451612904,0.9800844935665766,0.14285714285714285,0.21543295911437524,1048,10.0,20.0
d_dr01_new_vs_drz,after,0.013950892857142856,71.68,0.9737755549274109,0.14285714285714285,0.2148713755575323,1076,10.0,20.0
d_dr01_new_vs_drz,after,0.0140625,71.11111111111111,0.9787285146587373,0.14285714285714285,0.21475383879638116,1082,10.0,20.0
d_dr01_new_vs_drz,after,0.014174107142857143,70.55118110236221,0.9875157961515908,0.14285714285714285,0.21471487366377726,1084,10.0,20.0
d_dr01_new_vs_drz,after,0.014285714285714285,70.0,0.9881520511024929,0.14285714285714285,0.21459861283869502,1090,10.0,20.0
d_dr01_new_vs_drz,after,0.014397321428571428,69.45736434108528,0.9864201145256095,0.14285714285714285,0.21425543086377571,1108,10.0,20.0
d_dr01_new_vs_drz,after,0.01450892857142857,68.92307692307693,0.969315944875623,0.14285714285714285,0.21456006915830092,1092,10.0,20.0
d_dr01_new_vs_drz,after,0.014620535714285714,68.3969465648855,0.9690241959364364,0.14285714285714285,0.21355728664025345,1146,10.0,20.0
d_dr01_new_vs_drz,after,0.014732142857142857,67.87878787878788,0.9822532137363149,0.14285714285714285,0.21366522853675965,1140,10.0,20.0
d_dr01_new_vs_drz,after,0.01484375,67.36842105263158,0.974644616408742,0.14285714285714285,0.2143309783773013,1104,10.0,20.0
d_dr01_new_vs_drz,after,0.014955357142857142,66.86567164179105,0.9712947127901644,0.14285714285714285,0.21279046829950965,1190,10.0,20.0
d_dr01_new_vs_drz,after,0.015066964285714286,66.37037037037037,0.9797809897017058,0.14285714285714285,0.21373765748018866,1136,10.0,20.0
d_dr01_new_vs_drz,after,0.015178571428571428,65.88235294117648,0.9739793400342215,0.14285714285714285,0.21352149146774207,1148,10.0,20.0
d_dr01_new_vs_drz,after,0.015290178571428571,65.4014598540146,0.9688837650049622,0.14285714285714285,0.21285843635360488,1186,10.0,20.0
d_dr01_new_vs_drz,after,0.015401785714285713,64.92753623188406,0.9655682666159274,0.14285714285714285,0.21282441002983377,1188,10.0,20.0
d_dr01_new_vs_drz,after,0.015513392857142856,64.46043165467627,0.9704853671051121,0.14285714285714285,0.21337922749072738,1156,10.0,20.0
d_dr01_new_vs_drz,after,0.015625,64.0,0.9747812400507339,0.14285714285714285,0.212000361835817,1238,10.0,20.0
d_dr01_new_vs_drz,after,0.015736607142857142,63.54609929078014,0.9871178894184157,0.14285714285714285,0.2124887421904062,1208,10.0,20.0
d_dr01_new_vs_drz,after,0.015848214285714285,63.098591549295776,0.9890612748597587,0.14285714285714285,0.2127228372174348,1194,10.0,20.0
d_dr01_new_vs_drz,after,0.015959821428571427,62.65734265734266,0.9855300588836664,0.14285714285714285,0.2120323741059451,1236,10.0,20.0
d_dr01_new_vs_drz,after,0.01607142857142857,62.22222222222223,0.9796852053445458,0.14285714285714285,0.2120323741059451,1236,10.0,20.0
d_dr01_new_vs_drz,after,0.016183035714285712,61.79310344827587,0.9681294303093747,0.14285714285714285,0.21187307369980893,1246,10.0,20.0
d_dr01_new_vs_drz,after,0.016294642857142858,61.36986301369863,0.9625580925429728,0.14285714285714285,0.21216119331021152,1228,10.0,20.0
d_dr01_new_vs_drz,after,0.01640625,60.95238095238095,0.9555720876499744,0.14285714285714285,0.21159104545450594,1264,10.0,20.0
d_dr01_new_vs_drz,after,0.016517857142857143,60.54054054054054,0.9414163869434478,0.14285714285714285,0.21149835269259598,1270,10.0,20.0
d_dr01_new_vs_drz,after,0.016629464285714286,60.13422818791946,0.954024199537795,0.14285714285714285,0.21177839816474361,1252,10.0,20.0
d_dr01_new_vs_drz,after,0.016741071428571428,59.733333333333334,0.9384290162210518,0.14285714285714285,0.21134529561252643,1280,10.0,20.0
d_dr01_new_vs_drz,after,0.01685267857142857,59.337748344370866,0.9540948633587735,0.14285714285714285,0.21054834880675766,1334,10.0,20.0
d_dr01_new_vs_drz,after,0.016964285714285713,58.94736842105264,0.9735109551400731,0.14285714285714285,0.21159104545450594,1264,10.0,20.0
d_dr01_new_vs_drz,after,0.017075892857142855,58.56209150326798,0.9786958374868182,0.14285714285714285,0.21080861501660042,1316,10.0,20.0
d_dr01_new_vs_drz,after,0.017187499999999998,58.18181818181819,0.9787665639833584,0.14285714285714285,0.2104912166657718,1338,10.0,20.0
d_dr01_new_vs_drz,after,0.017299107142857144,57.806451612903224,0.9721849360950763,0.14285714285714285,0.2112241179090306,1288,10.0,20.0
d_dr01_new_vs_drz,after,0.017410714285714286,57.43589743589743,0.9593025351758043,0.14285714285714285,0.21009825045931166,1366,10.0,20.0
d_dr01_new_vs_drz,after,0.01752232142857143,57.07006369426752,0.9795427043961732,0.14285714285714285,0.21034948559464076,1348,10.0,20.0
d_dr01_new_vs_drz,after,0.01763392857142857,56.708860759493675,0.9436840769300683,0.14285714285714285,0.21046274528313325,1340,10.0,20.0
d_dr01_new_vs_drz,after,0.017745535714285714,56.35220125786164,0.9259916119889978,0.14285714285714285,0.2102651915533084,1354,10.0,20.0
d_dr01_new_vs_drz,after,0.017857142857142856,56.0,0.9377250647234304,0.14285714285714285,0.20979775932161346,1388,10.0,20.0
d_dr01_new_vs_drz,after,0.01796875,55.652173913043484,0.9550702442933954,0.14285714285714285,0.21001559151209073,1372,10.0,20.0
d_dr01_new_vs_drz,after,0.01808035714285714,55.308641975308646,0.9637771559996074,0.14285714285714285,0.20993346585157174,1378,10.0,20.0
d_dr01_new_vs_drz,after,0.018191964285714284,54.96932515337424,0.9517911815983693,0.14285714285714285,0.20969023176701643,1396,10.0,20.0
d_dr01_new_vs_drz,after,0.01830357142857143,54.63414634146341,0.9477605112579347,0.14285714285714285,0.20974388120426476,1392,10.0,20.0
d_dr01_new_vs_drz,after,0.018415178571428572,54.303030303030305,0.9504490995150275,0.14285714285714285,0.20924322011539456,1430,10.0,20.0
d_dr01_new_vs_drz,after,0.018526785714285714,53.975903614457835,0.9258850412489046,0.14285714285714285,0.20937304795788578,1420,10.0,20.0
d_dr01_new_vs_drz,after,0.018638392857142857,53.65269461077845,0.9114346300457856,0.14285714285714285,0.20958361247909307,1404,10.0,20.0
d_dr01_new_vs_drz,after,0.01875,53.333333333333336,0.9190998997260493,0.14285714285714285,0.20908918974285123,1442,10.0,20.0
d_dr01_new_vs_drz,after,0.018861607142857142,53.01775147928994,0.9251069465554806,0.14285714285714285,0.2091147294392002,1440,10.0,20.0
d_dr01_new_vs_drz,after,0.018973214285714284,52.70588235294118,0.9462025642077265,0.14285714285714285,0.20878674915614567,1466,10.0,20.0
d_dr01_new_vs_drz,after,0.019084821428571427,52.397660818713454,0.8290212173136103,0.14285714285714285,0.20896227354363328,1452,10.0,20.0
d_dr01_new_vs_drz,after,0.01919642857142857,52.09302325581396,0.8896823659562446,0.14285714285714285,0.20861368932701757,1480,10.0,20.0
d_dr01_new_vs_drz,after,0.019308035714285715,51.79190751445086,0.8491110672967757,0.14285714285714285,0.20849155226945118,1490,10.0,20.0
d_dr01_new_vs_drz,after,0.019419642857142858,51.49425287356322,0.90475818681883,0.14285714285714285,0.20886166870324252,1460,10.0,20.0
d_dr01_new_vs_drz,after,0.01953125,51.2,0.9168849819649043,0.14285714285714285,0.20832258514572422,1504,10.0,20.0
d_dr01_new_vs_drz,after,0.019642857142857142,50.909090909090914,0.8580582917333872,0.14285714285714285,0.20820331375489703,1514,10.0,20.0
d_dr01_new_vs_drz,after,0.019754464285714285,50.621468926553675,0.8598640708637274,0.14285714285714285,0.2080852033992908,1524,10.0,20.0
d_dr01_new_vs_drz,after,0.019866071428571427,50.337078651685395,0.8493758815542023,0.14285714285714285,0.20822707454226386,1512,10.0,20.0
d_dr01_new_vs_drz,after,0.01997767857142857,50.05586592178771,0.8670421751564187,0.14285714285714285,0.2076466470245122,1562,10.0,20.0
d_dr01_new_vs_drz,after,0.020089285714285712,49.777777777777786,0.8853084108873233,0.14285714285714285,0.20817959940754727,1516,10.0,20.0
d_dr01_new_vs_drz,after,0.020200892857142858,49.50276243093922,0.9365837987369212,0.14285714285714285,0.20817959940754727,1516,10.0,20.0
d_dr01_new_vs_drz,after,0.0203125,49.230769230769226,0.9280998726552896,0.14285714285714285,0.2071581805789342,1606,10.0,20.0
d_dr01_new_vs_drz,after,0.020424107142857143,48.96174863387978,0.8898570321561063,0.14285714285714285,0.2078523911652866,1544,10.0,20.0
d_dr01_new_vs_drz,after,0.020535714285714286,48.69565217391305,0.9227592998201403,0.14285714285714285,0.20751142498562736,1574,10.0,20.0
d_dr01_new_vs_drz,after,0.020647321428571428,48.432432432432435,0.9646890690188895,0.14285714285714285,0.207311430402214,1592,10.0,20.0
d_dr01_new_vs_drz,after,0.02075892857142857,48.17204301075269,0.9639597498045904,0.14285714285714285,0.20766933369874285,1560,10.0,20.0
d_dr01_new_vs_drz,after,0.020870535714285713,47.9144385026738,0.9471564084549338,0.14285714285714285,0.2072455083727941,1598,10.0,20.0
d_dr01_new_vs_drz,after,0.020982142857142855,47.65957446808511,0.8970428564372928,0.14285714285714285,0.20679410702631273,1640,10.0,20.0
d_dr01_new_vs_drz,after,0.021093749999999998,47.40740740740741,0.9246073045017918,0.14285714285714285,0.2070931065498322,1612,10.0,20.0
d_dr01_new_vs_drz,after,0.021205357142857144,47.1578947368421,0.907554582848471,0.14285714285714285,0.20733348626347292,1590,10.0,20.0
d_dr01_new_vs_drz,after,0.021316964285714286,46.910994764397905,0.869407200837408,0.14285714285714285,0.2068363565335541,1636,10.0,20.0
d_dr01_new_vs_drz,after,0.02142857142857143,46.666666666666664,0.8908944389909335,0.14285714285714285,0.20646152179686691,1672,10.0,20.0
d_dr01_new_vs_drz,after,0.02154017857142857,46.424870466321245,0.9213692069334654,0.14285714285714285,0.20677303948480721,1642,10.0,20.0
d_dr01_new_vs_drz,after,0.021651785714285714,46.18556701030928,0.9494741653746092,0.14285714285714285,0.20654377883697478,1664,10.0,20.0
d_dr01_new_vs_drz,after,0.021763392857142856,45.94871794871795,0.9505198643864478,0.14285714285714285,0.2069213164900138,1628,10.0,20.0
d_dr01_new_vs_drz,after,0.021875,45.714285714285715,0.9422298312395821,0.14285714285714285,0.20615817865004304,1702,10.0,20.0
d_dr01_new_vs_drz,after,0.02198660714285714,45.48223350253807,0.968045266645826,0.14285714285714285,0.2063798459329584,1680,10.0,20.0
d_dr01_new_vs_drz,after,0.022098214285714284,45.25252525252526,0.9392162795604452,0.14285714285714285,0.20607862228912602,1710,10.0,20.0
d_dr01_new_vs_drz,after,0.02220982142857143,45.0251256281407,0.9322646233343996,0.14285714285714285,0.2060193161196826,1716,10.0,20.0
d_dr01_new_vs_drz,after,0.022321428571428572,44.8,0.896790286062185,0.14285714285714285,0.2064206116472992,1676,10.0,20.0
d_dr01_new_vs_drz,after,0.022433035714285714,44.5771144278607,0.8765311431697155,0.14285714285714285,0.20568896146044316,1750,10.0,20.0
d_dr01_new_vs_drz,after,0.022544642857142857,44.35643564356436,0.9043111544793796,0.14285714285714285,0.20586265784981742,1732,10.0,20.0
d_dr01_new_vs_drz,after,0.02265625,44.13793103448276,0.9140157946069634,0.14285714285714285,0.20625840693654623,1692,10.0,20.0
d_dr01_new_vs_drz,after,0.022767857142857142,43.92156862745098,0.9063740235061343,0.14285714285714285,0.20561261066388095,1758,10.0,20.0
d_dr01_new_vs_drz,after,0.022879464285714284,43.707317073170735,0.904510510978953,0.14285714285714285,0.20563165001517575,1756,10.0,20.0
d_dr01_new_vs_drz,after,0.022991071428571427,43.49514563106796,0.8904338993240812,0.14285714285714285,0.2059799491398533,1720,10.0,20.0
d_dr01_new_vs_drz,after,0.02310267857142857,43.28502415458938,0.9437220625372397,0.14285714285714285,0.2050559530372921,1818,10.0,20.0
d_dr01_new_vs_drz,after,0.023214285714285715,43.07692307692307,0.9497059431836394,0.14285714285714285,0.20529377749698421,1792,10.0,20.0
d_dr01_new_vs_drz,after,0.023325892857142858,42.87081339712918,0.9489469683803065,0.14285714285714285,0.20578513067261447,1740,10.0,20.0
d_dr01_new_vs_drz,after,0.0234375,42.666666666666664,0.9489442386136069,0.14285714285714285,0.2049478815407546,1830,10.0,20.0
d_dr01_new_vs_drz,after,0.023549107142857142,42.464454976303315,0.898395341853827,0.14285714285714285,0.2053308201973659,1788,10.0,20.0
d_dr01_new_vs_drz,after,0.023660714285714285,42.26415094339623,0.9161163005657841,0.14285714285714285,0.2051650873580342,1806,10.0,20.0
d_dr01_new_vs_drz,after,0.023772321428571427,42.06572769953052,0.891535169251181,0.14285714285714285,0.20500178551890139,1824,10.0,20.0
d_dr01_new_vs_drz,after,0.02388392857142857,41.86915887850468,0.8602104437106993,0.14285714285714285,0.2050378677827802,1820,10.0,20.0
d_dr01_new_vs_drz,after,0.023995535714285712,41.674418604651166,0.8627036995422488,0.14285714285714285,0.20473485868990474,1854,10.0,20.0
d_dr01_new_vs_drz,after,0.024107142857142855,41.48148148148149,0.8798840081438709,0.14285714285714285,0.20489423896779435,1836,10.0,20.0
d_dr01_new_vs_drz,after,0.02421875,41.29032258064516,0.8516448176862048,0.14285714285714285,0.20482311852246032,1844,10.0,20.0
d_dr01_new_vs_drz,after,0.024330357142857143,41.10091743119266,0.8270273802811225,0.14285714285714285,0.20428703415014268,1906,10.0,20.0
d_dr01_new_vs_drz,after,0.024441964285714286,40.91324200913242,0.8574782839138912,0.14285714285714285,0.20485862143419345,1840,10.0,20.0
d_dr01_new_vs_drz,after,0.024553571428571428,40.72727272727273,0.8643952262579454,0.14285714285714285,0.20443997892001115,1888,10.0,20.0
d_dr01_new_vs_drz,after,0.02466517857142857,40.542986425339365,0.8968182864098208,0.14285714285714285,0.20432083629059994,1902,10.0,20.0
d_dr01_new_vs_drz,after,0.024776785714285713,40.36036036036036,0.940578299413454,0.14285714285714285,0.20478772961770136,1848,10.0,20.0
d_dr01_new_vs_drz,after,0.024888392857142855,40.17937219730942,0.944131252965873,0.14285714285714285,0.20406985646203774,1932,10.0,20.0
d_dr01_new_vs_drz,after,0.024999999999999998,40.0,0.8534668562190282,0.14285714285714285,0.20405333008241125,1934,10.0,20.0
d_dr01_new_vs_drz,after,0.02511160714285714,39.82222222222222,0.8444253017444712,0.14285714285714285,0.20443997892001115,1888,10.0,20.0
d_dr01_new_vs_drz,after,0.025223214285714286,39.64601769911504,0.8019233743135481,0.14285714285714285,0.20395470143415717,1946,10.0,20.0
d_dr01_new_vs_drz,after,0.02533482142857143,39.47136563876652,0.8379052720224672,0.14285714285714285,0.20380843789404254,1964,10.0,20.0
d_dr01_new_vs_drz,after,0.02544642857142857,39.29824561403509,0.8415029340311532,0.14285714285714285,0.20397107681264137,1944,10.0,20.0
d_dr01_new_vs_drz,after,0.025558035714285714,39.12663755458515,0.8607518519139412,0.14285714285714285,0.2038245910506852,1962,10.0,20.0
d_dr01_new_vs_drz,after,0.025669642857142856,38.95652173913044,0.8397707998596806,0.14285714285714285,0.20368008519926165,1980,10.0,20.0
d_dr01_new_vs_drz,after,0.02578125,38.78787878787879,0.8825713721188394,0.14285714285714285,0.20406985646203774,1932,10.0,20.0
d_dr01_new_vs_drz,after,0.02589285714285714,38.62068965517242,0.9123930848434809,0.14285714285714285,0.20360064332422378,1990,10.0,20.0
d_dr01_new_vs_drz,after,0.026004464285714284,38.4549356223176,0.902296846025965,0.14285714285714285,0.20345912978831718,2008,10.0,20.0
d_dr01_new_vs_drz,after,0.02611607142857143,38.29059829059829,0.9193961458353243,0.14285714285714285,0.20380843789404254,1964,10.0,20.0
d_dr01_new_vs_drz,after,0.026227678571428572,38.12765957446808,0.8708030749984165,0.14285714285714285,0.20335035825347117,2022,10.0,20.0
d_dr01_new_vs_drz,after,0.026339285714285714,37.96610169491525,0.9072983671146356,0.14285714285714285,0.20333491064606968,2024,10.0,20.0
d_dr01_new_vs_drz,after,0.026450892857142857,37.80590717299578,0.9273309476659021,0.14285714285714285,0.20333491064606968,2024,10.0,20.0
d_dr01_new_vs_drz,after,0.0265625,37.64705882352941,0.923036407091874,0.14285714285714285,0.20338132157581876,2018,10.0,20.0
d_dr01_new_vs_drz,after,0.026674107142857142,37.48953974895397,0.909062249902021,0.14285714285714285,0.2030306380195964,2064,10.0,20.0
d_dr01_new_vs_drz,after,0.026785714285714284,37.333333333333336,0.9259188906823109,0.14285714285714285,0.2030156542404139,2066,10.0,20.0
d_dr01_new_vs_drz,after,0.026897321428571427,37.178423236514526,0.927381298483675,0.14285714285714285,0.20352179142430754,2000,10.0,20.0
d_dr01_new_vs_drz,after,0.02700892857142857,37.02479338842976,0.9351736751638519,0.14285714285714285,0.20276417883135758,2100,10.0,20.0
d_dr01_new_vs_drz,after,0.027120535714285715,36.87242798353909,0.8751041594378376,0.14285714285714285,0.20280811620931277,2094,10.0,20.0
d_dr01_new_vs_drz,after,0.027232142857142858,36.721311475409834,0.8476851948655965,0.14285714285714285,0.20294105689975392,2076,10.0,20.0
d_dr01_new_vs_drz,after,0.02734375,36.57142857142857,0.8899701337285406,0.14285714285714285,0.20285224078709876,2088,10.0,20.0
d_dr01_new_vs_drz,after,0.027455357142857142,36.422764227642276,0.8622741334774151,0.14285714285714285,0.20251867322781997,2134,10.0,20.0
d_dr01_new_vs_drz,after,0.027566964285714285,36.2753036437247,0.9123055306124978,0.14285714285714285,0.20276417883135758,2100,10.0,20.0
d_dr01_new_vs_drz,after,0.027678571428571427,36.12903225806452,0.9065192411803428,0.14285714285714285,0.20282280353622323,2092,10.0,20.0
d_dr01_new_vs_drz,after,0.02779017857142857,35.98393574297189,0.8437765819208716,0.14285714285714285,0.2024051399747265,2150,10.0,20.0
d_dr01_new_vs_drz,after,0.027901785714285712,35.84,0.8261851560181172,0.14285714285714285,0.2023910364655755,2152,10.0,20.0
d_dr01_new_vs_drz,after,0.028013392857142855,35.69721115537849,0.9102337863645237,0.14285714285714285,0.20294105689975392,2076,10.0,20.0
d_dr01_new_vs_drz,after,0.028125,35.55555555555556,0.9366312864079043,0.14285714285714285,0.20199031257847036,2210,10.0,20.0
d_dr01_new_vs_drz,after,0.028236607142857143,35.41501976284585,0.9123530185638867,0.14285714285714285,0.20256157441371295,2128,10.0,20.0
d_dr01_new_vs_drz,after,0.028348214285714286,35.275590551181104,0.9039824253356947,0.14285714285714285,0.20220944357269727,2178,10.0,20.0
d_dr01_new_vs_drz,after,0.028459821428571428,35.13725490196079,0.9038841592784279,0.14285714285714285,0.2020038700244288,2208,10.0,20.0
d_dr01_new_vs_drz,after,0.02857142857142857,35.0,0.9064500667392716,0.14285714285714285,0.20227890442236768,2168,10.0,20.0
d_dr01_new_vs_drz,after,0.028683035714285713,34.86381322957199,0.8809545628769304,0.14285714285714285,0.20209928513740544,2194,10.0,20.0
d_dr01_new_vs_drz,after,0.028794642857142855,34.72868217054264,0.8679244585071115,0.14285714285714285,0.20219560817884408,2180,10.0,20.0
d_dr01_new_vs_drz,after,0.028906249999999998,34.5945945945946,0.8567226042994067,0.14285714285714285,0.2018157070765534,2236,10.0,20.0
d_dr01_new_vs_drz,after,0.02901785714285714,34.46153846153847,0.861365347013138,0.14285714285714285,0.20212671273157043,2190,10.0,20.0
d_dr01_new_vs_drz,after,0.029129464285714286,34.32950191570881,0.8261086752419518,0.14285714285714285,0.20165718663427828,2260,10.0,20.0
d_dr01_new_vs_drz,after,0.02924107142857143,34.19847328244275,0.8029588805195196,0.14285714285714285,0.20197677333037697,2212,10.0,20.0
d_dr01_new_vs_drz,after,0.02935267857142857,34.06844106463878,0.6140276508723287,0.14285714285714285,0.20148825195988218,2286,10.0,20.0
d_dr01_new_vs_drz,after,0.029464285714285714,33.93939393939394,0.7220197358816838,0.14285714285714285,0.20176258739613345,2244,10.0,20.0
d_dr01_new_vs_drz,after,0.029575892857142856,33.81132075471698,0.8394272731238243,0.14285714285714285,0.20165718663427828,2260,10.0,20.0
d_dr01_new_vs_drz,after,0.0296875,33.68421052631579,0.8539590949443533,0.14285714285714285,0.20130948318858632,2314,10.0,20.0
d_dr01_new_vs_drz,after,0.02979910714285714,33.55805243445693,0.8141037971164486,0.14285714285714285,0.20178911203700534,2240,10.0,20.0
d_dr01_new_vs_drz,after,0.029910714285714284,33.43283582089553,0.7810110686794032,0.14285714285714285,0.20133482448864679,2310,10.0,20.0
d_dr01_new_vs_drz,after,0.030022321428571426,33.30855018587361,0.824506047717962,0.14285714285714285,0.20150114550038942,2284,10.0,20.0
d_dr01_new_vs_drz,after,0.030133928571428572,33.18518518518518,0.8306023190279079,0.14285714285714285,0.20163100936456846,2264,10.0,20.0
d_dr01_new_vs_drz,after,0.030245535714285714,33.06273062730627,0.845968937143761,0.14285714285714285,0.20093700504233267,2374,10.0,20.0
d_dr01_new_vs_drz,after,0.030357142857142857,32.94117647058824,0.8475187332218657,0.14285714285714285,0.20127159292996374,2320,10.0,20.0
d_dr01_new_vs_drz,after,0.03046875,32.820512820512825,0.8406260461293378,0.14285714285714285,0.2014240345538633,2296,10.0,20.0
d_dr01_new_vs_drz,after,0.030580357142857142,32.7007299270073,0.88603923412642,0.14285714285714285,0.20091267051918305,2378,10.0,20.0
d_dr01_new_vs_drz,after,0.030691964285714284,32.581818181818186,0.8673393015330727,0.14285714285714285,0.20117125958839946,2336,10.0,20.0
d_dr01_new_vs_drz,after,0.030803571428571427,32.46376811594203,0.8621241446249766,0.14285714285714285,0.20117125958839946,2336,10.0,20.0
d_dr01_new_vs_drz,after,0.03091517857142857,32.34657039711192,0.6919850050047728,0.14285714285714285,0.20079190337726316,2398,10.0,20.0
d_dr01_new_vs_drz,after,0.03102678571428571,32.230215827338135,0.6433253833084212,0.14285714285714285,0.2008520992222212,2388,10.0,20.0
d_dr01_new_vs_drz,after,0.031138392857142858,32.11469534050179,0.7354280828691657,0.14285714285714285,0.20129683691159364,2316,10.0,20.0
d_dr01_new_vs_drz,after,0.03125,32.0,0.7175482259293079,0.14285714285714285,0.20060175498092978,2430,10.0,20.0
d_dr01_new_vs_drz,after,0.03136160714285714,31.88612099644128,0.6935045385750351,0.14285714285714285,0.2005899942187709,2432,10.0,20.0
d_dr01_new_vs_drz,after,0.031473214285714285,31.77304964539007,0.7460040282863746,0.14285714285714285,0.20091267051918305,2378,10.0,20.0
d_dr01_new_vs_drz,after,0.03158482142857143,31.66077738515901,0.7152380850638832,0.14285714285714285,0.2005899942187709,2432,10.0,20.0
d_dr01_new_vs_drz,after,0.03169642857142857,31.549295774647888,0.8346554890458195,0.14285714285714285,0.20073207911367105,2408,10.0,20.0
d_dr01_new_vs_drz,after,0.03180803571428571,31.438596491228072,0.8792022952962091,0.14285714285714285,0.20043839988598003,2458,10.0,20.0
d_dr01_new_vs_drz,after,0.031919642857142855,31.32867132867133,0.8757676616606574,0.14285714285714285,0.20063712367957884,2424,10.0,20.0
d_dr01_new_vs_drz,after,0.03203125,31.219512195121954,0.8442284043275304,0.14285714285714285,0.2004037543659979,2464,10.0,20.0
d_dr01_new_vs_drz,after,0.03214285714285714,31.111111111111114,0.7954839922460765,0.14285714285714285,0.2003233998560821,2478,10.0,20.0
d_dr01_new_vs_drz,after,0.03225446428571428,31.00346020761246,0.7445118183984364,0.14285714285714285,0.20075596447473562,2404,10.0,20.0
d_dr01_new_vs_drz,after,0.032366071428571425,30.896551724137936,0.749166145977068,0.14285714285714285,0.2001759442030165,2504,10.0,20.0
d_dr01_new_vs_drz,after,0.03247767857142857,30.790378006872857,0.7136268708157182,0.14285714285714285,0.20011983450492699,2514,10.0,20.0
d_dr01_new_vs_drz,after,0.032589285714285716,30.684931506849313,0.608671922687282,0.14285714285714285,0.20038072687575237,2468,10.0,20.0
d_dr01_new_vs_drz,after,0.03270089285714286,30.580204778156993,0.7252781285486987,0.14285714285714285,0.20022107212707113,2496,10.0,20.0
d_dr01_new_vs_drz,after,0.0328125,30.476190476190474,0.7463478954140795,0.14285714285714285,0.1999424885446575,2546,10.0,20.0
d_dr01_new_vs_drz,after,0.032924107142857144,30.372881355932204,0.7512111172058229,0.14285714285714285,0.2003577547434476,2472,10.0,20.0
d_dr01_new_vs_drz,after,0.033035714285714286,30.27027027027027,0.5906874975329995,0.14285714285714285,0.19992055302869258,2550,10.0,20.0
d_dr01_new_vs_drz,after,0.03314732142857143,30.16835016835017,0.6885413132436347,0.14285714285714285,0.19982247206699402,2568,10.0,20.0
d_dr01_new_vs_drz,after,0.03325892857142857,30.06711409395973,0.7754759508625063,0.14285714285714285,0.20022107212707113,2496,10.0,20.0
d_dr01_new_vs_drz,after,0.033370535714285714,29.96655518394649,0.6327308258172901,0.14285714285714285,0.19981163721274517,2570,10.0,20.0
d_dr01_new_vs_drz,after,0.033482142857142856,29.866666666666667,0.6151106393854295,0.14285714285714285,0.19969327465375333,2592,10.0,20.0
d_dr01_new_vs_drz,after,0.03359375,29.767441860465116,0.5284479172915644,0.14285714285714285,0.19999755197612662,2536,10.0,20.0
d_dr01_new_vs_drz,after,0.03370535714285714,29.668874172185433,0.49925546429711914,0.14285714285714285,0.19968258842376282,2594,10.0,20.0
d_dr01_new_vs_drz,after,0.033816964285714284,29.570957095709574,0.6341229025672784,0.14285714285714285,0.1997576502130963,2580,10.0,20.0
d_dr01_new_vs_drz,after,0.033928571428571426,29.47368421052632,0.7600731263928091,0.14285714285714285,0.19962934028121115,2604,10.0,20.0
d_dr01_new_vs_drz,after,0.03404017857142857,29.377049180327873,0.6938844195102966,0.14285714285714285,0.19970397313874927,2590,10.0,20.0
d_dr01_new_vs_drz,after,0.03415178571428571,29.28104575163399,0.4989566134366395,0.14285714285714285,0.1995447720660188,2620,10.0,20.0
d_dr01_new_vs_drz,after,0.03426339285714285,29.185667752443,0.6463172805574802,0.14285714285714285,0.1995869599845832,2612,10.0,20.0
d_dr01_new_vs_drz,after,0.034374999999999996,29.090909090909093,0.6796077198557329,0.14285714285714285,0.19953425497473404,2622,10.0,20.0
d_dr01_new_vs_drz,after,0.034486607142857145,28.996763754045304,0.5742007302939119,0.14285714285714285,0.19923435045727056,2680,10.0,20.0
d_dr01_new_vs_drz,after,0.03459821428571429,28.903225806451612,0.5577725169691804,0.14285714285714285,0.19940897247414457,2646,10.0,20.0
d_dr01_new_vs_drz,after,0.03470982142857143,28.810289389067524,0.6330075682800097,0.14285714285714285,0.19948184772087152,2632,10.0,20.0
d_dr01_new_vs_drz,after,0.03482142857142857,28.717948717948715,0.5730159492390768,0.14285714285714285,0.19925472300409489,2676,10.0,20.0
d_dr01_new_vs_drz,after,0.034933035714285715,28.62619808306709,0.5104494435806771,0.14285714285714285,0.199163400800433,2694,10.0,20.0
d_dr01_new_vs_drz,after,0.03504464285714286,28.53503184713376,0.5265660406788376,0.14285714285714285,0.19929560413957997,2668,10.0,20.0
d_dr01_new_vs_drz,after,0.03515625,28.444444444444443,0.5272003731549586,0.14285714285714285,0.19923435045727056,2680,10.0,20.0
d_dr01_new_vs_drz,after,0.03526785714285714,28.354430379746837,0.6053263284095186,0.14285714285714285,0.199163400800433,2694,10.0,20.0
d_dr01_new_vs_drz,after,0.035379464285714285,28.26498422712934,0.7124605577793831,0.14285714285714285,0.19903307957272984,2720,10.0,20.0
d_dr01_new_vs_drz,after,0.03549107142857143,28.17610062893082,0.7385284265146186,0.14285714285714285,0.19923435045727056,2680,10.0,20.0
d_dr01_new_vs_drz,after,0.03560267857142857,28.087774294670847,0.6930181041372818,0.14285714285714285,0.1987296503731864,2782,10.0,20.0
d_dr01_new_vs_drz,after,0.03571428571428571,28.0,0.5596809551841143,0.14285714285714285,0.19919374056785832,2688,10.0,20.0
d_dr01_new_vs_drz,after,0.035825892857142855,27.912772585669785,0.4782185022267991,0.14285714285714285,0.19897355378849282,2732,10.0,20.0
d_dr01_new_vs_drz,after,0.0359375,27.826086956521742,0.5348445418857862,0.14285714285714285,0.19863390479962775,2802,10.0,20.0
d_dr01_new_vs_drz,after,0.03604910714285714,27.73993808049536,0.45220957429158787,0.14285714285714285,0.19893408530849774,2740,10.0,20.0
d_dr01_new_vs_drz,after,0.03616071428571428,27.654320987654323,0.45970477496678475,0.14285714285714285,0.1989636705837003,2734,10.0,20.0
d_dr01_new_vs_drz,after,0.036272321428571425,27.56923076923077,0.39135596966876557,0.14285714285714285,0.1987779076146052,2772,10.0,20.0
d_dr01_new_vs_drz,after,0.03638392857142857,27.48466257668712,0.381943450632368,0.14285714285714285,0.1985674850051077,2816,10.0,20.0
d_dr01_new_vs_drz,after,0.036495535714285716,27.400611620795104,0.49843608101998343,0.14285714285714285,0.19880698630805718,2766,10.0,20.0
d_dr01_new_vs_drz,after,0.03660714285714286,27.317073170731707,0.5079796800572582,0.14285714285714285,0.19847344616835114,2836,10.0,20.0
d_dr01_new_vs_drz,after,0.03671875,27.23404255319149,0.5589921842392599,0.14285714285714285,0.1985674850051077,2816,10.0,20.0
d_dr01_new_vs_drz,after,0.036830357142857144,27.151515151515152,0.5386903893036161,0.14285714285714285,0.1987296503731864,2782,10.0,20.0
d_dr01_new_vs_drz,after,0.036941964285714286,27.069486404833835,0.42222727481105327,0.14285714285714285,0.1983434350217766,2864,10.0,20.0
d_dr01_new_vs_drz,after,0.03705357142857143,26.987951807228917,0.47076881063789594,0.14285714285714285,0.19852975072299847,2824,10.0,20.0
d_dr01_new_vs_drz,after,0.03716517857142857,26.906906906906908,0.5051800851348808,0.14285714285714285,0.19837113512849097,2858,10.0,20.0
d_dr01_new_vs_drz,after,0.037276785714285714,26.826347305389223,0.35730887630191766,0.14285714285714285,0.19847344616835114,2836,10.0,20.0
d_dr01_new_vs_drz,after,0.037388392857142856,26.746268656716417,0.41762645108286905,0.14285714285714285,0.1984547565946868,2840,10.0,20.0
d_dr01_new_vs_drz,after,0.0375,26.666666666666668,0.3979219985542278,0.14285714285714285,0.19818808118118406,2898,10.0,20.0
d_dr01_new_vs_drz,after,0.03761160714285714,26.587537091988132,0.49643363636955645,0.14285714285714285,0.19843610609789097,2844,10.0,20.0
d_dr01_new_vs_drz,after,0.037723214285714284,26.50887573964497,0.4735427491408651,0.14285714285714285,0.19795564920134207,2950,10.0,20.0
d_dr01_new_vs_drz,after,0.037834821428571426,26.4306784660767,0.4080112655285834,0.14285714285714285,0.19830663541185475,2872,10.0,20.0
d_dr01_new_vs_drz,after,0.03794642857142857,26.35294117647059,0.37425233379185957,0.14285714285714285,0.1982882926807455,2876,10.0,20.0
d_dr01_new_vs_drz,after,0.03805803571428571,26.275659824046922,0.3148997446173446,0.14285714285714285,0.19802651424106882,2934,10.0,20.0
d_dr01_new_vs_drz,after,0.03816964285714285,26.198830409356727,0.32487416550428705,0.14285714285714285,0.1981069271457448,2916,10.0,20.0
d_dr01_new_vs_drz,after,0.038281249999999996,26.12244897959184,0.3016521082203345,0.14285714285714285,0.1982152991985056,2892,10.0,20.0
d_dr01_new_vs_drz,after,0.03839285714285714,26.04651162790698,0.2905244459323741,0.14285714285714285,0.19793802214251247,2954,10.0,20.0
d_dr01_new_vs_drz,after,0.03850446428571429,25.97101449275362,0.40570074974769,0.14285714285714285,0.19782430484837527,2980,10.0,20.0
d_dr01_new_vs_drz,after,0.03861607142857143,25.89595375722543,0.4171087952336243,0.14285714285714285,0.19825172071105046,2884,10.0,20.0
d_dr01_new_vs_drz,after,0.03872767857142857,25.821325648414984,0.2041658241949336,0.14285714285714285,0.1978156184587228,2982,10.0,20.0
d_dr01_new_vs_drz,after,0.038839285714285715,25.74712643678161,0.1750589304987559,0.14285714285714285,0.19760123472388125,3032,10.0,20.0
d_dr01_new_vs_drz,after,0.03895089285714286,25.673352435530084,0.25095740786253945,0.14285714285714285,0.1981609467848357,2904,10.0,20.0
d_dr01_new_vs_drz,after,0.0390625,25.6,0.3790193453661178,0.14285714285714285,0.1975253385684874,3050,10.0,20.0
d_dr01_new_vs_drz,after,0.03917410714285714,25.527065527065528,0.36346866836404024,0.14285714285714285,0.19784170365088652,2976,10.0,20.0
d_dr01_new_vs_drz,after,0.039285714285714285,25.454545454545457,0.13309294623530812,0.14285714285714285,0.1976097089758139,3030,10.0,20.0
d_dr01_new_vs_drz,after,0.03939732142857143,25.38243626062323,0.11694756911165462,0.14285714285714285,0.1977550552720954,2996,10.0,20.0
d_dr01_new_vs_drz,after,0.03950892857142857,25.310734463276837,0.17644260346833956,0.14285714285714285,0.19765220529146557,3020,10.0,20.0
d_dr01_new_vs_drz,after,0.03962053571428571,25.23943661971831,0.21832026910937546,0.14285714285714285,0.1975085631250675,3054,10.0,20.0
d_dr01_new_vs_drz,after,0.039732142857142855,25.168539325842698,0.27052403766443894,0.14285714285714285,0.19770347780800562,3008,10.0,20.0
d_dr01_new_vs_drz,after,0.03984375,25.098039215686278,0.41714714169028577,0.14285714285714285,0.19743347590385044,3072,10.0,20.0
d_dr01_new_vs_drz,after,0.03995535714285714,25.027932960893857,0.32230570285910815,0.14285714285714285,0.19739204277139769,3082,10.0,20.0
d_dr01_new_vs_drz,after,0.04006696428571428,24.95821727019499,0.2922419212604321,0.14285714285714285,0.1976692624332035,3016,10.0,20.0
d_dr01_new_vs_drz,after,0.040178571428571425,24.888888888888893,0.36233664780322156,0.14285714285714285,0.19731796447605393,3100,10.0,20.0
d_dr01_new_vs_drz,after,0.04029017857142857,24.81994459833795,0.4520705503811728,0.14285714285714285,0.1974251732503782,3074,10.0,20.0
d_dr01_new_vs_drz,after,0.040401785714285716,24.75138121546961,0.38184569944513586,0.14285714285714285,0.19745010534200189,3068,10.0,20.0
d_dr01_new_vs_drz,after,0.04051339285714286,24.683195592286502,0.26785972537338854,0.14285714285714285,0.19736727869292328,3088,10.0,20.0
d_dr01_new_vs_drz,after,0.040625,24.615384615384613,0.2562933764170897,0.14285714285714285,0.1970358524551192,3170,10.0,20.0
d_dr01_new_vs_drz,after,0.040736607142857144,24.54794520547945,0.27856276882656056,0.14285714285714285,0.197483461108339,3060,10.0,20.0
d_dr01_new_vs_drz,after,0.040848214285714286,24.48087431693989,0.1967953943287855,0.14285714285714285,0.19717976864090656,3134,10.0,20.0
d_dr01_new_vs_drz,after,0.04095982142857143,24.4141689373297,0.17874086867258168,0.14285714285714285,0.19701210252814472,3176,10.0,20.0
d_dr01_new_vs_drz,after,0.04107142857142857,24.347826086956523,0.20159102062272977,0.14285714285714285,0.19738378012086183,3084,10.0,20.0
d_dr01_new_vs_drz,after,0.041183035714285714,24.281842818428185,0.3104414650434513,0.14285714285714285,0.19695694455425367,3190,10.0,20.0
d_dr01_new_vs_drz,after,0.041294642857142856,24.216216216216218,0.47335231898666547,0.14285714285714285,0.1970755845534379,3160,10.0,20.0
d_dr01_new_vs_drz,after,0.04140625,24.150943396226417,0.32370590946566163,0.14285714285714285,0.1970755845534379,3160,10.0,20.0
d_dr01_new_vs_drz,after,0.04151785714285714,24.086021505376344,0.3990324656527316,0.14285714285714285,0.19706762319057258,3162,10.0,20.0
d_dr01_new_vs_drz,after,0.041629464285714284,24.021447721179626,0.3995591719965364,0.14285714285714285,0.19698053952908048,3184,10.0,20.0
d_dr01_new_vs_drz,after,0.041741071428571426,23.9572192513369,0.35501441798981276,0.14285714285714285,0.19696480220931625,3188,10.0,20.0
d_dr01_new_vs_drz,after,0.04185267857142857,23.893333333333334,0.3085075015403748,0.14285714285714285,0.19690995197425074,3202,10.0,20.0
d_dr01_new_vs_drz,after,0.04196428571428571,23.829787234042556,0.19965758988650645,0.14285714285714285,0.1966864592271897,3260,10.0,20.0
d_dr01_new_vs_drz,after,0.04207589285714285,23.766578249336874,0.17449642273333632,0.14285714285714285,0.19691776587158633,3200,10.0,20.0
d_dr01_new_vs_drz,after,0.042187499999999996,23.703703703703706,0.18937733215348246,0.14285714285714285,0.19692558703358493,3198,10.0,20.0
d_dr01_new_vs_drz,after,0.04229910714285714,23.641160949868077,0.1863834622982402,0.14285714285714285,0.19662584390434415,3276,10.0,20.0
d_dr01_new_vs_drz,after,0.04241071428571429,23.57894736842105,0.21714207011940745,0.14285714285714285,0.1967398616607217,3246,10.0,20.0
d_dr01_new_vs_drz,after,0.04252232142857143,23.517060367454068,0.21722440236411214,0.14285714285714285,0.1969334154715303,3196,10.0,20.0
d_dr01_new_vs_drz,after,0.04263392857142857,23.455497382198953,0.20948145041886437,0.14285714285714285,0.19662584390434415,3276,10.0,20.0
d_dr01_new_vs_drz,after,0.042745535714285715,23.39425587467363,0.3106114235457624,0.14285714285714285,0.19658818240465054,3286,10.0,20.0
d_dr01_new_vs_drz,after,0.04285714285714286,23.333333333333332,0.3283289001850446,0.14285714285714285,0.19656566720869945,3292,10.0,20.0
d_dr01_new_vs_drz,after,0.04296875,23.272727272727273,0.2727698464371299,0.14285714285714285,0.19674751854137398,3244,10.0,20.0
d_dr01_new_vs_drz,after,0.04308035714285714,23.212435233160623,0.30922306590054394,0.14285714285714285,0.19627841680223054,3370,10.0,20.0
d_dr01_new_vs_drz,after,0.043191964285714285,23.152454780361758,0.23814780040916295,0.14285714285714285,0.19665609640424975,3268,10.0,20.0
d_dr01_new_vs_drz,after,0.04330357142857143,23.09278350515464,0.2232299216650858,0.14285714285714285,0.1965506909503124,3296,10.0,20.0
d_dr01_new_vs_drz,after,0.04341517857142857,23.033419023136247,0.15074423677802903,0.14285714285714285,0.19635112163071453,3350,10.0,20.0
d_dr01_new_vs_drz,after,0.04352678571428571,22.974358974358974,0.1609090139712801,0.14285714285714285,0.19649105513285683,3312,10.0,20.0
d_dr01_new_vs_drz,after,0.043638392857142855,22.915601023017903,0.19129367784219886,0.14285714285714285,0.1965506909503124,3296,10.0,20.0
d_dr01_new_vs_drz,after,0.04375,22.857142857142858,0.20549113837556532,0.14285714285714285,0.19620635084804425,3390,10.0,20.0
d_dr01_new_vs_drz,after,0.04386160714285714,22.798982188295167,0.13450972524141397,0.14285714285714285,0.19627118161272125,3372,10.0,20.0
d_dr01_new_vs_drz,after,0.04397321428571428,22.741116751269036,0.14160435773374558,0.14285714285714285,0.19639505513636507,3338,10.0,20.0
d_dr01_new_vs_drz,after,0.044084821428571425,22.683544303797472,0.10755319041986046,0.14285714285714285,0.19614203002159336,3408,10.0,20.0
d_dr01_new_vs_drz,after,0.04419642857142857,22.62626262626263,0.12421769839709591,0.14285714285714285,0.19628565838032241,3368,10.0,20.0
d_dr01_new_vs_drz,after,0.04430803571428571,22.569269521410583,0.1924033490992122,0.14285714285714285,0.19630742154042707,3362,10.0,20.0
d_dr01_new_vs_drz,after,0.04441964285714286,22.51256281407035,0.3275635976796544,0.14285714285714285,0.19604297333067175,3436,10.0,20.0
d_dr01_new_vs_drz,after,0.04453125,22.45614035087719,0.255943362770106,0.14285714285714285,0.19624230455271754,3380,10.0,20.0
d_dr01_new_vs_drz,after,0.044642857142857144,22.4,0.1555317626002484,0.14285714285714285,0.19616341405099993,3402,10.0,20.0
d_dr01_new_vs_drz,after,0.044754464285714286,22.34413965087282,0.14490621433111822,0.14285714285714285,0.19608527866196232,3424,10.0,20.0
d_dr01_new_vs_drz,after,0.04486607142857143,22.28855721393035,0.1473461751988442,0.14285714285714285,0.19608527866196232,3424,10.0,20.0
d_dr01_new_vs_drz,after,0.04497767857142857,22.233250620347395,0.126371090198106,0.14285714285714285,0.19586903899227384,3486,10.0,20.0
d_dr01_new_vs_drz,after,0.045089285714285714,22.17821782178218,0.1368665181401961,0.14285714285714285,0.19609942947499998,3420,10.0,20.0
d_dr01_new_vs_drz,after,0.045200892857142856,22.123456790123456,0.16537839577019178,0.14285714285714285,0.19598690683769954,3452,10.0,20.0
d_dr01_new_vs_drz,after,0.0453125,22.06896551724138,0.17150536088317012,0.14285714285714285,0.19578686266146458,3510,10.0,20.0
d_dr01_new_vs_drz,after,0.04542410714285714,22.014742014742016,0.20893577159178103,0.14285714285714285,0.195959018311031,3460,10.0,20.0
d_dr01_new_vs_drz,after,0.045535714285714284,21.96078431372549,0.20906325681434065,0.14285714285714285,0.1959242922263356,3470,10.0,20.0
d_dr01_new_vs_drz,after,0.045647321428571426,21.90709046454768,0.1769797450807666,0.14285714285714285,0.1959312255268662,3468,10.0,20.0
d_dr01_new_vs_drz,after,0.04575892857142857,21.853658536585368,0.16824145809676017,0.14285714285714285,0.19578005236369755,3512,10.0,20.0
d_dr01_new_vs_drz,after,0.04587053571428571,21.800486618004868,0.14275809158402483,0.14285714285714285,0.1957460872064342,3522,10.0,20.0
d_dr01_new_vs_drz,after,0.04598214285714285,21.74757281553398,0.18603276244635236,0.14285714285714285,0.19567186631260183,3544,10.0,20.0
d_dr01_new_vs_drz,after,0.046093749999999996,21.69491525423729,0.20177004787516534,0.14285714285714285,0.19601489165878555,3444,10.0,20.0
d_dr01_new_vs_drz,after,0.04620535714285714,21.64251207729469,0.2037217867886015,0.14285714285714285,0.19554526746979894,3582,10.0,20.0
d_dr01_new_vs_drz,after,0.04631696428571429,21.59036144578313,0.17175932304029468,0.14285714285714285,0.19557838863500912,3572,10.0,20.0
d_dr01_new_vs_drz,after,0.04642857142857143,21.538461538461537,0.21976427560947365,0.14285714285714285,0.19587592500046092,3484,10.0,20.0
d_dr01_new_vs_drz,after,0.04654017857142857,21.48681055155875,0.21045627806955666,0.14285714285714285,0.19536229896004664,3638,10.0,20.0
d_dr01_new_vs_drz,after,0.046651785714285715,21.43540669856459,0.20891152051827727,0.14285714285714285,0.19572577688551,3528,10.0,20.0
d_dr01_new_vs_drz,after,0.04676339285714286,21.384248210023866,0.08746643414612126,0.14285714285714285,0.19565844520659162,3548,10.0,20.0
d_dr01_new_vs_drz,after,0.046875,21.333333333333332,0.12419379355481729,0.14285714285714285,0.19540115234939126,3626,10.0,20.0
d_dr01_new_vs_drz,after,0.04698660714285714,21.282660332541568,0.15081821434757806,0.14285714285714285,0.19544672377293545,3612,10.0,20.0
d_dr01_new_vs_drz,after,0.047098214285714285,21.232227488151658,0.12236982087482898,0.14285714285714285,0.1954663349047849,3606,10.0,20.0
d_dr01_new_vs_drz,after,0.04720982142857143,21.182033096926716,0.1309875221583271,0.14285714285714285,0.1955651236363731,3576,10.0,20.0
d_dr01_new_vs_drz,after,0.04732142857142857,21.132075471698116,0.1579510678010946,0.14285714285714285,0.19534294368347277,3644,10.0,20.0
d_dr01_new_vs_drz,after,0.04743303571428571,21.08235294117647,0.09747847283175665,0.14285714285714285,0.19537522888070752,3634,10.0,20.0
d_dr01_new_vs_drz,after,0.047544642857142855,21.03286384976526,0.10401986959514886,0.14285714285714285,0.19549912822785603,3596,10.0,20.0
d_dr01_new_vs_drz,after,0.04765625,20.98360655737705,0.154917907684703,0.14285714285714285,0.19527876700452393,3664,10.0,20.0
d_dr01_new_vs_drz,after,0.04776785714285714,20.93457943925234,0.1408120158700648,0.14285714285714285,0.19536229896004664,3638,10.0,20.0
d_dr01_new_vs_drz,after,0.04787946428571428,20.88578088578089,0.12732409672386452,0.14285714285714285,0.1952532420597071,3672,10.0,20.0
d_dr01_new_vs_drz,after,0.047991071428571425,20.837209302325583,0.10354970551384245,0.14285714285714285,0.19534294368347277,3644,10.0,20.0
d_dr01_new_vs_drz,after,0.04810267857142857,20.788863109048727,0.15506308358612242,0.14285714285714285,0.1950209946989822,3746,10.0,20.0
d_dr01_new_vs_drz,after,0.04821428571428571,20.740740740740744,0.10488461521430363,0.14285714285714285,0.19530437499553316,3656,10.0,20.0
d_dr01_new_vs_drz,after,0.04832589285714286,20.69284064665127,0.10893719734527633,0.14285714285714285,0.19526599417946083,3668,10.0,20.0
d_dr01_new_vs_drz,after,0.0484375,20.64516129032258,0.10311851005882124,0.14285714285714285,0.19493488938335007,3774,10.0,20.0
d_dr01_new_vs_drz,after,0.048549107142857144,20.597701149425287,0.07759470229426364,0.14285714285714285,0.19539466351065476,3628,10.0,20.0
d_dr01_new_vs_drz,after,0.048660714285714286,20.55045871559633,0.09890081363865258,0.14285714285714285,0.19489827749225433,3786,10.0,20.0
d_dr01_new_vs_drz,after,0.04877232142857143,20.503432494279178,0.10261263870550126,0.14285714285714285,0.19506440733704855,3732,10.0,20.0
d_dr01_new_vs_drz,after,0.04888392857142857,20.45662100456621,0.080805833830907,0.14285714285714285,0.19518979008893414,3692,10.0,20.0
d_dr01_new_vs_drz,after,0.048995535714285714,20.41002277904328,0.06666080519629052,0.14285714285714285,0.19491046224945754,3782,10.0,20.0
d_dr01_new_vs_drz,after,0.049107142857142856,20.363636363636363,0.09833915863110346,0.14285714285714285,0.19500246310468877,3752,10.0,20.0
d_dr01_new_vs_drz,after,0.04921875,20.317460317460316,0.0957744599747073,0.14285714285714285,0.19499013318559666,3756,10.0,20.0
d_dr01_new_vs_drz,after,0.04933035714285714,20.271493212669682,0.07139361415198521,0.14285714285714285,0.1948739653457362,3794,10.0,20.0
d_dr01_new_vs_drz,after,0.049441964285714284,20.225733634311513,0.05651771276985217,0.14285714285714285,0.19488003622703962,3792,10.0,20.0
d_dr01_new_vs_drz,after,0.049553571428571426,20.18018018018018,0.04409672490384679,0.14285714285714285,0.19489219229404334,3788,10.0,20.0
d_dr01_new_vs_drz,after,0.04966517857142857,20.134831460674157,0.11408038432798447,0.14285714285714285,0.1950209946989822,3746,10.0,20.0
d_dr01_new_vs_drz,after,0.04977678571428571,20.08968609865471,0.16444415076443236,0.14285714285714285,0.19475951592150462,3832,10.0,20.0
d_dr01_new_vs_drz,after,0.04988839285714285,20.04474272930649,0.04175441556982575,0.14285714285714285,0.19485578123579675,3800,10.0,20.0
d_dr01_new_vs_drz,after,0.049999999999999996,20.0,0.5981320888227246,0.14285714285714285,0.8417399583909729,2,10.0,20.0
tgv_new_vs_drz,before,0.0,inf,0.7072220477826711,0.14285714285714285,0.7560610050770457,3,10.0,20.0
tgv_new_vs_drz,before,0.00011160714285714285,8960.0,0.9477444440603955,0.14285714285714285,0.5160568456025979,12,10.0,20.0
tgv_new_vs_drz,before,0.0002232142857142857,4480.0,0.8672698145020209,0.14285714285714285,0.43846389609946435,22,10.0,20.0
tgv_new_vs_drz,before,0.0003348214285714286,2986.6666666666665,0.9666317761787925,0.14285714285714285,0.41192739958594665,28,10.0,20.0
tgv_new_vs_drz,before,0.0004464285714285714,2240.0,0.9750535352417753,0.14285714285714285,0.37684928940895107,40,10.0,20.0
tgv_new_vs_drz,before,0.0005580357142857143,1792.0,0.9893916129306124,0.14285714285714285,0.3572655453148874,50,10.0,20.0
tgv_new_vs_drz,before,0.0006696428571428571,1493.3333333333333,0.9937656014458591,0.14285714285714285,0.3607189084162777,48,10.0,20.0
tgv_new_vs_drz,before,0.0007812499999999999,1280.0,0.9945203013832717,0.14285714285714285,0.33301944154606616,68,10.0,20.0
tgv_new_vs_drz,before,0.0008928571428571428,1120.0,0.995448576520491,0.14285714285714285,0.3308883459615167,70,10.0,20.0
tgv_new_vs_drz,before,0.0010044642857142856,995.5555555555557,0.998113454715252,0.14285714285714285,0.32498105977643776,76,10.0,20.0
tgv_new_vs_drz,before,0.0011160714285714285,896.0,0.9986594591115953,0.14285714285714285,0.3120228149867766,92,10.0,20.0
tgv_new_vs_drz,before,0.0012276785714285714,814.5454545454546,0.9988158592153507,0.14285714285714285,0.30307454563671804,106,10.0,20.0
tgv_new_vs_drz,before,0.0013392857142857143,746.6666666666666,0.9994658196471033,0.14285714285714285,0.309276869488276,96,10.0,20.0
tgv_new_vs_drz,before,0.0014508928571428572,689.2307692307692,0.9993417659292663,0.14285714285714285,0.297657677511583,116,10.0,20.0
tgv_new_vs_drz,before,0.0015624999999999999,640.0,0.9995670980946775,0.14285714285714285,0.28942028891226607,134,10.0,20.0
tgv_new_vs_drz,before,0.0016741071428571428,597.3333333333334,0.9992982252045141,0.14285714285714285,0.2956748612128594,120,10.0,20.0
tgv_new_vs_drz,before,0.0017857142857142857,560.0,0.9995271847445351,0.14285714285714285,0.28476380812712476,146,10.0,20.0
tgv_new_vs_drz,before,0.0018973214285714286,527.0588235294118,0.9996961150307748,0.14285714285714285,0.2812856424436456,156,10.0,20.0
tgv_new_vs_drz,before,0.0020089285714285712,497.7777777777778,0.9998556241570926,0.14285714285714285,0.28702018719502587,140,10.0,20.0
tgv_new_vs_drz,before,0.002120535714285714,471.5789473684211,0.999813324797637,0.14285714285714285,0.2757709533720164,174,10.0,20.0
tgv_new_vs_drz,before,0.002232142857142857,448.0,0.9998714449814577,0.14285714285714285,0.27520913338899333,176,10.0,20.0
tgv_new_vs_drz,before,0.00234375,426.6666666666667,0.9998801737216526,0.14285714285714285,0.273051000260408,184,10.0,20.0
tgv_new_vs_drz,before,0.002455357142857143,407.2727272727273,0.9999023691850937,0.14285714285714285,0.2705369635786124,194,10.0,20.0
tgv_new_vs_drz,before,0.0025669642857142857,389.5652173913044,0.9999205753637744,0.14285714285714285,0.269116846861646,200,10.0,20.0
tgv_new_vs_drz,before,0.0026785714285714286,373.3333333333333,0.9999354188313733,0.14285714285714285,0.26731663903915925,208,10.0,20.0
tgv_new_vs_drz,before,0.0027901785714285715,358.4,0.9999316981997437,0.14285714285714285,0.2668822084027434,210,10.0,20.0
tgv_new_vs_drz,before,0.0029017857142857144,344.6153846153846,0.9999460707116087,0.14285714285714285,0.26173150991010213,236,10.0,20.0
tgv_new_vs_drz,before,0.003013392857142857,331.8518518518519,0.9999686532890756,0.14285714285714285,0.2632250986856457,228,10.0,20.0
tgv_new_vs_drz,before,0.0031249999999999997,320.0,0.999968485152347,0.14285714285714285,0.2613695641695868,238,10.0,20.0
tgv_new_vs_drz,before,0.0032366071428571426,308.96551724137936,0.999976893586849,0.14285714285714285,0.2576597972433477,260,10.0,20.0
tgv_new_vs_drz,before,0.0033482142857142855,298.6666666666667,0.9999842232669774,0.14285714285714285,0.2586250244740691,254,10.0,20.0
tgv_new_vs_drz,before,0.0034598214285714284,289.03225806451616,0.9999883768602018,0.14285714285714285,0.25523709705862524,276,10.0,20.0
tgv_new_vs_drz,before,0.0035714285714285713,280.0,0.999990049083057,0.14285714285714285,0.25582326430374547,272,10.0,20.0
tgv_new_vs_drz,before,0.003683035714285714,271.5151515151515,0.9999914443718398,0.14285714285714285,0.2527449491574839,294,10.0,20.0
tgv_new_vs_drz,before,0.003794642857142857,263.5294117647059,0.9999944103036146,0.14285714285714285,0.25410107451462977,284,10.0,20.0
tgv_new_vs_drz,before,0.00390625,256.0,0.999993621267612,0.14285714285714285,0.2514544516681247,304,10.0,20.0
tgv_new_vs_drz,before,0.0040178571428571425,248.8888888888889,0.9999958968876115,0.14285714285714285,0.24928083583453234,322,10.0,20.0
tgv_new_vs_drz,before,0.004129464285714286,242.16216216216216,0.999995738243768,0.14285714285714285,0.2514544516681247,304,10.0,20.0
tgv_new_vs_drz,before,0.004241071428571428,235.78947368421055,0.9999966757816945,0.14285714285714285,0.24905026945843273,324,10.0,20.0
tgv_new_vs_drz,before,0.004352678571428572,229.74358974358972,0.9999969863455676,0.14285714285714285,0.24582376798178943,354,10.0,20.0
tgv_new_vs_drz,before,0.004464285714285714,224.0,0.9999976660796952,0.14285714285714285,0.24770924671322134,336,10.0,20.0
tgv_new_vs_drz,before,0.004575892857142857,218.53658536585365,0.9999975090789275,0.14285714285714285,0.24643640318775006,348,10.0,20.0
tgv_new_vs_drz,before,0.0046875,213.33333333333334,0.9999978868884881,0.14285714285714285,0.24426173259637654,370,10.0,20.0
tgv_new_vs_drz,before,0.004799107142857142,208.37209302325584,0.9999983721398903,0.14285714285714285,0.24407341871811294,372,10.0,20.0
tgv_new_vs_drz,before,0.004910714285714286,203.63636363636365,0.9999985077060666,0.14285714285714285,0.24388657961491628,374,10.0,20.0
tgv_new_vs_drz,before,0.005022321428571428,199.11111111111114,0.9999985602696382,0.14285714285714285,0.24124866466885456,404,10.0,20.0
tgv_new_vs_drz,before,0.005133928571428571,194.7826086956522,0.9999991051066797,0.14285714285714285,0.24226832878047586,392,10.0,20.0
tgv_new_vs_drz,before,0.005245535714285714,190.63829787234044,0.9999990415617752,0.14285714285714285,0.2427954615022515,386,10.0,20.0
tgv_new_vs_drz,before,0.005357142857142857,186.66666666666666,0.999998828320239,0.14285714285714285,0.23964416299559071,424,10.0,20.0
tgv_new_vs_drz,before,0.00546875,182.85714285714286,0.9999985176503841,0.14285714285714285,0.24027239659586974,416,10.0,20.0
tgv_new_vs_drz,before,0.005580357142857143,179.2,0.9999986037434128,0.14285714285714285,0.2388828626474958,434,10.0,20.0
tgv_new_vs_drz,before,0.0056919642857142854,175.68627450980392,0.9999983819015541,0.14285714285714285,0.2384383044776066,440,10.0,20.0
tgv_new_vs_drz,before,0.005803571428571429,172.3076923076923,0.9999988348549296,0.14285714285714285,0.23757528612232023,452,10.0,20.0
tgv_new_vs_drz,before,0.005915178571428571,169.05660377358492,0.9999990017032586,0.14285714285714285,0.23688135961430892,462,10.0,20.0
tgv_new_vs_drz,before,0.006026785714285714,165.92592592592595,0.9999984144190286,0.14285714285714285,0.23785919155913984,448,10.0,20.0
tgv_new_vs_drz,before,0.006138392857142857,162.9090909090909,0.9999982841437466,0.14285714285714285,0.23517586182327832,488,10.0,20.0
tgv_new_vs_drz,before,0.0062499999999999995,160.0,0.9999987236184127,0.14285714285714285,0.23607716377209612,474,10.0,20.0
tgv_new_vs_drz,before,0.006361607142857143,157.19298245614036,0.999998766864425,0.14285714285714285,0.23568617177506457,480,10.0,20.0
tgv_new_vs_drz,before,0.006473214285714285,154.48275862068968,0.999998307125369,0.14285714285714285,0.23359868826190747,514,10.0,20.0
tgv_new_vs_drz,before,0.006584821428571429,151.864406779661,0.9999978952731527,0.14285714285714285,0.23348222347930858,516,10.0,20.0
tgv_new_vs_drz,before,0.006696428571428571,149.33333333333334,0.9999980056344874,0.14285714285714285,0.23467767886949623,496,10.0,20.0
tgv_new_vs_drz,before,0.006808035714285714,146.88524590163934,0.9999980597261214,0.14285714285714285,0.23246304055541317,534,10.0,20.0
tgv_new_vs_drz,before,0.006919642857142857,144.51612903225808,0.9999982409686812,0.14285714285714285,0.23191835858106052,544,10.0,20.0
tgv_new_vs_drz,before,0.00703125,142.22222222222223,0.9999984205080418,0.14285714285714285,0.23348222347930858,516,10.0,20.0
tgv_new_vs_drz,before,0.007142857142857143,140.0,0.9999984078408357,0.14285714285714285,0.23118003674182988,558,10.0,20.0
tgv_new_vs_drz,before,0.007254464285714285,137.84615384615387,0.9999986924810098,0.14285714285714285,0.23066911942921098,568,10.0,20.0
tgv_new_vs_drz,before,0.007366071428571428,135.75757575757575,0.999998311480888,0.14285714285714285,0.23257377696061368,532,10.0,20.0
tgv_new_vs_drz,before,0.007477678571428571,133.7313432835821,0.9999974527744512,0.14285714285714285,0.22865956785210217,610,10.0,20.0
tgv_new_vs_drz,before,0.007589285714285714,131.76470588235296,0.9999963459126034,0.14285714285714285,0.2300731936178756,580,10.0,20.0
tgv_new_vs_drz,before,0.007700892857142857,129.85507246376812,0.9999970680000816,0.14285714285714285,0.22987856279938831,584,10.0,20.0
tgv_new_vs_drz,before,0.0078125,128.0,0.9999957658535513,0.14285714285714285,0.22847879956174852,614,10.0,20.0
tgv_new_vs_drz,before,0.007924107142857142,126.19718309859155,0.9999967534671296,0.14285714285714285,0.22856896654528058,612,10.0,20.0
tgv_new_vs_drz,before,0.008035714285714285,124.44444444444446,0.9999962029381513,0.14285714285714285,0.22794672665157004,626,10.0,20.0
tgv_new_vs_drz,before,0.008147321428571429,122.73972602739725,0.9999950376457519,0.14285714285714285,0.22856896654528058,612,10.0,20.0
tgv_new_vs_drz,before,0.008258928571428572,121.08108108108108,0.9999943223837894,0.14285714285714285,0.22751466188342373,636,10.0,20.0
tgv_new_vs_drz,before,0.008370535714285714,119.46666666666667,0.9999960161756705,0.14285714285714285,0.22709247611069447,646,10.0,20.0
tgv_new_vs_drz,before,0.008482142857142856,117.89473684210527,0.9999966256618472,0.14285714285714285,0.2270091913293758,648,10.0,20.0
tgv_new_vs_drz,before,0.008593749999999999,116.36363636363637,0.9999952670505599,0.14285714285714285,0.22684375089361272,652,10.0,20.0
tgv_new_vs_drz,before,0.008705357142857143,114.87179487179486,0.9999949571780787,0.14285714285714285,0.22580365493397495,678,10.0,20.0
tgv_new_vs_drz,before,0.008816964285714286,113.41772151898735,0.9999948400393995,0.14285714285714285,0.22572608133433805,680,10.0,20.0
tgv_new_vs_drz,before,0.008928571428571428,112.0,0.999995192764492,0.14285714285714285,0.22572608133433805,680,10.0,20.0
tgv_new_vs_drz,before,0.00904017857142857,110.61728395061729,0.9999929982480321,0.14285714285714285,0.2247472633332211,706,10.0,20.0
tgv_new_vs_drz,before,0.009151785714285715,109.26829268292683,0.9999907275675223,0.14285714285714285,0.2252675931499613,692,10.0,20.0
tgv_new_vs_drz,before,0.009263392857142857,107.95180722891567,0.9999896528499207,0.14285714285714285,0.22511735629687746,696,10.0,20.0
tgv_new_vs_drz,before,0.009375,106.66666666666667,0.9999903003272053,0.14285714285714285,0.22347634762040358,742,10.0,20.0
tgv_new_vs_drz,before,0.009486607142857142,105.41176470588236,0.999991534370446,0.14285714285714285,0.22467416992987052,708,10.0,20.0
tgv_new_vs_drz,before,0.009598214285714285,104.18604651162792,0.9999878731404641,0.14285714285714285,0.22280884262303868,762,10.0,20.0
tgv_new_vs_drz,before,0.009709821428571429,102.98850574712644,0.9999771706956847,0.14285714285714285,0.22368179007692848,736,10.0,20.0
tgv_new_vs_drz,before,0.009821428571428571,101.81818181818183,0.9999702129927683,0.14285714285714285,0.22287442635809016,760,10.0,20.0
tgv_new_vs_drz,before,0.009933035714285714,100.67415730337079,0.9999843403802658,0.14285714285714285,0.22229315058834048,778,10.0,20.0
tgv_new_vs_drz,before,0.010044642857142856,99.55555555555557,0.9999884141830401,0.14285714285714285,0.22261360373636063,768,10.0,20.0
tgv_new_vs_drz,before,0.01015625,98.46153846153845,0.9999848341830372,0.14285714285714285,0.22287442635809016,760,10.0,20.0
tgv_new_vs_drz,before,0.010267857142857143,97.3913043478261,0.9999804163441688,0.14285714285714285,0.22191652760781277,790,10.0,20.0
tgv_new_vs_drz,before,0.010379464285714285,96.34408602150538,0.9999794342890694,0.14285714285714285,0.2212474895498582,812,10.0,20.0
tgv_new_vs_drz,before,0.010491071428571428,95.31914893617022,0.9999811836899187,0.14285714285714285,0.2214876516950723,804,10.0,20.0
tgv_new_vs_drz,before,0.010602678571428572,94.3157894736842,0.9999791513020754,0.14285714285714285,0.22130720212890542,810,10.0,20.0
tgv_new_vs_drz,before,0.010714285714285714,93.33333333333333,0.9999831847555912,0.14285714285714285,0.2206620549790673,832,10.0,20.0
tgv_new_vs_drz,before,0.010825892857142857,92.37113402061856,0.9999799909305629,0.14285714285714285,0.2216090580540805,800,10.0,20.0
tgv_new_vs_drz,before,0.0109375,91.42857142857143,0.9999824904177802,0.14285714285714285,0.2198217694523472,862,10.0,20.0
tgv_new_vs_drz,before,0.011049107142857142,90.50505050505052,0.9999795794444085,0.14285714285714285,0.22020844574520457,848,10.0,20.0
tgv_new_vs_drz,before,0.011160714285714286,89.6,0.9999665132738382,0.14285714285714285,0.21928516426814687,882,10.0,20.0
tgv_new_vs_drz,before,0.011272321428571428,88.71287128712872,0.9999515195991036,0.14285714285714285,0.22077747178815657,828,10.0,20.0
tgv_new_vs_drz,before,0.011383928571428571,87.84313725490196,0.9999504690853678,0.14285714285714285,0.21955119748619267,872,10.0,20.0
tgv_new_vs_drz,before,0.011495535714285713,86.99029126213593,0.9999529514491134,0.14285714285714285,0.21856336410973248,910,10.0,20.0
tgv_new_vs_drz,before,0.011607142857142858,86.15384615384615,0.9999497325704582,0.14285714285714285,0.21965887440375706,868,10.0,20.0
tgv_new_vs_drz,before,0.01171875,85.33333333333333,0.9999326936074563,0.14285714285714285,0.21902354389357315,892,10.0,20.0
tgv_new_vs_drz,before,0.011830357142857142,84.52830188679246,0.999930839766413,0.14285714285714285,0.2181654494608149,926,10.0,20.0
tgv_new_vs_drz,before,0.011941964285714285,83.73831775700936,0.9999022751023324,0.14285714285714285,0.21841294458748992,916,10.0,20.0
tgv_new_vs_drz,before,0.012053571428571427,82.96296296296298,0.9999451690217885,0.14285714285714285,0.21851306204381743,912,10.0,20.0
tgv_new_vs_drz,before,0.012165178571428572,82.20183486238533,0.99994843184536,0.14285714285714285,0.21758723335053728,950,10.0,20.0
tgv_new_vs_drz,before,0.012276785714285714,81.45454545454545,0.9999437953767177,0.14285714285714285,0.21744603829804665,956,10.0,20.0
tgv_new_vs_drz,before,0.012388392857142856,80.72072072072072,0.9999322278433417,0.14285714285714285,0.21861382957564643,908,10.0,20.0
tgv_new_vs_drz,before,0.012499999999999999,80.0,0.9999015865321568,0.14285714285714285,0.21675920204107632,986,10.0,20.0
tgv_new_vs_drz,before,0.012611607142857143,79.29203539823008,0.9999108535833532,0.14285714285714285,0.21725980028494588,964,10.0,20.0
tgv_new_vs_drz,before,0.012723214285714286,78.59649122807018,0.9998747279316029,0.14285714285714285,0.21721359693608783,966,10.0,20.0
tgv_new_vs_drz,before,0.012834821428571428,77.91304347826087,0.9998285132256245,0.14285714285714285,0.21644914346158642,1000,10.0,20.0
tgv_new_vs_drz,before,0.01294642857142857,77.24137931034484,0.999813868738008,0.14285714285714285,0.21653707458648785,996,10.0,20.0
tgv_new_vs_drz,before,0.013058035714285715,76.58119658119658,0.9998204468418441,0.14285714285714285,0.21649304397049488,998,10.0,20.0
tgv_new_vs_drz,before,0.013169642857142857,75.9322033898305,0.9998530548083567,0.14285714285714285,0.21610254718236965,1016,10.0,20.0
tgv_new_vs_drz,before,0.01328125,75.29411764705883,0.9998517538670577,0.14285714285714285,0.21618843703925994,1012,10.0,20.0
tgv_new_vs_drz,before,0.013392857142857142,74.66666666666667,0.9997314541223984,0.14285714285714285,0.21605978929178232,1018,10.0,20.0
tgv_new_vs_drz,before,0.013504464285714285,74.04958677685951,0.9997558086823369,0.14285714285714285,0.21551499634696136,1044,10.0,20.0
tgv_new_vs_drz,before,0.013616071428571429,73.44262295081967,0.9997872602228023,0.14285714285714285,0.21568047213382657,1036,10.0,20.0
tgv_new_vs_drz,before,0.013727678571428571,72.84552845528455,0.9996183139200652,0.14285714285714285,0.21498988471428435,1070,10.0,20.0
tgv_new_vs_drz,before,0.013839285714285714,72.25806451612904,0.9995480083451002,0.14285714285714285,0.21543295911437524,1048,10.0,20.0
tgv_new_vs_drz,before,0.013950892857142856,71.68,0.999308021626789,0.14285714285714285,0.2148713755575323,1076,10.0,20.0
tgv_new_vs_drz,before,0.0140625,71.11111111111111,0.9995196122338323,0.14285714285714285,0.21475383879638116,1082,10.0,20.0
tgv_new_vs_drz,before,0.014174107142857143,70.55118110236221,0.9996788219346285,0.14285714285714285,0.21471487366377726,1084,10.0,20.0
tgv_new_vs_drz,before,0.014285714285714285,70.0,0.9996562061585719,0.14285714285714285,0.21459861283869502,1090,10.0,20.0
tgv_new_vs_drz,before,0.014397321428571428,69.45736434108528,0.9995171856407498,0.14285714285714285,0.21425543086377571,1108,10.0,20.0
tgv_new_vs_drz,before,0.01450892857142857,68.92307692307693,0.999013150655173,0.14285714285714285,0.21456006915830092,1092,10.0,20.0
tgv_new_vs_drz,before,0.014620535714285714,68.3969465648855,0.9989168394787546,0.14285714285714285,0.21355728664025345,1146,10.0,20.0
tgv_new_vs_drz,before,0.014732142857142857,67.87878787878788,0.9993471012019682,0.14285714285714285,0.21366522853675965,1140,10.0,20.0
tgv_new_vs_drz,before,0.01484375,67.36842105263158,0.9990078286160013,0.14285714285714285,0.2143309783773013,1104,10.0,20.0
tgv_new_vs_drz,before,0.014955357142857142,66.86567164179105,0.9987259298491358,0.14285714285714285,0.21279046829950965,1190,10.0,20.0
tgv_new_vs_drz,before,0.015066964285714286,66.37037037037037,0.9991113831232058,0.14285714285714285,0.21373765748018866,1136,10.0,20.0
tgv_new_vs_drz,before,0.015178571428571428,65.88235294117648,0.9988848668035126,0.14285714285714285,0.21352149146774207,1148,10.0,20.0
tgv_new_vs_drz,before,0.015290178571428571,65.4014598540146,0.9984948785940828,0.14285714285714285,0.21285843635360488,1186,10.0,20.0
tgv_new_vs_drz,before,0.015401785714285713,64.92753623188406,0.9982008997287032,0.14285714285714285,0.21282441002983377,1188,10.0,20.0
tgv_new_vs_drz,before,0.015513392857142856,64.46043165467627,0.9983778851179064,0.14285714285714285,0.21337922749072738,1156,10.0,20.0
tgv_new_vs_drz,before,0.015625,64.0,0.9983577976992423,0.14285714285714285,0.212000361835817,1238,10.0,20.0
tgv_new_vs_drz,before,0.015736607142857142,63.54609929078014,0.9991196420421693,0.14285714285714285,0.2124887421904062,1208,10.0,20.0
tgv_new_vs_drz,before,0.015848214285714285,63.098591549295776,0.9992399200645453,0.14285714285714285,0.2127228372174348,1194,10.0,20.0
tgv_new_vs_drz,before,0.015959821428571427,62.65734265734266,0.9991619793461477,0.14285714285714285,0.2120323741059451,1236,10.0,20.0
tgv_new_vs_drz,before,0.01607142857142857,62.22222222222223,0.9987783932864485,0.14285714285714285,0.2120323741059451,1236,10.0,20.0
tgv_new_vs_drz,before,0.016183035714285712,61.79310344827587,0.9976945700408397,0.14285714285714285,0.21187307369980893,1246,10.0,20.0
tgv_new_vs_drz,before,0.016294642857142858,61.36986301369863,0.9973185683425132,0.14285714285714285,0.21216119331021152,1228,10.0,20.0
tgv_new_vs_drz,before,0.01640625,60.95238095238095,0.996514334720296,0.14285714285714285,0.21159104545450594,1264,10.0,20.0
tgv_new_vs_drz,before,0.016517857142857143,60.54054054054054,0.995018630455472,0.14285714285714285,0.21149835269259598,1270,10.0,20.0
tgv_new_vs_drz,before,0.016629464285714286,60.13422818791946,0.9957731371601846,0.14285714285714285,0.21177839816474361,1252,10.0,20.0
tgv_new_vs_drz,before,0.016741071428571428,59.733333333333334,0.9944394545289243,0.14285714285714285,0.21134529561252643,1280,10.0,20.0
tgv_new_vs_drz,before,0.01685267857142857,59.337748344370866,0.9957067950315592,0.14285714285714285,0.21054834880675766,1334,10.0,20.0
tgv_new_vs_drz,before,0.016964285714285713,58.94736842105264,0.997465609063022,0.14285714285714285,0.21159104545450594,1264,10.0,20.0
tgv_new_vs_drz,before,0.017075892857142855,58.56209150326798,0.9979033086918697,0.14285714285714285,0.21080861501660042,1316,10.0,20.0
tgv_new_vs_drz,before,0.017187499999999998,58.18181818181819,0.9979607686167402,0.14285714285714285,0.2104912166657718,1338,10.0,20.0
tgv_new_vs_drz,before,0.017299107142857144,57.806451612903224,0.9969084563261431,0.14285714285714285,0.2112241179090306,1288,10.0,20.0
tgv_new_vs_drz,before,0.017410714285714286,57.43589743589743,0.9953329931238747,0.14285714285714285,0.21009825045931166,1366,10.0,20.0
tgv_new_vs_drz,before,0.01752232142857143,57.07006369426752,0.9975745668919818,0.14285714285714285,0.21034948559464076,1348,10.0,20.0
tgv_new_vs_drz,before,0.01763392857142857,56.708860759493675,0.9941624491835951,0.14285714285714285,0.21046274528313325,1340,10.0,20.0
tgv_new_vs_drz,before,0.017745535714285714,56.35220125786164,0.990871758623249,0.14285714285714285,0.2102651915533084,1354,10.0,20.0
tgv_new_vs_drz,before,0.017857142857142856,56.0,0.9915779001658297,0.14285714285714285,0.20979775932161346,1388,10.0,20.0
tgv_new_vs_drz,before,0.01796875,55.652173913043484,0.9942791883506932,0.14285714285714285,0.21001559151209073,1372,10.0,20.0
tgv_new_vs_drz,before,0.01808035714285714,55.308641975308646,0.9942637449946327,0.14285714285714285,0.20993346585157174,1378,10.0,20.0
tgv_new_vs_drz,before,0.018191964285714284,54.96932515337424,0.9929819716738323,0.14285714285714285,0.20969023176701643,1396,10.0,20.0
tgv_new_vs_drz,before,0.01830357142857143,54.63414634146341,0.9920930291981309,0.14285714285714285,0.20974388120426476,1392,10.0,20.0
tgv_new_vs_drz,before,0.018415178571428572,54.303030303030305,0.992140879160219,0.14285714285714285,0.20924322011539456,1430,10.0,20.0
tgv_new_vs_drz,before,0.018526785714285714,53.975903614457835,0.9874744837753583,0.14285714285714285,0.20937304795788578,1420,10.0,20.0
tgv_new_vs_drz,before,0.018638392857142857,53.65269461077845,0.9849410382448808,0.14285714285714285,0.20958361247909307,1404,10.0,20.0
tgv_new_vs_drz,before,0.01875,53.333333333333336,0.9869183884383018,0.14285714285714285,0.20908918974285123,1442,10.0,20.0
tgv_new_vs_drz,before,0.018861607142857142,53.01775147928994,0.9864383482069604,0.14285714285714285,0.2091147294392002,1440,10.0,20.0
tgv_new_vs_drz,before,0.018973214285714284,52.70588235294118,0.9893090452290488,0.14285714285714285,0.20878674915614567,1466,10.0,20.0
tgv_new_vs_drz,before,0.019084821428571427,52.397660818713454,0.9673380695655533,0.14285714285714285,0.20896227354363328,1452,10.0,20.0
tgv_new_vs_drz,before,0.01919642857142857,52.09302325581396,0.9778187611109928,0.14285714285714285,0.20861368932701757,1480,10.0,20.0
tgv_new_vs_drz,before,0.019308035714285715,51.79190751445086,0.97355409132891,0.14285714285714285,0.20849155226945118,1490,10.0,20.0
tgv_new_vs_drz,before,0.019419642857142858,51.49425287356322,0.9813187078223824,0.14285714285714285,0.20886166870324252,1460,10.0,20.0
tgv_new_vs_drz,before,0.01953125,51.2,0.9836249375392485,0.14285714285714285,0.20832258514572422,1504,10.0,20.0
tgv_new_vs_drz,before,0.019642857142857142,50.909090909090914,0.9734769825892319,0.14285714285714285,0.20820331375489703,1514,10.0,20.0
tgv_new_vs_drz,before,0.019754464285714285,50.621468926553675,0.9714502327301584,0.14285714285714285,0.2080852033992908,1524,10.0,20.0
tgv_new_vs_drz,before,0.019866071428571427,50.337078651685395,0.9697037225785107,0.14285714285714285,0.20822707454226386,1512,10.0,20.0
tgv_new_vs_drz,before,0.01997767857142857,50.05586592178771,0.9695038672677582,0.14285714285714285,0.2076466470245122,1562,10.0,20.0
tgv_new_vs_drz,before,0.020089285714285712,49.777777777777786,0.9749289601267136,0.14285714285714285,0.20817959940754727,1516,10.0,20.0
tgv_new_vs_drz,before,0.020200892857142858,49.50276243093922,0.9846587971897325,0.14285714285714285,0.20817959940754727,1516,10.0,20.0
tgv_new_vs_drz,before,0.0203125,49.230769230769226,0.9828887363480026,0.14285714285714285,0.2071581805789342,1606,10.0,20.0
tgv_new_vs_drz,before,0.020424107142857143,48.96174863387978,0.9735442050785021,0.14285714285714285,0.2078523911652866,1544,10.0,20.0
tgv_new_vs_drz,before,0.020535714285714286,48.69565217391305,0.9802572885112847,0.14285714285714285,0.20751142498562736,1574,10.0,20.0
tgv_new_vs_drz,before,0.020647321428571428,48.432432432432435,0.9908577454439014,0.14285714285714285,0.207311430402214,1592,10.0,20.0
tgv_new_vs_drz,before,0.02075892857142857,48.17204301075269,0.9913796804356563,0.14285714285714285,0.20766933369874285,1560,10.0,20.0
tgv_new_vs_drz,before,0.020870535714285713,47.9144385026738,0.9857921590077439,0.14285714285714285,0.2072455083727941,1598,10.0,20.0
tgv_new_vs_drz,before,0.020982142857142855,47.65957446808511,0.9729401393854848,0.14285714285714285,0.20679410702631273,1640,10.0,20.0
tgv_new_vs_drz,before,0.021093749999999998,47.40740740740741,0.9798114088506834,0.14285714285714285,0.2070931065498322,1612,10.0,20.0
tgv_new_vs_drz,before,0.021205357142857144,47.1578947368421,0.975084118458278,0.14285714285714285,0.20733348626347292,1590,10.0,20.0
tgv_new_vs_drz,before,0.021316964285714286,46.910994764397905,0.9681302322186656,0.14285714285714285,0.2068363565335541,1636,10.0,20.0
tgv_new_vs_drz,before,0.02142857142857143,46.666666666666664,0.9675941154238071,0.14285714285714285,0.20646152179686691,1672,10.0,20.0
tgv_new_vs_drz,before,0.02154017857142857,46.424870466321245,0.9772107435067938,0.14285714285714285,0.20677303948480721,1642,10.0,20.0
tgv_new_vs_drz,before,0.021651785714285714,46.18556701030928,0.9836957081430683,0.14285714285714285,0.20654377883697478,1664,10.0,20.0
tgv_new_vs_drz,before,0.021763392857142856,45.94871794871795,0.9855943596049817,0.14285714285714285,0.2069213164900138,1628,10.0,20.0
tgv_new_vs_drz,before,0.021875,45.714285714285715,0.9833166737921823,0.14285714285714285,0.20615817865004304,1702,10.0,20.0
tgv_new_vs_drz,before,0.02198660714285714,45.48223350253807,0.9891687163116536,0.14285714285714285,0.2063798459329584,1680,10.0,20.0
tgv_new_vs_drz,before,0.022098214285714284,45.25252525252526,0.9822608352191066,0.14285714285714285,0.20607862228912602,1710,10.0,20.0
tgv_new_vs_drz,before,0.02220982142857143,45.0251256281407,0.9768347646889682,0.14285714285714285,0.2060193161196826,1716,10.0,20.0
tgv_new_vs_drz,before,0.022321428571428572,44.8,0.9677652246535281,0.14285714285714285,0.2064206116472992,1676,10.0,20.0
tgv_new_vs_drz,before,0.022433035714285714,44.5771144278607,0.9580450564160736,0.14285714285714285,0.20568896146044316,1750,10.0,20.0
tgv_new_vs_drz,before,0.022544642857142857,44.35643564356436,0.9683028078522332,0.14285714285714285,0.20586265784981742,1732,10.0,20.0
tgv_new_vs_drz,before,0.02265625,44.13793103448276,0.9693557912439201,0.14285714285714285,0.20625840693654623,1692,10.0,20.0
tgv_new_vs_drz,before,0.022767857142857142,43.92156862745098,0.9666404115550179,0.14285714285714285,0.20561261066388095,1758,10.0,20.0
tgv_new_vs_drz,before,0.022879464285714284,43.707317073170735,0.9680363580611453,0.14285714285714285,0.20563165001517575,1756,10.0,20.0
tgv_new_vs_drz,before,0.022991071428571427,43.49514563106796,0.9641013654470916,0.14285714285714285,0.2059799491398533,1720,10.0,20.0
tgv_new_vs_drz,before,0.02310267857142857,43.28502415458938,0.9776125289091768,0.14285714285714285,0.2050559530372921,1818,10.0,20.0
tgv_new_vs_drz,before,0.023214285714285715,43.07692307692307,0.9820418714840154,0.14285714285714285,0.20529377749698421,1792,10.0,20.0
tgv_new_vs_drz,before,0.023325892857142858,42.87081339712918,0.9789877653096856,0.14285714285714285,0.20578513067261447,1740,10.0,20.0
tgv_new_vs_drz,before,0.0234375,42.666666666666664,0.9813201448714559,0.14285714285714285,0.2049478815407546,1830,10.0,20.0
tgv_new_vs_drz,before,0.023549107142857142,42.464454976303315,0.961591341106324,0.14285714285714285,0.2053308201973659,1788,10.0,20.0
tgv_new_vs_drz,before,0.023660714285714285,42.26415094339623,0.9653771113857141,0.14285714285714285,0.2051650873580342,1806,10.0,20.0
tgv_new_vs_drz,before,0.023772321428571427,42.06572769953052,0.9586271366601838,0.14285714285714285,0.20500178551890139,1824,10.0,20.0
tgv_new_vs_drz,before,0.02388392857142857,41.86915887850468,0.943257934720695,0.14285714285714285,0.2050378677827802,1820,10.0,20.0
tgv_new_vs_drz,before,0.023995535714285712,41.674418604651166,0.9474151179753746,0.14285714285714285,0.20473485868990474,1854,10.0,20.0
tgv_new_vs_drz,before,0.024107142857142855,41.48148148148149,0.9512305153791506,0.14285714285714285,0.20489423896779435,1836,10.0,20.0
tgv_new_vs_drz,before,0.02421875,41.29032258064516,0.938790152294855,0.14285714285714285,0.20482311852246032,1844,10.0,20.0
tgv_new_vs_drz,before,0.024330357142857143,41.10091743119266,0.9223701474994279,0.14285714285714285,0.20428703415014268,1906,10.0,20.0
tgv_new_vs_drz,before,0.024441964285714286,40.91324200913242,0.9345814137985737,0.14285714285714285,0.20485862143419345,1840,10.0,20.0
tgv_new_vs_drz,before,0.024553571428571428,40.72727272727273,0.9432975321247918,0.14285714285714285,0.20443997892001115,1888,10.0,20.0
tgv_new_vs_drz,before,0.02466517857142857,40.542986425339365,0.9569108951381061,0.14285714285714285,0.20432083629059994,1902,10.0,20.0
tgv_new_vs_drz,before,0.024776785714285713,40.36036036036036,0.9731941356264824,0.14285714285714285,0.20478772961770136,1848,10.0,20.0
tgv_new_vs_drz,before,0.024888392857142855,40.17937219730942,0.9730954573884985,0.14285714285714285,0.20406985646203774,1932,10.0,20.0
tgv_new_vs_drz,before,0.024999999999999998,40.0,0.9159368170695553,0.14285714285714285,0.20405333008241125,1934,10.0,20.0
tgv_new_vs_drz,before,0.02511160714285714,39.82222222222222,0.9324631055462418,0.14285714285714285,0.20443997892001115,1888,10.0,20.0
tgv_new_vs_drz,before,0.025223214285714286,39.64601769911504,0.9212687566965901,0.14285714285714285,0.20395470143415717,1946,10.0,20.0
tgv_new_vs_drz,before,0.02533482142857143,39.47136563876652,0.9216589323694659,0.14285714285714285,0.20380843789404254,1964,10.0,20.0
tgv_new_vs_drz,before,0.02544642857142857,39.29824561403509,0.9193142290761971,0.14285714285714285,0.20397107681264137,1944,10.0,20.0
tgv_new_vs_drz,before,0.025558035714285714,39.12663755458515,0.9299253670785946,0.14285714285714285,0.2038245910506852,1962,10.0,20.0
tgv_new_vs_drz,before,0.025669642857142856,38.95652173913044,0.9316165392695335,0.14285714285714285,0.20368008519926165,1980,10.0,20.0
tgv_new_vs_drz,before,0.02578125,38.78787878787879,0.9370288604853821,0.14285714285714285,0.20406985646203774,1932,10.0,20.0
tgv_new_vs_drz,before,0.02589285714285714,38.62068965517242,0.9528705670650915,0.14285714285714285,0.20360064332422378,1990,10.0,20.0
tgv_new_vs_drz,before,0.026004464285714284,38.4549356223176,0.9524070420623374,0.14285714285714285,0.20345912978831718,2008,10.0,20.0
tgv_new_vs_drz,before,0.02611607142857143,38.29059829059829,0.9559969800770263,0.14285714285714285,0.20380843789404254,1964,10.0,20.0
tgv_new_vs_drz,before,0.026227678571428572,38.12765957446808,0.9357078450071454,0.14285714285714285,0.20335035825347117,2022,10.0,20.0
tgv_new_vs_drz,before,0.026339285714285714,37.96610169491525,0.9475945245121336,0.14285714285714285,0.20333491064606968,2024,10.0,20.0
tgv_new_vs_drz,before,0.026450892857142857,37.80590717299578,0.9602709975693191,0.14285714285714285,0.20333491064606968,2024,10.0,20.0
tgv_new_vs_drz,before,0.0265625,37.64705882352941,0.9613857231289967,0.14285714285714285,0.20338132157581876,2018,10.0,20.0
tgv_new_vs_drz,before,0.026674107142857142,37.48953974895397,0.9521279649680481,0.14285714285714285,0.2030306380195964,2064,10.0,20.0
tgv_new_vs_drz,before,0.026785714285714284,37.333333333333336,0.9566337537155121,0.14285714285714285,0.2030156542404139,2066,10.0,20.0
tgv_new_vs_drz,before,0.026897321428571427,37.178423236514526,0.9593203343758715,0.14285714285714285,0.20352179142430754,2000,10.0,20.0
tgv_new_vs_drz,before,0.02700892857142857,37.02479338842976,0.9614627605891946,0.14285714285714285,0.20276417883135758,2100,10.0,20.0
tgv_new_vs_drz,before,0.027120535714285715,36.87242798353909,0.9343039994949619,0.14285714285714285,0.20280811620931277,2094,10.0,20.0
tgv_new_vs_drz,before,0.027232142857142858,36.721311475409834,0.9101116793351549,0.14285714285714285,0.20294105689975392,2076,10.0,20.0
tgv_new_vs_drz,before,0.02734375,36.57142857142857,0.9374278465769365,0.14285714285714285,0.20285224078709876,2088,10.0,20.0
tgv_new_vs_drz,before,0.027455357142857142,36.422764227642276,0.9240647511096917,0.14285714285714285,0.20251867322781997,2134,10.0,20.0
tgv_new_vs_drz,before,0.027566964285714285,36.2753036437247,0.9472559640378301,0.14285714285714285,0.20276417883135758,2100,10.0,20.0
tgv_new_vs_drz,before,0.027678571428571427,36.12903225806452,0.94532171780144,0.14285714285714285,0.20282280353622323,2092,10.0,20.0
tgv_new_vs_drz,before,0.02779017857142857,35.98393574297189,0.9012356985162454,0.14285714285714285,0.2024051399747265,2150,10.0,20.0
tgv_new_vs_drz,before,0.027901785714285712,35.84,0.8971362482053205,0.14285714285714285,0.2023910364655755,2152,10.0,20.0
tgv_new_vs_drz,before,0.028013392857142855,35.69721115537849,0.9454307173593638,0.14285714285714285,0.20294105689975392,2076,10.0,20.0
tgv_new_vs_drz,before,0.028125,35.55555555555556,0.9633973650741011,0.14285714285714285,0.20199031257847036,2210,10.0,20.0
tgv_new_vs_drz,before,0.028236607142857143,35.41501976284585,0.9464939945958035,0.14285714285714285,0.20256157441371295,2128,10.0,20.0
tgv_new_vs_drz,before,0.028348214285714286,35.275590551181104,0.9390991318213118,0.14285714285714285,0.20220944357269727,2178,10.0,20.0
tgv_new_vs_drz,before,0.028459821428571428,35.13725490196079,0.9387238018427481,0.14285714285714285,0.2020038700244288,2208,10.0,20.0
tgv_new_vs_drz,before,0.02857142857142857,35.0,0.9435511018639564,0.14285714285714285,0.20227890442236768,2168,10.0,20.0
tgv_new_vs_drz,before,0.028683035714285713,34.86381322957199,0.9262299677050285,0.14285714285714285,0.20209928513740544,2194,10.0,20.0
tgv_new_vs_drz,before,0.028794642857142855,34.72868217054264,0.9163791378723578,0.14285714285714285,0.20219560817884408,2180,10.0,20.0
tgv_new_vs_drz,before,0.028906249999999998,34.5945945945946,0.907376703801533,0.14285714285714285,0.2018157070765534,2236,10.0,20.0
tgv_new_vs_drz,before,0.02901785714285714,34.46153846153847,0.9113711265884485,0.14285714285714285,0.20212671273157043,2190,10.0,20.0
tgv_new_vs_drz,before,0.029129464285714286,34.32950191570881,0.8957432071320969,0.14285714285714285,0.20165718663427828,2260,10.0,20.0
tgv_new_vs_drz,before,0.02924107142857143,34.19847328244275,0.8672370035542176,0.14285714285714285,0.20197677333037697,2212,10.0,20.0
tgv_new_vs_drz,before,0.02935267857142857,34.06844106463878,0.7429974746980074,0.14285714285714285,0.20148825195988218,2286,10.0,20.0
tgv_new_vs_drz,before,0.029464285714285714,33.93939393939394,0.8153948048073528,0.14285714285714285,0.20176258739613345,2244,10.0,20.0
tgv_new_vs_drz,before,0.029575892857142856,33.81132075471698,0.9019538333474575,0.14285714285714285,0.20165718663427828,2260,10.0,20.0
tgv_new_vs_drz,before,0.0296875,33.68421052631579,0.9005591943813016,0.14285714285714285,0.20130948318858632,2314,10.0,20.0
tgv_new_vs_drz,before,0.02979910714285714,33.55805243445693,0.8694200056281832,0.14285714285714285,0.20178911203700534,2240,10.0,20.0
tgv_new_vs_drz,before,0.029910714285714284,33.43283582089553,0.8539213433585475,0.14285714285714285,0.20133482448864679,2310,10.0,20.0
tgv_new_vs_drz,before,0.030022321428571426,33.30855018587361,0.8846360435073168,0.14285714285714285,0.20150114550038942,2284,10.0,20.0
tgv_new_vs_drz,before,0.030133928571428572,33.18518518518518,0.8903733402353728,0.14285714285714285,0.20163100936456846,2264,10.0,20.0
tgv_new_vs_drz,before,0.030245535714285714,33.06273062730627,0.89235188283713,0.14285714285714285,0.20093700504233267,2374,10.0,20.0
tgv_new_vs_drz,before,0.030357142857142857,32.94117647058824,0.8890020941839856,0.14285714285714285,0.20127159292996374,2320,10.0,20.0
tgv_new_vs_drz,before,0.03046875,32.820512820512825,0.8816232581312365,0.14285714285714285,0.2014240345538633,2296,10.0,20.0
tgv_new_vs_drz,before,0.030580357142857142,32.7007299270073,0.9245937615234802,0.14285714285714285,0.20091267051918305,2378,10.0,20.0
tgv_new_vs_drz,before,0.030691964285714284,32.581818181818186,0.9060085326235411,0.14285714285714285,0.20117125958839946,2336,10.0,20.0
tgv_new_vs_drz,before,0.030803571428571427,32.46376811594203,0.901473203469078,0.14285714285714285,0.20117125958839946,2336,10.0,20.0
tgv_new_vs_drz,before,0.03091517857142857,32.34657039711192,0.7875565521494918,0.14285714285714285,0.20079190337726316,2398,10.0,20.0
tgv_new_vs_drz,before,0.03102678571428571,32.230215827338135,0.7767990122669253,0.14285714285714285,0.2008520992222212,2388,10.0,20.0
tgv_new_vs_drz,before,0.031138392857142858,32.11469534050179,0.8185817954402393,0.14285714285714285,0.20129683691159364,2316,10.0,20.0
tgv_new_vs_drz,before,0.03125,32.0,0.7808317000332525,0.14285714285714285,0.20060175498092978,2430,10.0,20.0
tgv_new_vs_drz,before,0.03136160714285714,31.88612099644128,0.7705851752633747,0.14285714285714285,0.2005899942187709,2432,10.0,20.0
tgv_new_vs_drz,before,0.031473214285714285,31.77304964539007,0.8188808627300319,0.14285714285714285,0.20091267051918305,2378,10.0,20.0
tgv_new_vs_drz,before,0.03158482142857143,31.66077738515901,0.8093738042972072,0.14285714285714285,0.2005899942187709,2432,10.0,20.0
tgv_new_vs_drz,before,0.03169642857142857,31.549295774647888,0.8731362635914871,0.14285714285714285,0.20073207911367105,2408,10.0,20.0
tgv_new_vs_drz,before,0.03180803571428571,31.438596491228072,0.9105489117123183,0.14285714285714285,0.20043839988598003,2458,10.0,20.0
tgv_new_vs_drz,before,0.031919642857142855,31.32867132867133,0.904114999242431,0.14285714285714285,0.20063712367957884,2424,10.0,20.0
tgv_new_vs_drz,before,0.03203125,31.219512195121954,0.8843084984109084,0.14285714285714285,0.2004037543659979,2464,10.0,20.0
tgv_new_vs_drz,before,0.03214285714285714,31.111111111111114,0.8460304879505662,0.14285714285714285,0.2003233998560821,2478,10.0,20.0
tgv_new_vs_drz,before,0.03225446428571428,31.00346020761246,0.8051257813316998,0.14285714285714285,0.20075596447473562,2404,10.0,20.0
tgv_new_vs_drz,before,0.032366071428571425,30.896551724137936,0.8104245580181009,0.14285714285714285,0.2001759442030165,2504,10.0,20.0
tgv_new_vs_drz,before,0.03247767857142857,30.790378006872857,0.7914275899251774,0.14285714285714285,0.20011983450492699,2514,10.0,20.0
tgv_new_vs_drz,before,0.032589285714285716,30.684931506849313,0.707172657775261,0.14285714285714285,0.20038072687575237,2468,10.0,20.0
tgv_new_vs_drz,before,0.03270089285714286,30.580204778156993,0.7871707474389067,0.14285714285714285,0.20022107212707113,2496,10.0,20.0
tgv_new_vs_drz,before,0.0328125,30.476190476190474,0.806728602743636,0.14285714285714285,0.1999424885446575,2546,10.0,20.0
tgv_new_vs_drz,before,0.032924107142857144,30.372881355932204,0.8158804360713733,0.14285714285714285,0.2003577547434476,2472,10.0,20.0
tgv_new_vs_drz,before,0.033035714285714286,30.27027027027027,0.7044520233291992,0.14285714285714285,0.19992055302869258,2550,10.0,20.0
tgv_new_vs_drz,before,0.03314732142857143,30.16835016835017,0.7523626043391358,0.14285714285714285,0.19982247206699402,2568,10.0,20.0
tgv_new_vs_drz,before,0.03325892857142857,30.06711409395973,0.8236445974358738,0.14285714285714285,0.20022107212707113,2496,10.0,20.0
tgv_new_vs_drz,before,0.033370535714285714,29.96655518394649,0.7052425452359653,0.14285714285714285,0.19981163721274517,2570,10.0,20.0
tgv_new_vs_drz,before,0.033482142857142856,29.866666666666667,0.7149110820398981,0.14285714285714285,0.19969327465375333,2592,10.0,20.0
tgv_new_vs_drz,before,0.03359375,29.767441860465116,0.6665950887347915,0.14285714285714285,0.19999755197612662,2536,10.0,20.0
tgv_new_vs_drz,before,0.03370535714285714,29.668874172185433,0.5953754864467427,0.14285714285714285,0.19968258842376282,2594,10.0,20.0
tgv_new_vs_drz,before,0.033816964285714284,29.570957095709574,0.7108091949479846,0.14285714285714285,0.1997576502130963,2580,10.0,20.0
tgv_new_vs_drz,before,0.033928571428571426,29.47368421052632,0.8075312581051706,0.14285714285714285,0.19962934028121115,2604,10.0,20.0
tgv_new_vs_drz,before,0.03404017857142857,29.377049180327873,0.7637949089990732,0.14285714285714285,0.19970397313874927,2590,10.0,20.0
tgv_new_vs_drz,before,0.03415178571428571,29.28104575163399,0.6073162956543272,0.14285714285714285,0.1995447720660188,2620,10.0,20.0
tgv_new_vs_drz,before,0.03426339285714285,29.185667752443,0.7168333286821394,0.14285714285714285,0.1995869599845832,2612,10.0,20.0
tgv_new_vs_drz,before,0.034374999999999996,29.090909090909093,0.7390225529712194,0.14285714285714285,0.19953425497473404,2622,10.0,20.0
tgv_new_vs_drz,before,0.034486607142857145,28.996763754045304,0.6579304335963052,0.14285714285714285,0.19923435045727056,2680,10.0,20.0
tgv_new_vs_drz,before,0.03459821428571429,28.903225806451612,0.6393989698734928,0.14285714285714285,0.19940897247414457,2646,10.0,20.0
tgv_new_vs_drz,before,0.03470982142857143,28.810289389067524,0.7006678948177582,0.14285714285714285,0.19948184772087152,2632,10.0,20.0
tgv_new_vs_drz,before,0.03482142857142857,28.717948717948715,0.6466302537989013,0.14285714285714285,0.19925472300409489,2676,10.0,20.0
tgv_new_vs_drz,before,0.034933035714285715,28.62619808306709,0.60659655711647,0.14285714285714285,0.199163400800433,2694,10.0,20.0
tgv_new_vs_drz,before,0.03504464285714286,28.53503184713376,0.615002483229503,0.14285714285714285,0.19929560413957997,2668,10.0,20.0
tgv_new_vs_drz,before,0.03515625,28.444444444444443,0.6299905194173939,0.14285714285714285,0.19923435045727056,2680,10.0,20.0
tgv_new_vs_drz,before,0.03526785714285714,28.354430379746837,0.6670104937857216,0.14285714285714285,0.199163400800433,2694,10.0,20.0
tgv_new_vs_drz,before,0.035379464285714285,28.26498422712934,0.7571777718673288,0.14285714285714285,0.19903307957272984,2720,10.0,20.0
tgv_new_vs_drz,before,0.03549107142857143,28.17610062893082,0.790284398450571,0.14285714285714285,0.19923435045727056,2680,10.0,20.0
tgv_new_vs_drz,before,0.03560267857142857,28.087774294670847,0.7298019097523755,0.14285714285714285,0.1987296503731864,2782,10.0,20.0
tgv_new_vs_drz,before,0.03571428571428571,28.0,0.6287320074658751,0.14285714285714285,0.19919374056785832,2688,10.0,20.0
tgv_new_vs_drz,before,0.035825892857142855,27.912772585669785,0.5684142823134711,0.14285714285714285,0.19897355378849282,2732,10.0,20.0
tgv_new_vs_drz,before,0.0359375,27.826086956521742,0.615727742985908,0.14285714285714285,0.19863390479962775,2802,10.0,20.0
tgv_new_vs_drz,before,0.03604910714285714,27.73993808049536,0.5409619407704785,0.14285714285714285,0.19893408530849774,2740,10.0,20.0
tgv_new_vs_drz,before,0.03616071428571428,27.654320987654323,0.5397828425568024,0.14285714285714285,0.1989636705837003,2734,10.0,20.0
tgv_new_vs_drz,before,0.036272321428571425,27.56923076923077,0.47757001785418457,0.14285714285714285,0.1987779076146052,2772,10.0,20.0
tgv_new_vs_drz,before,0.03638392857142857,27.48466257668712,0.4831450405352886,0.14285714285714285,0.1985674850051077,2816,10.0,20.0
tgv_new_vs_drz,before,0.036495535714285716,27.400611620795104,0.580895757143351,0.14285714285714285,0.19880698630805718,2766,10.0,20.0
tgv_new_vs_drz,before,0.03660714285714286,27.317073170731707,0.5814847897720697,0.14285714285714285,0.19847344616835114,2836,10.0,20.0
tgv_new_vs_drz,before,0.03671875,27.23404255319149,0.6104510446875415,0.14285714285714285,0.1985674850051077,2816,10.0,20.0
tgv_new_vs_drz,before,0.036830357142857144,27.151515151515152,0.5948466156742656,0.14285714285714285,0.1987296503731864,2782,10.0,20.0
tgv_new_vs_drz,before,0.036941964285714286,27.069486404833835,0.5206034170951442,0.14285714285714285,0.1983434350217766,2864,10.0,20.0
tgv_new_vs_drz,before,0.03705357142857143,26.987951807228917,0.5418592957961568,0.14285714285714285,0.19852975072299847,2824,10.0,20.0
tgv_new_vs_drz,before,0.03716517857142857,26.906906906906908,0.5511368970170702,0.14285714285714285,0.19837113512849097,2858,10.0,20.0
tgv_new_vs_drz,before,0.037276785714285714,26.826347305389223,0.4280176555995918,0.14285714285714285,0.19847344616835114,2836,10.0,20.0
tgv_new_vs_drz,before,0.037388392857142856,26.746268656716417,0.5147945393350006,0.14285714285714285,0.1984547565946868,2840,10.0,20.0
tgv_new_vs_drz,before,0.0375,26.666666666666668,0.4527113159329697,0.14285714285714285,0.19818808118118406,2898,10.0,20.0
tgv_new_vs_drz,before,0.03761160714285714,26.587537091988132,0.5448719413939191,0.14285714285714285,0.19843610609789097,2844,10.0,20.0
tgv_new_vs_drz,before,0.037723214285714284,26.50887573964497,0.5160773719182519,0.14285714285714285,0.19795564920134207,2950,10.0,20.0
tgv_new_vs_drz,before,0.037834821428571426,26.4306784660767,0.4692777217290695,0.14285714285714285,0.19830663541185475,2872,10.0,20.0
tgv_new_vs_drz,before,0.03794642857142857,26.35294117647059,0.4567754550482451,0.14285714285714285,0.1982882926807455,2876,10.0,20.0
tgv_new_vs_drz,before,0.03805803571428571,26.275659824046922,0.38715573809433107,0.14285714285714285,0.19802651424106882,2934,10.0,20.0
tgv_new_vs_drz,before,0.03816964285714285,26.198830409356727,0.40791862287068353,0.14285714285714285,0.1981069271457448,2916,10.0,20.0
tgv_new_vs_drz,before,0.038281249999999996,26.12244897959184,0.3709115299962144,0.14285714285714285,0.1982152991985056,2892,10.0,20.0
tgv_new_vs_drz,before,0.03839285714285714,26.04651162790698,0.3473653219614146,0.14285714285714285,0.19793802214251247,2954,10.0,20.0
tgv_new_vs_drz,before,0.03850446428571429,25.97101449275362,0.44639495780577215,0.14285714285714285,0.19782430484837527,2980,10.0,20.0
tgv_new_vs_drz,before,0.03861607142857143,25.89595375722543,0.45726937235249393,0.14285714285714285,0.19825172071105046,2884,10.0,20.0
tgv_new_vs_drz,before,0.03872767857142857,25.821325648414984,0.30212973250788805,0.14285714285714285,0.1978156184587228,2982,10.0,20.0
tgv_new_vs_drz,before,0.038839285714285715,25.74712643678161,0.30778762160697737,0.14285714285714285,0.19760123472388125,3032,10.0,20.0
tgv_new_vs_drz,before,0.03895089285714286,25.673352435530084,0.33009795967246863,0.14285714285714285,0.1981609467848357,2904,10.0,20.0
tgv_new_vs_drz,before,0.0390625,25.6,0.4276798211271456,0.14285714285714285,0.1975253385684874,3050,10.0,20.0
tgv_new_vs_drz,before,0.03917410714285714,25.527065527065528,0.40442643985080107,0.14285714285714285,0.19784170365088652,2976,10.0,20.0
tgv_new_vs_drz,before,0.039285714285714285,25.454545454545457,0.23420959970565114,0.14285714285714285,0.1976097089758139,3030,10.0,20.0
tgv_new_vs_drz,before,0.03939732142857143,25.38243626062323,0.2906554367008108,0.14285714285714285,0.1977550552720954,2996,10.0,20.0
tgv_new_vs_drz,before,0.03950892857142857,25.310734463276837,0.25095319814611466,0.14285714285714285,0.19765220529146557,3020,10.0,20.0
tgv_new_vs_drz,before,0.03962053571428571,25.23943661971831,0.31945385480035177,0.14285714285714285,0.1975085631250675,3054,10.0,20.0
tgv_new_vs_drz,before,0.039732142857142855,25.168539325842698,0.3328360914812887,0.14285714285714285,0.19770347780800562,3008,10.0,20.0
tgv_new_vs_drz,before,0.03984375,25.098039215686278,0.45348508571819934,0.14285714285714285,0.19743347590385044,3072,10.0,20.0
tgv_new_vs_drz,before,0.03995535714285714,25.027932960893857,0.3797439544978952,0.14285714285714285,0.19739204277139769,3082,10.0,20.0
tgv_new_vs_drz,before,0.04006696428571428,24.95821727019499,0.3578347743174353,0.14285714285714285,0.1976692624332035,3016,10.0,20.0
tgv_new_vs_drz,before,0.040178571428571425,24.888888888888893,0.40554103165357525,0.14285714285714285,0.19731796447605393,3100,10.0,20.0
tgv_new_vs_drz,before,0.04029017857142857,24.81994459833795,0.478407835374169,0.14285714285714285,0.1974251732503782,3074,10.0,20.0
tgv_new_vs_drz,before,0.040401785714285716,24.75138121546961,0.435390635510207,0.14285714285714285,0.19745010534200189,3068,10.0,20.0
tgv_new_vs_drz,before,0.04051339285714286,24.683195592286502,0.312817896928506,0.14285714285714285,0.19736727869292328,3088,10.0,20.0
tgv_new_vs_drz,before,0.040625,24.615384615384613,0.3010994544072702,0.14285714285714285,0.1970358524551192,3170,10.0,20.0
tgv_new_vs_drz,before,0.040736607142857144,24.54794520547945,0.33620932460155484,0.14285714285714285,0.197483461108339,3060,10.0,20.0
tgv_new_vs_drz,before,0.040848214285714286,24.48087431693989,0.2972516953305011,0.14285714285714285,0.19717976864090656,3134,10.0,20.0
tgv_new_vs_drz,before,0.04095982142857143,24.4141689373297,0.2442617347420942,0.14285714285714285,0.19701210252814472,3176,10.0,20.0
tgv_new_vs_drz,before,0.04107142857142857,24.347826086956523,0.2812055590907715,0.14285714285714285,0.19738378012086183,3084,10.0,20.0
tgv_new_vs_drz,before,0.041183035714285714,24.281842818428185,0.3247478328799774,0.14285714285714285,0.19695694455425367,3190,10.0,20.0
tgv_new_vs_drz,before,0.041294642857142856,24.216216216216218,0.48810802312738044,0.14285714285714285,0.1970755845534379,3160,10.0,20.0
tgv_new_vs_drz,before,0.04140625,24.150943396226417,0.36177379628393896,0.14285714285714285,0.1970755845534379,3160,10.0,20.0
tgv_new_vs_drz,before,0.04151785714285714,24.086021505376344,0.41725159572917203,0.14285714285714285,0.19706762319057258,3162,10.0,20.0
tgv_new_vs_drz,before,0.041629464285714284,24.021447721179626,0.43103649382099823,0.14285714285714285,0.19698053952908048,3184,10.0,20.0
tgv_new_vs_drz,before,0.041741071428571426,23.9572192513369,0.3878016651020072,0.14285714285714285,0.19696480220931625,3188,10.0,20.0
tgv_new_vs_drz,before,0.04185267857142857,23.893333333333334,0.3644014277991458,0.14285714285714285,0.19690995197425074,3202,10.0,20.0
tgv_new_vs_drz,before,0.04196428571428571,23.829787234042556,0.24587063146518678,0.14285714285714285,0.1966864592271897,3260,10.0,20.0
tgv_new_vs_drz,before,0.04207589285714285,23.766578249336874,0.21323882008688258,0.14285714285714285,0.19691776587158633,3200,10.0,20.0
tgv_new_vs_drz,before,0.042187499999999996,23.703703703703706,0.2433838268018571,0.14285714285714285,0.19692558703358493,3198,10.0,20.0
tgv_new_vs_drz,before,0.04229910714285714,23.641160949868077,0.2538949632637974,0.14285714285714285,0.19662584390434415,3276,10.0,20.0
tgv_new_vs_drz,before,0.04241071428571429,23.57894736842105,0.27536830610556456,0.14285714285714285,0.1967398616607217,3246,10.0,20.0
tgv_new_vs_drz,before,0.04252232142857143,23.517060367454068,0.2734348696756477,0.14285714285714285,0.1969334154715303,3196,10.0,20.0
tgv_new_vs_drz,before,0.04263392857142857,23.455497382198953,0.2602151271175537,0.14285714285714285,0.19662584390434415,3276,10.0,20.0
tgv_new_vs_drz,before,0.042745535714285715,23.39425587467363,0.3499989271860915,0.14285714285714285,0.19658818240465054,3286,10.0,20.0
tgv_new_vs_drz,before,0.04285714285714286,23.333333333333332,0.35539808745321755,0.14285714285714285,0.19656566720869945,3292,10.0,20.0
tgv_new_vs_drz,before,0.04296875,23.272727272727273,0.315048161434416,0.14285714285714285,0.19674751854137398,3244,10.0,20.0
tgv_new_vs_drz,before,0.04308035714285714,23.212435233160623,0.3518320182503761,0.14285714285714285,0.19627841680223054,3370,10.0,20.0
tgv_new_vs_drz,before,0.043191964285714285,23.152454780361758,0.2698795070966159,0.14285714285714285,0.19665609640424975,3268,10.0,20.0
tgv_new_vs_drz,before,0.04330357142857143,23.09278350515464,0.2672313413704758,0.14285714285714285,0.1965506909503124,3296,10.0,20.0
tgv_new_vs_drz,before,0.04341517857142857,23.033419023136247,0.194170583504956,0.14285714285714285,0.19635112163071453,3350,10.0,20.0
tgv_new_vs_drz,before,0.04352678571428571,22.974358974358974,0.20623662573069199,0.14285714285714285,0.19649105513285683,3312,10.0,20.0
tgv_new_vs_drz,before,0.043638392857142855,22.915601023017903,0.1951762107885414,0.14285714285714285,0.1965506909503124,3296,10.0,20.0
tgv_new_vs_drz,before,0.04375,22.857142857142858,0.21601457613812303,0.14285714285714285,0.19620635084804425,3390,10.0,20.0
tgv_new_vs_drz,before,0.04386160714285714,22.798982188295167,0.1448390282489556,0.14285714285714285,0.19627118161272125,3372,10.0,20.0
tgv_new_vs_drz,before,0.04397321428571428,22.741116751269036,0.18701904147330797,0.14285714285714285,0.19639505513636507,3338,10.0,20.0
tgv_new_vs_drz,before,0.044084821428571425,22.683544303797472,0.1925682637331698,0.14285714285714285,0.19614203002159336,3408,10.0,20.0
tgv_new_vs_drz,before,0.04419642857142857,22.62626262626263,0.1671054764778546,0.14285714285714285,0.19628565838032241,3368,10.0,20.0
tgv_new_vs_drz,before,0.04430803571428571,22.569269521410583,0.25241177427139166,0.14285714285714285,0.19630742154042707,3362,10.0,20.0
tgv_new_vs_drz,before,0.04441964285714286,22.51256281407035,0.34696767707980547,0.14285714285714285,0.19604297333067175,3436,10.0,20.0
tgv_new_vs_drz,before,0.04453125,22.45614035087719,0.273599880101482,0.14285714285714285,0.19624230455271754,3380,10.0,20.0
tgv_new_vs_drz,before,0.044642857142857144,22.4,0.1845087836872836,0.14285714285714285,0.19616341405099993,3402,10.0,20.0
tgv_new_vs_drz,before,0.044754464285714286,22.34413965087282,0.17932195817123983,0.14285714285714285,0.19608527866196232,3424,10.0,20.0
tgv_new_vs_drz,before,0.04486607142857143,22.28855721393035,0.19112028671605535,0.14285714285714285,0.19608527866196232,3424,10.0,20.0
tgv_new_vs_drz,before,0.04497767857142857,22.233250620347395,0.16535437365640432,0.14285714285714285,0.19586903899227384,3486,10.0,20.0
tgv_new_vs_drz,before,0.045089285714285714,22.17821782178218,0.15480415462956576,0.14285714285714285,0.19609942947499998,3420,10.0,20.0
tgv_new_vs_drz,before,0.045200892857142856,22.123456790123456,0.191179330846631,0.14285714285714285,0.19598690683769954,3452,10.0,20.0
tgv_new_vs_drz,before,0.0453125,22.06896551724138,0.18147672288590241,0.14285714285714285,0.19578686266146458,3510,10.0,20.0
tgv_new_vs_drz,before,0.04542410714285714,22.014742014742016,0.2110643416538994,0.14285714285714285,0.195959018311031,3460,10.0,20.0
tgv_new_vs_drz,before,0.045535714285714284,21.96078431372549,0.21737506860485128,0.14285714285714285,0.1959242922263356,3470,10.0,20.0
tgv_new_vs_drz,before,0.045647321428571426,21.90709046454768,0.17872352352741674,0.14285714285714285,0.1959312255268662,3468,10.0,20.0
tgv_new_vs_drz,before,0.04575892857142857,21.853658536585368,0.19242000160127332,0.14285714285714285,0.19578005236369755,3512,10.0,20.0
tgv_new_vs_drz,before,0.04587053571428571,21.800486618004868,0.17924458911378877,0.14285714285714285,0.1957460872064342,3522,10.0,20.0
tgv_new_vs_drz,before,0.04598214285714285,21.74757281553398,0.17400174587317338,0.14285714285714285,0.19567186631260183,3544,10.0,20.0
tgv_new_vs_drz,before,0.046093749999999996,21.69491525423729,0.19003519132464525,0.14285714285714285,0.19601489165878555,3444,10.0,20.0
tgv_new_vs_drz,before,0.04620535714285714,21.64251207729469,0.18902254104081642,0.14285714285714285,0.19554526746979894,3582,10.0,20.0
tgv_new_vs_drz,before,0.04631696428571429,21.59036144578313,0.18467823050810614,0.14285714285714285,0.19557838863500912,3572,10.0,20.0
tgv_new_vs_drz,before,0.04642857142857143,21.538461538461537,0.2189961551913877,0.14285714285714285,0.19587592500046092,3484,10.0,20.0
tgv_new_vs_drz,before,0.04654017857142857,21.48681055155875,0.23138761614832973,0.14285714285714285,0.19536229896004664,3638,10.0,20.0
tgv_new_vs_drz,before,0.046651785714285715,21.43540669856459,0.21260778054008378,0.14285714285714285,0.19572577688551,3528,10.0,20.0
tgv_new_vs_drz,before,0.04676339285714286,21.384248210023866,0.13155494091099956,0.14285714285714285,0.19565844520659162,3548,10.0,20.0
tgv_new_vs_drz,before,0.046875,21.333333333333332,0.14274713664946936,0.14285714285714285,0.19540115234939126,3626,10.0,20.0
tgv_new_vs_drz,before,0.04698660714285714,21.282660332541568,0.1486575809501021,0.14285714285714285,0.19544672377293545,3612,10.0,20.0
tgv_new_vs_drz,before,0.047098214285714285,21.232227488151658,0.15149422971711546,0.14285714285714285,0.1954663349047849,3606,10.0,20.0
tgv_new_vs_drz,before,0.04720982142857143,21.182033096926716,0.15505832196529531,0.14285714285714285,0.1955651236363731,3576,10.0,20.0
tgv_new_vs_drz,before,0.04732142857142857,21.132075471698116,0.16497269076734672,0.14285714285714285,0.19534294368347277,3644,10.0,20.0
tgv_new_vs_drz,before,0.04743303571428571,21.08235294117647,0.10335735890805638,0.14285714285714285,0.19537522888070752,3634,10.0,20.0
tgv_new_vs_drz,before,0.047544642857142855,21.03286384976526,0.1175019219300763,0.14285714285714285,0.19549912822785603,3596,10.0,20.0
tgv_new_vs_drz,before,0.04765625,20.98360655737705,0.16100568269569765,0.14285714285714285,0.19527876700452393,3664,10.0,20.0
tgv_new_vs_drz,before,0.04776785714285714,20.93457943925234,0.13184892202863066,0.14285714285714285,0.19536229896004664,3638,10.0,20.0
tgv_new_vs_drz,before,0.04787946428571428,20.88578088578089,0.12185552095075564,0.14285714285714285,0.1952532420597071,3672,10.0,20.0
tgv_new_vs_drz,before,0.047991071428571425,20.837209302325583,0.10954719880890869,0.14285714285714285,0.19534294368347277,3644,10.0,20.0
tgv_new_vs_drz,before,0.04810267857142857,20.788863109048727,0.15219920603662293,0.14285714285714285,0.1950209946989822,3746,10.0,20.0
tgv_new_vs_drz,before,0.04821428571428571,20.740740740740744,0.11606183875361019,0.14285714285714285,0.19530437499553316,3656,10.0,20.0
tgv_new_vs_drz,before,0.04832589285714286,20.69284064665127,0.10889587488988936,0.14285714285714285,0.19526599417946083,3668,10.0,20.0
tgv_new_vs_drz,before,0.0484375,20.64516129032258,0.05931279950626129,0.14285714285714285,0.19493488938335007,3774,10.0,20.0
tgv_new_vs_drz,before,0.048549107142857144,20.597701149425287,0.08936344183695318,0.14285714285714285,0.19539466351065476,3628,10.0,20.0
tgv_new_vs_drz,before,0.048660714285714286,20.55045871559633,0.09477846517069373,0.14285714285714285,0.19489827749225433,3786,10.0,20.0
tgv_new_vs_drz,before,0.04877232142857143,20.503432494279178,0.08442761383456585,0.14285714285714285,0.19506440733704855,3732,10.0,20.0
tgv_new_vs_drz,before,0.04888392857142857,20.45662100456621,0.086828864270539,0.14285714285714285,0.19518979008893414,3692,10.0,20.0
tgv_new_vs_drz,before,0.048995535714285714,20.41002277904328,0.06539201217534361,0.14285714285714285,0.19491046224945754,3782,10.0,20.0
tgv_new_vs_drz,before,0.049107142857142856,20.363636363636363,0.05806112743711058,0.14285714285714285,0.19500246310468877,3752,10.0,20.0
tgv_new_vs_drz,before,0.04921875,20.317460317460316,0.05824471571175913,0.14285714285714285,0.19499013318559666,3756,10.0,20.0
tgv_new_vs_drz,before,0.04933035714285714,20.271493212669682,0.03570713751267113,0.14285714285714285,0.1948739653457362,3794,10.0,20.0
tgv_new_vs_drz,before,0.049441964285714284,20.225733634311513,0.05029992030241025,0.14285714285714285,0.19488003622703962,3792,10.0,20.0
tgv_new_vs_drz,before,0.049553571428571426,20.18018018018018,0.03337151047901786,0.14285714285714285,0.19489219229404334,3788,10.0,20.0
tgv_new_vs_drz,before,0.04966517857142857,20.134831460674157,0.0290456827779968,0.14285714285714285,0.1950209946989822,3746,10.0,20.0
tgv_new_vs_drz,before,0.04977678571428571,20.08968609865471,0.04068663789279912,0.14285714285714285,0.19475951592150462,3832,10.0,20.0
tgv_new_vs_drz,before,0.04988839285714285,20.04474272930649,0.015653934579481735,0.14285714285714285,0.19485578123579675,3800,10.0,20.0
tgv_new_vs_drz,before,0.049999999999999996,20.0,0.718279825830941,0.14285714285714285,0.8417399583909729,2,10.0,20.0
tgv_new_vs_drz,after,0.0,inf,0.7071792227318009,0.14285714285714285,0.7560610050770457,3,10.0,20.0
tgv_new_vs_drz,after,0.00011160714285714285,8960.0,0.9477437632789207,0.14285714285714285,0.5160568456025979,12,10.0,20.0
tgv_new_vs_drz,after,0.0002232142857142857,4480.0,0.8672655082539572,0.14285714285714285,0.43846389609946435,22,10.0,20.0
tgv_new_vs_drz,after,0.0003348214285714286,2986.6666666666665,0.9666310616934389,0.14285714285714285,0.41192739958594665,28,10.0,20.0
tgv_new_vs_drz,after,0.0004464285714285714,2240.0,0.975053669692449,0.14285714285714285,0.37684928940895107,40,10.0,20.0
tgv_new_vs_drz,after,0.0005580357142857143,1792.0,0.9893899541103597,0.14285714285714285,0.3572655453148874,50,10.0,20.0
tgv_new_vs_drz,after,0.0006696428571428571,1493.3333333333333,0.9937660582359659,0.14285714285714285,0.3607189084162777,48,10.0,20.0
tgv_new_vs_drz,after,0.0007812499999999999,1280.0,0.994519537451643,0.14285714285714285,0.33301944154606616,68,10.0,20.0
tgv_new_vs_drz,after,0.0008928571428571428,1120.0,0.9954484170442794,0.14285714285714285,0.3308883459615167,70,10.0,20.0
tgv_new_vs_drz,after,0.0010044642857142856,995.5555555555557,0.9981141344195966,0.14285714285714285,0.32498105977643776,76,10.0,20.0
tgv_new_vs_drz,after,0.0011160714285714285,896.0,0.9986590940143707,0.14285714285714285,0.3120228149867766,92,10.0,20.0
tgv_new_vs_drz,after,0.0012276785714285714,814.5454545454546,0.9988159519357175,0.14285714285714285,0.30307454563671804,106,10.0,20.0
tgv_new_vs_drz,after,0.0013392857142857143,746.6666666666666,0.9994657448101205,0.14285714285714285,0.309276869488276,96,10.0,20.0
tgv_new_vs_drz,after,0.0014508928571428572,689.2307692307692,0.9993418861663518,0.14285714285714285,0.297657677511583,116,10.0,20.0
tgv_new_vs_drz,after,0.0015624999999999999,640.0,0.999566716046122,0.14285714285714285,0.28942028891226607,134,10.0,20.0
tgv_new_vs_drz,after,0.0016741071428571428,597.3333333333334,0.9992984544510309,0.14285714285714285,0.2956748612128594,120,10.0,20.0
tgv_new_vs_drz,after,0.0017857142857142857,560.0,0.9995264486567643,0.14285714285714285,0.28476380812712476,146,10.0,20.0
tgv_new_vs_drz,after,0.0018973214285714286,527.0588235294118,0.999696318196714,0.14285714285714285,0.2812856424436456,156,10.0,20.0
tgv_new_vs_drz,after,0.0020089285714285712,497.7777777777778,0.9998553854064118,0.14285714285714285,0.28702018719502587,140,10.0,20.0
tgv_new_vs_drz,after,0.002120535714285714,471.5789473684211,0.9998133695937645,0.14285714285714285,0.2757709533720164,174,10.0,20.0
tgv_new_vs_drz,after,0.002232142857142857,448.0,0.9998713693036666,0.14285714285714285,0.27520913338899333,176,10.0,20.0
tgv_new_vs_drz,after,0.00234375,426.6666666666667,0.9998800160510048,0.14285714285714285,0.273051000260408,184,10.0,20.0
tgv_new_vs_drz,after,0.002455357142857143,407.2727272727273,0.9999021215968505,0.14285714285714285,0.2705369635786124,194,10.0,20.0
tgv_new_vs_drz,after,0.0025669642857142857,389.5652173913044,0.9999205560143234,0.14285714285714285,0.269116846861646,200,10.0,20.0
tgv_new_vs_drz,after,0.0026785714285714286,373.3333333333333,0.9999351519507484,0.14285714285714285,0.26731663903915925,208,10.0,20.0
tgv_new_vs_drz,after,0.0027901785714285715,358.4,0.9999313770050493,0.14285714285714285,0.2668822084027434,210,10.0,20.0
tgv_new_vs_drz,after,0.0029017857142857144,344.6153846153846,0.9999460094593724,0.14285714285714285,0.26173150991010213,236,10.0,20.0
tgv_new_vs_drz,after,0.003013392857142857,331.8518518518519,0.9999684055186329,0.14285714285714285,0.2632250986856457,228,10.0,20.0
tgv_new_vs_drz,after,0.0031249999999999997,320.0,0.999968110806776,0.14285714285714285,0.2613695641695868,238,10.0,20.0
tgv_new_vs_drz,after,0.0032366071428571426,308.96551724137936,0.9999765503288474,0.14285714285714285,0.2576597972433477,260,10.0,20.0
tgv_new_vs_drz,after,0.0033482142857142855,298.6666666666667,0.9999840675175488,0.14285714285714285,0.2586250244740691,254,10.0,20.0
tgv_new_vs_drz,after,0.0034598214285714284,289.03225806451616,0.9999880376260585,0.14285714285714285,0.25523709705862524,276,10.0,20.0
tgv_new_vs_drz,after,0.0035714285714285713,280.0,0.9999896469985058,0.14285714285714285,0.25582326430374547,272,10.0,20.0
tgv_new_vs_drz,after,0.003683035714285714,271.5151515151515,0.9999912876153964,0.14285714285714285,0.2527449491574839,294,10.0,20.0
tgv_new_vs_drz,after,0.003794642857142857,263.5294117647059,0.9999942699185009,0.14285714285714285,0.25410107451462977,284,10.0,20.0
tgv_new_vs_drz,after,0.00390625,256.0,0.9999933970937316,0.14285714285714285,0.2514544516681247,304,10.0,20.0
tgv_new_vs_drz,after,0.0040178571428571425,248.8888888888889,0.999995530079364,0.14285714285714285,0.24928083583453234,322,10.0,20.0
tgv_new_vs_drz,after,0.004129464285714286,242.16216216216216,0.9999954181609085,0.14285714285714285,0.2514544516681247,304,10.0,20.0
tgv_new_vs_drz,after,0.004241071428571428,235.78947368421055,0.9999963506576546,0.14285714285714285,0.24905026945843273,324,10.0,20.0
tgv_new_vs_drz,after,0.004352678571428572,229.74358974358972,0.9999965422734414,0.14285714285714285,0.24582376798178943,354,10.0,20.0
tgv_new_vs_drz,after,0.004464285714285714,224.0,0.9999970224422756,0.14285714285714285,0.24770924671322134,336,10.0,20.0
tgv_new_vs_drz,after,0.004575892857142857,218.53658536585365,0.9999969652905573,0.14285714285714285,0.24643640318775006,348,10.0,20.0
tgv_new_vs_drz,after,0.0046875,213.33333333333334,0.9999974754617991,0.14285714285714285,0.24426173259637654,370,10.0,20.0
tgv_new_vs_drz,after,0.004799107142857142,208.37209302325584,0.9999980327044952,0.14285714285714285,0.24407341871811294,372,10.0,20.0
tgv_new_vs_drz,after,0.004910714285714286,203.63636363636365,0.9999980467657501,0.14285714285714285,0.24388657961491628,374,10.0,20.0
tgv_new_vs_drz,after,0.005022321428571428,199.11111111111114,0.9999981656004572,0.14285714285714285,0.24124866466885456,404,10.0,20.0
tgv_new_vs_drz,after,0.005133928571428571,194.7826086956522,0.9999988060488628,0.14285714285714285,0.24226832878047586,392,10.0,20.0
tgv_new_vs_drz,after,0.005245535714285714,190.63829787234044,0.9999986824867688,0.14285714285714285,0.2427954615022515,386,10.0,20.0
tgv_new_vs_drz,after,0.005357142857142857,186.66666666666666,0.9999984392101888,0.14285714285714285,0.23964416299559071,424,10.0,20.0
tgv_new_vs_drz,after,0.00546875,182.85714285714286,0.9999979680328269,0.14285714285714285,0.24027239659586974,416,10.0,20.0
tgv_new_vs_drz,after,0.005580357142857143,179.2,0.9999979384080077,0.14285714285714285,0.2388828626474958,434,10.0,20.0
tgv_new_vs_drz,after,0.0056919642857142854,175.68627450980392,0.9999976218643377,0.14285714285714285,0.2384383044776066,440,10.0,20.0
tgv_new_vs_drz,after,0.005803571428571429,172.3076923076923,0.9999986072605987,0.14285714285714285,0.23757528612232023,452,10.0,20.0
tgv_new_vs_drz,after,0.005915178571428571,169.05660377358492,0.9999987948307298,0.14285714285714285,0.23688135961430892,462,10.0,20.0
tgv_new_vs_drz,after,0.006026785714285714,165.92592592592595,0.9999980233627889,0.14285714285714285,0.23785919155913984,448,10.0,20.0
tgv_new_vs_drz,after,0.006138392857142857,162.9090909090909,0.9999980475582761,0.14285714285714285,0.23517586182327832,488,10.0,20.0
tgv_new_vs_drz,after,0.0062499999999999995,160.0,0.9999984867047944,0.14285714285714285,0.23607716377209612,474,10.0,20.0
tgv_new_vs_drz,after,0.006361607142857143,157.19298245614036,0.9999984873395934,0.14285714285714285,0.23568617177506457,480,10.0,20.0
tgv_new_vs_drz,after,0.006473214285714285,154.48275862068968,0.9999976365095136,0.14285714285714285,0.23359868826190747,514,10.0,20.0
tgv_new_vs_drz,after,0.006584821428571429,151.864406779661,0.9999973873743886,0.14285714285714285,0.23348222347930858,516,10.0,20.0
tgv_new_vs_drz,after,0.006696428571428571,149.33333333333334,0.9999976139585501,0.14285714285714285,0.23467767886949623,496,10.0,20.0
tgv_new_vs_drz,after,0.006808035714285714,146.88524590163934,0.9999977444221938,0.14285714285714285,0.23246304055541317,534,10.0,20.0
tgv_new_vs_drz,after,0.006919642857142857,144.51612903225808,0.9999979306712283,0.14285714285714285,0.23191835858106052,544,10.0,20.0
tgv_new_vs_drz,after,0.00703125,142.22222222222223,0.9999981068008491,0.14285714285714285,0.23348222347930858,516,10.0,20.0
tgv_new_vs_drz,after,0.007142857142857143,140.0,0.9999980677893403,0.14285714285714285,0.23118003674182988,558,10.0,20.0
tgv_new_vs_drz,after,0.007254464285714285,137.84615384615387,0.999998389472397,0.14285714285714285,0.23066911942921098,568,10.0,20.0
tgv_new_vs_drz,after,0.007366071428571428,135.75757575757575,0.999998130784659,0.14285714285714285,0.23257377696061368,532,10.0,20.0
tgv_new_vs_drz,after,0.007477678571428571,133.7313432835821,0.9999972700909742,0.14285714285714285,0.22865956785210217,610,10.0,20.0
tgv_new_vs_drz,after,0.007589285714285714,131.76470588235296,0.99999584646003,0.14285714285714285,0.2300731936178756,580,10.0,20.0
tgv_new_vs_drz,after,0.007700892857142857,129.85507246376812,0.9999967976979682,0.14285714285714285,0.22987856279938831,584,10.0,20.0
tgv_new_vs_drz,after,0.0078125,128.0,0.9999960761778802,0.14285714285714285,0.22847879956174852,614,10.0,20.0
tgv_new_vs_drz,after,0.007924107142857142,126.19718309859155,0.999996817196349,0.14285714285714285,0.22856896654528058,612,10.0,20.0
tgv_new_vs_drz,after,0.008035714285714285,124.44444444444446,0.9999964279690307,0.14285714285714285,0.22794672665157004,626,10.0,20.0
tgv_new_vs_drz,after,0.008147321428571429,122.73972602739725,0.999994619595379,0.14285714285714285,0.22856896654528058,612,10.0,20.0
tgv_new_vs_drz,after,0.008258928571428572,121.08108108108108,0.9999944251151625,0.14285714285714285,0.22751466188342373,636,10.0,20.0
tgv_new_vs_drz,after,0.008370535714285714,119.46666666666667,0.9999962166399603,0.14285714285714285,0.22709247611069447,646,10.0,20.0
tgv_new_vs_drz,after,0.008482142857142856,117.89473684210527,0.9999967248087727,0.14285714285714285,0.2270091913293758,648,10.0,20.0
tgv_new_vs_drz,after,0.008593749999999999,116.36363636363637,0.999995479665478,0.14285714285714285,0.22684375089361272,652,10.0,20.0
tgv_new_vs_drz,after,0.008705357142857143,114.87179487179486,0.9999952286470425,0.14285714285714285,0.22580365493397495,678,10.0,20.0
tgv_new_vs_drz,after,0.008816964285714286,113.41772151898735,0.9999955157524395,0.14285714285714285,0.22572608133433805,680,10.0,20.0
tgv_new_vs_drz,after,0.008928571428571428,112.0,0.9999957944695596,0.14285714285714285,0.22572608133433805,680,10.0,20.0
tgv_new_vs_drz,after,0.00904017857142857,110.61728395061729,0.9999938566230392,0.14285714285714285,0.2247472633332211,706,10.0,20.0
tgv_new_vs_drz,after,0.009151785714285715,109.26829268292683,0.999991910944058,0.14285714285714285,0.2252675931499613,692,10.0,20.0
tgv_new_vs_drz,after,0.009263392857142857,107.95180722891567,0.9999909363638266,0.14285714285714285,0.22511735629687746,696,10.0,20.0
tgv_new_vs_drz,after,0.009375,106.66666666666667,0.9999907919161539,0.14285714285714285,0.22347634762040358,742,10.0,20.0
tgv_new_vs_drz,after,0.009486607142857142,105.41176470588236,0.9999918114522199,0.14285714285714285,0.22467416992987052,708,10.0,20.0
tgv_new_vs_drz,after,0.009598214285714285,104.18604651162792,0.9999878494004502,0.14285714285714285,0.22280884262303868,762,10.0,20.0
tgv_new_vs_drz,after,0.009709821428571429,102.98850574712644,0.9999780354209755,0.14285714285714285,0.22368179007692848,736,10.0,20.0
tgv_new_vs_drz,after,0.009821428571428571,101.81818181818183,0.9999700766264263,0.14285714285714285,0.22287442635809016,760,10.0,20.0
tgv_new_vs_drz,after,0.009933035714285714,100.67415730337079,0.9999851158554495,0.14285714285714285,0.22229315058834048,778,10.0,20.0
tgv_new_vs_drz,after,0.010044642857142856,99.55555555555557,0.9999892399888395,0.14285714285714285,0.22261360373636063,768,10.0,20.0
tgv_new_vs_drz,after,0.01015625,98.46153846153845,0.9999866020281296,0.14285714285714285,0.22287442635809016,760,10.0,20.0
tgv_new_vs_drz,after,0.010267857142857143,97.3913043478261,0.9999823328714901,0.14285714285714285,0.22191652760781277,790,10.0,20.0
tgv_new_vs_drz,after,0.010379464285714285,96.34408602150538,0.9999818047956178,0.14285714285714285,0.2212474895498582,812,10.0,20.0
tgv_new_vs_drz,after,0.010491071428571428,95.31914893617022,0.9999824559528238,0.14285714285714285,0.2214876516950723,804,10.0,20.0
tgv_new_vs_drz,after,0.010602678571428572,94.3157894736842,0.9999806905599011,0.14285714285714285,0.22130720212890542,810,10.0,20.0
tgv_new_vs_drz,after,0.010714285714285714,93.33333333333333,0.9999849658100801,0.14285714285714285,0.2206620549790673,832,10.0,20.0
tgv_new_vs_drz,after,0.010825892857142857,92.37113402061856,0.9999820326574365,0.14285714285714285,0.2216090580540805,800,10.0,20.0
tgv_new_vs_drz,after,0.0109375,91.42857142857143,0.9999836516269396,0.14285714285714285,0.2198217694523472,862,10.0,20.0
tgv_new_vs_drz,after,0.011049107142857142,90.50505050505052,0.999980967985652,0.14285714285714285,0.22020844574520457,848,10.0,20.0
tgv_new_vs_drz,after,0.011160714285714286,89.6,0.9999680326163101,0.14285714285714285,0.21928516426814687,882,10.0,20.0
tgv_new_vs_drz,after,0.011272321428571428,88.71287128712872,0.9999539812954231,0.14285714285714285,0.22077747178815657,828,10.0,20.0
tgv_new_vs_drz,after,0.011383928571428571,87.84313725490196,0.9999553163603753,0.14285714285714285,0.21955119748619267,872,10.0,20.0
tgv_new_vs_drz,after,0.011495535714285713,86.99029126213593,0.9999584276840274,0.14285714285714285,0.21856336410973248,910,10.0,20.0
tgv_new_vs_drz,after,0.011607142857142858,86.15384615384615,0.999953124779722,0.14285714285714285,0.21965887440375706,868,10.0,20.0
tgv_new_vs_drz,after,0.01171875,85.33333333333333,0.9999377607645129,0.14285714285714285,0.21902354389357315,892,10.0,20.0
tgv_new_vs_drz,after,0.011830357142857142,84.52830188679246,0.999935734690681,0.14285714285714285,0.2181654494608149,926,10.0,20.0
tgv_new_vs_drz,after,0.011941964285714285,83.73831775700936,0.9999063988366759,0.14285714285714285,0.21841294458748992,916,10.0,20.0
tgv_new_vs_drz,after,0.012053571428571427,82.96296296296298,0.9999471619904295,0.14285714285714285,0.21851306204381743,912,10.0,20.0
tgv_new_vs_drz,after,0.012165178571428572,82.20183486238533,0.9999516125880628,0.14285714285714285,0.21758723335053728,950,10.0,20.0
tgv_new_vs_drz,after,0.012276785714285714,81.45454545454545,0.9999467169918328,0.14285714285714285,0.21744603829804665,956,10.0,20.0
tgv_new_vs_drz,after,0.012388392857142856,80.72072072072072,0.9999375700195511,0.14285714285714285,0.21861382957564643,908,10.0,20.0
tgv_new_vs_drz,after,0.012499999999999999,80.0,0.999910369008888,0.14285714285714285,0.21675920204107632,986,10.0,20.0
tgv_new_vs_drz,after,0.012611607142857143,79.29203539823008,0.9999184016015278,0.14285714285714285,0.21725980028494588,964,10.0,20.0
tgv_new_vs_drz,after,0.012723214285714286,78.59649122807018,0.999882791883773,0.14285714285714285,0.21721359693608783,966,10.0,20.0
tgv_new_vs_drz,after,0.012834821428571428,77.91304347826087,0.9998352753534716,0.14285714285714285,0.21644914346158642,1000,10.0,20.0
tgv_new_vs_drz,after,0.01294642857142857,77.24137931034484,0.9998205472513717,0.14285714285714285,0.21653707458648785,996,10.0,20.0
tgv_new_vs_drz,after,0.013058035714285715,76.58119658119658,0.9998289634006774,0.14285714285714285,0.21649304397049488,998,10.0,20.0
tgv_new_vs_drz,after,0.013169642857142857,75.9322033898305,0.9998550717171699,0.14285714285714285,0.21610254718236965,1016,10.0,20.0
tgv_new_vs_drz,after,0.01328125,75.29411764705883,0.9998546426724496,0.14285714285714285,0.21618843703925994,1012,10.0,20.0
tgv_new_vs_drz,after,0.013392857142857142,74.66666666666667,0.9997413559001557,0.14285714285714285,0.21605978929178232,1018,10.0,20.0
tgv_new_vs_drz,after,0.013504464285714285,74.04958677685951,0.9997631736073481,0.14285714285714285,0.21551499634696136,1044,10.0,20.0
tgv_new_vs_drz,after,0.013616071428571429,73.44262295081967,0.9997925328604395,0.14285714285714285,0.21568047213382657,1036,10.0,20.0
tgv_new_vs_drz,after,0.013727678571428571,72.84552845528455,0.9996256972879956,0.14285714285714285,0.21498988471428435,1070,10.0,20.0
tgv_new_vs_drz,after,0.013839285714285714,72.25806451612904,0.9995558063798256,0.14285714285714285,0.21543295911437524,1048,10.0,20.0
tgv_new_vs_drz,after,0.013950892857142856,71.68,0.9993157155284834,0.14285714285714285,0.2148713755575323,1076,10.0,20.0
tgv_new_vs_drz,after,0.0140625,71.11111111111111,0.9995322624387315,0.14285714285714285,0.21475383879638116,1082,10.0,20.0
tgv_new_vs_drz,after,0.014174107142857143,70.55118110236221,0.9996981469673976,0.14285714285714285,0.21471487366377726,1084,10.0,20.0
tgv_new_vs_drz,after,0.014285714285714285,70.0,0.9996654510282575,0.14285714285714285,0.21459861283869502,1090,10.0,20.0
tgv_new_vs_drz,after,0.014397321428571428,69.45736434108528,0.9995234516817103,0.14285714285714285,0.21425543086377571,1108,10.0,20.0
tgv_new_vs_drz,after,0.01450892857142857,68.92307692307693,0.9990177572458643,0.14285714285714285,0.21456006915830092,1092,10.0,20.0
tgv_new_vs_drz,after,0.014620535714285714,68.3969465648855,0.9989195412774254,0.14285714285714285,0.21355728664025345,1146,10.0,20.0
tgv_new_vs_drz,after,0.014732142857142857,67.87878787878788,0.9993523796620261,0.14285714285714285,0.21366522853675965,1140,10.0,20.0
tgv_new_vs_drz,after,0.01484375,67.36842105263158,0.9990244850709089,0.14285714285714285,0.2143309783773013,1104,10.0,20.0
tgv_new_vs_drz,after,0.014955357142857142,66.86567164179105,0.9987443151108618,0.14285714285714285,0.21279046829950965,1190,10.0,20.0
tgv_new_vs_drz,after,0.015066964285714286,66.37037037037037,0.9991264589048315,0.14285714285714285,0.21373765748018866,1136,10.0,20.0
tgv_new_vs_drz,after,0.015178571428571428,65.88235294117648,0.9988996528147528,0.14285714285714285,0.21352149146774207,1148,10.0,20.0
tgv_new_vs_drz,after,0.015290178571428571,65.4014598540146,0.9985139061477687,0.14285714285714285,0.21285843635360488,1186,10.0,20.0
tgv_new_vs_drz,after,0.015401785714285713,64.92753623188406,0.998224754052822,0.14285714285714285,0.21282441002983377,1188,10.0,20.0
tgv_new_vs_drz,after,0.015513392857142856,64.46043165467627,0.9983869873629193,0.14285714285714285,0.21337922749072738,1156,10.0,20.0
tgv_new_vs_drz,after,0.015625,64.0,0.9983704817673608,0.14285714285714285,0.212000361835817,1238,10.0,20.0
tgv_new_vs_drz,after,0.015736607142857142,63.54609929078014,0.9991304020171418,0.14285714285714285,0.2124887421904062,1208,10.0,20.0
tgv_new_vs_drz,after,0.015848214285714285,63.098591549295776,0.9992558962606601,0.14285714285714285,0.2127228372174348,1194,10.0,20.0
tgv_new_vs_drz,after,0.015959821428571427,62.65734265734266,0.9991824377384109,0.14285714285714285,0.2120323741059451,1236,10.0,20.0
tgv_new_vs_drz,after,0.01607142857142857,62.22222222222223,0.9987973825778508,0.14285714285714285,0.2120323741059451,1236,10.0,20.0
tgv_new_vs_drz,after,0.016183035714285712,61.79310344827587,0.9977038571903369,0.14285714285714285,0.21187307369980893,1246,10.0,20.0
tgv_new_vs_drz,after,0.016294642857142858,61.36986301369863,0.9973506683510539,0.14285714285714285,0.21216119331021152,1228,10.0,20.0
tgv_new_vs_drz,after,0.01640625,60.95238095238095,0.9965367163777574,0.14285714285714285,0.21159104545450594,1264,10.0,20.0
tgv_new_vs_drz,after,0.016517857142857143,60.54054054054054,0.9950425492565852,0.14285714285714285,0.21149835269259598,1270,10.0,20.0
tgv_new_vs_drz,after,0.016629464285714286,60.13422818791946,0.9957744932082432,0.14285714285714285,0.21177839816474361,1252,10.0,20.0
tgv_new_vs_drz,after,0.016741071428571428,59.733333333333334,0.9944572163178942,0.14285714285714285,0.21134529561252643,1280,10.0,20.0
tgv_new_vs_drz,after,0.01685267857142857,59.337748344370866,0.9957363060722307,0.14285714285714285,0.21054834880675766,1334,10.0,20.0
tgv_new_vs_drz,after,0.016964285714285713,58.94736842105264,0.997497032902348,0.14285714285714285,0.21159104545450594,1264,10.0,20.0
tgv_new_vs_drz,after,0.017075892857142855,58.56209150326798,0.9979470601245045,0.14285714285714285,0.21080861501660042,1316,10.0,20.0
tgv_new_vs_drz,after,0.017187499999999998,58.18181818181819,0.9979777260819483,0.14285714285714285,0.2104912166657718,1338,10.0,20.0
tgv_new_vs_drz,after,0.017299107142857144,57.806451612903224,0.9969054100862992,0.14285714285714285,0.2112241179090306,1288,10.0,20.0
tgv_new_vs_drz,after,0.017410714285714286,57.43589743589743,0.9953450000526837,0.14285714285714285,0.21009825045931166,1366,10.0,20.0
tgv_new_vs_drz,after,0.01752232142857143,57.07006369426752,0.9975759986903181,0.14285714285714285,0.21034948559464076,1348,10.0,20.0
tgv_new_vs_drz,after,0.01763392857142857,56.708860759493675,0.9941812359572363,0.14285714285714285,0.21046274528313325,1340,10.0,20.0
tgv_new_vs_drz,after,0.017745535714285714,56.35220125786164,0.9908820265198767,0.14285714285714285,0.2102651915533084,1354,10.0,20.0
tgv_new_vs_drz,after,0.017857142857142856,56.0,0.9915927566452388,0.14285714285714285,0.20979775932161346,1388,10.0,20.0
tgv_new_vs_drz,after,0.01796875,55.652173913043484,0.994279856969559,0.14285714285714285,0.21001559151209073,1372,10.0,20.0
tgv_new_vs_drz,after,0.01808035714285714,55.308641975308646,0.9942650155350475,0.14285714285714285,0.20993346585157174,1378,10.0,20.0
tgv_new_vs_drz,after,0.018191964285714284,54.96932515337424,0.9929896996689989,0.14285714285714285,0.20969023176701643,1396,10.0,20.0
tgv_new_vs_drz,after,0.01830357142857143,54.63414634146341,0.9921105718590665,0.14285714285714285,0.20974388120426476,1392,10.0,20.0
tgv_new_vs_drz,after,0.018415178571428572,54.303030303030305,0.9921568593105002,0.14285714285714285,0.20924322011539456,1430,10.0,20.0
tgv_new_vs_drz,after,0.018526785714285714,53.975903614457835,0.9874933992084873,0.14285714285714285,0.20937304795788578,1420,10.0,20.0
tgv_new_vs_drz,after,0.018638392857142857,53.65269461077845,0.9849587902421437,0.14285714285714285,0.20958361247909307,1404,10.0,20.0
tgv_new_vs_drz,after,0.01875,53.333333333333336,0.9869663533132408,0.14285714285714285,0.20908918974285123,1442,10.0,20.0
tgv_new_vs_drz,after,0.018861607142857142,53.01775147928994,0.9864585650128674,0.14285714285714285,0.2091147294392002,1440,10.0,20.0
tgv_new_vs_drz,after,0.018973214285714284,52.70588235294118,0.9893361383634326,0.14285714285714285,0.20878674915614567,1466,10.0,20.0
tgv_new_vs_drz,after,0.019084821428571427,52.397660818713454,0.9673859237284052,0.14285714285714285,0.20896227354363328,1452,10.0,20.0
tgv_new_vs_drz,after,0.01919642857142857,52.09302325581396,0.9778249242506205,0.14285714285714285,0.20861368932701757,1480,10.0,20.0
tgv_new_vs_drz,after,0.019308035714285715,51.79190751445086,0.9735985927692764,0.14285714285714285,0.20849155226945118,1490,10.0,20.0
tgv_new_vs_drz,after,0.019419642857142858,51.49425287356322,0.9812903827290748,0.14285714285714285,0.20886166870324252,1460,10.0,20.0
tgv_new_vs_drz,after,0.01953125,51.2,0.9836379182035514,0.14285714285714285,0.20832258514572422,1504,10.0,20.0
tgv_new_vs_drz,after,0.019642857142857142,50.909090909090914,0.9734841483122807,0.14285714285714285,0.20820331375489703,1514,10.0,20.0
tgv_new_vs_drz,after,0.019754464285714285,50.621468926553675,0.9714740068368539,0.14285714285714285,0.2080852033992908,1524,10.0,20.0
tgv_new_vs_drz,after,0.019866071428571427,50.337078651685395,0.9697003033828566,0.14285714285714285,0.20822707454226386,1512,10.0,20.0
tgv_new_vs_drz,after,0.01997767857142857,50.05586592178771,0.9695116591627871,0.14285714285714285,0.2076466470245122,1562,10.0,20.0
tgv_new_vs_drz,after,0.020089285714285712,49.777777777777786,0.9748787987320956,0.14285714285714285,0.20817959940754727,1516,10.0,20.0
tgv_new_vs_drz,after,0.020200892857142858,49.50276243093922,0.9846749188258306,0.14285714285714285,0.20817959940754727,1516,10.0,20.0
tgv_new_vs_drz,after,0.0203125,49.230769230769226,0.9828579366808875,0.14285714285714285,0.2071581805789342,1606,10.0,20.0
tgv_new_vs_drz,after,0.020424107142857143,48.96174863387978,0.9735710174003134,0.14285714285714285,0.2078523911652866,1544,10.0,20.0
tgv_new_vs_drz,after,0.020535714285714286,48.69565217391305,0.9802804782052104,0.14285714285714285,0.20751142498562736,1574,10.0,20.0
tgv_new_vs_drz,after,0.020647321428571428,48.432432432432435,0.9908486719650285,0.14285714285714285,0.207311430402214,1592,10.0,20.0
tgv_new_vs_drz,after,0.02075892857142857,48.17204301075269,0.9914137737840599,0.14285714285714285,0.20766933369874285,1560,10.0,20.0
tgv_new_vs_drz,after,0.020870535714285713,47.9144385026738,0.9858091111505546,0.14285714285714285,0.2072455083727941,1598,10.0,20.0
tgv_new_vs_drz,after,0.020982142857142855,47.65957446808511,0.9728801216290933,0.14285714285714285,0.20679410702631273,1640,10.0,20.0
tgv_new_vs_drz,after,0.021093749999999998,47.40740740740741,0.9797759810677945,0.14285714285714285,0.2070931065498322,1612,10.0,20.0
tgv_new_vs_drz,after,0.021205357142857144,47.1578947368421,0.9750897532741128,0.14285714285714285,0.20733348626347292,1590,10.0,20.0
tgv_new_vs_drz,after,0.021316964285714286,46.910994764397905,0.9681439272677151,0.14285714285714285,0.2068363565335541,1636,10.0,20.0
tgv_new_vs_drz,after,0.02142857142857143,46.666666666666664,0.9676124230488626,0.14285714285714285,0.20646152179686691,1672,10.0,20.0
tgv_new_vs_drz,after,0.02154017857142857,46.424870466321245,0.9772197078934322,0.14285714285714285,0.20677303948480721,1642,10.0,20.0
tgv_new_vs_drz,after,0.021651785714285714,46.18556701030928,0.983725992993004,0.14285714285714285,0.20654377883697478,1664,10.0,20.0
tgv_new_vs_drz,after,0.021763392857142856,45.94871794871795,0.9855969673408972,0.14285714285714285,0.2069213164900138,1628,10.0,20.0
tgv_new_vs_drz,after,0.021875,45.714285714285715,0.9832830713988421,0.14285714285714285,0.20615817865004304,1702,10.0,20.0
tgv_new_vs_drz,after,0.02198660714285714,45.48223350253807,0.989187861016957,0.14285714285714285,0.2063798459329584,1680,10.0,20.0
tgv_new_vs_drz,after,0.022098214285714284,45.25252525252526,0.9822106960923761,0.14285714285714285,0.20607862228912602,1710,10.0,20.0
tgv_new_vs_drz,after,0.02220982142857143,45.0251256281407,0.976840029062061,0.14285714285714285,0.2060193161196826,1716,10.0,20.0
tgv_new_vs_drz,after,0.022321428571428572,44.8,0.9677986952488128,0.14285714285714285,0.2064206116472992,1676,10.0,20.0
tgv_new_vs_drz,after,0.022433035714285714,44.5771144278607,0.9579850921121408,0.14285714285714285,0.20568896146044316,1750,10.0,20.0
tgv_new_vs_drz,after,0.022544642857142857,44.35643564356436,0.9682012886426077,0.14285714285714285,0.20586265784981742,1732,10.0,20.0
tgv_new_vs_drz,after,0.02265625,44.13793103448276,0.9693834714068605,0.14285714285714285,0.20625840693654623,1692,10.0,20.0
tgv_new_vs_drz,after,0.022767857142857142,43.92156862745098,0.9666450304638393,0.14285714285714285,0.20561261066388095,1758,10.0,20.0
tgv_new_vs_drz,after,0.022879464285714284,43.707317073170735,0.9680060589351451,0.14285714285714285,0.20563165001517575,1756,10.0,20.0
tgv_new_vs_drz,after,0.022991071428571427,43.49514563106796,0.964012619155246,0.14285714285714285,0.2059799491398533,1720,10.0,20.0
tgv_new_vs_drz,after,0.02310267857142857,43.28502415458938,0.9776171326905215,0.14285714285714285,0.2050559530372921,1818,10.0,20.0
tgv_new_vs_drz,after,0.023214285714285715,43.07692307692307,0.9819998045845489,0.14285714285714285,0.20529377749698421,1792,10.0,20.0
tgv_new_vs_drz,after,0.023325892857142858,42.87081339712918,0.9789651403123819,0.14285714285714285,0.20578513067261447,1740,10.0,20.0
tgv_new_vs_drz,after,0.0234375,42.666666666666664,0.9813267524789843,0.14285714285714285,0.2049478815407546,1830,10.0,20.0
tgv_new_vs_drz,after,0.023549107142857142,42.464454976303315,0.9615801027263939,0.14285714285714285,0.2053308201973659,1788,10.0,20.0
tgv_new_vs_drz,after,0.023660714285714285,42.26415094339623,0.9654095451479433,0.14285714285714285,0.2051650873580342,1806,10.0,20.0
tgv_new_vs_drz,after,0.023772321428571427,42.06572769953052,0.9586406319413159,0.14285714285714285,0.20500178551890139,1824,10.0,20.0
tgv_new_vs_drz,after,0.02388392857142857,41.86915887850468,0.9431413643378148,0.14285714285714285,0.2050378677827802,1820,10.0,20.0
tgv_new_vs_drz,after,0.023995535714285712,41.674418604651166,0.9473275290409063,0.14285714285714285,0.20473485868990474,1854,10.0,20.0
tgv_new_vs_drz,after,0.024107142857142855,41.48148148148149,0.9512257915945023,0.14285714285714285,0.20489423896779435,1836,10.0,20.0
tgv_new_vs_drz,after,0.02421875,41.29032258064516,0.9388499390809554,0.14285714285714285,0.20482311852246032,1844,10.0,20.0
tgv_new_vs_drz,after,0.024330357142857143,41.10091743119266,0.9223500463198435,0.14285714285714285,0.20428703415014268,1906,10.0,20.0
tgv_new_vs_drz,after,0.024441964285714286,40.91324200913242,0.9344244050226231,0.14285714285714285,0.20485862143419345,1840,10.0,20.0
tgv_new_vs_drz,after,0.024553571428571428,40.72727272727273,0.9432804619550762,0.14285714285714285,0.20443997892001115,1888,10.0,20.0
tgv_new_vs_drz,after,0.02466517857142857,40.542986425339365,0.9569498929233505,0.14285714285714285,0.20432083629059994,1902,10.0,20.0
tgv_new_vs_drz,after,0.024776785714285713,40.36036036036036,0.9731551472020835,0.14285714285714285,0.20478772961770136,1848,10.0,20.0
tgv_new_vs_drz,after,0.024888392857142855,40.17937219730942,0.9730537255934075,0.14285714285714285,0.20406985646203774,1932,10.0,20.0
tgv_new_vs_drz,after,0.024999999999999998,40.0,0.9158567857946925,0.14285714285714285,0.20405333008241125,1934,10.0,20.0
tgv_new_vs_drz,after,0.02511160714285714,39.82222222222222,0.9323819134497149,0.14285714285714285,0.20443997892001115,1888,10.0,20.0
tgv_new_vs_drz,after,0.025223214285714286,39.64601769911504,0.9211987318211766,0.14285714285714285,0.20395470143415717,1946,10.0,20.0
tgv_new_vs_drz,after,0.02533482142857143,39.47136563876652,0.9216603152045669,0.14285714285714285,0.20380843789404254,1964,10.0,20.0
tgv_new_vs_drz,after,0.02544642857142857,39.29824561403509,0.9192588699289111,0.14285714285714285,0.20397107681264137,1944,10.0,20.0
tgv_new_vs_drz,after,0.025558035714285714,39.12663755458515,0.9299164089196768,0.14285714285714285,0.2038245910506852,1962,10.0,20.0
tgv_new_vs_drz,after,0.025669642857142856,38.95652173913044,0.9315937609511433,0.14285714285714285,0.20368008519926165,1980,10.0,20.0
tgv_new_vs_drz,after,0.02578125,38.78787878787879,0.9369701245217764,0.14285714285714285,0.20406985646203774,1932,10.0,20.0
tgv_new_vs_drz,after,0.02589285714285714,38.62068965517242,0.9528280730615448,0.14285714285714285,0.20360064332422378,1990,10.0,20.0
tgv_new_vs_drz,after,0.026004464285714284,38.4549356223176,0.9523729748072572,0.14285714285714285,0.20345912978831718,2008,10.0,20.0
tgv_new_vs_drz,after,0.02611607142857143,38.29059829059829,0.9559698485630572,0.14285714285714285,0.20380843789404254,1964,10.0,20.0
tgv_new_vs_drz,after,0.026227678571428572,38.12765957446808,0.9356320167593453,0.14285714285714285,0.20335035825347117,2022,10.0,20.0
tgv_new_vs_drz,after,0.026339285714285714,37.96610169491525,0.9475256799915788,0.14285714285714285,0.20333491064606968,2024,10.0,20.0
tgv_new_vs_drz,after,0.026450892857142857,37.80590717299578,0.9602725154665464,0.14285714285714285,0.20333491064606968,2024,10.0,20.0
tgv_new_vs_drz,after,0.0265625,37.64705882352941,0.9614214389386151,0.14285714285714285,0.20338132157581876,2018,10.0,20.0
tgv_new_vs_drz,after,0.026674107142857142,37.48953974895397,0.952007532277743,0.14285714285714285,0.2030306380195964,2064,10.0,20.0
tgv_new_vs_drz,after,0.026785714285714284,37.333333333333336,0.9565321211390561,0.14285714285714285,0.2030156542404139,2066,10.0,20.0
tgv_new_vs_drz,after,0.026897321428571427,37.178423236514526,0.9591759091363703,0.14285714285714285,0.20352179142430754,2000,10.0,20.0
tgv_new_vs_drz,after,0.02700892857142857,37.02479338842976,0.9614200943915061,0.14285714285714285,0.20276417883135758,2100,10.0,20.0
tgv_new_vs_drz,after,0.027120535714285715,36.87242798353909,0.9341675902578596,0.14285714285714285,0.20280811620931277,2094,10.0,20.0
tgv_new_vs_drz,after,0.027232142857142858,36.721311475409834,0.9099610074669943,0.14285714285714285,0.20294105689975392,2076,10.0,20.0
tgv_new_vs_drz,after,0.02734375,36.57142857142857,0.9372261977971906,0.14285714285714285,0.20285224078709876,2088,10.0,20.0
tgv_new_vs_drz,after,0.027455357142857142,36.422764227642276,0.9239044243082932,0.14285714285714285,0.20251867322781997,2134,10.0,20.0
tgv_new_vs_drz,after,0.027566964285714285,36.2753036437247,0.9472629578489116,0.14285714285714285,0.20276417883135758,2100,10.0,20.0
tgv_new_vs_drz,after,0.027678571428571427,36.12903225806452,0.9451633025741585,0.14285714285714285,0.20282280353622323,2092,10.0,20.0
tgv_new_vs_drz,after,0.02779017857142857,35.98393574297189,0.9010223289821465,0.14285714285714285,0.2024051399747265,2150,10.0,20.0
tgv_new_vs_drz,after,0.027901785714285712,35.84,0.8969801263737991,0.14285714285714285,0.2023910364655755,2152,10.0,20.0
tgv_new_vs_drz,after,0.028013392857142855,35.69721115537849,0.9455244796540249,0.14285714285714285,0.20294105689975392,2076,10.0,20.0
tgv_new_vs_drz,after,0.028125,35.55555555555556,0.9634548699644756,0.14285714285714285,0.20199031257847036,2210,10.0,20.0
tgv_new_vs_drz,after,0.028236607142857143,35.41501976284585,0.946345075639678,0.14285714285714285,0.20256157441371295,2128,10.0,20.0
tgv_new_vs_drz,after,0.028348214285714286,35.275590551181104,0.938915081880399,0.14285714285714285,0.20220944357269727,2178,10.0,20.0
tgv_new_vs_drz,after,0.028459821428571428,35.13725490196079,0.9385506912512322,0.14285714285714285,0.2020038700244288,2208,10.0,20.0
tgv_new_vs_drz,after,0.02857142857142857,35.0,0.9435101470131584,0.14285714285714285,0.20227890442236768,2168,10.0,20.0
tgv_new_vs_drz,after,0.028683035714285713,34.86381322957199,0.926070331548503,0.14285714285714285,0.20209928513740544,2194,10.0,20.0
tgv_new_vs_drz,after,0.028794642857142855,34.72868217054264,0.916184545390874,0.14285714285714285,0.20219560817884408,2180,10.0,20.0
tgv_new_vs_drz,after,0.028906249999999998,34.5945945945946,0.9072045757426545,0.14285714285714285,0.2018157070765534,2236,10.0,20.0
tgv_new_vs_drz,after,0.02901785714285714,34.46153846153847,0.9113598585362332,0.14285714285714285,0.20212671273157043,2190,10.0,20.0
tgv_new_vs_drz,after,0.029129464285714286,34.32950191570881,0.8956929708697796,0.14285714285714285,0.20165718663427828,2260,10.0,20.0
tgv_new_vs_drz,after,0.02924107142857143,34.19847328244275,0.8670754838993265,0.14285714285714285,0.20197677333037697,2212,10.0,20.0
tgv_new_vs_drz,after,0.02935267857142857,34.06844106463878,0.7429241160402608,0.14285714285714285,0.20148825195988218,2286,10.0,20.0
tgv_new_vs_drz,after,0.029464285714285714,33.93939393939394,0.8154821924369954,0.14285714285714285,0.20176258739613345,2244,10.0,20.0
tgv_new_vs_drz,after,0.029575892857142856,33.81132075471698,0.9019329387046594,0.14285714285714285,0.20165718663427828,2260,10.0,20.0
tgv_new_vs_drz,after,0.0296875,33.68421052631579,0.9004502349470125,0.14285714285714285,0.20130948318858632,2314,10.0,20.0
tgv_new_vs_drz,after,0.02979910714285714,33.55805243445693,0.869199304279245,0.14285714285714285,0.20178911203700534,2240,10.0,20.0
tgv_new_vs_drz,after,0.029910714285714284,33.43283582089553,0.8537700676995547,0.14285714285714285,0.20133482448864679,2310,10.0,20.0
tgv_new_vs_drz,after,0.030022321428571426,33.30855018587361,0.884504561741719,0.14285714285714285,0.20150114550038942,2284,10.0,20.0
tgv_new_vs_drz,after,0.030133928571428572,33.18518518518518,0.8902289731248673,0.14285714285714285,0.20163100936456846,2264,10.0,20.0
tgv_new_vs_drz,after,0.030245535714285714,33.06273062730627,0.8922770381617025,0.14285714285714285,0.20093700504233267,2374,10.0,20.0
tgv_new_vs_drz,after,0.030357142857142857,32.94117647058824,0.8888063058870008,0.14285714285714285,0.20127159292996374,2320,10.0,20.0
tgv_new_vs_drz,after,0.03046875,32.820512820512825,0.8815054275565775,0.14285714285714285,0.2014240345538633,2296,10.0,20.0
tgv_new_vs_drz,after,0.030580357142857142,32.7007299270073,0.9245813671045714,0.14285714285714285,0.20091267051918305,2378,10.0,20.0
tgv_new_vs_drz,after,0.030691964285714284,32.581818181818186,0.905980730907146,0.14285714285714285,0.20117125958839946,2336,10.0,20.0
tgv_new_vs_drz,after,0.030803571428571427,32.46376811594203,0.9014173795871814,0.14285714285714285,0.20117125958839946,2336,10.0,20.0
tgv_new_vs_drz,after,0.03091517857142857,32.34657039711192,0.7874293637696803,0.14285714285714285,0.20079190337726316,2398,10.0,20.0
tgv_new_vs_drz,after,0.03102678571428571,32.230215827338135,0.7761520264208953,0.14285714285714285,0.2008520992222212,2388,10.0,20.0
tgv_new_vs_drz,after,0.031138392857142858,32.11469534050179,0.818280133151234,0.14285714285714285,0.20129683691159364,2316,10.0,20.0
tgv_new_vs_drz,after,0.03125,32.0,0.7807990242139308,0.14285714285714285,0.20060175498092978,2430,10.0,20.0
tgv_new_vs_drz,after,0.03136160714285714,31.88612099644128,0.7704780119723764,0.14285714285714285,0.2005899942187709,2432,10.0,20.0
tgv_new_vs_drz,after,0.031473214285714285,31.77304964539007,0.8189449382513891,0.14285714285714285,0.20091267051918305,2378,10.0,20.0
tgv_new_vs_drz,after,0.03158482142857143,31.66077738515901,0.809312213931891,0.14285714285714285,0.2005899942187709,2432,10.0,20.0
tgv_new_vs_drz,after,0.03169642857142857,31.549295774647888,0.8729119254017652,0.14285714285714285,0.20073207911367105,2408,10.0,20.0
tgv_new_vs_drz,after,0.03180803571428571,31.438596491228072,0.9103875145242716,0.14285714285714285,0.20043839988598003,2458,10.0,20.0
tgv_new_vs_drz,after,0.031919642857142855,31.32867132867133,0.9041201101289487,0.14285714285714285,0.20063712367957884,2424,10.0,20.0
tgv_new_vs_drz,after,0.03203125,31.219512195121954,0.8843089111077759,0.14285714285714285,0.2004037543659979,2464,10.0,20.0
tgv_new_vs_drz,after,0.03214285714285714,31.111111111111114,0.8456951559888868,0.14285714285714285,0.2003233998560821,2478,10.0,20.0
tgv_new_vs_drz,after,0.03225446428571428,31.00346020761246,0.8045781342035537,0.14285714285714285,0.20075596447473562,2404,10.0,20.0
tgv_new_vs_drz,after,0.032366071428571425,30.896551724137936,0.8101877847407414,0.14285714285714285,0.2001759442030165,2504,10.0,20.0
tgv_new_vs_drz,after,0.03247767857142857,30.790378006872857,0.7914776012804257,0.14285714285714285,0.20011983450492699,2514,10.0,20.0
tgv_new_vs_drz,after,0.032589285714285716,30.684931506849313,0.7071245201337767,0.14285714285714285,0.20038072687575237,2468,10.0,20.0
tgv_new_vs_drz,after,0.03270089285714286,30.580204778156993,0.787008557851327,0.14285714285714285,0.20022107212707113,2496,10.0,20.0
tgv_new_vs_drz,after,0.0328125,30.476190476190474,0.8067130504700589,0.14285714285714285,0.1999424885446575,2546,10.0,20.0
tgv_new_vs_drz,after,0.032924107142857144,30.372881355932204,0.8159083618053153,0.14285714285714285,0.2003577547434476,2472,10.0,20.0
tgv_new_vs_drz,after,0.033035714285714286,30.27027027027027,0.7040989726717662,0.14285714285714285,0.19992055302869258,2550,10.0,20.0
tgv_new_vs_drz,after,0.03314732142857143,30.16835016835017,0.7523650219204814,0.14285714285714285,0.19982247206699402,2568,10.0,20.0
tgv_new_vs_drz,after,0.03325892857142857,30.06711409395973,0.8236880852207265,0.14285714285714285,0.20022107212707113,2496,10.0,20.0
tgv_new_vs_drz,after,0.033370535714285714,29.96655518394649,0.7053227910917612,0.14285714285714285,0.19981163721274517,2570,10.0,20.0
tgv_new_vs_drz,after,0.033482142857142856,29.866666666666667,0.715148431829747,0.14285714285714285,0.19969327465375333,2592,10.0,20.0
tgv_new_vs_drz,after,0.03359375,29.767441860465116,0.6662851607081324,0.14285714285714285,0.19999755197612662,2536,10.0,20.0
tgv_new_vs_drz,after,0.03370535714285714,29.668874172185433,0.5945657123375941,0.14285714285714285,0.19968258842376282,2594,10.0,20.0
tgv_new_vs_drz,after,0.033816964285714284,29.570957095709574,0.7107943685749495,0.14285714285714285,0.1997576502130963,2580,10.0,20.0
tgv_new_vs_drz,after,0.033928571428571426,29.47368421052632,0.8075836739382294,0.14285714285714285,0.19962934028121115,2604,10.0,20.0
tgv_new_vs_drz,after,0.03404017857142857,29.377049180327873,0.7636001526417568,0.14285714285714285,0.19970397313874927,2590,10.0,20.0
tgv_new_vs_drz,after,0.03415178571428571,29.28104575163399,0.6069904456772011,0.14285714285714285,0.1995447720660188,2620,10.0,20.0
tgv_new_vs_drz,after,0.03426339285714285,29.185667752443,0.7167744045195449,0.14285714285714285,0.1995869599845832,2612,10.0,20.0
tgv_new_vs_drz,after,0.034374999999999996,29.090909090909093,0.7390766108802874,0.14285714285714285,0.19953425497473404,2622,10.0,20.0
tgv_new_vs_drz,after,0.034486607142857145,28.996763754045304,0.6579367416987539,0.14285714285714285,0.19923435045727056,2680,10.0,20.0
tgv_new_vs_drz,after,0.03459821428571429,28.903225806451612,0.639396228747005,0.14285714285714285,0.19940897247414457,2646,10.0,20.0
tgv_new_vs_drz,after,0.03470982142857143,28.810289389067524,0.7006684637936925,0.14285714285714285,0.19948184772087152,2632,10.0,20.0
tgv_new_vs_drz,after,0.03482142857142857,28.717948717948715,0.6463595943463757,0.14285714285714285,0.19925472300409489,2676,10.0,20.0
tgv_new_vs_drz,after,0.034933035714285715,28.62619808306709,0.6064589384903409,0.14285714285714285,0.199163400800433,2694,10.0,20.0
tgv_new_vs_drz,after,0.03504464285714286,28.53503184713376,0.614985960201926,0.14285714285714285,0.19929560413957997,2668,10.0,20.0
tgv_new_vs_drz,after,0.03515625,28.444444444444443,0.6301049384282235,0.14285714285714285,0.19923435045727056,2680,10.0,20.0
tgv_new_vs_drz,after,0.03526785714285714,28.354430379746837,0.6672198726858973,0.14285714285714285,0.199163400800433,2694,10.0,20.0
tgv_new_vs_drz,after,0.035379464285714285,28.26498422712934,0.7571221883829694,0.14285714285714285,0.19903307957272984,2720,10.0,20.0
tgv_new_vs_drz,after,0.03549107142857143,28.17610062893082,0.7901433954659277,0.14285714285714285,0.19923435045727056,2680,10.0,20.0
tgv_new_vs_drz,after,0.03560267857142857,28.087774294670847,0.7298419508142704,0.14285714285714285,0.1987296503731864,2782,10.0,20.0
tgv_new_vs_drz,after,0.03571428571428571,28.0,0.6286519652360063,0.14285714285714285,0.19919374056785832,2688,10.0,20.0
tgv_new_vs_drz,after,0.035825892857142855,27.912772585669785,0.568659308163762,0.14285714285714285,0.19897355378849282,2732,10.0,20.0
tgv_new_vs_drz,after,0.0359375,27.826086956521742,0.6158826626189323,0.14285714285714285,0.19863390479962775,2802,10.0,20.0
tgv_new_vs_drz,after,0.03604910714285714,27.73993808049536,0.5409526456275722,0.14285714285714285,0.19893408530849774,2740,10.0,20.0
tgv_new_vs_drz,after,0.03616071428571428,27.654320987654323,0.5401076985633827,0.14285714285714285,0.1989636705837003,2734,10.0,20.0
tgv_new_vs_drz,after,0.036272321428571425,27.56923076923077,0.477912027523401,0.14285714285714285,0.1987779076146052,2772,10.0,20.0
tgv_new_vs_drz,after,0.03638392857142857,27.48466257668712,0.4832827230987792,0.14285714285714285,0.1985674850051077,2816,10.0,20.0
tgv_new_vs_drz,after,0.036495535714285716,27.400611620795104,0.5807976732095288,0.14285714285714285,0.19880698630805718,2766,10.0,20.0
tgv_new_vs_drz,after,0.03660714285714286,27.317073170731707,0.5814499222567012,0.14285714285714285,0.19847344616835114,2836,10.0,20.0
tgv_new_vs_drz,after,0.03671875,27.23404255319149,0.6102673242439156,0.14285714285714285,0.1985674850051077,2816,10.0,20.0
tgv_new_vs_drz,after,0.036830357142857144,27.151515151515152,0.5951931146715896,0.14285714285714285,0.1987296503731864,2782,10.0,20.0
tgv_new_vs_drz,after,0.036941964285714286,27.069486404833835,0.5207539381521149,0.14285714285714285,0.1983434350217766,2864,10.0,20.0
tgv_new_vs_drz,after,0.03705357142857143,26.987951807228917,0.5418797222190056,0.14285714285714285,0.19852975072299847,2824,10.0,20.0
tgv_new_vs_drz,after,0.03716517857142857,26.906906906906908,0.5511596071721059,0.14285714285714285,0.19837113512849097,2858,10.0,20.0
tgv_new_vs_drz,after,0.037276785714285714,26.826347305389223,0.42814518053880335,0.14285714285714285,0.19847344616835114,2836,10.0,20.0
tgv_new_vs_drz,after,0.037388392857142856,26.746268656716417,0.5147606514949292,0.14285714285714285,0.1984547565946868,2840,10.0,20.0
tgv_new_vs_drz,after,0.0375,26.666666666666668,0.45257405059184513,0.14285714285714285,0.19818808118118406,2898,10.0,20.0
tgv_new_vs_drz,after,0.03761160714285714,26.587537091988132,0.545059365062646,0.14285714285714285,0.19843610609789097,2844,10.0,20.0
tgv_new_vs_drz,after,0.037723214285714284,26.50887573964497,0.5161624558262232,0.14285714285714285,0.19795564920134207,2950,10.0,20.0
tgv_new_vs_drz,after,0.037834821428571426,26.4306784660767,0.46937248176682356,0.14285714285714285,0.19830663541185475,2872,10.0,20.0
tgv_new_vs_drz,after,0.03794642857142857,26.35294117647059,0.45662712826257573,0.14285714285714285,0.1982882926807455,2876,10.0,20.0
tgv_new_vs_drz,after,0.03805803571428571,26.275659824046922,0.38726626331613595,0.14285714285714285,0.19802651424106882,2934,10.0,20.0
tgv_new_vs_drz,after,0.03816964285714285,26.198830409356727,0.4080041980005184,0.14285714285714285,0.1981069271457448,2916,10.0,20.0
tgv_new_vs_drz,after,0.038281249999999996,26.12244897959184,0.37103839223545637,0.14285714285714285,0.1982152991985056,2892,10.0,20.0
tgv_new_vs_drz,after,0.03839285714285714,26.04651162790698,0.34712796456598266,0.14285714285714285,0.19793802214251247,2954,10.0,20.0
tgv_new_vs_drz,after,0.03850446428571429,25.97101449275362,0.44646122609729505,0.14285714285714285,0.19782430484837527,2980,10.0,20.0
tgv_new_vs_drz,after,0.03861607142857143,25.89595375722543,0.45763234321330937,0.14285714285714285,0.19825172071105046,2884,10.0,20.0
tgv_new_vs_drz,after,0.03872767857142857,25.821325648414984,0.30194910789732243,0.14285714285714285,0.1978156184587228,2982,10.0,20.0
tgv_new_vs_drz,after,0.038839285714285715,25.74712643678161,0.3075840586492653,0.14285714285714285,0.19760123472388125,3032,10.0,20.0
tgv_new_vs_drz,after,0.03895089285714286,25.673352435530084,0.33014405838890937,0.14285714285714285,0.1981609467848357,2904,10.0,20.0
tgv_new_vs_drz,after,0.0390625,25.6,0.4278033431978107,0.14285714285714285,0.1975253385684874,3050,10.0,20.0
tgv_new_vs_drz,after,0.03917410714285714,25.527065527065528,0.40447919325560766,0.14285714285714285,0.19784170365088652,2976,10.0,20.0
tgv_new_vs_drz,after,0.039285714285714285,25.454545454545457,0.23382135745869378,0.14285714285714285,0.1976097089758139,3030,10.0,20.0
tgv_new_vs_drz,after,0.03939732142857143,25.38243626062323,0.29069122303495665,0.14285714285714285,0.1977550552720954,2996,10.0,20.0
tgv_new_vs_drz,after,0.03950892857142857,25.310734463276837,0.2510405465549457,0.14285714285714285,0.19765220529146557,3020,10.0,20.0
tgv_new_vs_drz,after,0.03962053571428571,25.23943661971831,0.31927340462964293,0.14285714285714285,0.1975085631250675,3054,10.0,20.0
tgv_new_vs_drz,after,0.039732142857142855,25.168539325842698,0.3329220739333276,0.14285714285714285,0.19770347780800562,3008,10.0,20.0
tgv_new_vs_drz,after,0.03984375,25.098039215686278,0.453719761500104,0.14285714285714285,0.19743347590385044,3072,10.0,20.0
tgv_new_vs_drz,after,0.03995535714285714,25.027932960893857,0.3797603196455809,0.14285714285714285,0.19739204277139769,3082,10.0,20.0
tgv_new_vs_drz,after,0.04006696428571428,24.95821727019499,0.35848013987931643,0.14285714285714285,0.1976692624332035,3016,10.0,20.0
tgv_new_vs_drz,after,0.040178571428571425,24.888888888888893,0.40587027619490634,0.14285714285714285,0.19731796447605393,3100,10.0,20.0
tgv_new_vs_drz,after,0.04029017857142857,24.81994459833795,0.4787882713500207,0.14285714285714285,0.1974251732503782,3074,10.0,20.0
tgv_new_vs_drz,after,0.040401785714285716,24.75138121546961,0.4354632097600003,0.14285714285714285,0.19745010534200189,3068,10.0,20.0
tgv_new_vs_drz,after,0.04051339285714286,24.683195592286502,0.31257886575572796,0.14285714285714285,0.19736727869292328,3088,10.0,20.0
tgv_new_vs_drz,after,0.040625,24.615384615384613,0.30122034710474715,0.14285714285714285,0.1970358524551192,3170,10.0,20.0
tgv_new_vs_drz,after,0.040736607142857144,24.54794520547945,0.3362871288516534,0.14285714285714285,0.197483461108339,3060,10.0,20.0
tgv_new_vs_drz,after,0.040848214285714286,24.48087431693989,0.29719628875017057,0.14285714285714285,0.19717976864090656,3134,10.0,20.0
tgv_new_vs_drz,after,0.04095982142857143,24.4141689373297,0.24433138374992774,0.14285714285714285,0.19701210252814472,3176,10.0,20.0
tgv_new_vs_drz,after,0.04107142857142857,24.347826086956523,0.2816292271857012,0.14285714285714285,0.19738378012086183,3084,10.0,20.0
tgv_new_vs_drz,after,0.041183035714285714,24.281842818428185,0.32487412533358706,0.14285714285714285,0.19695694455425367,3190,10.0,20.0
tgv_new_vs_drz,after,0.041294642857142856,24.216216216216218,0.4881550829218629,0.14285714285714285,0.1970755845534379,3160,10.0,20.0
tgv_new_vs_drz,after,0.04140625,24.150943396226417,0.361912497612327,0.14285714285714285,0.1970755845534379,3160,10.0,20.0
tgv_new_vs_drz,after,0.04151785714285714,24.086021505376344,0.41779594178844,0.14285714285714285,0.19706762319057258,3162,10.0,20.0
tgv_new_vs_drz,after,0.041629464285714284,24.021447721179626,0.43136223001918994,0.14285714285714285,0.19698053952908048,3184,10.0,20.0
tgv_new_vs_drz,after,0.041741071428571426,23.9572192513369,0.3879535523078894,0.14285714285714285,0.19696480220931625,3188,10.0,20.0
tgv_new_vs_drz,after,0.04185267857142857,23.893333333333334,0.3643973643564229,0.14285714285714285,0.19690995197425074,3202,10.0,20.0
tgv_new_vs_drz,after,0.04196428571428571,23.829787234042556,0.24605568835221484,0.14285714285714285,0.1966864592271897,3260,10.0,20.0
tgv_new_vs_drz,after,0.04207589285714285,23.766578249336874,0.21358764575115438,0.14285714285714285,0.19691776587158633,3200,10.0,20.0
tgv_new_vs_drz,after,0.042187499999999996,23.703703703703706,0.24351301592140454,0.14285714285714285,0.19692558703358493,3198,10.0,20.0
tgv_new_vs_drz,after,0.04229910714285714,23.641160949868077,0.2533129052996172,0.14285714285714285,0.19662584390434415,3276,10.0,20.0
tgv_new_vs_drz,after,0.04241071428571429,23.57894736842105,0.2751264673138546,0.14285714285714285,0.1967398616607217,3246,10.0,20.0
tgv_new_vs_drz,after,0.04252232142857143,23.517060367454068,0.2736535739926324,0.14285714285714285,0.1969334154715303,3196,10.0,20.0
tgv_new_vs_drz,after,0.04263392857142857,23.455497382198953,0.2605071882547354,0.14285714285714285,0.19662584390434415,3276,10.0,20.0
tgv_new_vs_drz,after,0.042745535714285715,23.39425587467363,0.35030362893562134,0.14285714285714285,0.19658818240465054,3286,10.0,20.0
tgv_new_vs_drz,after,0.04285714285714286,23.333333333333332,0.35535488772153634,0.14285714285714285,0.19656566720869945,3292,10.0,20.0
tgv_new_vs_drz,after,0.04296875,23.272727272727273,0.31493963720458096,0.14285714285714285,0.19674751854137398,3244,10.0,20.0
tgv_new_vs_drz,after,0.04308035714285714,23.212435233160623,0.35190689110627404,0.14285714285714285,0.19627841680223054,3370,10.0,20.0
tgv_new_vs_drz,after,0.043191964285714285,23.152454780361758,0.2702170812987057,0.14285714285714285,0.19665609640424975,3268,10.0,20.0
tgv_new_vs_drz,after,0.04330357142857143,23.09278350515464,0.26725619194427275,0.14285714285714285,0.1965506909503124,3296,10.0,20.0
tgv_new_vs_drz,after,0.04341517857142857,23.033419023136247,0.19436360521939458,0.14285714285714285,0.19635112163071453,3350,10.0,20.0
tgv_new_vs_drz,after,0.04352678571428571,22.974358974358974,0.2059821559578105,0.14285714285714285,0.19649105513285683,3312,10.0,20.0
tgv_new_vs_drz,after,0.043638392857142855,22.915601023017903,0.1954941963637024,0.14285714285714285,0.1965506909503124,3296,10.0,20.0
tgv_new_vs_drz,after,0.04375,22.857142857142858,0.21635025606077002,0.14285714285714285,0.19620635084804425,3390,10.0,20.0
tgv_new_vs_drz,after,0.04386160714285714,22.798982188295167,0.1450522686324694,0.14285714285714285,0.19627118161272125,3372,10.0,20.0
tgv_new_vs_drz,after,0.04397321428571428,22.741116751269036,0.1873076610609264,0.14285714285714285,0.19639505513636507,3338,10.0,20.0
tgv_new_vs_drz,after,0.044084821428571425,22.683544303797472,0.19250259350990578,0.14285714285714285,0.19614203002159336,3408,10.0,20.0
tgv_new_vs_drz,after,0.04419642857142857,22.62626262626263,0.16736624958838414,0.14285714285714285,0.19628565838032241,3368,10.0,20.0
tgv_new_vs_drz,after,0.04430803571428571,22.569269521410583,0.2524242015031667,0.14285714285714285,0.19630742154042707,3362,10.0,20.0
tgv_new_vs_drz,after,0.04441964285714286,22.51256281407035,0.347171149649063,0.14285714285714285,0.19604297333067175,3436,10.0,20.0
tgv_new_vs_drz,after,0.04453125,22.45614035087719,0.273974051309724,0.14285714285714285,0.19624230455271754,3380,10.0,20.0
tgv_new_vs_drz,after,0.044642857142857144,22.4,0.1848227160352736,0.14285714285714285,0.19616341405099993,3402,10.0,20.0
tgv_new_vs_drz,after,0.044754464285714286,22.34413965087282,0.17938061489946586,0.14285714285714285,0.19608527866196232,3424,10.0,20.0
tgv_new_vs_drz,after,0.04486607142857143,22.28855721393035,0.19112153606721347,0.14285714285714285,0.19608527866196232,3424,10.0,20.0
tgv_new_vs_drz,after,0.04497767857142857,22.233250620347395,0.16572109697783316,0.14285714285714285,0.19586903899227384,3486,10.0,20.0
tgv_new_vs_drz,after,0.045089285714285714,22.17821782178218,0.15508278174781973,0.14285714285714285,0.19609942947499998,3420,10.0,20.0
tgv_new_vs_drz,after,0.045200892857142856,22.123456790123456,0.19149380479543057,0.14285714285714285,0.19598690683769954,3452,10.0,20.0
tgv_new_vs_drz,after,0.0453125,22.06896551724138,0.18160299912968403,0.14285714285714285,0.19578686266146458,3510,10.0,20.0
tgv_new_vs_drz,after,0.04542410714285714,22.014742014742016,0.2111267875774958,0.14285714285714285,0.195959018311031,3460,10.0,20.0
tgv_new_vs_drz,after,0.045535714285714284,21.96078431372549,0.21745950025605776,0.14285714285714285,0.1959242922263356,3470,10.0,20.0
tgv_new_vs_drz,after,0.045647321428571426,21.90709046454768,0.17879495862341366,0.14285714285714285,0.1959312255268662,3468,10.0,20.0
tgv_new_vs_drz,after,0.04575892857142857,21.853658536585368,0.19256337036911758,0.14285714285714285,0.19578005236369755,3512,10.0,20.0
tgv_new_vs_drz,after,0.04587053571428571,21.800486618004868,0.1790176513777918,0.14285714285714285,0.1957460872064342,3522,10.0,20.0
tgv_new_vs_drz,after,0.04598214285714285,21.74757281553398,0.1743722508846994,0.14285714285714285,0.19567186631260183,3544,10.0,20.0
tgv_new_vs_drz,after,0.046093749999999996,21.69491525423729,0.19011802686831447,0.14285714285714285,0.19601489165878555,3444,10.0,20.0
tgv_new_vs_drz,after,0.04620535714285714,21.64251207729469,0.18896305145772452,0.14285714285714285,0.19554526746979894,3582,10.0,20.0
tgv_new_vs_drz,after,0.04631696428571429,21.59036144578313,0.18495347338819232,0.14285714285714285,0.19557838863500912,3572,10.0,20.0
tgv_new_vs_drz,after,0.04642857142857143,21.538461538461537,0.21954334551910498,0.14285714285714285,0.19587592500046092,3484,10.0,20.0
tgv_new_vs_drz,after,0.04654017857142857,21.48681055155875,0.23140165163882595,0.14285714285714285,0.19536229896004664,3638,10.0,20.0
tgv_new_vs_drz,after,0.046651785714285715,21.43540669856459,0.21269649031704174,0.14285714285714285,0.19572577688551,3528,10.0,20.0
tgv_new_vs_drz,after,0.04676339285714286,21.384248210023866,0.13158202520772264,0.14285714285714285,0.19565844520659162,3548,10.0,20.0
tgv_new_vs_drz,after,0.046875,21.333333333333332,0.14294171648418538,0.14285714285714285,0.19540115234939126,3626,10.0,20.0
tgv_new_vs_drz,after,0.04698660714285714,21.282660332541568,0.14876996361731032,0.14285714285714285,0.19544672377293545,3612,10.0,20.0
tgv_new_vs_drz,after,0.047098214285714285,21.232227488151658,0.15178704464332296,0.14285714285714285,0.1954663349047849,3606,10.0,20.0
tgv_new_vs_drz,after,0.04720982142857143,21.182033096926716,0.15510937810256212,0.14285714285714285,0.1955651236363731,3576,10.0,20.0
tgv_new_vs_drz,after,0.04732142857142857,21.132075471698116,0.16497876194481947,0.14285714285714285,0.19534294368347277,3644,10.0,20.0
tgv_new_vs_drz,after,0.04743303571428571,21.08235294117647,0.10307345440006425,0.14285714285714285,0.19537522888070752,3634,10.0,20.0
tgv_new_vs_drz,after,0.047544642857142855,21.03286384976526,0.11757440223229541,0.14285714285714285,0.19549912822785603,3596,10.0,20.0
tgv_new_vs_drz,after,0.04765625,20.98360655737705,0.16130717655957785,0.14285714285714285,0.19527876700452393,3664,10.0,20.0
tgv_new_vs_drz,after,0.04776785714285714,20.93457943925234,0.13187599104205597,0.14285714285714285,0.19536229896004664,3638,10.0,20.0
tgv_new_vs_drz,after,0.04787946428571428,20.88578088578089,0.12204097001858714,0.14285714285714285,0.1952532420597071,3672,10.0,20.0
tgv_new_vs_drz,after,0.047991071428571425,20.837209302325583,0.10989409703110666,0.14285714285714285,0.19534294368347277,3644,10.0,20.0
tgv_new_vs_drz,after,0.04810267857142857,20.788863109048727,0.15223811310953503,0.14285714285714285,0.1950209946989822,3746,10.0,20.0
tgv_new_vs_drz,after,0.04821428571428571,20.740740740740744,0.11569678404366944,0.14285714285714285,0.19530437499553316,3656,10.0,20.0
tgv_new_vs_drz,after,0.04832589285714286,20.69284064665127,0.10895152473155509,0.14285714285714285,0.19526599417946083,3668,10.0,20.0
tgv_new_vs_drz,after,0.0484375,20.64516129032258,0.05958944054920808,0.14285714285714285,0.19493488938335007,3774,10.0,20.0
tgv_new_vs_drz,after,0.048549107142857144,20.597701149425287,0.08932760669211462,0.14285714285714285,0.19539466351065476,3628,10.0,20.0
tgv_new_vs_drz,after,0.048660714285714286,20.55045871559633,0.09476786188221792,0.14285714285714285,0.19489827749225433,3786,10.0,20.0
tgv_new_vs_drz,after,0.04877232142857143,20.503432494279178,0.0842566279939704,0.14285714285714285,0.19506440733704855,3732,10.0,20.0
tgv_new_vs_drz,after,0.04888392857142857,20.45662100456621,0.08649443817966386,0.14285714285714285,0.19518979008893414,3692,10.0,20.0
tgv_new_vs_drz,after,0.048995535714285714,20.41002277904328,0.06533754258067316,0.14285714285714285,0.19491046224945754,3782,10.0,20.0
tgv_new_vs_drz,after,0.049107142857142856,20.363636363636363,0.058145118140126316,0.14285714285714285,0.19500246310468877,3752,10.0,20.0
tgv_new_vs_drz,after,0.04921875,20.317460317460316,0.05846587683892667,0.14285714285714285,0.19499013318559666,3756,10.0,20.0
tgv_new_vs_drz,after,0.04933035714285714,20.271493212669682,0.0356274926723287,0.14285714285714285,0.1948739653457362,3794,10.0,20.0
tgv_new_vs_drz,after,0.049441964285714284,20.225733634311513,0.050106531009482126,0.14285714285714285,0.19488003622703962,3792,10.0,20.0
tgv_new_vs_drz,after,0.049553571428571426,20.18018018018018,0.033416189542388855,0.14285714285714285,0.19489219229404334,3788,10.0,20.0
tgv_new_vs_drz,after,0.04966517857142857,20.134831460674157,0.029297164508220945,0.14285714285714285,0.1950209946989822,3746,10.0,20.0
tgv_new_vs_drz,after,0.04977678571428571,20.08968609865471,0.04066260363699734,0.14285714285714285,0.19475951592150462,3832,10.0,20.0
tgv_new_vs_drz,after,0.04988839285714285,20.04474272930649,0.015716097189293475,0.14285714285714285,0.19485578123579675,3800,10.0,20.0
tgv_new_vs_drz,after,0.049999999999999996,20.0,0.7170046117033072,0.14285714285714285,0.8417399583909729,2,10.0,20.0
maptv_new_vs_drz,before,0.0,inf,0.7133055703235932,0.14285714285714285,0.7560610050770457,3,10.0,20.0
maptv_new_vs_drz,before,0.00011160714285714285,8960.0,0.9480139498171007,0.14285714285714285,0.5160568456025979,12,10.0,20.0
maptv_new_vs_drz,before,0.0002232142857142857,4480.0,0.8674113737645028,0.14285714285714285,0.43846389609946435,22,10.0,20.0
maptv_new_vs_drz,before,0.0003348214285714286,2986.6666666666665,0.9666292028766266,0.14285714285714285,0.41192739958594665,28,10.0,20.0
maptv_new_vs_drz,before,0.0004464285714285714,2240.0,0.9750271179271631,0.14285714285714285,0.37684928940895107,40,10.0,20.0
maptv_new_vs_drz,before,0.0005580357142857143,1792.0,0.9894037456731095,0.14285714285714285,0.3572655453148874,50,10.0,20.0
maptv_new_vs_drz,before,0.0006696428571428571,1493.3333333333333,0.993770318738934,0.14285714285714285,0.3607189084162777,48,10.0,20.0
maptv_new_vs_drz,before,0.0007812499999999999,1280.0,0.9945208483437196,0.14285714285714285,0.33301944154606616,68,10.0,20.0
maptv_new_vs_drz,before,0.0008928571428571428,1120.0,0.9954650202741585,0.14285714285714285,0.3308883459615167,70,10.0,20.0
maptv_new_vs_drz,before,0.0010044642857142856,995.5555555555557,0.9981149996498188,0.14285714285714285,0.32498105977643776,76,10.0,20.0
maptv_new_vs_drz,before,0.0011160714285714285,896.0,0.9986639075672843,0.14285714285714285,0.3120228149867766,92,10.0,20.0
maptv_new_vs_drz,before,0.0012276785714285714,814.5454545454546,0.9988217841393225,0.14285714285714285,0.30307454563671804,106,10.0,20.0
maptv_new_vs_drz,before,0.0013392857142857143,746.6666666666666,0.999469476772925,0.14285714285714285,0.309276869488276,96,10.0,20.0
maptv_new_vs_drz,before,0.0014508928571428572,689.2307692307692,0.9993510748587962,0.14285714285714285,0.297657677511583,116,10.0,20.0
maptv_new_vs_drz,before,0.0015624999999999999,640.0,0.9995728174760451,0.14285714285714285,0.28942028891226607,134,10.0,20.0
maptv_new_vs_drz,before,0.0016741071428571428,597.3333333333334,0.9993059301504628,0.14285714285714285,0.2956748612128594,120,10.0,20.0
maptv_new_vs_drz,before,0.0017857142857142857,560.0,0.9995314100822957,0.14285714285714285,0.28476380812712476,146,10.0,20.0
maptv_new_vs_drz,before,0.0018973214285714286,527.0588235294118,0.9997008773581849,0.14285714285714285,0.2812856424436456,156,10.0,20.0
maptv_new_vs_drz,before,0.0020089285714285712,497.7777777777778,0.9998585902842799,0.14285714285714285,0.28702018719502587,140,10.0,20.0
maptv_new_vs_drz,before,0.002120535714285714,471.5789473684211,0.9998190544112158,0.14285714285714285,0.2757709533720164,174,10.0,20.0
maptv_new_vs_drz,before,0.002232142857142857,448.0,0.9998752636093774,0.14285714285714285,0.27520913338899333,176,10.0,20.0
maptv_new_vs_drz,before,0.00234375,426.6666666666667,0.9998841733133512,0.14285714285714285,0.273051000260408,184,10.0,20.0
maptv_new_vs_drz,before,0.002455357142857143,407.2727272727273,0.9999067234068004,0.14285714285714285,0.2705369635786124,194,10.0,20.0
maptv_new_vs_drz,before,0.0025669642857142857,389.5652173913044,0.999924416242531,0.14285714285714285,0.269116846861646,200,10.0,20.0
maptv_new_vs_drz,before,0.0026785714285714286,373.3333333333333,0.9999392091837475,0.14285714285714285,0.26731663903915925,208,10.0,20.0
maptv_new_vs_drz,before,0.0027901785714285715,358.4,0.9999347274630879,0.14285714285714285,0.2668822084027434,210,10.0,20.0
maptv_new_vs_drz,before,0.0029017857142857144,344.6153846153846,0.9999486621962893,0.14285714285714285,0.26173150991010213,236,10.0,20.0
maptv_new_vs_drz,before,0.003013392857142857,331.8518518518519,0.9999703123226162,0.14285714285714285,0.2632250986856457,228,10.0,20.0
maptv_new_vs_drz,before,0.0031249999999999997,320.0,0.9999699442516425,0.14285714285714285,0.2613695641695868,238,10.0,20.0
maptv_new_vs_drz,before,0.0032366071428571426,308.96551724137936,0.9999792114393965,0.14285714285714285,0.2576597972433477,260,10.0,20.0
maptv_new_vs_drz,before,0.0033482142857142855,298.6666666666667,0.9999850793966405,0.14285714285714285,0.2586250244740691,254,10.0,20.0
maptv_new_vs_drz,before,0.0034598214285714284,289.03225806451616,0.9999897147074124,0.14285714285714285,0.25523709705862524,276,10.0,20.0
maptv_new_vs_drz,before,0.0035714285714285713,280.0,0.9999912996526036,0.14285714285714285,0.25582326430374547,272,10.0,20.0
maptv_new_vs_drz,before,0.003683035714285714,271.5151515151515,0.99999307465045,0.14285714285714285,0.2527449491574839,294,10.0,20.0
maptv_new_vs_drz,before,0.003794642857142857,263.5294117647059,0.9999950238658555,0.14285714285714285,0.25410107451462977,284,10.0,20.0
maptv_new_vs_drz,before,0.00390625,256.0,0.9999944108724107,0.14285714285714285,0.2514544516681247,304,10.0,20.0
maptv_new_vs_drz,before,0.0040178571428571425,248.8888888888889,0.9999958924846709,0.14285714285714285,0.24928083583453234,322,10.0,20.0
maptv_new_vs_drz,before,0.004129464285714286,242.16216216216216,0.9999963899541601,0.14285714285714285,0.2514544516681247,304,10.0,20.0
maptv_new_vs_drz,before,0.004241071428571428,235.78947368421055,0.9999962511527054,0.14285714285714285,0.24905026945843273,324,10.0,20.0
maptv_new_vs_drz,before,0.004352678571428572,229.74358974358972,0.9999960019516647,0.14285714285714285,0.24582376798178943,354,10.0,20.0
maptv_new_vs_drz,before,0.004464285714285714,224.0,0.9999971528463205,0.14285714285714285,0.24770924671322134,336,10.0,20.0
maptv_new_vs_drz,before,0.004575892857142857,218.53658536585365,0.9999937763908938,0.14285714285714285,0.24643640318775006,348,10.0,20.0
maptv_new_vs_drz,before,0.0046875,213.33333333333334,0.9999924849889339,0.14285714285714285,0.24426173259637654,370,10.0,20.0
maptv_new_vs_drz,before,0.004799107142857142,208.37209302325584,0.9999966122149354,0.14285714285714285,0.24407341871811294,372,10.0,20.0
maptv_new_vs_drz,before,0.004910714285714286,203.63636363636365,0.9999961502801622,0.14285714285714285,0.24388657961491628,374,10.0,20.0
maptv_new_vs_drz,before,0.005022321428571428,199.11111111111114,0.9999959061408359,0.14285714285714285,0.24124866466885456,404,10.0,20.0
maptv_new_vs_drz,before,0.005133928571428571,194.7826086956522,0.9999978636969165,0.14285714285714285,0.24226832878047586,392,10.0,20.0
maptv_new_vs_drz,before,0.005245535714285714,190.63829787234044,0.9999980551339823,0.14285714285714285,0.2427954615022515,386,10.0,20.0
maptv_new_vs_drz,before,0.005357142857142857,186.66666666666666,0.9999973766168432,0.14285714285714285,0.23964416299559071,424,10.0,20.0
maptv_new_vs_drz,before,0.00546875,182.85714285714286,0.9999948885811405,0.14285714285714285,0.24027239659586974,416,10.0,20.0
maptv_new_vs_drz,before,0.005580357142857143,179.2,0.9999922142206736,0.14285714285714285,0.2388828626474958,434,10.0,20.0
maptv_new_vs_drz,before,0.0056919642857142854,175.68627450980392,0.9999931164119136,0.14285714285714285,0.2384383044776066,440,10.0,20.0
maptv_new_vs_drz,before,0.005803571428571429,172.3076923076923,0.9999947109319508,0.14285714285714285,0.23757528612232023,452,10.0,20.0
maptv_new_vs_drz,before,0.005915178571428571,169.05660377358492,0.9999884143280683,0.14285714285714285,0.23688135961430892,462,10.0,20.0
maptv_new_vs_drz,before,0.006026785714285714,165.92592592592595,0.9999895121575492,0.14285714285714285,0.23785919155913984,448,10.0,20.0
maptv_new_vs_drz,before,0.006138392857142857,162.9090909090909,0.9999905483217503,0.14285714285714285,0.23517586182327832,488,10.0,20.0
maptv_new_vs_drz,before,0.0062499999999999995,160.0,0.999993954351935,0.14285714285714285,0.23607716377209612,474,10.0,20.0
maptv_new_vs_drz,before,0.006361607142857143,157.19298245614036,0.999994182222842,0.14285714285714285,0.23568617177506457,480,10.0,20.0
maptv_new_vs_drz,before,0.006473214285714285,154.48275862068968,0.9999911379908388,0.14285714285714285,0.23359868826190747,514,10.0,20.0
maptv_new_vs_drz,before,0.006584821428571429,151.864406779661,0.9999786322958788,0.14285714285714285,0.23348222347930858,516,10.0,20.0
maptv_new_vs_drz,before,0.006696428571428571,149.33333333333334,0.99998738749286,0.14285714285714285,0.23467767886949623,496,10.0,20.0
maptv_new_vs_drz,before,0.006808035714285714,146.88524590163934,0.9999898982172023,0.14285714285714285,0.23246304055541317,534,10.0,20.0
maptv_new_vs_drz,before,0.006919642857142857,144.51612903225808,0.9999919477162774,0.14285714285714285,0.23191835858106052,544,10.0,20.0
maptv_new_vs_drz,before,0.00703125,142.22222222222223,0.9999907134250976,0.14285714285714285,0.23348222347930858,516,10.0,20.0
maptv_new_vs_drz,before,0.007142857142857143,140.0,0.9999904367661442,0.14285714285714285,0.23118003674182988,558,10.0,20.0
maptv_new_vs_drz,before,0.007254464285714285,137.84615384615387,0.9999920838649184,0.14285714285714285,0.23066911942921098,568,10.0,20.0
maptv_new_vs_drz,before,0.007366071428571428,135.75757575757575,0.9999935126285276,0.14285714285714285,0.23257377696061368,532,10.0,20.0
maptv_new_vs_drz,before,0.007477678571428571,133.7313432835821,0.9999845679504669,0.14285714285714285,0.22865956785210217,610,10.0,20.0
maptv_new_vs_drz,before,0.007589285714285714,131.76470588235296,0.9999705627851205,0.14285714285714285,0.2300731936178756,580,10.0,20.0
maptv_new_vs_drz,before,0.007700892857142857,129.85507246376812,0.9999821889328048,0.14285714285714285,0.22987856279938831,584,10.0,20.0
maptv_new_vs_drz,before,0.0078125,128.0,0.9999711156785951,0.14285714285714285,0.22847879956174852,614,10.0,20.0
maptv_new_vs_drz,before,0.007924107142857142,126.19718309859155,0.9999813300302759,0.14285714285714285,0.22856896654528058,612,10.0,20.0
maptv_new_vs_drz,before,0.008035714285714285,124.44444444444446,0.9999805831857561,0.14285714285714285,0.22794672665157004,626,10.0,20.0
maptv_new_vs_drz,before,0.008147321428571429,122.73972602739725,0.9999632411075193,0.14285714285714285,0.22856896654528058,612,10.0,20.0
maptv_new_vs_drz,before,0.008258928571428572,121.08108108108108,0.9999737057817643,0.14285714285714285,0.22751466188342373,636,10.0,20.0
maptv_new_vs_drz,before,0.008370535714285714,119.46666666666667,0.9999764492415812,0.14285714285714285,0.22709247611069447,646,10.0,20.0
maptv_new_vs_drz,before,0.008482142857142856,117.89473684210527,0.9999837026440839,0.14285714285714285,0.2270091913293758,648,10.0,20.0
maptv_new_vs_drz,before,0.008593749999999999,116.36363636363637,0.9999795343718583,0.14285714285714285,0.22684375089361272,652,10.0,20.0
maptv_new_vs_drz,before,0.008705357142857143,114.87179487179486,0.9999775065270049,0.14285714285714285,0.22580365493397495,678,10.0,20.0
maptv_new_vs_drz,before,0.008816964285714286,113.41772151898735,0.999972528587872,0.14285714285714285,0.22572608133433805,680,10.0,20.0
maptv_new_vs_drz,before,0.008928571428571428,112.0,0.9999802473205991,0.14285714285714285,0.22572608133433805,680,10.0,20.0
maptv_new_vs_drz,before,0.00904017857142857,110.61728395061729,0.9999602445340531,0.14285714285714285,0.2247472633332211,706,10.0,20.0
maptv_new_vs_drz,before,0.009151785714285715,109.26829268292683,0.9999658554374378,0.14285714285714285,0.2252675931499613,692,10.0,20.0
maptv_new_vs_drz,before,0.009263392857142857,107.95180722891567,0.9999504631648424,0.14285714285714285,0.22511735629687746,696,10.0,20.0
maptv_new_vs_drz,before,0.009375,106.66666666666667,0.9999588650746842,0.14285714285714285,0.22347634762040358,742,10.0,20.0
maptv_new_vs_drz,before,0.009486607142857142,105.41176470588236,0.9999569333674923,0.14285714285714285,0.22467416992987052,708,10.0,20.0
maptv_new_vs_drz,before,0.009598214285714285,104.18604651162792,0.9999438158052198,0.14285714285714285,0.22280884262303868,762,10.0,20.0
maptv_new_vs_drz,before,0.009709821428571429,102.98850574712644,0.9998782256081752,0.14285714285714285,0.22368179007692848,736,10.0,20.0
maptv_new_vs_drz,before,0.009821428571428571,101.81818181818183,0.9998599687305247,0.14285714285714285,0.22287442635809016,760,10.0,20.0
maptv_new_vs_drz,before,0.009933035714285714,100.67415730337079,0.9999384982124423,0.14285714285714285,0.22229315058834048,778,10.0,20.0
maptv_new_vs_drz,before,0.010044642857142856,99.55555555555557,0.9999600797328926,0.14285714285714285,0.22261360373636063,768,10.0,20.0
maptv_new_vs_drz,before,0.01015625,98.46153846153845,0.9999475853701439,0.14285714285714285,0.22287442635809016,760,10.0,20.0
maptv_new_vs_drz,before,0.010267857142857143,97.3913043478261,0.9999320827989495,0.14285714285714285,0.22191652760781277,790,10.0,20.0
maptv_new_vs_drz,before,0.010379464285714285,96.34408602150538,0.9999347474659741,0.14285714285714285,0.2212474895498582,812,10.0,20.0
maptv_new_vs_drz,before,0.010491071428571428,95.31914893617022,0.9999474545042089,0.14285714285714285,0.2214876516950723,804,10.0,20.0
maptv_new_vs_drz,before,0.010602678571428572,94.3157894736842,0.9999352613864626,0.14285714285714285,0.22130720212890542,810,10.0,20.0
maptv_new_vs_drz,before,0.010714285714285714,93.33333333333333,0.9999461785737406,0.14285714285714285,0.2206620549790673,832,10.0,20.0
maptv_new_vs_drz,before,0.010825892857142857,92.37113402061856,0.9999479408877595,0.14285714285714285,0.2216090580540805,800,10.0,20.0
maptv_new_vs_drz,before,0.0109375,91.42857142857143,0.9999528003470164,0.14285714285714285,0.2198217694523472,862,10.0,20.0
maptv_new_vs_drz,before,0.011049107142857142,90.50505050505052,0.9999505036898672,0.14285714285714285,0.22020844574520457,848,10.0,20.0
maptv_new_vs_drz,before,0.011160714285714286,89.6,0.9999087656973785,0.14285714285714285,0.21928516426814687,882,10.0,20.0
maptv_new_vs_drz,before,0.011272321428571428,88.71287128712872,0.9998666553159076,0.14285714285714285,0.22077747178815657,828,10.0,20.0
maptv_new_vs_drz,before,0.011383928571428571,87.84313725490196,0.9998893007366977,0.14285714285714285,0.21955119748619267,872,10.0,20.0
maptv_new_vs_drz,before,0.011495535714285713,86.99029126213593,0.9998726578789353,0.14285714285714285,0.21856336410973248,910,10.0,20.0
maptv_new_vs_drz,before,0.011607142857142858,86.15384615384615,0.999881870432449,0.14285714285714285,0.21965887440375706,868,10.0,20.0
maptv_new_vs_drz,before,0.01171875,85.33333333333333,0.9998618873356249,0.14285714285714285,0.21902354389357315,892,10.0,20.0
maptv_new_vs_drz,before,0.011830357142857142,84.52830188679246,0.9998601210164914,0.14285714285714285,0.2181654494608149,926,10.0,20.0
maptv_new_vs_drz,before,0.011941964285714285,83.73831775700936,0.9998147629770312,0.14285714285714285,0.21841294458748992,916,10.0,20.0
maptv_new_vs_drz,before,0.012053571428571427,82.96296296296298,0.9999015106270857,0.14285714285714285,0.21851306204381743,912,10.0,20.0
maptv_new_vs_drz,before,0.012165178571428572,82.20183486238533,0.9999085968549136,0.14285714285714285,0.21758723335053728,950,10.0,20.0
maptv_new_vs_drz,before,0.012276785714285714,81.45454545454545,0.9999046639834065,0.14285714285714285,0.21744603829804665,956,10.0,20.0
maptv_new_vs_drz,before,0.012388392857142856,80.72072072072072,0.999887721090157,0.14285714285714285,0.21861382957564643,908,10.0,20.0
maptv_new_vs_drz,before,0.012499999999999999,80.0,0.9998257992925541,0.14285714285714285,0.21675920204107632,986,10.0,20.0
maptv_new_vs_drz,before,0.012611607142857143,79.29203539823008,0.9998689115246188,0.14285714285714285,0.21725980028494588,964,10.0,20.0
maptv_new_vs_drz,before,0.012723214285714286,78.59649122807018,0.9998201604995626,0.14285714285714285,0.21721359693608783,966,10.0,20.0
maptv_new_vs_drz,before,0.012834821428571428,77.91304347826087,0.999744107716796,0.14285714285714285,0.21644914346158642,1000,10.0,20.0
maptv_new_vs_drz,before,0.01294642857142857,77.24137931034484,0.99973679940034,0.14285714285714285,0.21653707458648785,996,10.0,20.0
maptv_new_vs_drz,before,0.013058035714285715,76.58119658119658,0.9997579727327888,0.14285714285714285,0.21649304397049488,998,10.0,20.0
maptv_new_vs_drz,before,0.013169642857142857,75.9322033898305,0.9997971414915421,0.14285714285714285,0.21610254718236965,1016,10.0,20.0
maptv_new_vs_drz,before,0.01328125,75.29411764705883,0.9998132080420808,0.14285714285714285,0.21618843703925994,1012,10.0,20.0
maptv_new_vs_drz,before,0.013392857142857142,74.66666666666667,0.9996832817567731,0.14285714285714285,0.21605978929178232,1018,10.0,20.0
maptv_new_vs_drz,before,0.013504464285714285,74.04958677685951,0.9996931189358672,0.14285714285714285,0.21551499634696136,1044,10.0,20.0
maptv_new_vs_drz,before,0.013616071428571429,73.44262295081967,0.9997589907820851,0.14285714285714285,0.21568047213382657,1036,10.0,20.0
maptv_new_vs_drz,before,0.013727678571428571,72.84552845528455,0.9995973025143075,0.14285714285714285,0.21498988471428435,1070,10.0,20.0
maptv_new_vs_drz,before,0.013839285714285714,72.25806451612904,0.9995577433060018,0.14285714285714285,0.21543295911437524,1048,10.0,20.0
maptv_new_vs_drz,before,0.013950892857142856,71.68,0.9993075829978711,0.14285714285714285,0.2148713755575323,1076,10.0,20.0
maptv_new_vs_drz,before,0.0140625,71.11111111111111,0.9995150205048291,0.14285714285714285,0.21475383879638116,1082,10.0,20.0
maptv_new_vs_drz,before,0.014174107142857143,70.55118110236221,0.9997218232334351,0.14285714285714285,0.21471487366377726,1084,10.0,20.0
maptv_new_vs_drz,before,0.014285714285714285,70.0,0.9997096812758344,0.14285714285714285,0.21459861283869502,1090,10.0,20.0
maptv_new_vs_drz,before,0.014397321428571428,69.45736434108528,0.9995920273165038,0.14285714285714285,0.21425543086377571,1108,10.0,20.0
maptv_new_vs_drz,before,0.01450892857142857,68.92307692307693,0.999165047434571,0.14285714285714285,0.21456006915830092,1092,10.0,20.0
maptv_new_vs_drz,before,0.014620535714285714,68.3969465648855,0.9991053688123875,0.14285714285714285,0.21355728664025345,1146,10.0,20.0
maptv_new_vs_drz,before,0.014732142857142857,67.87878787878788,0.9994890071582758,0.14285714285714285,0.21366522853675965,1140,10.0,20.0
maptv_new_vs_drz,before,0.01484375,67.36842105263158,0.9992673072896723,0.14285714285714285,0.2143309783773013,1104,10.0,20.0
maptv_new_vs_drz,before,0.014955357142857142,66.86567164179105,0.999080636135075,0.14285714285714285,0.21279046829950965,1190,10.0,20.0
maptv_new_vs_drz,before,0.015066964285714286,66.37037037037037,0.9993614992970038,0.14285714285714285,0.21373765748018866,1136,10.0,20.0
maptv_new_vs_drz,before,0.015178571428571428,65.88235294117648,0.9991953572618943,0.14285714285714285,0.21352149146774207,1148,10.0,20.0
maptv_new_vs_drz,before,0.015290178571428571,65.4014598540146,0.9990135055299664,0.14285714285714285,0.21285843635360488,1186,10.0,20.0
maptv_new_vs_drz,before,0.015401785714285713,64.92753623188406,0.9988092817215094,0.14285714285714285,0.21282441002983377,1188,10.0,20.0
maptv_new_vs_drz,before,0.015513392857142856,64.46043165467627,0.9989965795860959,0.14285714285714285,0.21337922749072738,1156,10.0,20.0
maptv_new_vs_drz,before,0.015625,64.0,0.999097908050336,0.14285714285714285,0.212000361835817,1238,10.0,20.0
maptv_new_vs_drz,before,0.015736607142857142,63.54609929078014,0.9994983655134607,0.14285714285714285,0.2124887421904062,1208,10.0,20.0
maptv_new_vs_drz,before,0.015848214285714285,63.098591549295776,0.9995900393553616,0.14285714285714285,0.2127228372174348,1194,10.0,20.0
maptv_new_vs_drz,before,0.015959821428571427,62.65734265734266,0.9995433380658739,0.14285714285714285,0.2120323741059451,1236,10.0,20.0
maptv_new_vs_drz,before,0.01607142857142857,62.22222222222223,0.9993476276467652,0.14285714285714285,0.2120323741059451,1236,10.0,20.0
maptv_new_vs_drz,before,0.016183035714285712,61.79310344827587,0.9988062142740738,0.14285714285714285,0.21187307369980893,1246,10.0,20.0
maptv_new_vs_drz,before,0.016294642857142858,61.36986301369863,0.9986069902477803,0.14285714285714285,0.21216119331021152,1228,10.0,20.0
maptv_new_vs_drz,before,0.01640625,60.95238095238095,0.9982293318206787,0.14285714285714285,0.21159104545450594,1264,10.0,20.0
maptv_new_vs_drz,before,0.016517857142857143,60.54054054054054,0.9975955849319751,0.14285714285714285,0.21149835269259598,1270,10.0,20.0
maptv_new_vs_drz,before,0.016629464285714286,60.13422818791946,0.9980612947201333,0.14285714285714285,0.21177839816474361,1252,10.0,20.0
maptv_new_vs_drz,before,0.016741071428571428,59.733333333333334,0.9975798330598219,0.14285714285714285,0.21134529561252643,1280,10.0,20.0
maptv_new_vs_drz,before,0.01685267857142857,59.337748344370866,0.9980925523207445,0.14285714285714285,0.21054834880675766,1334,10.0,20.0
maptv_new_vs_drz,before,0.016964285714285713,58.94736842105264,0.9989458564643109,0.14285714285714285,0.21159104545450594,1264,10.0,20.0
maptv_new_vs_drz,before,0.017075892857142855,58.56209150326798,0.9991665900758269,0.14285714285714285,0.21080861501660042,1316,10.0,20.0
maptv_new_vs_drz,before,0.017187499999999998,58.18181818181819,0.9991299483946683,0.14285714285714285,0.2104912166657718,1338,10.0,20.0
maptv_new_vs_drz,before,0.017299107142857144,57.806451612903224,0.9987041813576691,0.14285714285714285,0.2112241179090306,1288,10.0,20.0
maptv_new_vs_drz,before,0.017410714285714286,57.43589743589743,0.9979806226397053,0.14285714285714285,0.21009825045931166,1366,10.0,20.0
maptv_new_vs_drz,before,0.01752232142857143,57.07006369426752,0.9989751842060101,0.14285714285714285,0.21034948559464076,1348,10.0,20.0
maptv_new_vs_drz,before,0.01763392857142857,56.708860759493675,0.9977526503843013,0.14285714285714285,0.21046274528313325,1340,10.0,20.0
maptv_new_vs_drz,before,0.017745535714285714,56.35220125786164,0.9965807616793976,0.14285714285714285,0.2102651915533084,1354,10.0,20.0
maptv_new_vs_drz,before,0.017857142857142856,56.0,0.9969016174333343,0.14285714285714285,0.20979775932161346,1388,10.0,20.0
maptv_new_vs_drz,before,0.01796875,55.652173913043484,0.9978846016658812,0.14285714285714285,0.21001559151209073,1372,10.0,20.0
maptv_new_vs_drz,before,0.01808035714285714,55.308641975308646,0.9980947647503684,0.14285714285714285,0.20993346585157174,1378,10.0,20.0
maptv_new_vs_drz,before,0.018191964285714284,54.96932515337424,0.9976068499082389,0.14285714285714285,0.20969023176701643,1396,10.0,20.0
maptv_new_vs_drz,before,0.01830357142857143,54.63414634146341,0.997299686323892,0.14285714285714285,0.20974388120426476,1392,10.0,20.0
maptv_new_vs_drz,before,0.018415178571428572,54.303030303030305,0.9972950028011762,0.14285714285714285,0.20924322011539456,1430,10.0,20.0
maptv_new_vs_drz,before,0.018526785714285714,53.975903614457835,0.9960140340214206,0.14285714285714285,0.20937304795788578,1420,10.0,20.0
maptv_new_vs_drz,before,0.018638392857142857,53.65269461077845,0.9949932707990051,0.14285714285714285,0.20958361247909307,1404,10.0,20.0
maptv_new_vs_drz,before,0.01875,53.333333333333336,0.9959351986970525,0.14285714285714285,0.20908918974285123,1442,10.0,20.0
maptv_new_vs_drz,before,0.018861607142857142,53.01775147928994,0.9958289268019908,0.14285714285714285,0.2091147294392002,1440,10.0,20.0
maptv_new_vs_drz,before,0.018973214285714284,52.70588235294118,0.9966434671810402,0.14285714285714285,0.20878674915614567,1466,10.0,20.0
maptv_new_vs_drz,before,0.019084821428571427,52.397660818713454,0.9910719403275313,0.14285714285714285,0.20896227354363328,1452,10.0,20.0
maptv_new_vs_drz,before,0.01919642857142857,52.09302325581396,0.9934914159137694,0.14285714285714285,0.20861368932701757,1480,10.0,20.0
maptv_new_vs_drz,before,0.019308035714285715,51.79190751445086,0.9926534668805125,0.14285714285714285,0.20849155226945118,1490,10.0,20.0
maptv_new_vs_drz,before,0.019419642857142858,51.49425287356322,0.9946140339629538,0.14285714285714285,0.20886166870324252,1460,10.0,20.0
maptv_new_vs_drz,before,0.01953125,51.2,0.9952540988272046,0.14285714285714285,0.20832258514572422,1504,10.0,20.0
maptv_new_vs_drz,before,0.019642857142857142,50.909090909090914,0.9929122213585339,0.14285714285714285,0.20820331375489703,1514,10.0,20.0
maptv_new_vs_drz,before,0.019754464285714285,50.621468926553675,0.9924235058605209,0.14285714285714285,0.2080852033992908,1524,10.0,20.0
maptv_new_vs_drz,before,0.019866071428571427,50.337078651685395,0.991889185771806,0.14285714285714285,0.20822707454226386,1512,10.0,20.0
maptv_new_vs_drz,before,0.01997767857142857,50.05586592178771,0.9912909686266761,0.14285714285714285,0.2076466470245122,1562,10.0,20.0
maptv_new_vs_drz,before,0.020089285714285712,49.777777777777786,0.9929363839377686,0.14285714285714285,0.20817959940754727,1516,10.0,20.0
maptv_new_vs_drz,before,0.020200892857142858,49.50276243093922,0.9957991972602263,0.14285714285714285,0.20817959940754727,1516,10.0,20.0
maptv_new_vs_drz,before,0.0203125,49.230769230769226,0.9951824703648301,0.14285714285714285,0.2071581805789342,1606,10.0,20.0
maptv_new_vs_drz,before,0.020424107142857143,48.96174863387978,0.9927977734577699,0.14285714285714285,0.2078523911652866,1544,10.0,20.0
maptv_new_vs_drz,before,0.020535714285714286,48.69565217391305,0.994553871327697,0.14285714285714285,0.20751142498562736,1574,10.0,20.0
maptv_new_vs_drz,before,0.020647321428571428,48.432432432432435,0.9974214820558834,0.14285714285714285,0.207311430402214,1592,10.0,20.0
maptv_new_vs_drz,before,0.02075892857142857,48.17204301075269,0.9976351521167268,0.14285714285714285,0.20766933369874285,1560,10.0,20.0
maptv_new_vs_drz,before,0.020870535714285713,47.9144385026738,0.9960308074144448,0.14285714285714285,0.2072455083727941,1598,10.0,20.0
maptv_new_vs_drz,before,0.020982142857142855,47.65957446808511,0.9927119205283649,0.14285714285714285,0.20679410702631273,1640,10.0,20.0
maptv_new_vs_drz,before,0.021093749999999998,47.40740740740741,0.9944306477841027,0.14285714285714285,0.2070931065498322,1612,10.0,20.0
maptv_new_vs_drz,before,0.021205357142857144,47.1578947368421,0.9931978375823933,0.14285714285714285,0.20733348626347292,1590,10.0,20.0
maptv_new_vs_drz,before,0.021316964285714286,46.910994764397905,0.9915986241433109,0.14285714285714285,0.2068363565335541,1636,10.0,20.0
maptv_new_vs_drz,before,0.02142857142857143,46.666666666666664,0.9911343647177798,0.14285714285714285,0.20646152179686691,1672,10.0,20.0
maptv_new_vs_drz,before,0.02154017857142857,46.424870466321245,0.9939488832318268,0.14285714285714285,0.20677303948480721,1642,10.0,20.0
maptv_new_vs_drz,before,0.021651785714285714,46.18556701030928,0.995660375192825,0.14285714285714285,0.20654377883697478,1664,10.0,20.0
maptv_new_vs_drz,before,0.021763392857142856,45.94871794871795,0.9962597383842667,0.14285714285714285,0.2069213164900138,1628,10.0,20.0
maptv_new_vs_drz,before,0.021875,45.714285714285715,0.9955446744694846,0.14285714285714285,0.20615817865004304,1702,10.0,20.0
maptv_new_vs_drz,before,0.02198660714285714,45.48223350253807,0.9969979084714414,0.14285714285714285,0.2063798459329584,1680,10.0,20.0
maptv_new_vs_drz,before,0.022098214285714284,45.25252525252526,0.9953121659434733,0.14285714285714285,0.20607862228912602,1710,10.0,20.0
maptv_new_vs_drz,before,0.02220982142857143,45.0251256281407,0.9940257686326789,0.14285714285714285,0.2060193161196826,1716,10.0,20.0
maptv_new_vs_drz,before,0.022321428571428572,44.8,0.9919345401107571,0.14285714285714285,0.2064206116472992,1676,10.0,20.0
maptv_new_vs_drz,before,0.022433035714285714,44.5771144278607,0.9898159992935909,0.14285714285714285,0.20568896146044316,1750,10.0,20.0
maptv_new_vs_drz,before,0.022544642857142857,44.35643564356436,0.9915811012223129,0.14285714285714285,0.20586265784981742,1732,10.0,20.0
maptv_new_vs_drz,before,0.02265625,44.13793103448276,0.9923650087827743,0.14285714285714285,0.20625840693654623,1692,10.0,20.0
maptv_new_vs_drz,before,0.022767857142857142,43.92156862745098,0.991670861375898,0.14285714285714285,0.20561261066388095,1758,10.0,20.0
maptv_new_vs_drz,before,0.022879464285714284,43.707317073170735,0.9920112066174208,0.14285714285714285,0.20563165001517575,1756,10.0,20.0
maptv_new_vs_drz,before,0.022991071428571427,43.49514563106796,0.990628676404195,0.14285714285714285,0.2059799491398533,1720,10.0,20.0
maptv_new_vs_drz,before,0.02310267857142857,43.28502415458938,0.9941406564044083,0.14285714285714285,0.2050559530372921,1818,10.0,20.0
maptv_new_vs_drz,before,0.023214285714285715,43.07692307692307,0.9952017856952,0.14285714285714285,0.20529377749698421,1792,10.0,20.0
maptv_new_vs_drz,before,0.023325892857142858,42.87081339712918,0.9944279021975982,0.14285714285714285,0.20578513067261447,1740,10.0,20.0
maptv_new_vs_drz,before,0.0234375,42.666666666666664,0.9948712119603549,0.14285714285714285,0.2049478815407546,1830,10.0,20.0
maptv_new_vs_drz,before,0.023549107142857142,42.464454976303315,0.9904438337525431,0.14285714285714285,0.2053308201973659,1788,10.0,20.0
maptv_new_vs_drz,before,0.023660714285714285,42.26415094339623,0.9914896868179615,0.14285714285714285,0.2051650873580342,1806,10.0,20.0
maptv_new_vs_drz,before,0.023772321428571427,42.06572769953052,0.989504801019101,0.14285714285714285,0.20500178551890139,1824,10.0,20.0
maptv_new_vs_drz,before,0.02388392857142857,41.86915887850468,0.9866118559149327,0.14285714285714285,0.2050378677827802,1820,10.0,20.0
maptv_new_vs_drz,before,0.023995535714285712,41.674418604651166,0.9867152139635187,0.14285714285714285,0.20473485868990474,1854,10.0,20.0
maptv_new_vs_drz,before,0.024107142857142855,41.48148148148149,0.9880143305174881,0.14285714285714285,0.20489423896779435,1836,10.0,20.0
maptv_new_vs_drz,before,0.02421875,41.29032258064516,0.9846199748043786,0.14285714285714285,0.20482311852246032,1844,10.0,20.0
maptv_new_vs_drz,before,0.024330357142857143,41.10091743119266,0.9819632688297477,0.14285714285714285,0.20428703415014268,1906,10.0,20.0
maptv_new_vs_drz,before,0.024441964285714286,40.91324200913242,0.9833762704114153,0.14285714285714285,0.20485862143419345,1840,10.0,20.0
maptv_new_vs_drz,before,0.024553571428571428,40.72727272727273,0.9851286906959841,0.14285714285714285,0.20443997892001115,1888,10.0,20.0
maptv_new_vs_drz,before,0.02466517857142857,40.542986425339365,0.9888480623313456,0.14285714285714285,0.20432083629059994,1902,10.0,20.0
maptv_new_vs_drz,before,0.024776785714285713,40.36036036036036,0.9928630645139868,0.14285714285714285,0.20478772961770136,1848,10.0,20.0
maptv_new_vs_drz,before,0.024888392857142855,40.17937219730942,0.9932698645016899,0.14285714285714285,0.20406985646203774,1932,10.0,20.0
maptv_new_vs_drz,before,0.024999999999999998,40.0,0.9810786315193957,0.14285714285714285,0.20405333008241125,1934,10.0,20.0
maptv_new_vs_drz,before,0.02511160714285714,39.82222222222222,0.9824909402190661,0.14285714285714285,0.20443997892001115,1888,10.0,20.0
maptv_new_vs_drz,before,0.025223214285714286,39.64601769911504,0.9794620734992683,0.14285714285714285,0.20395470143415717,1946,10.0,20.0
maptv_new_vs_drz,before,0.02533482142857143,39.47136563876652,0.9809357771405932,0.14285714285714285,0.20380843789404254,1964,10.0,20.0
maptv_new_vs_drz,before,0.02544642857142857,39.29824561403509,0.979554877440284,0.14285714285714285,0.20397107681264137,1944,10.0,20.0
maptv_new_vs_drz,before,0.025558035714285714,39.12663755458515,0.9817242900724248,0.14285714285714285,0.2038245910506852,1962,10.0,20.0
maptv_new_vs_drz,before,0.025669642857142856,38.95652173913044,0.982079175160693,0.14285714285714285,0.20368008519926165,1980,10.0,20.0
maptv_new_vs_drz,before,0.02578125,38.78787878787879,0.9841054679189599,0.14285714285714285,0.20406985646203774,1932,10.0,20.0
maptv_new_vs_drz,before,0.02589285714285714,38.62068965517242,0.987599221123484,0.14285714285714285,0.20360064332422378,1990,10.0,20.0
maptv_new_vs_drz,before,0.026004464285714284,38.4549356223176,0.9874435445582115,0.14285714285714285,0.20345912978831718,2008,10.0,20.0
maptv_new_vs_drz,before,0.02611607142857143,38.29059829059829,0.9879567610668321,0.14285714285714285,0.20380843789404254,1964,10.0,20.0
maptv_new_vs_drz,before,0.026227678571428572,38.12765957446808,0.9831177130621037,0.14285714285714285,0.20335035825347117,2022,10.0,20.0
maptv_new_vs_drz,before,0.026339285714285714,37.96610169491525,0.98584888561713,0.14285714285714285,0.20333491064606968,2024,10.0,20.0
maptv_new_vs_drz,before,0.026450892857142857,37.80590717299578,0.9895457877703694,0.14285714285714285,0.20333491064606968,2024,10.0,20.0
maptv_new_vs_drz,before,0.0265625,37.64705882352941,0.9894843019945699,0.14285714285714285,0.20338132157581876,2018,10.0,20.0
maptv_new_vs_drz,before,0.026674107142857142,37.48953974895397,0.9863182202998907,0.14285714285714285,0.2030306380195964,2064,10.0,20.0
maptv_new_vs_drz,before,0.026785714285714284,37.333333333333336,0.9876606452093201,0.14285714285714285,0.2030156542404139,2066,10.0,20.0
maptv_new_vs_drz,before,0.026897321428571427,37.178423236514526,0.9883442143203576,0.14285714285714285,0.20352179142430754,2000,10.0,20.0
maptv_new_vs_drz,before,0.02700892857142857,37.02479338842976,0.9889017879136376,0.14285714285714285,0.20276417883135758,2100,10.0,20.0
maptv_new_vs_drz,before,0.027120535714285715,36.87242798353909,0.9817489994214949,0.14285714285714285,0.20280811620931277,2094,10.0,20.0
maptv_new_vs_drz,before,0.027232142857142858,36.721311475409834,0.9748320516416236,0.14285714285714285,0.20294105689975392,2076,10.0,20.0
maptv_new_vs_drz,before,0.02734375,36.57142857142857,0.9830016108748331,0.14285714285714285,0.20285224078709876,2088,10.0,20.0
maptv_new_vs_drz,before,0.027455357142857142,36.422764227642276,0.9770308197641107,0.14285714285714285,0.20251867322781997,2134,10.0,20.0
maptv_new_vs_drz,before,0.027566964285714285,36.2753036437247,0.9853160510763811,0.14285714285714285,0.20276417883135758,2100,10.0,20.0
maptv_new_vs_drz,before,0.027678571428571427,36.12903225806452,0.9846013891421048,0.14285714285714285,0.20282280353622323,2092,10.0,20.0
maptv_new_vs_drz,before,0.02779017857142857,35.98393574297189,0.9722165767675032,0.14285714285714285,0.2024051399747265,2150,10.0,20.0
maptv_new_vs_drz,before,0.027901785714285712,35.84,0.9690154164683441,0.14285714285714285,0.2023910364655755,2152,10.0,20.0
maptv_new_vs_drz,before,0.028013392857142855,35.69721115537849,0.9835894887386769,0.14285714285714285,0.20294105689975392,2076,10.0,20.0
maptv_new_vs_drz,before,0.028125,35.55555555555556,0.9885336016989694,0.14285714285714285,0.20199031257847036,2210,10.0,20.0
maptv_new_vs_drz,before,0.028236607142857143,35.41501976284585,0.9834876578252904,0.14285714285714285,0.20256157441371295,2128,10.0,20.0
maptv_new_vs_drz,before,0.028348214285714286,35.275590551181104,0.9823297799365832,0.14285714285714285,0.20220944357269727,2178,10.0,20.0
maptv_new_vs_drz,before,0.028459821428571428,35.13725490196079,0.9817096424212756,0.14285714285714285,0.2020038700244288,2208,10.0,20.0
maptv_new_vs_drz,before,0.02857142857142857,35.0,0.9833227799109981,0.14285714285714285,0.20227890442236768,2168,10.0,20.0
maptv_new_vs_drz,before,0.028683035714285713,34.86381322957199,0.9784788387646349,0.14285714285714285,0.20209928513740544,2194,10.0,20.0
maptv_new_vs_drz,before,0.028794642857142855,34.72868217054264,0.9768660366317256,0.14285714285714285,0.20219560817884408,2180,10.0,20.0
maptv_new_vs_drz,before,0.028906249999999998,34.5945945945946,0.9729859469311208,0.14285714285714285,0.2018157070765534,2236,10.0,20.0
maptv_new_vs_drz,before,0.02901785714285714,34.46153846153847,0.9733191069275164,0.14285714285714285,0.20212671273157043,2190,10.0,20.0
maptv_new_vs_drz,before,0.029129464285714286,34.32950191570881,0.9695138110334706,0.14285714285714285,0.20165718663427828,2260,10.0,20.0
maptv_new_vs_drz,before,0.02924107142857143,34.19847328244275,0.9623202502636997,0.14285714285714285,0.20197677333037697,2212,10.0,20.0
maptv_new_vs_drz,before,0.02935267857142857,34.06844106463878,0.9375425208168251,0.14285714285714285,0.20148825195988218,2286,10.0,20.0
maptv_new_vs_drz,before,0.029464285714285714,33.93939393939394,0.9493283511033858,0.14285714285714285,0.20176258739613345,2244,10.0,20.0
maptv_new_vs_drz,before,0.029575892857142856,33.81132075471698,0.9698948004846909,0.14285714285714285,0.20165718663427828,2260,10.0,20.0
maptv_new_vs_drz,before,0.0296875,33.68421052631579,0.9682254064171222,0.14285714285714285,0.20130948318858632,2314,10.0,20.0
maptv_new_vs_drz,before,0.02979910714285714,33.55805243445693,0.9635465270101897,0.14285714285714285,0.20178911203700534,2240,10.0,20.0
maptv_new_vs_drz,before,0.029910714285714284,33.43283582089553,0.9567586618752476,0.14285714285714285,0.20133482448864679,2310,10.0,20.0
maptv_new_vs_drz,before,0.030022321428571426,33.30855018587361,0.9643445056354761,0.14285714285714285,0.20150114550038942,2284,10.0,20.0
maptv_new_vs_drz,before,0.030133928571428572,33.18518518518518,0.9649342482195015,0.14285714285714285,0.20163100936456846,2264,10.0,20.0
maptv_new_vs_drz,before,0.030245535714285714,33.06273062730627,0.9659230842209184,0.14285714285714285,0.20093700504233267,2374,10.0,20.0
maptv_new_vs_drz,before,0.030357142857142857,32.94117647058824,0.9642804944404675,0.14285714285714285,0.20127159292996374,2320,10.0,20.0
maptv_new_vs_drz,before,0.03046875,32.820512820512825,0.9614933550300977,0.14285714285714285,0.2014240345538633,2296,10.0,20.0
maptv_new_vs_drz,before,0.030580357142857142,32.7007299270073,0.9740388569225287,0.14285714285714285,0.20091267051918305,2378,10.0,20.0
maptv_new_vs_drz,before,0.030691964285714284,32.581818181818186,0.9685005422853025,0.14285714285714285,0.20117125958839946,2336,10.0,20.0
maptv_new_vs_drz,before,0.030803571428571427,32.46376811594203,0.9672623129833992,0.14285714285714285,0.20117125958839946,2336,10.0,20.0
maptv_new_vs_drz,before,0.03091517857142857,32.34657039711192,0.9345694880292741,0.14285714285714285,0.20079190337726316,2398,10.0,20.0
maptv_new_vs_drz,before,0.03102678571428571,32.230215827338135,0.9276090214733671,0.14285714285714285,0.2008520992222212,2388,10.0,20.0
maptv_new_vs_drz,before,0.031138392857142858,32.11469534050179,0.9420577574866725,0.14285714285714285,0.20129683691159364,2316,10.0,20.0
maptv_new_vs_drz,before,0.03125,32.0,0.9341853501664878,0.14285714285714285,0.20060175498092978,2430,10.0,20.0
maptv_new_vs_drz,before,0.03136160714285714,31.88612099644128,0.9293440181273871,0.14285714285714285,0.2005899942187709,2432,10.0,20.0
maptv_new_vs_drz,before,0.031473214285714285,31.77304964539007,0.942820195725919,0.14285714285714285,0.20091267051918305,2378,10.0,20.0
maptv_new_vs_drz,before,0.03158482142857143,31.66077738515901,0.9384224794091147,0.14285714285714285,0.2005899942187709,2432,10.0,20.0
maptv_new_vs_drz,before,0.03169642857142857,31.549295774647888,0.9551738650291335,0.14285714285714285,0.20073207911367105,2408,10.0,20.0
maptv_new_vs_drz,before,0.03180803571428571,31.438596491228072,0.9677669635296402,0.14285714285714285,0.20043839988598003,2458,10.0,20.0
maptv_new_vs_drz,before,0.031919642857142855,31.32867132867133,0.9657347045057222,0.14285714285714285,0.20063712367957884,2424,10.0,20.0
maptv_new_vs_drz,before,0.03203125,31.219512195121954,0.9581620514042734,0.14285714285714285,0.2004037543659979,2464,10.0,20.0
maptv_new_vs_drz,before,0.03214285714285714,31.111111111111114,0.9480859179237104,0.14285714285714285,0.2003233998560821,2478,10.0,20.0
maptv_new_vs_drz,before,0.03225446428571428,31.00346020761246,0.9361426425660716,0.14285714285714285,0.20075596447473562,2404,10.0,20.0
maptv_new_vs_drz,before,0.032366071428571425,30.896551724137936,0.93288665538065,0.14285714285714285,0.2001759442030165,2504,10.0,20.0
maptv_new_vs_drz,before,0.03247767857142857,30.790378006872857,0.9299246035579738,0.14285714285714285,0.20011983450492699,2514,10.0,20.0
maptv_new_vs_drz,before,0.032589285714285716,30.684931506849313,0.9020203398710951,0.14285714285714285,0.20038072687575237,2468,10.0,20.0
maptv_new_vs_drz,before,0.03270089285714286,30.580204778156993,0.930704064669492,0.14285714285714285,0.20022107212707113,2496,10.0,20.0
maptv_new_vs_drz,before,0.0328125,30.476190476190474,0.9293064721570892,0.14285714285714285,0.1999424885446575,2546,10.0,20.0
maptv_new_vs_drz,before,0.032924107142857144,30.372881355932204,0.9318803746781601,0.14285714285714285,0.2003577547434476,2472,10.0,20.0
maptv_new_vs_drz,before,0.033035714285714286,30.27027027027027,0.8990466217340003,0.14285714285714285,0.19992055302869258,2550,10.0,20.0
maptv_new_vs_drz,before,0.03314732142857143,30.16835016835017,0.9168581319902344,0.14285714285714285,0.19982247206699402,2568,10.0,20.0
maptv_new_vs_drz,before,0.03325892857142857,30.06711409395973,0.9340923554349471,0.14285714285714285,0.20022107212707113,2496,10.0,20.0
maptv_new_vs_drz,before,0.033370535714285714,29.96655518394649,0.8946333744809442,0.14285714285714285,0.19981163721274517,2570,10.0,20.0
maptv_new_vs_drz,before,0.033482142857142856,29.866666666666667,0.9069038862327915,0.14285714285714285,0.19969327465375333,2592,10.0,20.0
maptv_new_vs_drz,before,0.03359375,29.767441860465116,0.8844894750937928,0.14285714285714285,0.19999755197612662,2536,10.0,20.0
maptv_new_vs_drz,before,0.03370535714285714,29.668874172185433,0.872609535948772,0.14285714285714285,0.19968258842376282,2594,10.0,20.0
maptv_new_vs_drz,before,0.033816964285714284,29.570957095709574,0.8954669237360701,0.14285714285714285,0.1997576502130963,2580,10.0,20.0
maptv_new_vs_drz,before,0.033928571428571426,29.47368421052632,0.9309105380597023,0.14285714285714285,0.19962934028121115,2604,10.0,20.0
maptv_new_vs_drz,before,0.03404017857142857,29.377049180327873,0.9136270993969994,0.14285714285714285,0.19970397313874927,2590,10.0,20.0
maptv_new_vs_drz,before,0.03415178571428571,29.28104575163399,0.8705162446420539,0.14285714285714285,0.1995447720660188,2620,10.0,20.0
maptv_new_vs_drz,before,0.03426339285714285,29.185667752443,0.8921615437237943,0.14285714285714285,0.1995869599845832,2612,10.0,20.0
maptv_new_vs_drz,before,0.034374999999999996,29.090909090909093,0.9011932398539467,0.14285714285714285,0.19953425497473404,2622,10.0,20.0
maptv_new_vs_drz,before,0.034486607142857145,28.996763754045304,0.8864491378141052,0.14285714285714285,0.19923435045727056,2680,10.0,20.0
maptv_new_vs_drz,before,0.03459821428571429,28.903225806451612,0.8716985565167704,0.14285714285714285,0.19940897247414457,2646,10.0,20.0
maptv_new_vs_drz,before,0.03470982142857143,28.810289389067524,0.8909959666564203,0.14285714285714285,0.19948184772087152,2632,10.0,20.0
maptv_new_vs_drz,before,0.03482142857142857,28.717948717948715,0.8706398410819138,0.14285714285714285,0.19925472300409489,2676,10.0,20.0
maptv_new_vs_drz,before,0.034933035714285715,28.62619808306709,0.8711224152882641,0.14285714285714285,0.199163400800433,2694,10.0,20.0
maptv_new_vs_drz,before,0.03504464285714286,28.53503184713376,0.8628063929014502,0.14285714285714285,0.19929560413957997,2668,10.0,20.0
maptv_new_vs_drz,before,0.03515625,28.444444444444443,0.860340969919066,0.14285714285714285,0.19923435045727056,2680,10.0,20.0
maptv_new_vs_drz,before,0.03526785714285714,28.354430379746837,0.8772526743080116,0.14285714285714285,0.199163400800433,2694,10.0,20.0
maptv_new_vs_drz,before,0.035379464285714285,28.26498422712934,0.9073953393573271,0.14285714285714285,0.19903307957272984,2720,10.0,20.0
maptv_new_vs_drz,before,0.03549107142857143,28.17610062893082,0.9163347041065254,0.14285714285714285,0.19923435045727056,2680,10.0,20.0
maptv_new_vs_drz,before,0.03560267857142857,28.087774294670847,0.8929501170826246,0.14285714285714285,0.1987296503731864,2782,10.0,20.0
maptv_new_vs_drz,before,0.03571428571428571,28.0,0.8616949287833392,0.14285714285714285,0.19919374056785832,2688,10.0,20.0
maptv_new_vs_drz,before,0.035825892857142855,27.912772585669785,0.8498113598040533,0.14285714285714285,0.19897355378849282,2732,10.0,20.0
maptv_new_vs_drz,before,0.0359375,27.826086956521742,0.8640851642515256,0.14285714285714285,0.19863390479962775,2802,10.0,20.0
maptv_new_vs_drz,before,0.03604910714285714,27.73993808049536,0.832960887434304,0.14285714285714285,0.19893408530849774,2740,10.0,20.0
maptv_new_vs_drz,before,0.03616071428571428,27.654320987654323,0.8376836259593639,0.14285714285714285,0.1989636705837003,2734,10.0,20.0
maptv_new_vs_drz,before,0.036272321428571425,27.56923076923077,0.8141136362622957,0.14285714285714285,0.1987779076146052,2772,10.0,20.0
maptv_new_vs_drz,before,0.03638392857142857,27.48466257668712,0.8323215671148693,0.14285714285714285,0.1985674850051077,2816,10.0,20.0
maptv_new_vs_drz,before,0.036495535714285716,27.400611620795104,0.8432585286836782,0.14285714285714285,0.19880698630805718,2766,10.0,20.0
maptv_new_vs_drz,before,0.03660714285714286,27.317073170731707,0.8449170057692181,0.14285714285714285,0.19847344616835114,2836,10.0,20.0
maptv_new_vs_drz,before,0.03671875,27.23404255319149,0.8440094783761591,0.14285714285714285,0.1985674850051077,2816,10.0,20.0
maptv_new_vs_drz,before,0.036830357142857144,27.151515151515152,0.8478373404400441,0.14285714285714285,0.1987296503731864,2782,10.0,20.0
maptv_new_vs_drz,before,0.036941964285714286,27.069486404833835,0.8258585286201277,0.14285714285714285,0.1983434350217766,2864,10.0,20.0
maptv_new_vs_drz,before,0.03705357142857143,26.987951807228917,0.8329394671947818,0.14285714285714285,0.19852975072299847,2824,10.0,20.0
maptv_new_vs_drz,before,0.03716517857142857,26.906906906906908,0.8425730297437257,0.14285714285714285,0.19837113512849097,2858,10.0,20.0
maptv_new_vs_drz,before,0.037276785714285714,26.826347305389223,0.8135426967641156,0.14285714285714285,0.19847344616835114,2836,10.0,20.0
maptv_new_vs_drz,before,0.037388392857142856,26.746268656716417,0.8227074160789603,0.14285714285714285,0.1984547565946868,2840,10.0,20.0
maptv_new_vs_drz,before,0.0375,26.666666666666668,0.7993262539703312,0.14285714285714285,0.19818808118118406,2898,10.0,20.0
maptv_new_vs_drz,before,0.03761160714285714,26.587537091988132,0.8118591927418221,0.14285714285714285,0.19843610609789097,2844,10.0,20.0
maptv_new_vs_drz,before,0.037723214285714284,26.50887573964497,0.7983970742216534,0.14285714285714285,0.19795564920134207,2950,10.0,20.0
maptv_new_vs_drz,before,0.037834821428571426,26.4306784660767,0.8019471916770416,0.14285714285714285,0.19830663541185475,2872,10.0,20.0
maptv_new_vs_drz,before,0.03794642857142857,26.35294117647059,0.7914874373944246,0.14285714285714285,0.1982882926807455,2876,10.0,20.0
maptv_new_vs_drz,before,0.03805803571428571,26.275659824046922,0.7776866914473756,0.14285714285714285,0.19802651424106882,2934,10.0,20.0
maptv_new_vs_drz,before,0.03816964285714285,26.198830409356727,0.7800858459916542,0.14285714285714285,0.1981069271457448,2916,10.0,20.0
maptv_new_vs_drz,before,0.038281249999999996,26.12244897959184,0.784539667714473,0.14285714285714285,0.1982152991985056,2892,10.0,20.0
maptv_new_vs_drz,before,0.03839285714285714,26.04651162790698,0.7789642397524109,0.14285714285714285,0.19793802214251247,2954,10.0,20.0
maptv_new_vs_drz,before,0.03850446428571429,25.97101449275362,0.784177736175838,0.14285714285714285,0.19782430484837527,2980,10.0,20.0
maptv_new_vs_drz,before,0.03861607142857143,25.89595375722543,0.785549538206749,0.14285714285714285,0.19825172071105046,2884,10.0,20.0
maptv_new_vs_drz,before,0.03872767857142857,25.821325648414984,0.752759062118621,0.14285714285714285,0.1978156184587228,2982,10.0,20.0
maptv_new_vs_drz,before,0.038839285714285715,25.74712643678161,0.7582546200241426,0.14285714285714285,0.19760123472388125,3032,10.0,20.0
maptv_new_vs_drz,before,0.03895089285714286,25.673352435530084,0.7536640094549341,0.14285714285714285,0.1981609467848357,2904,10.0,20.0
maptv_new_vs_drz,before,0.0390625,25.6,0.7642565247633027,0.14285714285714285,0.1975253385684874,3050,10.0,20.0
maptv_new_vs_drz,before,0.03917410714285714,25.527065527065528,0.764152505957982,0.14285714285714285,0.19784170365088652,2976,10.0,20.0
maptv_new_vs_drz,before,0.039285714285714285,25.454545454545457,0.7413807856780555,0.14285714285714285,0.1976097089758139,3030,10.0,20.0
maptv_new_vs_drz,before,0.03939732142857143,25.38243626062323,0.7353030402404257,0.14285714285714285,0.1977550552720954,2996,10.0,20.0
maptv_new_vs_drz,before,0.03950892857142857,25.310734463276837,0.7567161441578861,0.14285714285714285,0.19765220529146557,3020,10.0,20.0
maptv_new_vs_drz,before,0.03962053571428571,25.23943661971831,0.7599360825630886,0.14285714285714285,0.1975085631250675,3054,10.0,20.0
maptv_new_vs_drz,before,0.039732142857142855,25.168539325842698,0.7640138010300623,0.14285714285714285,0.19770347780800562,3008,10.0,20.0
maptv_new_vs_drz,before,0.03984375,25.098039215686278,0.7752898980593445,0.14285714285714285,0.19743347590385044,3072,10.0,20.0
maptv_new_vs_drz,before,0.03995535714285714,25.027932960893857,0.7395191778528031,0.14285714285714285,0.19739204277139769,3082,10.0,20.0
maptv_new_vs_drz,before,0.04006696428571428,24.95821727019499,0.7506192992798939,0.14285714285714285,0.1976692624332035,3016,10.0,20.0
maptv_new_vs_drz,before,0.040178571428571425,24.888888888888893,0.759762433834749,0.14285714285714285,0.19731796447605393,3100,10.0,20.0
maptv_new_vs_drz,before,0.04029017857142857,24.81994459833795,0.7736330524240617,0.14285714285714285,0.1974251732503782,3074,10.0,20.0
maptv_new_vs_drz,before,0.040401785714285716,24.75138121546961,0.748963577771693,0.14285714285714285,0.19745010534200189,3068,10.0,20.0
maptv_new_vs_drz,before,0.04051339285714286,24.683195592286502,0.7325615737719102,0.14285714285714285,0.19736727869292328,3088,10.0,20.0
maptv_new_vs_drz,before,0.040625,24.615384615384613,0.7345049675348237,0.14285714285714285,0.1970358524551192,3170,10.0,20.0
maptv_new_vs_drz,before,0.040736607142857144,24.54794520547945,0.7339078425682631,0.14285714285714285,0.197483461108339,3060,10.0,20.0
maptv_new_vs_drz,before,0.040848214285714286,24.48087431693989,0.7324440291396224,0.14285714285714285,0.19717976864090656,3134,10.0,20.0
maptv_new_vs_drz,before,0.04095982142857143,24.4141689373297,0.6938618191677084,0.14285714285714285,0.19701210252814472,3176,10.0,20.0
maptv_new_vs_drz,before,0.04107142857142857,24.347826086956523,0.7118761231118887,0.14285714285714285,0.19738378012086183,3084,10.0,20.0
maptv_new_vs_drz,before,0.041183035714285714,24.281842818428185,0.7202397749303837,0.14285714285714285,0.19695694455425367,3190,10.0,20.0
maptv_new_vs_drz,before,0.041294642857142856,24.216216216216218,0.751150602287999,0.14285714285714285,0.1970755845534379,3160,10.0,20.0
maptv_new_vs_drz,before,0.04140625,24.150943396226417,0.6930831275924044,0.14285714285714285,0.1970755845534379,3160,10.0,20.0
maptv_new_vs_drz,before,0.04151785714285714,24.086021505376344,0.724720843759955,0.14285714285714285,0.19706762319057258,3162,10.0,20.0
maptv_new_vs_drz,before,0.041629464285714284,24.021447721179626,0.7365077449325662,0.14285714285714285,0.19698053952908048,3184,10.0,20.0
maptv_new_vs_drz,before,0.041741071428571426,23.9572192513369,0.71302596501574,0.14285714285714285,0.19696480220931625,3188,10.0,20.0
maptv_new_vs_drz,before,0.04185267857142857,23.893333333333334,0.720753823018605,0.14285714285714285,0.19690995197425074,3202,10.0,20.0
maptv_new_vs_drz,before,0.04196428571428571,23.829787234042556,0.6918749404176752,0.14285714285714285,0.1966864592271897,3260,10.0,20.0
maptv_new_vs_drz,before,0.04207589285714285,23.766578249336874,0.639692545401875,0.14285714285714285,0.19691776587158633,3200,10.0,20.0
maptv_new_vs_drz,before,0.042187499999999996,23.703703703703706,0.6667637991025754,0.14285714285714285,0.19692558703358493,3198,10.0,20.0
maptv_new_vs_drz,before,0.04229910714285714,23.641160949868077,0.666840730466467,0.14285714285714285,0.19662584390434415,3276,10.0,20.0
maptv_new_vs_drz,before,0.04241071428571429,23.57894736842105,0.6806603020811449,0.14285714285714285,0.1967398616607217,3246,10.0,20.0
maptv_new_vs_drz,before,0.04252232142857143,23.517060367454068,0.6817134887774245,0.14285714285714285,0.1969334154715303,3196,10.0,20.0
maptv_new_vs_drz,before,0.04263392857142857,23.455497382198953,0.6594074266033253,0.14285714285714285,0.19662584390434415,3276,10.0,20.0
maptv_new_vs_drz,before,0.042745535714285715,23.39425587467363,0.7009132397793064,0.14285714285714285,0.19658818240465054,3286,10.0,20.0
maptv_new_vs_drz,before,0.04285714285714286,23.333333333333332,0.6863985234613503,0.14285714285714285,0.19656566720869945,3292,10.0,20.0
maptv_new_vs_drz,before,0.04296875,23.272727272727273,0.6510449333587818,0.14285714285714285,0.19674751854137398,3244,10.0,20.0
maptv_new_vs_drz,before,0.04308035714285714,23.212435233160623,0.7076730427119925,0.14285714285714285,0.19627841680223054,3370,10.0,20.0
maptv_new_vs_drz,before,0.043191964285714285,23.152454780361758,0.6830750242451373,0.14285714285714285,0.19665609640424975,3268,10.0,20.0
maptv_new_vs_drz,before,0.04330357142857143,23.09278350515464,0.6613671214900637,0.14285714285714285,0.1965506909503124,3296,10.0,20.0
maptv_new_vs_drz,before,0.04341517857142857,23.033419023136247,0.6450111097495097,0.14285714285714285,0.19635112163071453,3350,10.0,20.0
maptv_new_vs_drz,before,0.04352678571428571,22.974358974358974,0.6507271129472942,0.14285714285714285,0.19649105513285683,3312,10.0,20.0
maptv_new_vs_drz,before,0.043638392857142855,22.915601023017903,0.6667076285628565,0.14285714285714285,0.1965506909503124,3296,10.0,20.0
maptv_new_vs_drz,before,0.04375,22.857142857142858,0.633339617187399,0.14285714285714285,0.19620635084804425,3390,10.0,20.0
maptv_new_vs_drz,before,0.04386160714285714,22.798982188295167,0.5823355219189871,0.14285714285714285,0.19627118161272125,3372,10.0,20.0
maptv_new_vs_drz,before,0.04397321428571428,22.741116751269036,0.6537323792456085,0.14285714285714285,0.19639505513636507,3338,10.0,20.0
maptv_new_vs_drz,before,0.044084821428571425,22.683544303797472,0.6686390338772505,0.14285714285714285,0.19614203002159336,3408,10.0,20.0
maptv_new_vs_drz,before,0.04419642857142857,22.62626262626263,0.6531177665984734,0.14285714285714285,0.19628565838032241,3368,10.0,20.0
maptv_new_vs_drz,before,0.04430803571428571,22.569269521410583,0.6467401849458877,0.14285714285714285,0.19630742154042707,3362,10.0,20.0
maptv_new_vs_drz,before,0.04441964285714286,22.51256281407035,0.6394577947945804,0.14285714285714285,0.19604297333067175,3436,10.0,20.0
maptv_new_vs_drz,before,0.04453125,22.45614035087719,0.6035339424372262,0.14285714285714285,0.19624230455271754,3380,10.0,20.0
maptv_new_vs_drz,before,0.044642857142857144,22.4,0.5876932251320403,0.14285714285714285,0.19616341405099993,3402,10.0,20.0
maptv_new_vs_drz,before,0.044754464285714286,22.34413965087282,0.6255166990729096,0.14285714285714285,0.19608527866196232,3424,10.0,20.0
maptv_new_vs_drz,before,0.04486607142857143,22.28855721393035,0.6441635826193272,0.14285714285714285,0.19608527866196232,3424,10.0,20.0
maptv_new_vs_drz,before,0.04497767857142857,22.233250620347395,0.6418105167383973,0.14285714285714285,0.19586903899227384,3486,10.0,20.0
maptv_new_vs_drz,before,0.045089285714285714,22.17821782178218,0.6481305404607439,0.14285714285714285,0.19609942947499998,3420,10.0,20.0
maptv_new_vs_drz,before,0.045200892857142856,22.123456790123456,0.6485295351975632,0.14285714285714285,0.19598690683769954,3452,10.0,20.0
maptv_new_vs_drz,before,0.0453125,22.06896551724138,0.6483109464862704,0.14285714285714285,0.19578686266146458,3510,10.0,20.0
maptv_new_vs_drz,before,0.04542410714285714,22.014742014742016,0.6394234332642974,0.14285714285714285,0.195959018311031,3460,10.0,20.0
maptv_new_vs_drz,before,0.045535714285714284,21.96078431372549,0.6185135114884228,0.14285714285714285,0.1959242922263356,3470,10.0,20.0
maptv_new_vs_drz,before,0.045647321428571426,21.90709046454768,0.5929024042175652,0.14285714285714285,0.1959312255268662,3468,10.0,20.0
maptv_new_vs_drz,before,0.04575892857142857,21.853658536585368,0.6257481460684693,0.14285714285714285,0.19578005236369755,3512,10.0,20.0
maptv_new_vs_drz,before,0.04587053571428571,21.800486618004868,0.6464628736565188,0.14285714285714285,0.1957460872064342,3522,10.0,20.0
maptv_new_vs_drz,before,0.04598214285714285,21.74757281553398,0.6501830190612921,0.14285714285714285,0.19567186631260183,3544,10.0,20.0
maptv_new_vs_drz,before,0.046093749999999996,21.69491525423729,0.6132913526407542,0.14285714285714285,0.19601489165878555,3444,10.0,20.0
maptv_new_vs_drz,before,0.04620535714285714,21.64251207729469,0.6448961326290138,0.14285714285714285,0.19554526746979894,3582,10.0,20.0
maptv_new_vs_drz,before,0.04631696428571429,21.59036144578313,0.6515386528724845,0.14285714285714285,0.19557838863500912,3572,10.0,20.0
maptv_new_vs_drz,before,0.04642857142857143,21.538461538461537,0.6503468868229741,0.14285714285714285,0.19587592500046092,3484,10.0,20.0
maptv_new_vs_drz,before,0.04654017857142857,21.48681055155875,0.6586538169565247,0.14285714285714285,0.19536229896004664,3638,10.0,20.0
maptv_new_vs_drz,before,0.046651785714285715,21.43540669856459,0.6577876796788787,0.14285714285714285,0.19572577688551,3528,10.0,20.0
maptv_new_vs_drz,before,0.04676339285714286,21.384248210023866,0.6694620976525258,0.14285714285714285,0.19565844520659162,3548,10.0,20.0
maptv_new_vs_drz,before,0.046875,21.333333333333332,0.6685169887480933,0.14285714285714285,0.19540115234939126,3626,10.0,20.0
maptv_new_vs_drz,before,0.04698660714285714,21.282660332541568,0.6748105468087028,0.14285714285714285,0.19544672377293545,3612,10.0,20.0
maptv_new_vs_drz,before,0.047098214285714285,21.232227488151658,0.6562236341241566,0.14285714285714285,0.1954663349047849,3606,10.0,20.0
maptv_new_vs_drz,before,0.04720982142857143,21.182033096926716,0.6607150010008671,0.14285714285714285,0.1955651236363731,3576,10.0,20.0
maptv_new_vs_drz,before,0.04732142857142857,21.132075471698116,0.6647877194952929,0.14285714285714285,0.19534294368347277,3644,10.0,20.0
maptv_new_vs_drz,before,0.04743303571428571,21.08235294117647,0.6795570405431852,0.14285714285714285,0.19537522888070752,3634,10.0,20.0
maptv_new_vs_drz,before,0.047544642857142855,21.03286384976526,0.7126246568563235,0.14285714285714285,0.19549912822785603,3596,10.0,20.0
maptv_new_vs_drz,before,0.04765625,20.98360655737705,0.7010837165327977,0.14285714285714285,0.19527876700452393,3664,10.0,20.0
maptv_new_vs_drz,before,0.04776785714285714,20.93457943925234,0.7170959967622089,0.14285714285714285,0.19536229896004664,3638,10.0,20.0
maptv_new_vs_drz,before,0.04787946428571428,20.88578088578089,0.7082787111793319,0.14285714285714285,0.1952532420597071,3672,10.0,20.0
maptv_new_vs_drz,before,0.047991071428571425,20.837209302325583,0.7027920741567704,0.14285714285714285,0.19534294368347277,3644,10.0,20.0
maptv_new_vs_drz,before,0.04810267857142857,20.788863109048727,0.7191521979461186,0.14285714285714285,0.1950209946989822,3746,10.0,20.0
maptv_new_vs_drz,before,0.04821428571428571,20.740740740740744,0.7413575190408132,0.14285714285714285,0.19530437499553316,3656,10.0,20.0
maptv_new_vs_drz,before,0.04832589285714286,20.69284064665127,0.7361501762828258,0.14285714285714285,0.19526599417946083,3668,10.0,20.0
maptv_new_vs_drz,before,0.0484375,20.64516129032258,0.7491357153613273,0.14285714285714285,0.19493488938335007,3774,10.0,20.0
maptv_new_vs_drz,before,0.048549107142857144,20.597701149425287,0.7478103946919992,0.14285714285714285,0.19539466351065476,3628,10.0,20.0
maptv_new_vs_drz,before,0.048660714285714286,20.55045871559633,0.6789535393307509,0.14285714285714285,0.19489827749225433,3786,10.0,20.0
maptv_new_vs_drz,before,0.04877232142857143,20.503432494279178,0.6975347637688726,0.14285714285714285,0.19506440733704855,3732,10.0,20.0
maptv_new_vs_drz,before,0.04888392857142857,20.45662100456621,0.6662629660055398,0.14285714285714285,0.19518979008893414,3692,10.0,20.0
maptv_new_vs_drz,before,0.048995535714285714,20.41002277904328,0.5987299287015189,0.14285714285714285,0.19491046224945754,3782,10.0,20.0
maptv_new_vs_drz,before,0.049107142857142856,20.363636363636363,0.541046155399825,0.14285714285714285,0.19500246310468877,3752,10.0,20.0
maptv_new_vs_drz,before,0.04921875,20.317460317460316,0.5412208547717158,0.14285714285714285,0.19499013318559666,3756,10.0,20.0
maptv_new_vs_drz,before,0.04933035714285714,20.271493212669682,0.5364463544995429,0.14285714285714285,0.1948739653457362,3794,10.0,20.0
maptv_new_vs_drz,before,0.049441964285714284,20.225733634311513,0.4257434023175665,0.14285714285714285,0.19488003622703962,3792,10.0,20.0
maptv_new_vs_drz,before,0.049553571428571426,20.18018018018018,0.37917005651264757,0.14285714285714285,0.19489219229404334,3788,10.0,20.0
maptv_new_vs_drz,before,0.04966517857142857,20.134831460674157,0.32981112727293727,0.14285714285714285,0.1950209946989822,3746,10.0,20.0
maptv_new_vs_drz,before,0.04977678571428571,20.08968609865471,0.2892062513510995,0.14285714285714285,0.19475951592150462,3832,10.0,20.0
maptv_new_vs_drz,before,0.04988839285714285,20.04474272930649,0.28900884547140243,0.14285714285714285,0.19485578123579675,3800,10.0,20.0
maptv_new_vs_drz,before,0.049999999999999996,20.0,0.9997107962772651,0.14285714285714285,0.8417399583909729,2,10.0,20.0
maptv_new_vs_drz,after,0.0,inf,0.7133510758443324,0.14285714285714285,0.7560610050770457,3,10.0,20.0
maptv_new_vs_drz,after,0.00011160714285714285,8960.0,0.9480147892093839,0.14285714285714285,0.5160568456025979,12,10.0,20.0
maptv_new_vs_drz,after,0.0002232142857142857,4480.0,0.8674171428324667,0.14285714285714285,0.43846389609946435,22,10.0,20.0
maptv_new_vs_drz,after,0.0003348214285714286,2986.6666666666665,0.9666301432628976,0.14285714285714285,0.41192739958594665,28,10.0,20.0
maptv_new_vs_drz,after,0.0004464285714285714,2240.0,0.9750268917640866,0.14285714285714285,0.37684928940895107,40,10.0,20.0
maptv_new_vs_drz,after,0.0005580357142857143,1792.0,0.9894058190759509,0.14285714285714285,0.3572655453148874,50,10.0,20.0
maptv_new_vs_drz,after,0.0006696428571428571,1493.3333333333333,0.9937697329930544,0.14285714285714285,0.3607189084162777,48,10.0,20.0
maptv_new_vs_drz,after,0.0007812499999999999,1280.0,0.9945218697523601,0.14285714285714285,0.33301944154606616,68,10.0,20.0
maptv_new_vs_drz,after,0.0008928571428571428,1120.0,0.9954651535747477,0.14285714285714285,0.3308883459615167,70,10.0,20.0
maptv_new_vs_drz,after,0.0010044642857142856,995.5555555555557,0.998113994857435,0.14285714285714285,0.32498105977643776,76,10.0,20.0
maptv_new_vs_drz,after,0.0011160714285714285,896.0,0.9986641990482528,0.14285714285714285,0.3120228149867766,92,10.0,20.0
maptv_new_vs_drz,after,0.0012276785714285714,814.5454545454546,0.9988214591087257,0.14285714285714285,0.30307454563671804,106,10.0,20.0
maptv_new_vs_drz,after,0.0013392857142857143,746.6666666666666,0.9994694228325999,0.14285714285714285,0.309276869488276,96,10.0,20.0
maptv_new_vs_drz,after,0.0014508928571428572,689.2307692307692,0.999350737224345,0.14285714285714285,0.297657677511583,116,10.0,20.0
maptv_new_vs_drz,after,0.0015624999999999999,640.0,0.9995732714791586,0.14285714285714285,0.28942028891226607,134,10.0,20.0
maptv_new_vs_drz,after,0.0016741071428571428,597.3333333333334,0.9993055095051906,0.14285714285714285,0.2956748612128594,120,10.0,20.0
maptv_new_vs_drz,after,0.0017857142857142857,560.0,0.9995321075939232,0.14285714285714285,0.28476380812712476,146,10.0,20.0
maptv_new_vs_drz,after,0.0018973214285714286,527.0588235294118,0.9997004145457868,0.14285714285714285,0.2812856424436456,156,10.0,20.0
maptv_new_vs_drz,after,0.0020089285714285712,497.7777777777778,0.9998585962468066,0.14285714285714285,0.28702018719502587,140,10.0,20.0
maptv_new_vs_drz,after,0.002120535714285714,471.5789473684211,0.9998188764783001,0.14285714285714285,0.2757709533720164,174,10.0,20.0
maptv_new_vs_drz,after,0.002232142857142857,448.0,0.9998749267826051,0.14285714285714285,0.27520913338899333,176,10.0,20.0
maptv_new_vs_drz,after,0.00234375,426.6666666666667,0.9998836448551365,0.14285714285714285,0.273051000260408,184,10.0,20.0
maptv_new_vs_drz,after,0.002455357142857143,407.2727272727273,0.9999062592123653,0.14285714285714285,0.2705369635786124,194,10.0,20.0
maptv_new_vs_drz,after,0.0025669642857142857,389.5652173913044,0.9999239840549117,0.14285714285714285,0.269116846861646,200,10.0,20.0
maptv_new_vs_drz,after,0.0026785714285714286,373.3333333333333,0.9999390281864264,0.14285714285714285,0.26731663903915925,208,10.0,20.0
maptv_new_vs_drz,after,0.0027901785714285715,358.4,0.9999343488934542,0.14285714285714285,0.2668822084027434,210,10.0,20.0
maptv_new_vs_drz,after,0.0029017857142857144,344.6153846153846,0.9999481021623462,0.14285714285714285,0.26173150991010213,236,10.0,20.0
maptv_new_vs_drz,after,0.003013392857142857,331.8518518518519,0.9999695720027827,0.14285714285714285,0.2632250986856457,228,10.0,20.0
maptv_new_vs_drz,after,0.0031249999999999997,320.0,0.9999693536787833,0.14285714285714285,0.2613695641695868,238,10.0,20.0
maptv_new_vs_drz,after,0.0032366071428571426,308.96551724137936,0.9999784584886446,0.14285714285714285,0.2576597972433477,260,10.0,20.0
maptv_new_vs_drz,after,0.0033482142857142855,298.6666666666667,0.999984391997613,0.14285714285714285,0.2586250244740691,254,10.0,20.0
maptv_new_vs_drz,after,0.0034598214285714284,289.03225806451616,0.9999886723435525,0.14285714285714285,0.25523709705862524,276,10.0,20.0
maptv_new_vs_drz,after,0.0035714285714285713,280.0,0.9999903479595261,0.14285714285714285,0.25582326430374547,272,10.0,20.0
maptv_new_vs_drz,after,0.003683035714285714,271.5151515151515,0.9999925135015253,0.14285714285714285,0.2527449491574839,294,10.0,20.0
maptv_new_vs_drz,after,0.003794642857142857,263.5294117647059,0.9999946604817455,0.14285714285714285,0.25410107451462977,284,10.0,20.0
maptv_new_vs_drz,after,0.00390625,256.0,0.9999938692405235,0.14285714285714285,0.2514544516681247,304,10.0,20.0
maptv_new_vs_drz,after,0.0040178571428571425,248.8888888888889,0.9999948297090842,0.14285714285714285,0.24928083583453234,322,10.0,20.0
maptv_new_vs_drz,after,0.004129464285714286,242.16216216216216,0.9999951632080394,0.14285714285714285,0.2514544516681247,304,10.0,20.0
maptv_new_vs_drz,after,0.004241071428571428,235.78947368421055,0.9999951480309109,0.14285714285714285,0.24905026945843273,324,10.0,20.0
maptv_new_vs_drz,after,0.004352678571428572,229.74358974358972,0.999994674914184,0.14285714285714285,0.24582376798178943,354,10.0,20.0
maptv_new_vs_drz,after,0.004464285714285714,224.0,0.9999954831075553,0.14285714285714285,0.24770924671322134,336,10.0,20.0
maptv_new_vs_drz,after,0.004575892857142857,218.53658536585365,0.9999922295366303,0.14285714285714285,0.24643640318775006,348,10.0,20.0
maptv_new_vs_drz,after,0.0046875,213.33333333333334,0.9999913245713232,0.14285714285714285,0.24426173259637654,370,10.0,20.0
maptv_new_vs_drz,after,0.004799107142857142,208.37209302325584,0.9999951568231858,0.14285714285714285,0.24407341871811294,372,10.0,20.0
maptv_new_vs_drz,after,0.004910714285714286,203.63636363636365,0.9999947772030807,0.14285714285714285,0.24388657961491628,374,10.0,20.0
maptv_new_vs_drz,after,0.005022321428571428,199.11111111111114,0.9999945525921062,0.14285714285714285,0.24124866466885456,404,10.0,20.0
maptv_new_vs_drz,after,0.005133928571428571,194.7826086956522,0.9999965598235447,0.14285714285714285,0.24226832878047586,392,10.0,20.0
maptv_new_vs_drz,after,0.005245535714285714,190.63829787234044,0.9999964793278234,0.14285714285714285,0.2427954615022515,386,10.0,20.0
maptv_new_vs_drz,after,0.005357142857142857,186.66666666666666,0.9999955941031494,0.14285714285714285,0.23964416299559071,424,10.0,20.0
maptv_new_vs_drz,after,0.00546875,182.85714285714286,0.9999922767295016,0.14285714285714285,0.24027239659586974,416,10.0,20.0
maptv_new_vs_drz,after,0.005580357142857143,179.2,0.9999889329619245,0.14285714285714285,0.2388828626474958,434,10.0,20.0
maptv_new_vs_drz,after,0.0056919642857142854,175.68627450980392,0.9999913394221066,0.14285714285714285,0.2384383044776066,440,10.0,20.0
maptv_new_vs_drz,after,0.005803571428571429,172.3076923076923,0.999993413198021,0.14285714285714285,0.23757528612232023,452,10.0,20.0
maptv_new_vs_drz,after,0.005915178571428571,169.05660377358492,0.9999871572313273,0.14285714285714285,0.23688135961430892,462,10.0,20.0
maptv_new_vs_drz,after,0.006026785714285714,165.92592592592595,0.9999887710681162,0.14285714285714285,0.23785919155913984,448,10.0,20.0
maptv_new_vs_drz,after,0.006138392857142857,162.9090909090909,0.9999878772750866,0.14285714285714285,0.23517586182327832,488,10.0,20.0
maptv_new_vs_drz,after,0.0062499999999999995,160.0,0.999992851569113,0.14285714285714285,0.23607716377209612,474,10.0,20.0
maptv_new_vs_drz,after,0.006361607142857143,157.19298245614036,0.9999922387467363,0.14285714285714285,0.23568617177506457,480,10.0,20.0
maptv_new_vs_drz,after,0.006473214285714285,154.48275862068968,0.9999872866769554,0.14285714285714285,0.23359868826190747,514,10.0,20.0
maptv_new_vs_drz,after,0.006584821428571429,151.864406779661,0.9999752873418986,0.14285714285714285,0.23348222347930858,516,10.0,20.0
maptv_new_vs_drz,after,0.006696428571428571,149.33333333333334,0.9999834803200477,0.14285714285714285,0.23467767886949623,496,10.0,20.0
maptv_new_vs_drz,after,0.006808035714285714,146.88524590163934,0.9999859123585088,0.14285714285714285,0.23246304055541317,534,10.0,20.0
maptv_new_vs_drz,after,0.006919642857142857,144.51612903225808,0.9999884678703753,0.14285714285714285,0.23191835858106052,544,10.0,20.0
maptv_new_vs_drz,after,0.00703125,142.22222222222223,0.9999870554312785,0.14285714285714285,0.23348222347930858,516,10.0,20.0
maptv_new_vs_drz,after,0.007142857142857143,140.0,0.9999868982585209,0.14285714285714285,0.23118003674182988,558,10.0,20.0
maptv_new_vs_drz,after,0.007254464285714285,137.84615384615387,0.9999898363830687,0.14285714285714285,0.23066911942921098,568,10.0,20.0
maptv_new_vs_drz,after,0.007366071428571428,135.75757575757575,0.9999915410624396,0.14285714285714285,0.23257377696061368,532,10.0,20.0
maptv_new_vs_drz,after,0.007477678571428571,133.7313432835821,0.9999814793750463,0.14285714285714285,0.22865956785210217,610,10.0,20.0
maptv_new_vs_drz,after,0.007589285714285714,131.76470588235296,0.9999666491921941,0.14285714285714285,0.2300731936178756,580,10.0,20.0
maptv_new_vs_drz,after,0.007700892857142857,129.85507246376812,0.9999776294559888,0.14285714285714285,0.22987856279938831,584,10.0,20.0
maptv_new_vs_drz,after,0.0078125,128.0,0.9999655216149934,0.14285714285714285,0.22847879956174852,614,10.0,20.0
maptv_new_vs_drz,after,0.007924107142857142,126.19718309859155,0.9999749222190525,0.14285714285714285,0.22856896654528058,612,10.0,20.0
maptv_new_vs_drz,after,0.008035714285714285,124.44444444444446,0.9999725333448813,0.14285714285714285,0.22794672665157004,626,10.0,20.0
maptv_new_vs_drz,after,0.008147321428571429,122.73972602739725,0.9999582700725463,0.14285714285714285,0.22856896654528058,612,10.0,20.0
maptv_new_vs_drz,after,0.008258928571428572,121.08108108108108,0.9999697091260995,0.14285714285714285,0.22751466188342373,636,10.0,20.0
maptv_new_vs_drz,after,0.008370535714285714,119.46666666666667,0.9999737221716493,0.14285714285714285,0.22709247611069447,646,10.0,20.0
maptv_new_vs_drz,after,0.008482142857142856,117.89473684210527,0.99998170911244,0.14285714285714285,0.2270091913293758,648,10.0,20.0
maptv_new_vs_drz,after,0.008593749999999999,116.36363636363637,0.9999749248403808,0.14285714285714285,0.22684375089361272,652,10.0,20.0
maptv_new_vs_drz,after,0.008705357142857143,114.87179487179486,0.9999733622812107,0.14285714285714285,0.22580365493397495,678,10.0,20.0
maptv_new_vs_drz,after,0.008816964285714286,113.41772151898735,0.9999668015548338,0.14285714285714285,0.22572608133433805,680,10.0,20.0
maptv_new_vs_drz,after,0.008928571428571428,112.0,0.9999734283091676,0.14285714285714285,0.22572608133433805,680,10.0,20.0
maptv_new_vs_drz,after,0.00904017857142857,110.61728395061729,0.9999534654313355,0.14285714285714285,0.2247472633332211,706,10.0,20.0
maptv_new_vs_drz,after,0.009151785714285715,109.26829268292683,0.999957789394893,0.14285714285714285,0.2252675931499613,692,10.0,20.0
maptv_new_vs_drz,after,0.009263392857142857,107.95180722891567,0.9999416412174135,0.14285714285714285,0.22511735629687746,696,10.0,20.0
maptv_new_vs_drz,after,0.009375,106.66666666666667,0.9999525856488491,0.14285714285714285,0.22347634762040358,742,10.0,20.0
maptv_new_vs_drz,after,0.009486607142857142,105.41176470588236,0.9999511797077228,0.14285714285714285,0.22467416992987052,708,10.0,20.0
maptv_new_vs_drz,after,0.009598214285714285,104.18604651162792,0.9999420401007152,0.14285714285714285,0.22280884262303868,762,10.0,20.0
maptv_new_vs_drz,after,0.009709821428571429,102.98850574712644,0.9998722010121567,0.14285714285714285,0.22368179007692848,736,10.0,20.0
maptv_new_vs_drz,after,0.009821428571428571,101.81818181818183,0.999854432549122,0.14285714285714285,0.22287442635809016,760,10.0,20.0
maptv_new_vs_drz,after,0.009933035714285714,100.67415730337079,0.9999336147173686,0.14285714285714285,0.22229315058834048,778,10.0,20.0
maptv_new_vs_drz,after,0.010044642857142856,99.55555555555557,0.9999539676909883,0.14285714285714285,0.22261360373636063,768,10.0,20.0
maptv_new_vs_drz,after,0.01015625,98.46153846153845,0.9999384477375689,0.14285714285714285,0.22287442635809016,760,10.0,20.0
maptv_new_vs_drz,after,0.010267857142857143,97.3913043478261,0.999922231171966,0.14285714285714285,0.22191652760781277,790,10.0,20.0
maptv_new_vs_drz,after,0.010379464285714285,96.34408602150538,0.9999243270552627,0.14285714285714285,0.2212474895498582,812,10.0,20.0
maptv_new_vs_drz,after,0.010491071428571428,95.31914893617022,0.9999403248015651,0.14285714285714285,0.2214876516950723,804,10.0,20.0
maptv_new_vs_drz,after,0.010602678571428572,94.3157894736842,0.999926093349625,0.14285714285714285,0.22130720212890542,810,10.0,20.0
maptv_new_vs_drz,after,0.010714285714285714,93.33333333333333,0.9999388009271116,0.14285714285714285,0.2206620549790673,832,10.0,20.0
maptv_new_vs_drz,after,0.010825892857142857,92.37113402061856,0.9999413813907817,0.14285714285714285,0.2216090580540805,800,10.0,20.0
maptv_new_vs_drz,after,0.0109375,91.42857142857143,0.9999477262397248,0.14285714285714285,0.2198217694523472,862,10.0,20.0
maptv_new_vs_drz,after,0.011049107142857142,90.50505050505052,0.9999458803926572,0.14285714285714285,0.22020844574520457,848,10.0,20.0
maptv_new_vs_drz,after,0.011160714285714286,89.6,0.9999028965079932,0.14285714285714285,0.21928516426814687,882,10.0,20.0
maptv_new_vs_drz,after,0.011272321428571428,88.71287128712872,0.9998594304440551,0.14285714285714285,0.22077747178815657,828,10.0,20.0
maptv_new_vs_drz,after,0.011383928571428571,87.84313725490196,0.9998768620150003,0.14285714285714285,0.21955119748619267,872,10.0,20.0
maptv_new_vs_drz,after,0.011495535714285713,86.99029126213593,0.9998560683975485,0.14285714285714285,0.21856336410973248,910,10.0,20.0
maptv_new_vs_drz,after,0.011607142857142858,86.15384615384615,0.9998677615692494,0.14285714285714285,0.21965887440375706,868,10.0,20.0
maptv_new_vs_drz,after,0.01171875,85.33333333333333,0.9998524931219223,0.14285714285714285,0.21902354389357315,892,10.0,20.0
maptv_new_vs_drz,after,0.011830357142857142,84.52830188679246,0.999845135061051,0.14285714285714285,0.2181654494608149,926,10.0,20.0
maptv_new_vs_drz,after,0.011941964285714285,83.73831775700936,0.9997991456507447,0.14285714285714285,0.21841294458748992,916,10.0,20.0
maptv_new_vs_drz,after,0.012053571428571427,82.96296296296298,0.9998957229285518,0.14285714285714285,0.21851306204381743,912,10.0,20.0
maptv_new_vs_drz,after,0.012165178571428572,82.20183486238533,0.9999011148118326,0.14285714285714285,0.21758723335053728,950,10.0,20.0
maptv_new_vs_drz,after,0.012276785714285714,81.45454545454545,0.9998974882758178,0.14285714285714285,0.21744603829804665,956,10.0,20.0
maptv_new_vs_drz,after,0.012388392857142856,80.72072072072072,0.9998768733274291,0.14285714285714285,0.21861382957564643,908,10.0,20.0
maptv_new_vs_drz,after,0.012499999999999999,80.0,0.9998110339729573,0.14285714285714285,0.21675920204107632,986,10.0,20.0
maptv_new_vs_drz,after,0.012611607142857143,79.29203539823008,0.9998572914626535,0.14285714285714285,0.21725980028494588,964,10.0,20.0
maptv_new_vs_drz,after,0.012723214285714286,78.59649122807018,0.9998134131167077,0.14285714285714285,0.21721359693608783,966,10.0,20.0
maptv_new_vs_drz,after,0.012834821428571428,77.91304347826087,0.999734158980548,0.14285714285714285,0.21644914346158642,1000,10.0,20.0
maptv_new_vs_drz,after,0.01294642857142857,77.24137931034484,0.9997244295606216,0.14285714285714285,0.21653707458648785,996,10.0,20.0
maptv_new_vs_drz,after,0.013058035714285715,76.58119658119658,0.9997417364388217,0.14285714285714285,0.21649304397049488,998,10.0,20.0
maptv_new_vs_drz,after,0.013169642857142857,75.9322033898305,0.9997929780201098,0.14285714285714285,0.21610254718236965,1016,10.0,20.0
maptv_new_vs_drz,after,0.01328125,75.29411764705883,0.9998074419898599,0.14285714285714285,0.21618843703925994,1012,10.0,20.0
maptv_new_vs_drz,after,0.013392857142857142,74.66666666666667,0.9996709213315081,0.14285714285714285,0.21605978929178232,1018,10.0,20.0
maptv_new_vs_drz,after,0.013504464285714285,74.04958677685951,0.9996814162725832,0.14285714285714285,0.21551499634696136,1044,10.0,20.0
maptv_new_vs_drz,after,0.013616071428571429,73.44262295081967,0.9997515792187361,0.14285714285714285,0.21568047213382657,1036,10.0,20.0
maptv_new_vs_drz,after,0.013727678571428571,72.84552845528455,0.9995844213871293,0.14285714285714285,0.21498988471428435,1070,10.0,20.0
maptv_new_vs_drz,after,0.013839285714285714,72.25806451612904,0.9995461938176411,0.14285714285714285,0.21543295911437524,1048,10.0,20.0
maptv_new_vs_drz,after,0.013950892857142856,71.68,0.9992961889121957,0.14285714285714285,0.2148713755575323,1076,10.0,20.0
maptv_new_vs_drz,after,0.0140625,71.11111111111111,0.9995024586015719,0.14285714285714285,0.21475383879638116,1082,10.0,20.0
maptv_new_vs_drz,after,0.014174107142857143,70.55118110236221,0.9997037144148181,0.14285714285714285,0.21471487366377726,1084,10.0,20.0
maptv_new_vs_drz,after,0.014285714285714285,70.0,0.9997004294806999,0.14285714285714285,0.21459861283869502,1090,10.0,20.0
maptv_new_vs_drz,after,0.014397321428571428,69.45736434108528,0.9995813063328333,0.14285714285714285,0.21425543086377571,1108,10.0,20.0
maptv_new_vs_drz,after,0.01450892857142857,68.92307692307693,0.9991446285709891,0.14285714285714285,0.21456006915830092,1092,10.0,20.0
maptv_new_vs_drz,after,0.014620535714285714,68.3969465648855,0.999094192753493,0.14285714285714285,0.21355728664025345,1146,10.0,20.0
maptv_new_vs_drz,after,0.014732142857142857,67.87878787878788,0.9994877072436854,0.14285714285714285,0.21366522853675965,1140,10.0,20.0
maptv_new_vs_drz,after,0.01484375,67.36842105263158,0.9992561162277899,0.14285714285714285,0.2143309783773013,1104,10.0,20.0
maptv_new_vs_drz,after,0.014955357142857142,66.86567164179105,0.9990691059275997,0.14285714285714285,0.21279046829950965,1190,10.0,20.0
maptv_new_vs_drz,after,0.015066964285714286,66.37037037037037,0.9993477480582381,0.14285714285714285,0.21373765748018866,1136,10.0,20.0
maptv_new_vs_drz,after,0.015178571428571428,65.88235294117648,0.9991795275565206,0.14285714285714285,0.21352149146774207,1148,10.0,20.0
maptv_new_vs_drz,after,0.015290178571428571,65.4014598540146,0.9990010866408268,0.14285714285714285,0.21285843635360488,1186,10.0,20.0
maptv_new_vs_drz,after,0.015401785714285713,64.92753623188406,0.9987909231308264,0.14285714285714285,0.21282441002983377,1188,10.0,20.0
maptv_new_vs_drz,after,0.015513392857142856,64.46043165467627,0.998991978882816,0.14285714285714285,0.21337922749072738,1156,10.0,20.0
maptv_new_vs_drz,after,0.015625,64.0,0.9990887202552707,0.14285714285714285,0.212000361835817,1238,10.0,20.0
maptv_new_vs_drz,after,0.015736607142857142,63.54609929078014,0.9994959848919701,0.14285714285714285,0.2124887421904062,1208,10.0,20.0
maptv_new_vs_drz,after,0.015848214285714285,63.098591549295776,0.9995880387672537,0.14285714285714285,0.2127228372174348,1194,10.0,20.0
maptv_new_vs_drz,after,0.015959821428571427,62.65734265734266,0.9995394029381491,0.14285714285714285,0.2120323741059451,1236,10.0,20.0
maptv_new_vs_drz,after,0.01607142857142857,62.22222222222223,0.999339765896602,0.14285714285714285,0.2120323741059451,1236,10.0,20.0
maptv_new_vs_drz,after,0.016183035714285712,61.79310344827587,0.9988032242233658,0.14285714285714285,0.21187307369980893,1246,10.0,20.0
maptv_new_vs_drz,after,0.016294642857142858,61.36986301369863,0.9985850790801181,0.14285714285714285,0.21216119331021152,1228,10.0,20.0
maptv_new_vs_drz,after,0.01640625,60.95238095238095,0.9982063268501985,0.14285714285714285,0.21159104545450594,1264,10.0,20.0
maptv_new_vs_drz,after,0.016517857142857143,60.54054054054054,0.9975706055150763,0.14285714285714285,0.21149835269259598,1270,10.0,20.0
maptv_new_vs_drz,after,0.016629464285714286,60.13422818791946,0.9980507515445599,0.14285714285714285,0.21177839816474361,1252,10.0,20.0
maptv_new_vs_drz,after,0.016741071428571428,59.733333333333334,0.9975724392233897,0.14285714285714285,0.21134529561252643,1280,10.0,20.0
maptv_new_vs_drz,after,0.01685267857142857,59.337748344370866,0.9980920413370027,0.14285714285714285,0.21054834880675766,1334,10.0,20.0
maptv_new_vs_drz,after,0.016964285714285713,58.94736842105264,0.9989472651153564,0.14285714285714285,0.21159104545450594,1264,10.0,20.0
maptv_new_vs_drz,after,0.017075892857142855,58.56209150326798,0.9991637715211219,0.14285714285714285,0.21080861501660042,1316,10.0,20.0
maptv_new_vs_drz,after,0.017187499999999998,58.18181818181819,0.9991374385523377,0.14285714285714285,0.2104912166657718,1338,10.0,20.0
maptv_new_vs_drz,after,0.017299107142857144,57.806451612903224,0.9987210902667868,0.14285714285714285,0.2112241179090306,1288,10.0,20.0
maptv_new_vs_drz,after,0.017410714285714286,57.43589743589743,0.9979730961639481,0.14285714285714285,0.21009825045931166,1366,10.0,20.0
maptv_new_vs_drz,after,0.01752232142857143,57.07006369426752,0.9989798574597843,0.14285714285714285,0.21034948559464076,1348,10.0,20.0
maptv_new_vs_drz,after,0.01763392857142857,56.708860759493675,0.9977465704534056,0.14285714285714285,0.21046274528313325,1340,10.0,20.0
maptv_new_vs_drz,after,0.017745535714285714,56.35220125786164,0.9965721793075422,0.14285714285714285,0.2102651915533084,1354,10.0,20.0
maptv_new_vs_drz,after,0.017857142857142856,56.0,0.9968796195647969,0.14285714285714285,0.20979775932161346,1388,10.0,20.0
maptv_new_vs_drz,after,0.01796875,55.652173913043484,0.9978824099929559,0.14285714285714285,0.21001559151209073,1372,10.0,20.0
maptv_new_vs_drz,after,0.01808035714285714,55.308641975308646,0.9980974598865179,0.14285714285714285,0.20993346585157174,1378,10.0,20.0
maptv_new_vs_drz,after,0.018191964285714284,54.96932515337424,0.9976225267191944,0.14285714285714285,0.20969023176701643,1396,10.0,20.0
maptv_new_vs_drz,after,0.01830357142857143,54.63414634146341,0.9973254014340184,0.14285714285714285,0.20974388120426476,1392,10.0,20.0
maptv_new_vs_drz,after,0.018415178571428572,54.303030303030305,0.9973274715926453,0.14285714285714285,0.20924322011539456,1430,10.0,20.0
maptv_new_vs_drz,after,0.018526785714285714,53.975903614457835,0.9960364180320949,0.14285714285714285,0.20937304795788578,1420,10.0,20.0
maptv_new_vs_drz,after,0.018638392857142857,53.65269461077845,0.994982159459158,0.14285714285714285,0.20958361247909307,1404,10.0,20.0
maptv_new_vs_drz,after,0.01875,53.333333333333336,0.9958911982818872,0.14285714285714285,0.20908918974285123,1442,10.0,20.0
maptv_new_vs_drz,after,0.018861607142857142,53.01775147928994,0.9958356904433412,0.14285714285714285,0.2091147294392002,1440,10.0,20.0
maptv_new_vs_drz,after,0.018973214285714284,52.70588235294118,0.9966594091405107,0.14285714285714285,0.20878674915614567,1466,10.0,20.0
maptv_new_vs_drz,after,0.019084821428571427,52.397660818713454,0.9910711984256826,0.14285714285714285,0.20896227354363328,1452,10.0,20.0
maptv_new_vs_drz,after,0.01919642857142857,52.09302325581396,0.993481415159363,0.14285714285714285,0.20861368932701757,1480,10.0,20.0
maptv_new_vs_drz,after,0.019308035714285715,51.79190751445086,0.992628604970818,0.14285714285714285,0.20849155226945118,1490,10.0,20.0
maptv_new_vs_drz,after,0.019419642857142858,51.49425287356322,0.9946256321695643,0.14285714285714285,0.20886166870324252,1460,10.0,20.0
maptv_new_vs_drz,after,0.01953125,51.2,0.995215319250952,0.14285714285714285,0.20832258514572422,1504,10.0,20.0
maptv_new_vs_drz,after,0.019642857142857142,50.909090909090914,0.9928975284342942,0.14285714285714285,0.20820331375489703,1514,10.0,20.0
maptv_new_vs_drz,after,0.019754464285714285,50.621468926553675,0.9924136283662582,0.14285714285714285,0.2080852033992908,1524,10.0,20.0
maptv_new_vs_drz,after,0.019866071428571427,50.337078651685395,0.9918830462661063,0.14285714285714285,0.20822707454226386,1512,10.0,20.0
maptv_new_vs_drz,after,0.01997767857142857,50.05586592178771,0.9912884439045252,0.14285714285714285,0.2076466470245122,1562,10.0,20.0
maptv_new_vs_drz,after,0.020089285714285712,49.777777777777786,0.9929815850810493,0.14285714285714285,0.20817959940754727,1516,10.0,20.0
maptv_new_vs_drz,after,0.020200892857142858,49.50276243093922,0.9957852163131724,0.14285714285714285,0.20817959940754727,1516,10.0,20.0
maptv_new_vs_drz,after,0.0203125,49.230769230769226,0.9951897017109971,0.14285714285714285,0.2071581805789342,1606,10.0,20.0
maptv_new_vs_drz,after,0.020424107142857143,48.96174863387978,0.9928139561575909,0.14285714285714285,0.2078523911652866,1544,10.0,20.0
maptv_new_vs_drz,after,0.020535714285714286,48.69565217391305,0.9945576157234933,0.14285714285714285,0.20751142498562736,1574,10.0,20.0
maptv_new_vs_drz,after,0.020647321428571428,48.432432432432435,0.9974365379597684,0.14285714285714285,0.207311430402214,1592,10.0,20.0
maptv_new_vs_drz,after,0.02075892857142857,48.17204301075269,0.9976266706424991,0.14285714285714285,0.20766933369874285,1560,10.0,20.0
maptv_new_vs_drz,after,0.020870535714285713,47.9144385026738,0.9960433516700353,0.14285714285714285,0.2072455083727941,1598,10.0,20.0
maptv_new_vs_drz,after,0.020982142857142855,47.65957446808511,0.9927496939167038,0.14285714285714285,0.20679410702631273,1640,10.0,20.0
maptv_new_vs_drz,after,0.021093749999999998,47.40740740740741,0.9944467864670377,0.14285714285714285,0.2070931065498322,1612,10.0,20.0
maptv_new_vs_drz,after,0.021205357142857144,47.1578947368421,0.9931888966069342,0.14285714285714285,0.20733348626347292,1590,10.0,20.0
maptv_new_vs_drz,after,0.021316964285714286,46.910994764397905,0.9915939684659493,0.14285714285714285,0.2068363565335541,1636,10.0,20.0
maptv_new_vs_drz,after,0.02142857142857143,46.666666666666664,0.991125662465322,0.14285714285714285,0.20646152179686691,1672,10.0,20.0
maptv_new_vs_drz,after,0.02154017857142857,46.424870466321245,0.9939502247342705,0.14285714285714285,0.20677303948480721,1642,10.0,20.0
maptv_new_vs_drz,after,0.021651785714285714,46.18556701030928,0.9956795929344728,0.14285714285714285,0.20654377883697478,1664,10.0,20.0
maptv_new_vs_drz,after,0.021763392857142856,45.94871794871795,0.996261355909906,0.14285714285714285,0.2069213164900138,1628,10.0,20.0
maptv_new_vs_drz,after,0.021875,45.714285714285715,0.9955964438562426,0.14285714285714285,0.20615817865004304,1702,10.0,20.0
maptv_new_vs_drz,after,0.02198660714285714,45.48223350253807,0.9970343134202634,0.14285714285714285,0.2063798459329584,1680,10.0,20.0
maptv_new_vs_drz,after,0.022098214285714284,45.25252525252526,0.9953973609961055,0.14285714285714285,0.20607862228912602,1710,10.0,20.0
maptv_new_vs_drz,after,0.02220982142857143,45.0251256281407,0.9940583674865903,0.14285714285714285,0.2060193161196826,1716,10.0,20.0
maptv_new_vs_drz,after,0.022321428571428572,44.8,0.9919027324141827,0.14285714285714285,0.2064206116472992,1676,10.0,20.0
maptv_new_vs_drz,after,0.022433035714285714,44.5771144278607,0.989828605819706,0.14285714285714285,0.20568896146044316,1750,10.0,20.0
maptv_new_vs_drz,after,0.022544642857142857,44.35643564356436,0.9916168611332699,0.14285714285714285,0.20586265784981742,1732,10.0,20.0
maptv_new_vs_drz,after,0.02265625,44.13793103448276,0.9923471433544069,0.14285714285714285,0.20625840693654623,1692,10.0,20.0
maptv_new_vs_drz,after,0.022767857142857142,43.92156862745098,0.9916950083887307,0.14285714285714285,0.20561261066388095,1758,10.0,20.0
maptv_new_vs_drz,after,0.022879464285714284,43.707317073170735,0.9920459899435984,0.14285714285714285,0.20563165001517575,1756,10.0,20.0
maptv_new_vs_drz,after,0.022991071428571427,43.49514563106796,0.9906689262719243,0.14285714285714285,0.2059799491398533,1720,10.0,20.0
maptv_new_vs_drz,after,0.02310267857142857,43.28502415458938,0.9941624847700277,0.14285714285714285,0.2050559530372921,1818,10.0,20.0
maptv_new_vs_drz,after,0.023214285714285715,43.07692307692307,0.9952470879459088,0.14285714285714285,0.20529377749698421,1792,10.0,20.0
maptv_new_vs_drz,after,0.023325892857142858,42.87081339712918,0.994447910820009,0.14285714285714285,0.20578513067261447,1740,10.0,20.0
maptv_new_vs_drz,after,0.0234375,42.666666666666664,0.9948857824052016,0.14285714285714285,0.2049478815407546,1830,10.0,20.0
maptv_new_vs_drz,after,0.023549107142857142,42.464454976303315,0.9904481845139492,0.14285714285714285,0.2053308201973659,1788,10.0,20.0
maptv_new_vs_drz,after,0.023660714285714285,42.26415094339623,0.9915084082211032,0.14285714285714285,0.2051650873580342,1806,10.0,20.0
maptv_new_vs_drz,after,0.023772321428571427,42.06572769953052,0.9894973824650787,0.14285714285714285,0.20500178551890139,1824,10.0,20.0
maptv_new_vs_drz,after,0.02388392857142857,41.86915887850468,0.9866465556227385,0.14285714285714285,0.2050378677827802,1820,10.0,20.0
maptv_new_vs_drz,after,0.023995535714285712,41.674418604651166,0.9867565041900446,0.14285714285714285,0.20473485868990474,1854,10.0,20.0
maptv_new_vs_drz,after,0.024107142857142855,41.48148148148149,0.988068106817291,0.14285714285714285,0.20489423896779435,1836,10.0,20.0
maptv_new_vs_drz,after,0.02421875,41.29032258064516,0.9845847965155902,0.14285714285714285,0.20482311852246032,1844,10.0,20.0
maptv_new_vs_drz,after,0.024330357142857143,41.10091743119266,0.9819343235936877,0.14285714285714285,0.20428703415014268,1906,10.0,20.0
maptv_new_vs_drz,after,0.024441964285714286,40.91324200913242,0.9834416629266254,0.14285714285714285,0.20485862143419345,1840,10.0,20.0
maptv_new_vs_drz,after,0.024553571428571428,40.72727272727273,0.9851436636500509,0.14285714285714285,0.20443997892001115,1888,10.0,20.0
maptv_new_vs_drz,after,0.02466517857142857,40.542986425339365,0.9888656471661407,0.14285714285714285,0.20432083629059994,1902,10.0,20.0
maptv_new_vs_drz,after,0.024776785714285713,40.36036036036036,0.9928979222077606,0.14285714285714285,0.20478772961770136,1848,10.0,20.0
maptv_new_vs_drz,after,0.024888392857142855,40.17937219730942,0.9932735935905914,0.14285714285714285,0.20406985646203774,1932,10.0,20.0
maptv_new_vs_drz,after,0.024999999999999998,40.0,0.9810929881624385,0.14285714285714285,0.20405333008241125,1934,10.0,20.0
maptv_new_vs_drz,after,0.02511160714285714,39.82222222222222,0.9825837472586799,0.14285714285714285,0.20443997892001115,1888,10.0,20.0
maptv_new_vs_drz,after,0.025223214285714286,39.64601769911504,0.9795485208141369,0.14285714285714285,0.20395470143415717,1946,10.0,20.0
maptv_new_vs_drz,after,0.02533482142857143,39.47136563876652,0.9808834579725881,0.14285714285714285,0.20380843789404254,1964,10.0,20.0
maptv_new_vs_drz,after,0.02544642857142857,39.29824561403509,0.9795451860674946,0.14285714285714285,0.20397107681264137,1944,10.0,20.0
maptv_new_vs_drz,after,0.025558035714285714,39.12663755458515,0.9817632017978211,0.14285714285714285,0.2038245910506852,1962,10.0,20.0
maptv_new_vs_drz,after,0.025669642857142856,38.95652173913044,0.9820928826629892,0.14285714285714285,0.20368008519926165,1980,10.0,20.0
maptv_new_vs_drz,after,0.02578125,38.78787878787879,0.9841169538580562,0.14285714285714285,0.20406985646203774,1932,10.0,20.0
maptv_new_vs_drz,after,0.02589285714285714,38.62068965517242,0.9876111655898504,0.14285714285714285,0.20360064332422378,1990,10.0,20.0
maptv_new_vs_drz,after,0.026004464285714284,38.4549356223176,0.98745492739046,0.14285714285714285,0.20345912978831718,2008,10.0,20.0
maptv_new_vs_drz,after,0.02611607142857143,38.29059829059829,0.9879893316418605,0.14285714285714285,0.20380843789404254,1964,10.0,20.0
maptv_new_vs_drz,after,0.026227678571428572,38.12765957446808,0.9831606838188774,0.14285714285714285,0.20335035825347117,2022,10.0,20.0
maptv_new_vs_drz,after,0.026339285714285714,37.96610169491525,0.9858933509081428,0.14285714285714285,0.20333491064606968,2024,10.0,20.0
maptv_new_vs_drz,after,0.026450892857142857,37.80590717299578,0.9895747883321108,0.14285714285714285,0.20333491064606968,2024,10.0,20.0
maptv_new_vs_drz,after,0.0265625,37.64705882352941,0.9894747691612941,0.14285714285714285,0.20338132157581876,2018,10.0,20.0
maptv_new_vs_drz,after,0.026674107142857142,37.48953974895397,0.9863895855387866,0.14285714285714285,0.2030306380195964,2064,10.0,20.0
maptv_new_vs_drz,after,0.026785714285714284,37.333333333333336,0.9876556318985393,0.14285714285714285,0.2030156542404139,2066,10.0,20.0
maptv_new_vs_drz,after,0.026897321428571427,37.178423236514526,0.9884063134746144,0.14285714285714285,0.20352179142430754,2000,10.0,20.0
maptv_new_vs_drz,after,0.02700892857142857,37.02479338842976,0.9889170935108749,0.14285714285714285,0.20276417883135758,2100,10.0,20.0
maptv_new_vs_drz,after,0.027120535714285715,36.87242798353909,0.9818207564567036,0.14285714285714285,0.20280811620931277,2094,10.0,20.0
maptv_new_vs_drz,after,0.027232142857142858,36.721311475409834,0.9748679804956654,0.14285714285714285,0.20294105689975392,2076,10.0,20.0
maptv_new_vs_drz,after,0.02734375,36.57142857142857,0.9830839547718411,0.14285714285714285,0.20285224078709876,2088,10.0,20.0
maptv_new_vs_drz,after,0.027455357142857142,36.422764227642276,0.9770905079645382,0.14285714285714285,0.20251867322781997,2134,10.0,20.0
maptv_new_vs_drz,after,0.027566964285714285,36.2753036437247,0.9853081867862942,0.14285714285714285,0.20276417883135758,2100,10.0,20.0
maptv_new_vs_drz,after,0.027678571428571427,36.12903225806452,0.984702703084679,0.14285714285714285,0.20282280353622323,2092,10.0,20.0
maptv_new_vs_drz,after,0.02779017857142857,35.98393574297189,0.9723016565555964,0.14285714285714285,0.2024051399747265,2150,10.0,20.0
maptv_new_vs_drz,after,0.027901785714285712,35.84,0.9690561759003591,0.14285714285714285,0.2023910364655755,2152,10.0,20.0
maptv_new_vs_drz,after,0.028013392857142855,35.69721115537849,0.9835823941191189,0.14285714285714285,0.20294105689975392,2076,10.0,20.0
maptv_new_vs_drz,after,0.028125,35.55555555555556,0.9885041242583597,0.14285714285714285,0.20199031257847036,2210,10.0,20.0
maptv_new_vs_drz,after,0.028236607142857143,35.41501976284585,0.9835386483264215,0.14285714285714285,0.20256157441371295,2128,10.0,20.0
maptv_new_vs_drz,after,0.028348214285714286,35.275590551181104,0.9823704832450826,0.14285714285714285,0.20220944357269727,2178,10.0,20.0
maptv_new_vs_drz,after,0.028459821428571428,35.13725490196079,0.981799884735948,0.14285714285714285,0.2020038700244288,2208,10.0,20.0
maptv_new_vs_drz,after,0.02857142857142857,35.0,0.9833762356439791,0.14285714285714285,0.20227890442236768,2168,10.0,20.0
maptv_new_vs_drz,after,0.028683035714285713,34.86381322957199,0.9785274928415516,0.14285714285714285,0.20209928513740544,2194,10.0,20.0
maptv_new_vs_drz,after,0.028794642857142855,34.72868217054264,0.9768830151446196,0.14285714285714285,0.20219560817884408,2180,10.0,20.0
maptv_new_vs_drz,after,0.028906249999999998,34.5945945945946,0.9730627015880662,0.14285714285714285,0.2018157070765534,2236,10.0,20.0
maptv_new_vs_drz,after,0.02901785714285714,34.46153846153847,0.973366004360227,0.14285714285714285,0.20212671273157043,2190,10.0,20.0
maptv_new_vs_drz,after,0.029129464285714286,34.32950191570881,0.9695621521414101,0.14285714285714285,0.20165718663427828,2260,10.0,20.0
maptv_new_vs_drz,after,0.02924107142857143,34.19847328244275,0.9623931781226085,0.14285714285714285,0.20197677333037697,2212,10.0,20.0
maptv_new_vs_drz,after,0.02935267857142857,34.06844106463878,0.9375056797067891,0.14285714285714285,0.20148825195988218,2286,10.0,20.0
maptv_new_vs_drz,after,0.029464285714285714,33.93939393939394,0.9492726120531386,0.14285714285714285,0.20176258739613345,2244,10.0,20.0
maptv_new_vs_drz,after,0.029575892857142856,33.81132075471698,0.9699052447262315,0.14285714285714285,0.20165718663427828,2260,10.0,20.0
maptv_new_vs_drz,after,0.0296875,33.68421052631579,0.9682391724315059,0.14285714285714285,0.20130948318858632,2314,10.0,20.0
maptv_new_vs_drz,after,0.02979910714285714,33.55805243445693,0.9635407312586529,0.14285714285714285,0.20178911203700534,2240,10.0,20.0
maptv_new_vs_drz,after,0.029910714285714284,33.43283582089553,0.9567612720104761,0.14285714285714285,0.20133482448864679,2310,10.0,20.0
maptv_new_vs_drz,after,0.030022321428571426,33.30855018587361,0.9643384845096147,0.14285714285714285,0.20150114550038942,2284,10.0,20.0
maptv_new_vs_drz,after,0.030133928571428572,33.18518518518518,0.9649952590034572,0.14285714285714285,0.20163100936456846,2264,10.0,20.0
maptv_new_vs_drz,after,0.030245535714285714,33.06273062730627,0.9659607395110151,0.14285714285714285,0.20093700504233267,2374,10.0,20.0
maptv_new_vs_drz,after,0.030357142857142857,32.94117647058824,0.9643656494024546,0.14285714285714285,0.20127159292996374,2320,10.0,20.0
maptv_new_vs_drz,after,0.03046875,32.820512820512825,0.9615178039913689,0.14285714285714285,0.2014240345538633,2296,10.0,20.0
maptv_new_vs_drz,after,0.030580357142857142,32.7007299270073,0.9740340821696906,0.14285714285714285,0.20091267051918305,2378,10.0,20.0
maptv_new_vs_drz,after,0.030691964285714284,32.581818181818186,0.9685312169950882,0.14285714285714285,0.20117125958839946,2336,10.0,20.0
maptv_new_vs_drz,after,0.030803571428571427,32.46376811594203,0.9672868190578733,0.14285714285714285,0.20117125958839946,2336,10.0,20.0
maptv_new_vs_drz,after,0.03091517857142857,32.34657039711192,0.9344968114430371,0.14285714285714285,0.20079190337726316,2398,10.0,20.0
maptv_new_vs_drz,after,0.03102678571428571,32.230215827338135,0.927859066639856,0.14285714285714285,0.2008520992222212,2388,10.0,20.0
maptv_new_vs_drz,after,0.031138392857142858,32.11469534050179,0.94214004817619,0.14285714285714285,0.20129683691159364,2316,10.0,20.0
maptv_new_vs_drz,after,0.03125,32.0,0.9341513821792309,0.14285714285714285,0.20060175498092978,2430,10.0,20.0
maptv_new_vs_drz,after,0.03136160714285714,31.88612099644128,0.9293635874953666,0.14285714285714285,0.2005899942187709,2432,10.0,20.0
maptv_new_vs_drz,after,0.031473214285714285,31.77304964539007,0.9428085548355218,0.14285714285714285,0.20091267051918305,2378,10.0,20.0
maptv_new_vs_drz,after,0.03158482142857143,31.66077738515901,0.9384340078435158,0.14285714285714285,0.2005899942187709,2432,10.0,20.0
maptv_new_vs_drz,after,0.03169642857142857,31.549295774647888,0.9552914401530804,0.14285714285714285,0.20073207911367105,2408,10.0,20.0
maptv_new_vs_drz,after,0.03180803571428571,31.438596491228072,0.967788469898991,0.14285714285714285,0.20043839988598003,2458,10.0,20.0
maptv_new_vs_drz,after,0.031919642857142855,31.32867132867133,0.9657279241292187,0.14285714285714285,0.20063712367957884,2424,10.0,20.0
maptv_new_vs_drz,after,0.03203125,31.219512195121954,0.9581997402659024,0.14285714285714285,0.2004037543659979,2464,10.0,20.0
maptv_new_vs_drz,after,0.03214285714285714,31.111111111111114,0.9482707601259951,0.14285714285714285,0.2003233998560821,2478,10.0,20.0
maptv_new_vs_drz,after,0.03225446428571428,31.00346020761246,0.9362987137774342,0.14285714285714285,0.20075596447473562,2404,10.0,20.0
maptv_new_vs_drz,after,0.032366071428571425,30.896551724137936,0.9329288193906348,0.14285714285714285,0.2001759442030165,2504,10.0,20.0
maptv_new_vs_drz,after,0.03247767857142857,30.790378006872857,0.9298365713930153,0.14285714285714285,0.20011983450492699,2514,10.0,20.0
maptv_new_vs_drz,after,0.032589285714285716,30.684931506849313,0.9019164239832418,0.14285714285714285,0.20038072687575237,2468,10.0,20.0
maptv_new_vs_drz,after,0.03270089285714286,30.580204778156993,0.9307786729451261,0.14285714285714285,0.20022107212707113,2496,10.0,20.0
maptv_new_vs_drz,after,0.0328125,30.476190476190474,0.9292560820543051,0.14285714285714285,0.1999424885446575,2546,10.0,20.0
maptv_new_vs_drz,after,0.032924107142857144,30.372881355932204,0.9318941648526742,0.14285714285714285,0.2003577547434476,2472,10.0,20.0
maptv_new_vs_drz,after,0.033035714285714286,30.27027027027027,0.8991692296957499,0.14285714285714285,0.19992055302869258,2550,10.0,20.0
maptv_new_vs_drz,after,0.03314732142857143,30.16835016835017,0.9168010598853396,0.14285714285714285,0.19982247206699402,2568,10.0,20.0
maptv_new_vs_drz,after,0.03325892857142857,30.06711409395973,0.9340378644872556,0.14285714285714285,0.20022107212707113,2496,10.0,20.0
maptv_new_vs_drz,after,0.033370535714285714,29.96655518394649,0.8946126242458153,0.14285714285714285,0.19981163721274517,2570,10.0,20.0
maptv_new_vs_drz,after,0.033482142857142856,29.866666666666667,0.9068071388266116,0.14285714285714285,0.19969327465375333,2592,10.0,20.0
maptv_new_vs_drz,after,0.03359375,29.767441860465116,0.8846004740403333,0.14285714285714285,0.19999755197612662,2536,10.0,20.0
maptv_new_vs_drz,after,0.03370535714285714,29.668874172185433,0.8729516302578315,0.14285714285714285,0.19968258842376282,2594,10.0,20.0
maptv_new_vs_drz,after,0.033816964285714284,29.570957095709574,0.8952926905085543,0.14285714285714285,0.1997576502130963,2580,10.0,20.0
maptv_new_vs_drz,after,0.033928571428571426,29.47368421052632,0.9308266820912391,0.14285714285714285,0.19962934028121115,2604,10.0,20.0
maptv_new_vs_drz,after,0.03404017857142857,29.377049180327873,0.9136749524558754,0.14285714285714285,0.19970397313874927,2590,10.0,20.0
maptv_new_vs_drz,after,0.03415178571428571,29.28104575163399,0.8704729482269061,0.14285714285714285,0.1995447720660188,2620,10.0,20.0
maptv_new_vs_drz,after,0.03426339285714285,29.185667752443,0.8921292557286814,0.14285714285714285,0.1995869599845832,2612,10.0,20.0
maptv_new_vs_drz,after,0.034374999999999996,29.090909090909093,0.9012209864880356,0.14285714285714285,0.19953425497473404,2622,10.0,20.0
maptv_new_vs_drz,after,0.034486607142857145,28.996763754045304,0.8864033045822258,0.14285714285714285,0.19923435045727056,2680,10.0,20.0
maptv_new_vs_drz,after,0.03459821428571429,28.903225806451612,0.8717493805619608,0.14285714285714285,0.19940897247414457,2646,10.0,20.0
maptv_new_vs_drz,after,0.03470982142857143,28.810289389067524,0.891111840690998,0.14285714285714285,0.19948184772087152,2632,10.0,20.0
maptv_new_vs_drz,after,0.03482142857142857,28.717948717948715,0.8707853528320875,0.14285714285714285,0.19925472300409489,2676,10.0,20.0
maptv_new_vs_drz,after,0.034933035714285715,28.62619808306709,0.8710681663370614,0.14285714285714285,0.199163400800433,2694,10.0,20.0
maptv_new_vs_drz,after,0.03504464285714286,28.53503184713376,0.8627785112411157,0.14285714285714285,0.19929560413957997,2668,10.0,20.0
maptv_new_vs_drz,after,0.03515625,28.444444444444443,0.860335311989349,0.14285714285714285,0.19923435045727056,2680,10.0,20.0
maptv_new_vs_drz,after,0.03526785714285714,28.354430379746837,0.8770332371547672,0.14285714285714285,0.199163400800433,2694,10.0,20.0
maptv_new_vs_drz,after,0.035379464285714285,28.26498422712934,0.9074265701460092,0.14285714285714285,0.19903307957272984,2720,10.0,20.0
maptv_new_vs_drz,after,0.03549107142857143,28.17610062893082,0.916330290858959,0.14285714285714285,0.19923435045727056,2680,10.0,20.0
maptv_new_vs_drz,after,0.03560267857142857,28.087774294670847,0.8928534927422431,0.14285714285714285,0.1987296503731864,2782,10.0,20.0
maptv_new_vs_drz,after,0.03571428571428571,28.0,0.8617156273916958,0.14285714285714285,0.19919374056785832,2688,10.0,20.0
maptv_new_vs_drz,after,0.035825892857142855,27.912772585669785,0.8497393049625497,0.14285714285714285,0.19897355378849282,2732,10.0,20.0
maptv_new_vs_drz,after,0.0359375,27.826086956521742,0.8639899854023456,0.14285714285714285,0.19863390479962775,2802,10.0,20.0
maptv_new_vs_drz,after,0.03604910714285714,27.73993808049536,0.8329809445998329,0.14285714285714285,0.19893408530849774,2740,10.0,20.0
maptv_new_vs_drz,after,0.03616071428571428,27.654320987654323,0.8375572279123863,0.14285714285714285,0.1989636705837003,2734,10.0,20.0
maptv_new_vs_drz,after,0.036272321428571425,27.56923076923077,0.8138633717977785,0.14285714285714285,0.1987779076146052,2772,10.0,20.0
maptv_new_vs_drz,after,0.03638392857142857,27.48466257668712,0.8324892976806944,0.14285714285714285,0.1985674850051077,2816,10.0,20.0
maptv_new_vs_drz,after,0.036495535714285716,27.400611620795104,0.8434727986945756,0.14285714285714285,0.19880698630805718,2766,10.0,20.0
maptv_new_vs_drz,after,0.03660714285714286,27.317073170731707,0.8448042754593154,0.14285714285714285,0.19847344616835114,2836,10.0,20.0
maptv_new_vs_drz,after,0.03671875,27.23404255319149,0.8439639319675106,0.14285714285714285,0.1985674850051077,2816,10.0,20.0
maptv_new_vs_drz,after,0.036830357142857144,27.151515151515152,0.84769336753318,0.14285714285714285,0.1987296503731864,2782,10.0,20.0
maptv_new_vs_drz,after,0.036941964285714286,27.069486404833835,0.825708800519948,0.14285714285714285,0.1983434350217766,2864,10.0,20.0
maptv_new_vs_drz,after,0.03705357142857143,26.987951807228917,0.8330162781690879,0.14285714285714285,0.19852975072299847,2824,10.0,20.0
maptv_new_vs_drz,after,0.03716517857142857,26.906906906906908,0.8426593109636888,0.14285714285714285,0.19837113512849097,2858,10.0,20.0
maptv_new_vs_drz,after,0.037276785714285714,26.826347305389223,0.8132590067235373,0.14285714285714285,0.19847344616835114,2836,10.0,20.0
maptv_new_vs_drz,after,0.037388392857142856,26.746268656716417,0.822606340237067,0.14285714285714285,0.1984547565946868,2840,10.0,20.0
maptv_new_vs_drz,after,0.0375,26.666666666666668,0.7993534686921677,0.14285714285714285,0.19818808118118406,2898,10.0,20.0
maptv_new_vs_drz,after,0.03761160714285714,26.587537091988132,0.8117312227207696,0.14285714285714285,0.19843610609789097,2844,10.0,20.0
maptv_new_vs_drz,after,0.037723214285714284,26.50887573964497,0.7984450424050661,0.14285714285714285,0.19795564920134207,2950,10.0,20.0
maptv_new_vs_drz,after,0.037834821428571426,26.4306784660767,0.8017955099822722,0.14285714285714285,0.19830663541185475,2872,10.0,20.0
maptv_new_vs_drz,after,0.03794642857142857,26.35294117647059,0.7914935356246687,0.14285714285714285,0.1982882926807455,2876,10.0,20.0
maptv_new_vs_drz,after,0.03805803571428571,26.275659824046922,0.7775268539178148,0.14285714285714285,0.19802651424106882,2934,10.0,20.0
maptv_new_vs_drz,after,0.03816964285714285,26.198830409356727,0.7801652123771383,0.14285714285714285,0.1981069271457448,2916,10.0,20.0
maptv_new_vs_drz,after,0.038281249999999996,26.12244897959184,0.7844401044577964,0.14285714285714285,0.1982152991985056,2892,10.0,20.0
maptv_new_vs_drz,after,0.03839285714285714,26.04651162790698,0.7791411021167132,0.14285714285714285,0.19793802214251247,2954,10.0,20.0
maptv_new_vs_drz,after,0.03850446428571429,25.97101449275362,0.7844317253155518,0.14285714285714285,0.19782430484837527,2980,10.0,20.0
maptv_new_vs_drz,after,0.03861607142857143,25.89595375722543,0.7855147790965226,0.14285714285714285,0.19825172071105046,2884,10.0,20.0
maptv_new_vs_drz,after,0.03872767857142857,25.821325648414984,0.7529354980927826,0.14285714285714285,0.1978156184587228,2982,10.0,20.0
maptv_new_vs_drz,after,0.038839285714285715,25.74712643678161,0.7582983137390124,0.14285714285714285,0.19760123472388125,3032,10.0,20.0
maptv_new_vs_drz,after,0.03895089285714286,25.673352435530084,0.7536174502222965,0.14285714285714285,0.1981609467848357,2904,10.0,20.0
maptv_new_vs_drz,after,0.0390625,25.6,0.7644434721546371,0.14285714285714285,0.1975253385684874,3050,10.0,20.0
maptv_new_vs_drz,after,0.03917410714285714,25.527065527065528,0.7643019912022173,0.14285714285714285,0.19784170365088652,2976,10.0,20.0
maptv_new_vs_drz,after,0.039285714285714285,25.454545454545457,0.7418098055366029,0.14285714285714285,0.1976097089758139,3030,10.0,20.0
maptv_new_vs_drz,after,0.03939732142857143,25.38243626062323,0.7354374611001897,0.14285714285714285,0.1977550552720954,2996,10.0,20.0
maptv_new_vs_drz,after,0.03950892857142857,25.310734463276837,0.7570172077284758,0.14285714285714285,0.19765220529146557,3020,10.0,20.0
maptv_new_vs_drz,after,0.03962053571428571,25.23943661971831,0.7600940931988569,0.14285714285714285,0.1975085631250675,3054,10.0,20.0
maptv_new_vs_drz,after,0.039732142857142855,25.168539325842698,0.7642522863837451,0.14285714285714285,0.19770347780800562,3008,10.0,20.0
maptv_new_vs_drz,after,0.03984375,25.098039215686278,0.7751080406377322,0.14285714285714285,0.19743347590385044,3072,10.0,20.0
maptv_new_vs_drz,after,0.03995535714285714,25.027932960893857,0.7398691939641557,0.14285714285714285,0.19739204277139769,3082,10.0,20.0
maptv_new_vs_drz,after,0.04006696428571428,24.95821727019499,0.7503515199836399,0.14285714285714285,0.1976692624332035,3016,10.0,20.0
maptv_new_vs_drz,after,0.040178571428571425,24.888888888888893,0.7599270068127074,0.14285714285714285,0.19731796447605393,3100,10.0,20.0
maptv_new_vs_drz,after,0.04029017857142857,24.81994459833795,0.7734387188809658,0.14285714285714285,0.1974251732503782,3074,10.0,20.0
maptv_new_vs_drz,after,0.040401785714285716,24.75138121546961,0.7489468421381238,0.14285714285714285,0.19745010534200189,3068,10.0,20.0
maptv_new_vs_drz,after,0.04051339285714286,24.683195592286502,0.7328732692227623,0.14285714285714285,0.19736727869292328,3088,10.0,20.0
maptv_new_vs_drz,after,0.040625,24.615384615384613,0.7345512309238484,0.14285714285714285,0.1970358524551192,3170,10.0,20.0
maptv_new_vs_drz,after,0.040736607142857144,24.54794520547945,0.7339714915397031,0.14285714285714285,0.197483461108339,3060,10.0,20.0
maptv_new_vs_drz,after,0.040848214285714286,24.48087431693989,0.7325333727529989,0.14285714285714285,0.19717976864090656,3134,10.0,20.0
maptv_new_vs_drz,after,0.04095982142857143,24.4141689373297,0.6939801002473338,0.14285714285714285,0.19701210252814472,3176,10.0,20.0
maptv_new_vs_drz,after,0.04107142857142857,24.347826086956523,0.7116838424799888,0.14285714285714285,0.19738378012086183,3084,10.0,20.0
maptv_new_vs_drz,after,0.041183035714285714,24.281842818428185,0.7203934153932796,0.14285714285714285,0.19695694455425367,3190,10.0,20.0
maptv_new_vs_drz,after,0.041294642857142856,24.216216216216218,0.7514236410837987,0.14285714285714285,0.1970755845534379,3160,10.0,20.0
maptv_new_vs_drz,after,0.04140625,24.150943396226417,0.6934716373489537,0.14285714285714285,0.1970755845534379,3160,10.0,20.0
maptv_new_vs_drz,after,0.04151785714285714,24.086021505376344,0.7245336207413217,0.14285714285714285,0.19706762319057258,3162,10.0,20.0
maptv_new_vs_drz,after,0.041629464285714284,24.021447721179626,0.7365639149493043,0.14285714285714285,0.19698053952908048,3184,10.0,20.0
maptv_new_vs_drz,after,0.041741071428571426,23.9572192513369,0.7132479913344881,0.14285714285714285,0.19696480220931625,3188,10.0,20.0
maptv_new_vs_drz,after,0.04185267857142857,23.893333333333334,0.7208497924448448,0.14285714285714285,0.19690995197425074,3202,10.0,20.0
maptv_new_vs_drz,after,0.04196428571428571,23.829787234042556,0.692349213690825,0.14285714285714285,0.1966864592271897,3260,10.0,20.0
maptv_new_vs_drz,after,0.04207589285714285,23.766578249336874,0.6407316668354895,0.14285714285714285,0.19691776587158633,3200,10.0,20.0
maptv_new_vs_drz,after,0.042187499999999996,23.703703703703706,0.6678700006539212,0.14285714285714285,0.19692558703358493,3198,10.0,20.0
maptv_new_vs_drz,after,0.04229910714285714,23.641160949868077,0.6683361995337919,0.14285714285714285,0.19662584390434415,3276,10.0,20.0
maptv_new_vs_drz,after,0.04241071428571429,23.57894736842105,0.6812709566365969,0.14285714285714285,0.1967398616607217,3246,10.0,20.0
maptv_new_vs_drz,after,0.04252232142857143,23.517060367454068,0.6821596713154559,0.14285714285714285,0.1969334154715303,3196,10.0,20.0
maptv_new_vs_drz,after,0.04263392857142857,23.455497382198953,0.6601176266696994,0.14285714285714285,0.19662584390434415,3276,10.0,20.0
maptv_new_vs_drz,after,0.042745535714285715,23.39425587467363,0.7014256655270891,0.14285714285714285,0.19658818240465054,3286,10.0,20.0
maptv_new_vs_drz,after,0.04285714285714286,23.333333333333332,0.6870077636885826,0.14285714285714285,0.19656566720869945,3292,10.0,20.0
maptv_new_vs_drz,after,0.04296875,23.272727272727273,0.6517429868531721,0.14285714285714285,0.19674751854137398,3244,10.0,20.0
maptv_new_vs_drz,after,0.04308035714285714,23.212435233160623,0.708344980277042,0.14285714285714285,0.19627841680223054,3370,10.0,20.0
maptv_new_vs_drz,after,0.043191964285714285,23.152454780361758,0.6839186225728056,0.14285714285714285,0.19665609640424975,3268,10.0,20.0
maptv_new_vs_drz,after,0.04330357142857143,23.09278350515464,0.6623167897027514,0.14285714285714285,0.1965506909503124,3296,10.0,20.0
maptv_new_vs_drz,after,0.04341517857142857,23.033419023136247,0.6462629231104613,0.14285714285714285,0.19635112163071453,3350,10.0,20.0
maptv_new_vs_drz,after,0.04352678571428571,22.974358974358974,0.6518219480374402,0.14285714285714285,0.19649105513285683,3312,10.0,20.0
maptv_new_vs_drz,after,0.043638392857142855,22.915601023017903,0.667239747338953,0.14285714285714285,0.1965506909503124,3296,10.0,20.0
maptv_new_vs_drz,after,0.04375,22.857142857142858,0.6351051395197356,0.14285714285714285,0.19620635084804425,3390,10.0,20.0
maptv_new_vs_drz,after,0.04386160714285714,22.798982188295167,0.5844526308998155,0.14285714285714285,0.19627118161272125,3372,10.0,20.0
maptv_new_vs_drz,after,0.04397321428571428,22.741116751269036,0.6554403411851564,0.14285714285714285,0.19639505513636507,3338,10.0,20.0
maptv_new_vs_drz,after,0.044084821428571425,22.683544303797472,0.6697524340776222,0.14285714285714285,0.19614203002159336,3408,10.0,20.0
maptv_new_vs_drz,after,0.04419642857142857,22.62626262626263,0.6538328398759535,0.14285714285714285,0.19628565838032241,3368,10.0,20.0
maptv_new_vs_drz,after,0.04430803571428571,22.569269521410583,0.6479446493298524,0.14285714285714285,0.19630742154042707,3362,10.0,20.0
maptv_new_vs_drz,after,0.04441964285714286,22.51256281407035,0.6402206109122781,0.14285714285714285,0.19604297333067175,3436,10.0,20.0
maptv_new_vs_drz,after,0.04453125,22.45614035087719,0.6045539789132977,0.14285714285714285,0.19624230455271754,3380,10.0,20.0
maptv_new_vs_drz,after,0.044642857142857144,22.4,0.5900717581501788,0.14285714285714285,0.19616341405099993,3402,10.0,20.0
maptv_new_vs_drz,after,0.044754464285714286,22.34413965087282,0.6270841493273384,0.14285714285714285,0.19608527866196232,3424,10.0,20.0
maptv_new_vs_drz,after,0.04486607142857143,22.28855721393035,0.6456553991916649,0.14285714285714285,0.19608527866196232,3424,10.0,20.0
maptv_new_vs_drz,after,0.04497767857142857,22.233250620347395,0.6435472459560705,0.14285714285714285,0.19586903899227384,3486,10.0,20.0
maptv_new_vs_drz,after,0.045089285714285714,22.17821782178218,0.6498757700710119,0.14285714285714285,0.19609942947499998,3420,10.0,20.0
maptv_new_vs_drz,after,0.045200892857142856,22.123456790123456,0.6498088449880042,0.14285714285714285,0.19598690683769954,3452,10.0,20.0
maptv_new_vs_drz,after,0.0453125,22.06896551724138,0.6502334740263298,0.14285714285714285,0.19578686266146458,3510,10.0,20.0
maptv_new_vs_drz,after,0.04542410714285714,22.014742014742016,0.6408770744008506,0.14285714285714285,0.195959018311031,3460,10.0,20.0
maptv_new_vs_drz,after,0.045535714285714284,21.96078431372549,0.619857585394587,0.14285714285714285,0.1959242922263356,3470,10.0,20.0
maptv_new_vs_drz,after,0.045647321428571426,21.90709046454768,0.5949643747465351,0.14285714285714285,0.1959312255268662,3468,10.0,20.0
maptv_new_vs_drz,after,0.04575892857142857,21.853658536585368,0.6272734306693432,0.14285714285714285,0.19578005236369755,3512,10.0,20.0
maptv_new_vs_drz,after,0.04587053571428571,21.800486618004868,0.6478224202319722,0.14285714285714285,0.1957460872064342,3522,10.0,20.0
maptv_new_vs_drz,after,0.04598214285714285,21.74757281553398,0.6514268247244708,0.14285714285714285,0.19567186631260183,3544,10.0,20.0
maptv_new_vs_drz,after,0.046093749999999996,21.69491525423729,0.6155513760532176,0.14285714285714285,0.19601489165878555,3444,10.0,20.0
maptv_new_vs_drz,after,0.04620535714285714,21.64251207729469,0.6469356141631933,0.14285714285714285,0.19554526746979894,3582,10.0,20.0
maptv_new_vs_drz,after,0.04631696428571429,21.59036144578313,0.6536117101791437,0.14285714285714285,0.19557838863500912,3572,10.0,20.0
maptv_new_vs_drz,after,0.04642857142857143,21.538461538461537,0.6518121766891457,0.14285714285714285,0.19587592500046092,3484,10.0,20.0
maptv_new_vs_drz,after,0.04654017857142857,21.48681055155875,0.6598698075564577,0.14285714285714285,0.19536229896004664,3638,10.0,20.0
maptv_new_vs_drz,after,0.046651785714285715,21.43540669856459,0.6593793545116033,0.14285714285714285,0.19572577688551,3528,10.0,20.0
maptv_new_vs_drz,after,0.04676339285714286,21.384248210023866,0.6714288842312374,0.14285714285714285,0.19565844520659162,3548,10.0,20.0
maptv_new_vs_drz,after,0.046875,21.333333333333332,0.6703293411480056,0.14285714285714285,0.19540115234939126,3626,10.0,20.0
maptv_new_vs_drz,after,0.04698660714285714,21.282660332541568,0.6775228866252925,0.14285714285714285,0.19544672377293545,3612,10.0,20.0
maptv_new_vs_drz,after,0.047098214285714285,21.232227488151658,0.6602638925473057,0.14285714285714285,0.1954663349047849,3606,10.0,20.0
maptv_new_vs_drz,after,0.04720982142857143,21.182033096926716,0.6639911688356711,0.14285714285714285,0.1955651236363731,3576,10.0,20.0
maptv_new_vs_drz,after,0.04732142857142857,21.132075471698116,0.66731499493273,0.14285714285714285,0.19534294368347277,3644,10.0,20.0
maptv_new_vs_drz,after,0.04743303571428571,21.08235294117647,0.6822855322911516,0.14285714285714285,0.19537522888070752,3634,10.0,20.0
maptv_new_vs_drz,after,0.047544642857142855,21.03286384976526,0.7157624063331169,0.14285714285714285,0.19549912822785603,3596,10.0,20.0
maptv_new_vs_drz,after,0.04765625,20.98360655737705,0.7038243986651819,0.14285714285714285,0.19527876700452393,3664,10.0,20.0
maptv_new_vs_drz,after,0.04776785714285714,20.93457943925234,0.7197977242286152,0.14285714285714285,0.19536229896004664,3638,10.0,20.0
maptv_new_vs_drz,after,0.04787946428571428,20.88578088578089,0.7109113942899402,0.14285714285714285,0.1952532420597071,3672,10.0,20.0
maptv_new_vs_drz,after,0.047991071428571425,20.837209302325583,0.7051749938380789,0.14285714285714285,0.19534294368347277,3644,10.0,20.0
maptv_new_vs_drz,after,0.04810267857142857,20.788863109048727,0.7213623450577502,0.14285714285714285,0.1950209946989822,3746,10.0,20.0
maptv_new_vs_drz,after,0.04821428571428571,20.740740740740744,0.7436324804035964,0.14285714285714285,0.19530437499553316,3656,10.0,20.0
maptv_new_vs_drz,after,0.04832589285714286,20.69284064665127,0.7387160207475432,0.14285714285714285,0.19526599417946083,3668,10.0,20.0
maptv_new_vs_drz,after,0.0484375,20.64516129032258,0.7520569705177952,0.14285714285714285,0.19493488938335007,3774,10.0,20.0
maptv_new_vs_drz,after,0.048549107142857144,20.597701149425287,0.7500680486628284,0.14285714285714285,0.19539466351065476,3628,10.0,20.0
maptv_new_vs_drz,after,0.048660714285714286,20.55045871559633,0.6807217795429259,0.14285714285714285,0.19489827749225433,3786,10.0,20.0
maptv_new_vs_drz,after,0.04877232142857143,20.503432494279178,0.7001655687340714,0.14285714285714285,0.19506440733704855,3732,10.0,20.0
maptv_new_vs_drz,after,0.04888392857142857,20.45662100456621,0.6684965801252467,0.14285714285714285,0.19518979008893414,3692,10.0,20.0
maptv_new_vs_drz,after,0.048995535714285714,20.41002277904328,0.6000146726266716,0.14285714285714285,0.19491046224945754,3782,10.0,20.0
maptv_new_vs_drz,after,0.049107142857142856,20.363636363636363,0.5423376550537121,0.14285714285714285,0.19500246310468877,3752,10.0,20.0
maptv_new_vs_drz,after,0.04921875,20.317460317460316,0.5421246310300301,0.14285714285714285,0.19499013318559666,3756,10.0,20.0
maptv_new_vs_drz,after,0.04933035714285714,20.271493212669682,0.5377563984164366,0.14285714285714285,0.1948739653457362,3794,10.0,20.0
maptv_new_vs_drz,after,0.049441964285714284,20.225733634311513,0.4265998052828891,0.14285714285714285,0.19488003622703962,3792,10.0,20.0
maptv_new_vs_drz,after,0.049553571428571426,20.18018018018018,0.37947058158072866,0.14285714285714285,0.19489219229404334,3788,10.0,20.0
maptv_new_vs_drz,after,0.04966517857142857,20.134831460674157,0.33024487386756973,0.14285714285714285,0.1950209946989822,3746,10.0,20.0
maptv_new_vs_drz,after,0.04977678571428571,20.08968609865471,0.28925725975904404,0.14285714285714285,0.19475951592150462,3832,10.0,20.0
maptv_new_vs_drz,after,0.04988839285714285,20.04474272930649,0.2883965659178101,0.14285714285714285,0.19485578123579675,3800,10.0,20.0
maptv_new_vs_drz,after,0.049999999999999996,20.0,0.99971793772419,0.14285714285714285,0.8417399583909729,2,10.0,20.0
v11_new_vs_tgv,before,0.0,inf,0.7053695157052194,0.14285714285714285,0.7560610050770457,3,10.0,20.0
v11_new_vs_tgv,before,0.00011160714285714285,8960.0,0.947476093802682,0.14285714285714285,0.5160568456025979,12,10.0,20.0
v11_new_vs_tgv,before,0.0002232142857142857,4480.0,0.8705730432222792,0.14285714285714285,0.43846389609946435,22,10.0,20.0
v11_new_vs_tgv,before,0.0003348214285714286,2986.6666666666665,0.9668882336496555,0.14285714285714285,0.41192739958594665,28,10.0,20.0
v11_new_vs_tgv,before,0.0004464285714285714,2240.0,0.9774156912529033,0.14285714285714285,0.37684928940895107,40,10.0,20.0
v11_new_vs_tgv,before,0.0005580357142857143,1792.0,0.9887341835331189,0.14285714285714285,0.3572655453148874,50,10.0,20.0
v11_new_vs_tgv,before,0.0006696428571428571,1493.3333333333333,0.9929581189433581,0.14285714285714285,0.3607189084162777,48,10.0,20.0
v11_new_vs_tgv,before,0.0007812499999999999,1280.0,0.993465372855872,0.14285714285714285,0.33301944154606616,68,10.0,20.0
v11_new_vs_tgv,before,0.0008928571428571428,1120.0,0.992739329528071,0.14285714285714285,0.3308883459615167,70,10.0,20.0
v11_new_vs_tgv,before,0.0010044642857142856,995.5555555555557,0.9967871920417843,0.14285714285714285,0.32498105977643776,76,10.0,20.0
v11_new_vs_tgv,before,0.0011160714285714285,896.0,0.9973633791042045,0.14285714285714285,0.3120228149867766,92,10.0,20.0
v11_new_vs_tgv,before,0.0012276785714285714,814.5454545454546,0.9962913359205321,0.14285714285714285,0.30307454563671804,106,10.0,20.0
v11_new_vs_tgv,before,0.0013392857142857143,746.6666666666666,0.9968324618807253,0.14285714285714285,0.309276869488276,96,10.0,20.0
v11_new_vs_tgv,before,0.0014508928571428572,689.2307692307692,0.9966841093262212,0.14285714285714285,0.297657677511583,116,10.0,20.0
v11_new_vs_tgv,before,0.0015624999999999999,640.0,0.9961862841116643,0.14285714285714285,0.28942028891226607,134,10.0,20.0
v11_new_vs_tgv,before,0.0016741071428571428,597.3333333333334,0.9945859529692689,0.14285714285714285,0.2956748612128594,120,10.0,20.0
v11_new_vs_tgv,before,0.0017857142857142857,560.0,0.9958672758557052,0.14285714285714285,0.28476380812712476,146,10.0,20.0
v11_new_vs_tgv,before,0.0018973214285714286,527.0588235294118,0.9947370936990028,0.14285714285714285,0.2812856424436456,156,10.0,20.0
v11_new_vs_tgv,before,0.0020089285714285712,497.7777777777778,0.9971981667641739,0.14285714285714285,0.28702018719502587,140,10.0,20.0
v11_new_vs_tgv,before,0.002120535714285714,471.5789473684211,0.9953988918006782,0.14285714285714285,0.2757709533720164,174,10.0,20.0
v11_new_vs_tgv,before,0.002232142857142857,448.0,0.997507290850771,0.14285714285714285,0.27520913338899333,176,10.0,20.0
v11_new_vs_tgv,before,0.00234375,426.6666666666667,0.998010728560425,0.14285714285714285,0.273051000260408,184,10.0,20.0
v11_new_vs_tgv,before,0.002455357142857143,407.2727272727273,0.9972825339567966,0.14285714285714285,0.2705369635786124,194,10.0,20.0
v11_new_vs_tgv,before,0.0025669642857142857,389.5652173913044,0.9957243230451556,0.14285714285714285,0.269116846861646,200,10.0,20.0
v11_new_vs_tgv,before,0.0026785714285714286,373.3333333333333,0.9950396310622226,0.14285714285714285,0.26731663903915925,208,10.0,20.0
v11_new_vs_tgv,before,0.0027901785714285715,358.4,0.9963815040838493,0.14285714285714285,0.2668822084027434,210,10.0,20.0
v11_new_vs_tgv,before,0.0029017857142857144,344.6153846153846,0.9945589593719191,0.14285714285714285,0.26173150991010213,236,10.0,20.0
v11_new_vs_tgv,before,0.003013392857142857,331.8518518518519,0.996164239859304,0.14285714285714285,0.2632250986856457,228,10.0,20.0
v11_new_vs_tgv,before,0.0031249999999999997,320.0,0.9955924474338677,0.14285714285714285,0.2613695641695868,238,10.0,20.0
v11_new_vs_tgv,before,0.0032366071428571426,308.96551724137936,0.99573407545846,0.14285714285714285,0.2576597972433477,260,10.0,20.0
v11_new_vs_tgv,before,0.0033482142857142855,298.6666666666667,0.9928244196827506,0.14285714285714285,0.2586250244740691,254,10.0,20.0
v11_new_vs_tgv,before,0.0034598214285714284,289.03225806451616,0.995126138182425,0.14285714285714285,0.25523709705862524,276,10.0,20.0
v11_new_vs_tgv,before,0.0035714285714285713,280.0,0.9935728829047638,0.14285714285714285,0.25582326430374547,272,10.0,20.0
v11_new_vs_tgv,before,0.003683035714285714,271.5151515151515,0.9890497281989122,0.14285714285714285,0.2527449491574839,294,10.0,20.0
v11_new_vs_tgv,before,0.003794642857142857,263.5294117647059,0.9879852797081836,0.14285714285714285,0.25410107451462977,284,10.0,20.0
v11_new_vs_tgv,before,0.00390625,256.0,0.9857015474663885,0.14285714285714285,0.2514544516681247,304,10.0,20.0
v11_new_vs_tgv,before,0.0040178571428571425,248.8888888888889,0.9907807302124153,0.14285714285714285,0.24928083583453234,322,10.0,20.0
v11_new_vs_tgv,before,0.004129464285714286,242.16216216216216,0.9889394486374575,0.14285714285714285,0.2514544516681247,304,10.0,20.0
v11_new_vs_tgv,before,0.004241071428571428,235.78947368421055,0.9877601740190056,0.14285714285714285,0.24905026945843273,324,10.0,20.0
v11_new_vs_tgv,before,0.004352678571428572,229.74358974358972,0.9898550808014995,0.14285714285714285,0.24582376798178943,354,10.0,20.0
v11_new_vs_tgv,before,0.004464285714285714,224.0,0.9938436837362974,0.14285714285714285,0.24770924671322134,336,10.0,20.0
v11_new_vs_tgv,before,0.004575892857142857,218.53658536585365,0.9863996783079315,0.14285714285714285,0.24643640318775006,348,10.0,20.0
v11_new_vs_tgv,before,0.0046875,213.33333333333334,0.9797816841968829,0.14285714285714285,0.24426173259637654,370,10.0,20.0
v11_new_vs_tgv,before,0.004799107142857142,208.37209302325584,0.984985114052597,0.14285714285714285,0.24407341871811294,372,10.0,20.0
v11_new_vs_tgv,before,0.004910714285714286,203.63636363636365,0.985128126918158,0.14285714285714285,0.24388657961491628,374,10.0,20.0
v11_new_vs_tgv,before,0.005022321428571428,199.11111111111114,0.982862791965087,0.14285714285714285,0.24124866466885456,404,10.0,20.0
v11_new_vs_tgv,before,0.005133928571428571,194.7826086956522,0.9810976109715193,0.14285714285714285,0.24226832878047586,392,10.0,20.0
v11_new_vs_tgv,before,0.005245535714285714,190.63829787234044,0.984243818305277,0.14285714285714285,0.2427954615022515,386,10.0,20.0
v11_new_vs_tgv,before,0.005357142857142857,186.66666666666666,0.984519298652823,0.14285714285714285,0.23964416299559071,424,10.0,20.0
v11_new_vs_tgv,before,0.00546875,182.85714285714286,0.987108996469965,0.14285714285714285,0.24027239659586974,416,10.0,20.0
v11_new_vs_tgv,before,0.005580357142857143,179.2,0.9888950416305798,0.14285714285714285,0.2388828626474958,434,10.0,20.0
v11_new_vs_tgv,before,0.0056919642857142854,175.68627450980392,0.9833472259054179,0.14285714285714285,0.2384383044776066,440,10.0,20.0
v11_new_vs_tgv,before,0.005803571428571429,172.3076923076923,0.9699064760624119,0.14285714285714285,0.23757528612232023,452,10.0,20.0
v11_new_vs_tgv,before,0.005915178571428571,169.05660377358492,0.9726845826170659,0.14285714285714285,0.23688135961430892,462,10.0,20.0
v11_new_vs_tgv,before,0.006026785714285714,165.92592592592595,0.9721687533651928,0.14285714285714285,0.23785919155913984,448,10.0,20.0
v11_new_vs_tgv,before,0.006138392857142857,162.9090909090909,0.9749915709919721,0.14285714285714285,0.23517586182327832,488,10.0,20.0
v11_new_vs_tgv,before,0.0062499999999999995,160.0,0.9706612041110072,0.14285714285714285,0.23607716377209612,474,10.0,20.0
v11_new_vs_tgv,before,0.006361607142857143,157.19298245614036,0.9730654390041569,0.14285714285714285,0.23568617177506457,480,10.0,20.0
v11_new_vs_tgv,before,0.006473214285714285,154.48275862068968,0.982656415900238,0.14285714285714285,0.23359868826190747,514,10.0,20.0
v11_new_vs_tgv,before,0.006584821428571429,151.864406779661,0.9792169028411482,0.14285714285714285,0.23348222347930858,516,10.0,20.0
v11_new_vs_tgv,before,0.006696428571428571,149.33333333333334,0.9816042072309766,0.14285714285714285,0.23467767886949623,496,10.0,20.0
v11_new_vs_tgv,before,0.006808035714285714,146.88524590163934,0.9779449170713181,0.14285714285714285,0.23246304055541317,534,10.0,20.0
v11_new_vs_tgv,before,0.006919642857142857,144.51612903225808,0.97836376103532,0.14285714285714285,0.23191835858106052,544,10.0,20.0
v11_new_vs_tgv,before,0.00703125,142.22222222222223,0.9756162476684836,0.14285714285714285,0.23348222347930858,516,10.0,20.0
v11_new_vs_tgv,before,0.007142857142857143,140.0,0.9700916113963499,0.14285714285714285,0.23118003674182988,558,10.0,20.0
v11_new_vs_tgv,before,0.007254464285714285,137.84615384615387,0.9634227445001399,0.14285714285714285,0.23066911942921098,568,10.0,20.0
v11_new_vs_tgv,before,0.007366071428571428,135.75757575757575,0.9579863297145378,0.14285714285714285,0.23257377696061368,532,10.0,20.0
v11_new_vs_tgv,before,0.007477678571428571,133.7313432835821,0.963699032010196,0.14285714285714285,0.22865956785210217,610,10.0,20.0
v11_new_vs_tgv,before,0.007589285714285714,131.76470588235296,0.9707156311880306,0.14285714285714285,0.2300731936178756,580,10.0,20.0
v11_new_vs_tgv,before,0.007700892857142857,129.85507246376812,0.9713176953412445,0.14285714285714285,0.22987856279938831,584,10.0,20.0
v11_new_vs_tgv,before,0.0078125,128.0,0.9762182148999168,0.14285714285714285,0.22847879956174852,614,10.0,20.0
v11_new_vs_tgv,before,0.007924107142857142,126.19718309859155,0.9844838966034122,0.14285714285714285,0.22856896654528058,612,10.0,20.0
v11_new_vs_tgv,before,0.008035714285714285,124.44444444444446,0.9843460230273161,0.14285714285714285,0.22794672665157004,626,10.0,20.0
v11_new_vs_tgv,before,0.008147321428571429,122.73972602739725,0.9763232398305928,0.14285714285714285,0.22856896654528058,612,10.0,20.0
v11_new_vs_tgv,before,0.008258928571428572,121.08108108108108,0.9571204366828563,0.14285714285714285,0.22751466188342373,636,10.0,20.0
v11_new_vs_tgv,before,0.008370535714285714,119.46666666666667,0.9480106466472923,0.14285714285714285,0.22709247611069447,646,10.0,20.0
v11_new_vs_tgv,before,0.008482142857142856,117.89473684210527,0.9391496245123092,0.14285714285714285,0.2270091913293758,648,10.0,20.0
v11_new_vs_tgv,before,0.008593749999999999,116.36363636363637,0.952080602783786,0.14285714285714285,0.22684375089361272,652,10.0,20.0
v11_new_vs_tgv,before,0.008705357142857143,114.87179487179486,0.954542224359726,0.14285714285714285,0.22580365493397495,678,10.0,20.0
v11_new_vs_tgv,before,0.008816964285714286,113.41772151898735,0.9590036282754345,0.14285714285714285,0.22572608133433805,680,10.0,20.0
v11_new_vs_tgv,before,0.008928571428571428,112.0,0.9657609278911475,0.14285714285714285,0.22572608133433805,680,10.0,20.0
v11_new_vs_tgv,before,0.00904017857142857,110.61728395061729,0.9633449064173721,0.14285714285714285,0.2247472633332211,706,10.0,20.0
v11_new_vs_tgv,before,0.009151785714285715,109.26829268292683,0.9706290106018031,0.14285714285714285,0.2252675931499613,692,10.0,20.0
v11_new_vs_tgv,before,0.009263392857142857,107.95180722891567,0.9693800959972636,0.14285714285714285,0.22511735629687746,696,10.0,20.0
v11_new_vs_tgv,before,0.009375,106.66666666666667,0.9542055984831818,0.14285714285714285,0.22347634762040358,742,10.0,20.0
v11_new_vs_tgv,before,0.009486607142857142,105.41176470588236,0.9419525686474417,0.14285714285714285,0.22467416992987052,708,10.0,20.0
v11_new_vs_tgv,before,0.009598214285714285,104.18604651162792,0.9214703103260097,0.14285714285714285,0.22280884262303868,762,10.0,20.0
v11_new_vs_tgv,before,0.009709821428571429,102.98850574712644,0.9299486712039803,0.14285714285714285,0.22368179007692848,736,10.0,20.0
v11_new_vs_tgv,before,0.009821428571428571,101.81818181818183,0.9194559360427474,0.14285714285714285,0.22287442635809016,760,10.0,20.0
v11_new_vs_tgv,before,0.009933035714285714,100.67415730337079,0.920900711225165,0.14285714285714285,0.22229315058834048,778,10.0,20.0
v11_new_vs_tgv,before,0.010044642857142856,99.55555555555557,0.9394500873824355,0.14285714285714285,0.22261360373636063,768,10.0,20.0
v11_new_vs_tgv,before,0.01015625,98.46153846153845,0.959294878175557,0.14285714285714285,0.22287442635809016,760,10.0,20.0
v11_new_vs_tgv,before,0.010267857142857143,97.3913043478261,0.9595932903770074,0.14285714285714285,0.22191652760781277,790,10.0,20.0
v11_new_vs_tgv,before,0.010379464285714285,96.34408602150538,0.9480215957953011,0.14285714285714285,0.2212474895498582,812,10.0,20.0
v11_new_vs_tgv,before,0.010491071428571428,95.31914893617022,0.9389170604586415,0.14285714285714285,0.2214876516950723,804,10.0,20.0
v11_new_vs_tgv,before,0.010602678571428572,94.3157894736842,0.9469595047636398,0.14285714285714285,0.22130720212890542,810,10.0,20.0
v11_new_vs_tgv,before,0.010714285714285714,93.33333333333333,0.930860619582496,0.14285714285714285,0.2206620549790673,832,10.0,20.0
v11_new_vs_tgv,before,0.010825892857142857,92.37113402061856,0.9264860682639394,0.14285714285714285,0.2216090580540805,800,10.0,20.0
v11_new_vs_tgv,before,0.0109375,91.42857142857143,0.9072052752179048,0.14285714285714285,0.2198217694523472,862,10.0,20.0
v11_new_vs_tgv,before,0.011049107142857142,90.50505050505052,0.90647225737185,0.14285714285714285,0.22020844574520457,848,10.0,20.0
v11_new_vs_tgv,before,0.011160714285714286,89.6,0.9122371409149233,0.14285714285714285,0.21928516426814687,882,10.0,20.0
v11_new_vs_tgv,before,0.011272321428571428,88.71287128712872,0.9188211718798327,0.14285714285714285,0.22077747178815657,828,10.0,20.0
v11_new_vs_tgv,before,0.011383928571428571,87.84313725490196,0.9454176254063478,0.14285714285714285,0.21955119748619267,872,10.0,20.0
v11_new_vs_tgv,before,0.011495535714285713,86.99029126213593,0.9579545397466082,0.14285714285714285,0.21856336410973248,910,10.0,20.0
v11_new_vs_tgv,before,0.011607142857142858,86.15384615384615,0.9567752449950268,0.14285714285714285,0.21965887440375706,868,10.0,20.0
v11_new_vs_tgv,before,0.01171875,85.33333333333333,0.9136661046500746,0.14285714285714285,0.21902354389357315,892,10.0,20.0
v11_new_vs_tgv,before,0.011830357142857142,84.52830188679246,0.9324757376226335,0.14285714285714285,0.2181654494608149,926,10.0,20.0
v11_new_vs_tgv,before,0.011941964285714285,83.73831775700936,0.9337582951603743,0.14285714285714285,0.21841294458748992,916,10.0,20.0
v11_new_vs_tgv,before,0.012053571428571427,82.96296296296298,0.883182120192606,0.14285714285714285,0.21851306204381743,912,10.0,20.0
v11_new_vs_tgv,before,0.012165178571428572,82.20183486238533,0.8900727107685182,0.14285714285714285,0.21758723335053728,950,10.0,20.0
v11_new_vs_tgv,before,0.012276785714285714,81.45454545454545,0.9011183738015365,0.14285714285714285,0.21744603829804665,956,10.0,20.0
v11_new_vs_tgv,before,0.012388392857142856,80.72072072072072,0.9315275834145246,0.14285714285714285,0.21861382957564643,908,10.0,20.0
v11_new_vs_tgv,before,0.012499999999999999,80.0,0.9328687785692429,0.14285714285714285,0.21675920204107632,986,10.0,20.0
v11_new_vs_tgv,before,0.012611607142857143,79.29203539823008,0.9145796481998016,0.14285714285714285,0.21725980028494588,964,10.0,20.0
v11_new_vs_tgv,before,0.012723214285714286,78.59649122807018,0.9265320119281694,0.14285714285714285,0.21721359693608783,966,10.0,20.0
v11_new_vs_tgv,before,0.012834821428571428,77.91304347826087,0.9117029299849324,0.14285714285714285,0.21644914346158642,1000,10.0,20.0
v11_new_vs_tgv,before,0.01294642857142857,77.24137931034484,0.9129159346645915,0.14285714285714285,0.21653707458648785,996,10.0,20.0
v11_new_vs_tgv,before,0.013058035714285715,76.58119658119658,0.9104209152155873,0.14285714285714285,0.21649304397049488,998,10.0,20.0
v11_new_vs_tgv,before,0.013169642857142857,75.9322033898305,0.862016239920432,0.14285714285714285,0.21610254718236965,1016,10.0,20.0
v11_new_vs_tgv,before,0.01328125,75.29411764705883,0.8622198433461626,0.14285714285714285,0.21618843703925994,1012,10.0,20.0
v11_new_vs_tgv,before,0.013392857142857142,74.66666666666667,0.9122071014358907,0.14285714285714285,0.21605978929178232,1018,10.0,20.0
v11_new_vs_tgv,before,0.013504464285714285,74.04958677685951,0.8866047365262526,0.14285714285714285,0.21551499634696136,1044,10.0,20.0
v11_new_vs_tgv,before,0.013616071428571429,73.44262295081967,0.8800542763196239,0.14285714285714285,0.21568047213382657,1036,10.0,20.0
v11_new_vs_tgv,before,0.013727678571428571,72.84552845528455,0.8617036871277496,0.14285714285714285,0.21498988471428435,1070,10.0,20.0
v11_new_vs_tgv,before,0.013839285714285714,72.25806451612904,0.8790231470452426,0.14285714285714285,0.21543295911437524,1048,10.0,20.0
v11_new_vs_tgv,before,0.013950892857142856,71.68,0.9247349763920486,0.14285714285714285,0.2148713755575323,1076,10.0,20.0
v11_new_vs_tgv,before,0.0140625,71.11111111111111,0.9367597733114937,0.14285714285714285,0.21475383879638116,1082,10.0,20.0
v11_new_vs_tgv,before,0.014174107142857143,70.55118110236221,0.9063448722146984,0.14285714285714285,0.21471487366377726,1084,10.0,20.0
v11_new_vs_tgv,before,0.014285714285714285,70.0,0.8802913944419846,0.14285714285714285,0.21459861283869502,1090,10.0,20.0
v11_new_vs_tgv,before,0.014397321428571428,69.45736434108528,0.8588234022582096,0.14285714285714285,0.21425543086377571,1108,10.0,20.0
v11_new_vs_tgv,before,0.01450892857142857,68.92307692307693,0.8695796005408644,0.14285714285714285,0.21456006915830092,1092,10.0,20.0
v11_new_vs_tgv,before,0.014620535714285714,68.3969465648855,0.8303856444387175,0.14285714285714285,0.21355728664025345,1146,10.0,20.0
v11_new_vs_tgv,before,0.014732142857142857,67.87878787878788,0.8409899621246053,0.14285714285714285,0.21366522853675965,1140,10.0,20.0
v11_new_vs_tgv,before,0.01484375,67.36842105263158,0.8585434443984786,0.14285714285714285,0.2143309783773013,1104,10.0,20.0
v11_new_vs_tgv,before,0.014955357142857142,66.86567164179105,0.8740396655059617,0.14285714285714285,0.21279046829950965,1190,10.0,20.0
v11_new_vs_tgv,before,0.015066964285714286,66.37037037037037,0.910593968143645,0.14285714285714285,0.21373765748018866,1136,10.0,20.0
v11_new_vs_tgv,before,0.015178571428571428,65.88235294117648,0.8916767949214235,0.14285714285714285,0.21352149146774207,1148,10.0,20.0
v11_new_vs_tgv,before,0.015290178571428571,65.4014598540146,0.8574396494472799,0.14285714285714285,0.21285843635360488,1186,10.0,20.0
v11_new_vs_tgv,before,0.015401785714285713,64.92753623188406,0.853142610583566,0.14285714285714285,0.21282441002983377,1188,10.0,20.0
v11_new_vs_tgv,before,0.015513392857142856,64.46043165467627,0.8540015869359451,0.14285714285714285,0.21337922749072738,1156,10.0,20.0
v11_new_vs_tgv,before,0.015625,64.0,0.802425864586676,0.14285714285714285,0.212000361835817,1238,10.0,20.0
v11_new_vs_tgv,before,0.015736607142857142,63.54609929078014,0.8126520080122791,0.14285714285714285,0.2124887421904062,1208,10.0,20.0
v11_new_vs_tgv,before,0.015848214285714285,63.098591549295776,0.8402252212256146,0.14285714285714285,0.2127228372174348,1194,10.0,20.0
v11_new_vs_tgv,before,0.015959821428571427,62.65734265734266,0.8734934322121071,0.14285714285714285,0.2120323741059451,1236,10.0,20.0
v11_new_vs_tgv,before,0.01607142857142857,62.22222222222223,0.8804635270973961,0.14285714285714285,0.2120323741059451,1236,10.0,20.0
v11_new_vs_tgv,before,0.016183035714285712,61.79310344827587,0.8164135797511698,0.14285714285714285,0.21187307369980893,1246,10.0,20.0
v11_new_vs_tgv,before,0.016294642857142858,61.36986301369863,0.8654932303699614,0.14285714285714285,0.21216119331021152,1228,10.0,20.0
v11_new_vs_tgv,before,0.01640625,60.95238095238095,0.8600924901697012,0.14285714285714285,0.21159104545450594,1264,10.0,20.0
v11_new_vs_tgv,before,0.016517857142857143,60.54054054054054,0.8410558484715099,0.14285714285714285,0.21149835269259598,1270,10.0,20.0
v11_new_vs_tgv,before,0.016629464285714286,60.13422818791946,0.8247184935301363,0.14285714285714285,0.21177839816474361,1252,10.0,20.0
v11_new_vs_tgv,before,0.016741071428571428,59.733333333333334,0.8302154182429001,0.14285714285714285,0.21134529561252643,1280,10.0,20.0
v11_new_vs_tgv,before,0.01685267857142857,59.337748344370866,0.813571736732554,0.14285714285714285,0.21054834880675766,1334,10.0,20.0
v11_new_vs_tgv,before,0.016964285714285713,58.94736842105264,0.8244135987327212,0.14285714285714285,0.21159104545450594,1264,10.0,20.0
v11_new_vs_tgv,before,0.017075892857142855,58.56209150326798,0.8708014818180488,0.14285714285714285,0.21080861501660042,1316,10.0,20.0
v11_new_vs_tgv,before,0.017187499999999998,58.18181818181819,0.8923714088834034,0.14285714285714285,0.2104912166657718,1338,10.0,20.0
v11_new_vs_tgv,before,0.017299107142857144,57.806451612903224,0.8228622718454588,0.14285714285714285,0.2112241179090306,1288,10.0,20.0
v11_new_vs_tgv,before,0.017410714285714286,57.43589743589743,0.7753758410894251,0.14285714285714285,0.21009825045931166,1366,10.0,20.0
v11_new_vs_tgv,before,0.01752232142857143,57.07006369426752,0.8334648831963266,0.14285714285714285,0.21034948559464076,1348,10.0,20.0
v11_new_vs_tgv,before,0.01763392857142857,56.708860759493675,0.8125291482291633,0.14285714285714285,0.21046274528313325,1340,10.0,20.0
v11_new_vs_tgv,before,0.017745535714285714,56.35220125786164,0.7780396132067409,0.14285714285714285,0.2102651915533084,1354,10.0,20.0
v11_new_vs_tgv,before,0.017857142857142856,56.0,0.7466992457443408,0.14285714285714285,0.20979775932161346,1388,10.0,20.0
v11_new_vs_tgv,before,0.01796875,55.652173913043484,0.7439041071164997,0.14285714285714285,0.21001559151209073,1372,10.0,20.0
v11_new_vs_tgv,before,0.01808035714285714,55.308641975308646,0.7484254121160869,0.14285714285714285,0.20993346585157174,1378,10.0,20.0
v11_new_vs_tgv,before,0.018191964285714284,54.96932515337424,0.7448732386592871,0.14285714285714285,0.20969023176701643,1396,10.0,20.0
v11_new_vs_tgv,before,0.01830357142857143,54.63414634146341,0.8120129584187563,0.14285714285714285,0.20974388120426476,1392,10.0,20.0
v11_new_vs_tgv,before,0.018415178571428572,54.303030303030305,0.8451168270758109,0.14285714285714285,0.20924322011539456,1430,10.0,20.0
v11_new_vs_tgv,before,0.018526785714285714,53.975903614457835,0.7817867067104911,0.14285714285714285,0.20937304795788578,1420,10.0,20.0
v11_new_vs_tgv,before,0.018638392857142857,53.65269461077845,0.7678486684192539,0.14285714285714285,0.20958361247909307,1404,10.0,20.0
v11_new_vs_tgv,before,0.01875,53.333333333333336,0.8074080792049134,0.14285714285714285,0.20908918974285123,1442,10.0,20.0
v11_new_vs_tgv,before,0.018861607142857142,53.01775147928994,0.7446205419230025,0.14285714285714285,0.2091147294392002,1440,10.0,20.0
v11_new_vs_tgv,before,0.018973214285714284,52.70588235294118,0.8055397625165294,0.14285714285714285,0.20878674915614567,1466,10.0,20.0
v11_new_vs_tgv,before,0.019084821428571427,52.397660818713454,0.8087742090351596,0.14285714285714285,0.20896227354363328,1452,10.0,20.0
v11_new_vs_tgv,before,0.01919642857142857,52.09302325581396,0.7436917010974127,0.14285714285714285,0.20861368932701757,1480,10.0,20.0
v11_new_vs_tgv,before,0.019308035714285715,51.79190751445086,0.7464656746342214,0.14285714285714285,0.20849155226945118,1490,10.0,20.0
v11_new_vs_tgv,before,0.019419642857142858,51.49425287356322,0.7714927896108825,0.14285714285714285,0.20886166870324252,1460,10.0,20.0
v11_new_vs_tgv,before,0.01953125,51.2,0.8063397684400335,0.14285714285714285,0.20832258514572422,1504,10.0,20.0
v11_new_vs_tgv,before,0.019642857142857142,50.909090909090914,0.7158126040513032,0.14285714285714285,0.20820331375489703,1514,10.0,20.0
v11_new_vs_tgv,before,0.019754464285714285,50.621468926553675,0.7162136805942193,0.14285714285714285,0.2080852033992908,1524,10.0,20.0
v11_new_vs_tgv,before,0.019866071428571427,50.337078651685395,0.7167389452919541,0.14285714285714285,0.20822707454226386,1512,10.0,20.0
v11_new_vs_tgv,before,0.01997767857142857,50.05586592178771,0.7627761388082135,0.14285714285714285,0.2076466470245122,1562,10.0,20.0
v11_new_vs_tgv,before,0.020089285714285712,49.777777777777786,0.7575807450846708,0.14285714285714285,0.20817959940754727,1516,10.0,20.0
v11_new_vs_tgv,before,0.020200892857142858,49.50276243093922,0.8138162557344293,0.14285714285714285,0.20817959940754727,1516,10.0,20.0
v11_new_vs_tgv,before,0.0203125,49.230769230769226,0.7457360804555021,0.14285714285714285,0.2071581805789342,1606,10.0,20.0
v11_new_vs_tgv,before,0.020424107142857143,48.96174863387978,0.7993370510312944,0.14285714285714285,0.2078523911652866,1544,10.0,20.0
v11_new_vs_tgv,before,0.020535714285714286,48.69565217391305,0.7592531794364502,0.14285714285714285,0.20751142498562736,1574,10.0,20.0
v11_new_vs_tgv,before,0.020647321428571428,48.432432432432435,0.7786267817886592,0.14285714285714285,0.207311430402214,1592,10.0,20.0
v11_new_vs_tgv,before,0.02075892857142857,48.17204301075269,0.8365790843036334,0.14285714285714285,0.20766933369874285,1560,10.0,20.0
v11_new_vs_tgv,before,0.020870535714285713,47.9144385026738,0.8135848465579779,0.14285714285714285,0.2072455083727941,1598,10.0,20.0
v11_new_vs_tgv,before,0.020982142857142855,47.65957446808511,0.677658303510353,0.14285714285714285,0.20679410702631273,1640,10.0,20.0
v11_new_vs_tgv,before,0.021093749999999998,47.40740740740741,0.6833466778348217,0.14285714285714285,0.2070931065498322,1612,10.0,20.0
v11_new_vs_tgv,before,0.021205357142857144,47.1578947368421,0.6715021567813401,0.14285714285714285,0.20733348626347292,1590,10.0,20.0
v11_new_vs_tgv,before,0.021316964285714286,46.910994764397905,0.631891058172589,0.14285714285714285,0.2068363565335541,1636,10.0,20.0
v11_new_vs_tgv,before,0.02142857142857143,46.666666666666664,0.6526019048582908,0.14285714285714285,0.20646152179686691,1672,10.0,20.0
v11_new_vs_tgv,before,0.02154017857142857,46.424870466321245,0.6925589250055737,0.14285714285714285,0.20677303948480721,1642,10.0,20.0
v11_new_vs_tgv,before,0.021651785714285714,46.18556701030928,0.749650254927851,0.14285714285714285,0.20654377883697478,1664,10.0,20.0
v11_new_vs_tgv,before,0.021763392857142856,45.94871794871795,0.6718066514186088,0.14285714285714285,0.2069213164900138,1628,10.0,20.0
v11_new_vs_tgv,before,0.021875,45.714285714285715,0.7121510665050038,0.14285714285714285,0.20615817865004304,1702,10.0,20.0
v11_new_vs_tgv,before,0.02198660714285714,45.48223350253807,0.8461747507767411,0.14285714285714285,0.2063798459329584,1680,10.0,20.0
v11_new_vs_tgv,before,0.022098214285714284,45.25252525252526,0.8211171624843335,0.14285714285714285,0.20607862228912602,1710,10.0,20.0
v11_new_vs_tgv,before,0.02220982142857143,45.0251256281407,0.7992422542333067,0.14285714285714285,0.2060193161196826,1716,10.0,20.0
v11_new_vs_tgv,before,0.022321428571428572,44.8,0.7850163833813886,0.14285714285714285,0.2064206116472992,1676,10.0,20.0
v11_new_vs_tgv,before,0.022433035714285714,44.5771144278607,0.7177052900676165,0.14285714285714285,0.20568896146044316,1750,10.0,20.0
v11_new_vs_tgv,before,0.022544642857142857,44.35643564356436,0.7581908692541275,0.14285714285714285,0.20586265784981742,1732,10.0,20.0
v11_new_vs_tgv,before,0.02265625,44.13793103448276,0.8563832827377535,0.14285714285714285,0.20625840693654623,1692,10.0,20.0
v11_new_vs_tgv,before,0.022767857142857142,43.92156862745098,0.8412166185545108,0.14285714285714285,0.20561261066388095,1758,10.0,20.0
v11_new_vs_tgv,before,0.022879464285714284,43.707317073170735,0.7249286796104157,0.14285714285714285,0.20563165001517575,1756,10.0,20.0
v11_new_vs_tgv,before,0.022991071428571427,43.49514563106796,0.6420378975668215,0.14285714285714285,0.2059799491398533,1720,10.0,20.0
v11_new_vs_tgv,before,0.02310267857142857,43.28502415458938,0.7858985437531556,0.14285714285714285,0.2050559530372921,1818,10.0,20.0
v11_new_vs_tgv,before,0.023214285714285715,43.07692307692307,0.7769414362739292,0.14285714285714285,0.20529377749698421,1792,10.0,20.0
v11_new_vs_tgv,before,0.023325892857142858,42.87081339712918,0.6961527921277378,0.14285714285714285,0.20578513067261447,1740,10.0,20.0
v11_new_vs_tgv,before,0.0234375,42.666666666666664,0.5840544103575458,0.14285714285714285,0.2049478815407546,1830,10.0,20.0
v11_new_vs_tgv,before,0.023549107142857142,42.464454976303315,0.6024439597594874,0.14285714285714285,0.2053308201973659,1788,10.0,20.0
v11_new_vs_tgv,before,0.023660714285714285,42.26415094339623,0.7361806693617131,0.14285714285714285,0.2051650873580342,1806,10.0,20.0
v11_new_vs_tgv,before,0.023772321428571427,42.06572769953052,0.7179489211899693,0.14285714285714285,0.20500178551890139,1824,10.0,20.0
v11_new_vs_tgv,before,0.02388392857142857,41.86915887850468,0.685016133099512,0.14285714285714285,0.2050378677827802,1820,10.0,20.0
v11_new_vs_tgv,before,0.023995535714285712,41.674418604651166,0.6634328937853379,0.14285714285714285,0.20473485868990474,1854,10.0,20.0
v11_new_vs_tgv,before,0.024107142857142855,41.48148148148149,0.7824340694761668,0.14285714285714285,0.20489423896779435,1836,10.0,20.0
v11_new_vs_tgv,before,0.02421875,41.29032258064516,0.7566312263540108,0.14285714285714285,0.20482311852246032,1844,10.0,20.0
v11_new_vs_tgv,before,0.024330357142857143,41.10091743119266,0.6879344696568348,0.14285714285714285,0.20428703415014268,1906,10.0,20.0
v11_new_vs_tgv,before,0.024441964285714286,40.91324200913242,0.7248325541379887,0.14285714285714285,0.20485862143419345,1840,10.0,20.0
v11_new_vs_tgv,before,0.024553571428571428,40.72727272727273,0.7262580943982709,0.14285714285714285,0.20443997892001115,1888,10.0,20.0
v11_new_vs_tgv,before,0.02466517857142857,40.542986425339365,0.7548961765100751,0.14285714285714285,0.20432083629059994,1902,10.0,20.0
v11_new_vs_tgv,before,0.024776785714285713,40.36036036036036,0.6486944207811259,0.14285714285714285,0.20478772961770136,1848,10.0,20.0
v11_new_vs_tgv,before,0.024888392857142855,40.17937219730942,0.6297972116835633,0.14285714285714285,0.20406985646203774,1932,10.0,20.0
v11_new_vs_tgv,before,0.024999999999999998,40.0,0.714447982142934,0.14285714285714285,0.20405333008241125,1934,10.0,20.0
v11_new_vs_tgv,before,0.02511160714285714,39.82222222222222,0.7925257298966087,0.14285714285714285,0.20443997892001115,1888,10.0,20.0
v11_new_vs_tgv,before,0.025223214285714286,39.64601769911504,0.689694222975754,0.14285714285714285,0.20395470143415717,1946,10.0,20.0
v11_new_vs_tgv,before,0.02533482142857143,39.47136563876652,0.5834652236716202,0.14285714285714285,0.20380843789404254,1964,10.0,20.0
v11_new_vs_tgv,before,0.02544642857142857,39.29824561403509,0.5519810827240581,0.14285714285714285,0.20397107681264137,1944,10.0,20.0
v11_new_vs_tgv,before,0.025558035714285714,39.12663755458515,0.6934151067851544,0.14285714285714285,0.2038245910506852,1962,10.0,20.0
v11_new_vs_tgv,before,0.025669642857142856,38.95652173913044,0.7567073903262268,0.14285714285714285,0.20368008519926165,1980,10.0,20.0
v11_new_vs_tgv,before,0.02578125,38.78787878787879,0.713207355534389,0.14285714285714285,0.20406985646203774,1932,10.0,20.0
v11_new_vs_tgv,before,0.02589285714285714,38.62068965517242,0.6062352086848304,0.14285714285714285,0.20360064332422378,1990,10.0,20.0
v11_new_vs_tgv,before,0.026004464285714284,38.4549356223176,0.5876907182234438,0.14285714285714285,0.20345912978831718,2008,10.0,20.0
v11_new_vs_tgv,before,0.02611607142857143,38.29059829059829,0.7697751060758181,0.14285714285714285,0.20380843789404254,1964,10.0,20.0
v11_new_vs_tgv,before,0.026227678571428572,38.12765957446808,0.7038641444940339,0.14285714285714285,0.20335035825347117,2022,10.0,20.0
v11_new_vs_tgv,before,0.026339285714285714,37.96610169491525,0.7044594866046858,0.14285714285714285,0.20333491064606968,2024,10.0,20.0
v11_new_vs_tgv,before,0.026450892857142857,37.80590717299578,0.7417379213335974,0.14285714285714285,0.20333491064606968,2024,10.0,20.0
v11_new_vs_tgv,before,0.0265625,37.64705882352941,0.6354724428115418,0.14285714285714285,0.20338132157581876,2018,10.0,20.0
v11_new_vs_tgv,before,0.026674107142857142,37.48953974895397,0.6044737578473208,0.14285714285714285,0.2030306380195964,2064,10.0,20.0
v11_new_vs_tgv,before,0.026785714285714284,37.333333333333336,0.6256210351343885,0.14285714285714285,0.2030156542404139,2066,10.0,20.0
v11_new_vs_tgv,before,0.026897321428571427,37.178423236514526,0.6160851132671448,0.14285714285714285,0.20352179142430754,2000,10.0,20.0
v11_new_vs_tgv,before,0.02700892857142857,37.02479338842976,0.5709823022946244,0.14285714285714285,0.20276417883135758,2100,10.0,20.0
v11_new_vs_tgv,before,0.027120535714285715,36.87242798353909,0.6281283495196249,0.14285714285714285,0.20280811620931277,2094,10.0,20.0
v11_new_vs_tgv,before,0.027232142857142858,36.721311475409834,0.7491124129006206,0.14285714285714285,0.20294105689975392,2076,10.0,20.0
v11_new_vs_tgv,before,0.02734375,36.57142857142857,0.614850398113037,0.14285714285714285,0.20285224078709876,2088,10.0,20.0
v11_new_vs_tgv,before,0.027455357142857142,36.422764227642276,0.6748511025559638,0.14285714285714285,0.20251867322781997,2134,10.0,20.0
v11_new_vs_tgv,before,0.027566964285714285,36.2753036437247,0.832942367809728,0.14285714285714285,0.20276417883135758,2100,10.0,20.0
v11_new_vs_tgv,before,0.027678571428571427,36.12903225806452,0.7395401478528828,0.14285714285714285,0.20282280353622323,2092,10.0,20.0
v11_new_vs_tgv,before,0.02779017857142857,35.98393574297189,0.610353406712243,0.14285714285714285,0.2024051399747265,2150,10.0,20.0
v11_new_vs_tgv,before,0.027901785714285712,35.84,0.6209781006205943,0.14285714285714285,0.2023910364655755,2152,10.0,20.0
v11_new_vs_tgv,before,0.028013392857142855,35.69721115537849,0.6569837507281523,0.14285714285714285,0.20294105689975392,2076,10.0,20.0
v11_new_vs_tgv,before,0.028125,35.55555555555556,0.6160841572740119,0.14285714285714285,0.20199031257847036,2210,10.0,20.0
v11_new_vs_tgv,before,0.028236607142857143,35.41501976284585,0.5793498632016063,0.14285714285714285,0.20256157441371295,2128,10.0,20.0
v11_new_vs_tgv,before,0.028348214285714286,35.275590551181104,0.5868085476985527,0.14285714285714285,0.20220944357269727,2178,10.0,20.0
v11_new_vs_tgv,before,0.028459821428571428,35.13725490196079,0.6360163611243,0.14285714285714285,0.2020038700244288,2208,10.0,20.0
v11_new_vs_tgv,before,0.02857142857142857,35.0,0.7373377514083725,0.14285714285714285,0.20227890442236768,2168,10.0,20.0
v11_new_vs_tgv,before,0.028683035714285713,34.86381322957199,0.7693786597405989,0.14285714285714285,0.20209928513740544,2194,10.0,20.0
v11_new_vs_tgv,before,0.028794642857142855,34.72868217054264,0.6125504841715527,0.14285714285714285,0.20219560817884408,2180,10.0,20.0
v11_new_vs_tgv,before,0.028906249999999998,34.5945945945946,0.6325776882566778,0.14285714285714285,0.2018157070765534,2236,10.0,20.0
v11_new_vs_tgv,before,0.02901785714285714,34.46153846153847,0.6013055024536521,0.14285714285714285,0.20212671273157043,2190,10.0,20.0
v11_new_vs_tgv,before,0.029129464285714286,34.32950191570881,0.5961173470584135,0.14285714285714285,0.20165718663427828,2260,10.0,20.0
v11_new_vs_tgv,before,0.02924107142857143,34.19847328244275,0.45644333816147786,0.14285714285714285,0.20197677333037697,2212,10.0,20.0
v11_new_vs_tgv,before,0.02935267857142857,34.06844106463878,0.47081651618001236,0.14285714285714285,0.20148825195988218,2286,10.0,20.0
v11_new_vs_tgv,before,0.029464285714285714,33.93939393939394,0.47221382113469745,0.14285714285714285,0.20176258739613345,2244,10.0,20.0
v11_new_vs_tgv,before,0.029575892857142856,33.81132075471698,0.3577461704709658,0.14285714285714285,0.20165718663427828,2260,10.0,20.0
v11_new_vs_tgv,before,0.0296875,33.68421052631579,0.39549584028295226,0.14285714285714285,0.20130948318858632,2314,10.0,20.0
v11_new_vs_tgv,before,0.02979910714285714,33.55805243445693,0.577698022710025,0.14285714285714285,0.20178911203700534,2240,10.0,20.0
v11_new_vs_tgv,before,0.029910714285714284,33.43283582089553,0.6536948991881225,0.14285714285714285,0.20133482448864679,2310,10.0,20.0
v11_new_vs_tgv,before,0.030022321428571426,33.30855018587361,0.6727343725583907,0.14285714285714285,0.20150114550038942,2284,10.0,20.0
v11_new_vs_tgv,before,0.030133928571428572,33.18518518518518,0.4543182135285872,0.14285714285714285,0.20163100936456846,2264,10.0,20.0
v11_new_vs_tgv,before,0.030245535714285714,33.06273062730627,0.48661737024313034,0.14285714285714285,0.20093700504233267,2374,10.0,20.0
v11_new_vs_tgv,before,0.030357142857142857,32.94117647058824,0.46105151417883994,0.14285714285714285,0.20127159292996374,2320,10.0,20.0
v11_new_vs_tgv,before,0.03046875,32.820512820512825,0.4977720236643225,0.14285714285714285,0.2014240345538633,2296,10.0,20.0
v11_new_vs_tgv,before,0.030580357142857142,32.7007299270073,0.455754116991195,0.14285714285714285,0.20091267051918305,2378,10.0,20.0
v11_new_vs_tgv,before,0.030691964285714284,32.581818181818186,0.32465372829225575,0.14285714285714285,0.20117125958839946,2336,10.0,20.0
v11_new_vs_tgv,before,0.030803571428571427,32.46376811594203,0.24188640071511242,0.14285714285714285,0.20117125958839946,2336,10.0,20.0
v11_new_vs_tgv,before,0.03091517857142857,32.34657039711192,0.4772898633719449,0.14285714285714285,0.20079190337726316,2398,10.0,20.0
v11_new_vs_tgv,before,0.03102678571428571,32.230215827338135,0.5859157720734748,0.14285714285714285,0.2008520992222212,2388,10.0,20.0
v11_new_vs_tgv,before,0.031138392857142858,32.11469534050179,0.6457707845863225,0.14285714285714285,0.20129683691159364,2316,10.0,20.0
v11_new_vs_tgv,before,0.03125,32.0,0.561134102424932,0.14285714285714285,0.20060175498092978,2430,10.0,20.0
v11_new_vs_tgv,before,0.03136160714285714,31.88612099644128,0.5566057071801683,0.14285714285714285,0.2005899942187709,2432,10.0,20.0
v11_new_vs_tgv,before,0.031473214285714285,31.77304964539007,0.6650183373002893,0.14285714285714285,0.20091267051918305,2378,10.0,20.0
v11_new_vs_tgv,before,0.03158482142857143,31.66077738515901,0.5999250674749944,0.14285714285714285,0.2005899942187709,2432,10.0,20.0
v11_new_vs_tgv,before,0.03169642857142857,31.549295774647888,0.4134156398781584,0.14285714285714285,0.20073207911367105,2408,10.0,20.0
v11_new_vs_tgv,before,0.03180803571428571,31.438596491228072,0.3395600462863591,0.14285714285714285,0.20043839988598003,2458,10.0,20.0
v11_new_vs_tgv,before,0.031919642857142855,31.32867132867133,0.3567826093255419,0.14285714285714285,0.20063712367957884,2424,10.0,20.0
v11_new_vs_tgv,before,0.03203125,31.219512195121954,0.6256420930969107,0.14285714285714285,0.2004037543659979,2464,10.0,20.0
v11_new_vs_tgv,before,0.03214285714285714,31.111111111111114,0.6155786062821916,0.14285714285714285,0.2003233998560821,2478,10.0,20.0
v11_new_vs_tgv,before,0.03225446428571428,31.00346020761246,0.5033924906108795,0.14285714285714285,0.20075596447473562,2404,10.0,20.0
v11_new_vs_tgv,before,0.032366071428571425,30.896551724137936,0.5288863195380996,0.14285714285714285,0.2001759442030165,2504,10.0,20.0
v11_new_vs_tgv,before,0.03247767857142857,30.790378006872857,0.48747623480604335,0.14285714285714285,0.20011983450492699,2514,10.0,20.0
v11_new_vs_tgv,before,0.032589285714285716,30.684931506849313,0.4970570450999969,0.14285714285714285,0.20038072687575237,2468,10.0,20.0
v11_new_vs_tgv,before,0.03270089285714286,30.580204778156993,0.5115089176653409,0.14285714285714285,0.20022107212707113,2496,10.0,20.0
v11_new_vs_tgv,before,0.0328125,30.476190476190474,0.4040635952087213,0.14285714285714285,0.1999424885446575,2546,10.0,20.0
v11_new_vs_tgv,before,0.032924107142857144,30.372881355932204,0.3165646057759324,0.14285714285714285,0.2003577547434476,2472,10.0,20.0
v11_new_vs_tgv,before,0.033035714285714286,30.27027027027027,0.4570970774609908,0.14285714285714285,0.19992055302869258,2550,10.0,20.0
v11_new_vs_tgv,before,0.03314732142857143,30.16835016835017,0.37746013647556315,0.14285714285714285,0.19982247206699402,2568,10.0,20.0
v11_new_vs_tgv,before,0.03325892857142857,30.06711409395973,0.17344029297850644,0.14285714285714285,0.20022107212707113,2496,10.0,20.0
v11_new_vs_tgv,before,0.033370535714285714,29.96655518394649,0.13417482018286597,0.14285714285714285,0.19981163721274517,2570,10.0,20.0
v11_new_vs_tgv,before,0.033482142857142856,29.866666666666667,0.43667356814938457,0.14285714285714285,0.19969327465375333,2592,10.0,20.0
v11_new_vs_tgv,before,0.03359375,29.767441860465116,0.49436020147337517,0.14285714285714285,0.19999755197612662,2536,10.0,20.0
v11_new_vs_tgv,before,0.03370535714285714,29.668874172185433,0.4566058388039016,0.14285714285714285,0.19968258842376282,2594,10.0,20.0
v11_new_vs_tgv,before,0.033816964285714284,29.570957095709574,0.5100480413423699,0.14285714285714285,0.1997576502130963,2580,10.0,20.0
v11_new_vs_tgv,before,0.033928571428571426,29.47368421052632,0.5746881037579167,0.14285714285714285,0.19962934028121115,2604,10.0,20.0
v11_new_vs_tgv,before,0.03404017857142857,29.377049180327873,0.4093010789219275,0.14285714285714285,0.19970397313874927,2590,10.0,20.0
v11_new_vs_tgv,before,0.03415178571428571,29.28104575163399,0.4304709812361488,0.14285714285714285,0.1995447720660188,2620,10.0,20.0
v11_new_vs_tgv,before,0.03426339285714285,29.185667752443,0.3091034138752954,0.14285714285714285,0.1995869599845832,2612,10.0,20.0
v11_new_vs_tgv,before,0.034374999999999996,29.090909090909093,0.21465089670813875,0.14285714285714285,0.19953425497473404,2622,10.0,20.0
v11_new_vs_tgv,before,0.034486607142857145,28.996763754045304,0.44295361983822984,0.14285714285714285,0.19923435045727056,2680,10.0,20.0
v11_new_vs_tgv,before,0.03459821428571429,28.903225806451612,0.4107072300926428,0.14285714285714285,0.19940897247414457,2646,10.0,20.0
v11_new_vs_tgv,before,0.03470982142857143,28.810289389067524,0.5263644749429859,0.14285714285714285,0.19948184772087152,2632,10.0,20.0
v11_new_vs_tgv,before,0.03482142857142857,28.717948717948715,0.4696393349870178,0.14285714285714285,0.19925472300409489,2676,10.0,20.0
v11_new_vs_tgv,before,0.034933035714285715,28.62619808306709,0.2429805534571554,0.14285714285714285,0.199163400800433,2694,10.0,20.0
v11_new_vs_tgv,before,0.03504464285714286,28.53503184713376,0.23664156021794536,0.14285714285714285,0.19929560413957997,2668,10.0,20.0
v11_new_vs_tgv,before,0.03515625,28.444444444444443,0.38418164483502387,0.14285714285714285,0.19923435045727056,2680,10.0,20.0
v11_new_vs_tgv,before,0.03526785714285714,28.354430379746837,0.3924628577066026,0.14285714285714285,0.199163400800433,2694,10.0,20.0
v11_new_vs_tgv,before,0.035379464285714285,28.26498422712934,0.21125614186630404,0.14285714285714285,0.19903307957272984,2720,10.0,20.0
v11_new_vs_tgv,before,0.03549107142857143,28.17610062893082,0.1449061723763996,0.14285714285714285,0.19923435045727056,2680,10.0,20.0
v11_new_vs_tgv,before,0.03560267857142857,28.087774294670847,0.40718253359092843,0.14285714285714285,0.1987296503731864,2782,10.0,20.0
v11_new_vs_tgv,before,0.03571428571428571,28.0,0.3508501224992244,0.14285714285714285,0.19919374056785832,2688,10.0,20.0
v11_new_vs_tgv,before,0.035825892857142855,27.912772585669785,0.3515140907448565,0.14285714285714285,0.19897355378849282,2732,10.0,20.0
v11_new_vs_tgv,before,0.0359375,27.826086956521742,0.5801114498481793,0.14285714285714285,0.19863390479962775,2802,10.0,20.0
v11_new_vs_tgv,before,0.03604910714285714,27.73993808049536,0.24935477501810743,0.14285714285714285,0.19893408530849774,2740,10.0,20.0
v11_new_vs_tgv,before,0.03616071428571428,27.654320987654323,0.408339886107736,0.14285714285714285,0.1989636705837003,2734,10.0,20.0
v11_new_vs_tgv,before,0.036272321428571425,27.56923076923077,0.2902763444032124,0.14285714285714285,0.1987779076146052,2772,10.0,20.0
v11_new_vs_tgv,before,0.03638392857142857,27.48466257668712,0.32399376826448284,0.14285714285714285,0.1985674850051077,2816,10.0,20.0
v11_new_vs_tgv,before,0.036495535714285716,27.400611620795104,0.34098499043192065,0.14285714285714285,0.19880698630805718,2766,10.0,20.0
v11_new_vs_tgv,before,0.03660714285714286,27.317073170731707,0.2536757043098858,0.14285714285714285,0.19847344616835114,2836,10.0,20.0
v11_new_vs_tgv,before,0.03671875,27.23404255319149,0.3582548977813015,0.14285714285714285,0.1985674850051077,2816,10.0,20.0
v11_new_vs_tgv,before,0.036830357142857144,27.151515151515152,0.479666449618634,0.14285714285714285,0.1987296503731864,2782,10.0,20.0
v11_new_vs_tgv,before,0.036941964285714286,27.069486404833835,0.326040413208451,0.14285714285714285,0.1983434350217766,2864,10.0,20.0
v11_new_vs_tgv,before,0.03705357142857143,26.987951807228917,0.25770017841631265,0.14285714285714285,0.19852975072299847,2824,10.0,20.0
v11_new_vs_tgv,before,0.03716517857142857,26.906906906906908,0.18210349023834685,0.14285714285714285,0.19837113512849097,2858,10.0,20.0
v11_new_vs_tgv,before,0.037276785714285714,26.826347305389223,0.28813731327249,0.14285714285714285,0.19847344616835114,2836,10.0,20.0
v11_new_vs_tgv,before,0.037388392857142856,26.746268656716417,0.39054337796595506,0.14285714285714285,0.1984547565946868,2840,10.0,20.0
v11_new_vs_tgv,before,0.0375,26.666666666666668,0.26288498363347224,0.14285714285714285,0.19818808118118406,2898,10.0,20.0
v11_new_vs_tgv,before,0.03761160714285714,26.587537091988132,0.08617473325009774,0.14285714285714285,0.19843610609789097,2844,10.0,20.0
v11_new_vs_tgv,before,0.037723214285714284,26.50887573964497,-0.0014966861658377102,0.14285714285714285,0.19795564920134207,2950,10.0,20.0
v11_new_vs_tgv,before,0.037834821428571426,26.4306784660767,0.09528873315503711,0.14285714285714285,0.19830663541185475,2872,10.0,20.0
v11_new_vs_tgv,before,0.03794642857142857,26.35294117647059,0.43005276513181423,0.14285714285714285,0.1982882926807455,2876,10.0,20.0
v11_new_vs_tgv,before,0.03805803571428571,26.275659824046922,0.40286178156444824,0.14285714285714285,0.19802651424106882,2934,10.0,20.0
v11_new_vs_tgv,before,0.03816964285714285,26.198830409356727,0.23105387986056103,0.14285714285714285,0.1981069271457448,2916,10.0,20.0
v11_new_vs_tgv,before,0.038281249999999996,26.12244897959184,0.16874438576996426,0.14285714285714285,0.1982152991985056,2892,10.0,20.0
v11_new_vs_tgv,before,0.03839285714285714,26.04651162790698,0.27605550569656867,0.14285714285714285,0.19793802214251247,2954,10.0,20.0
v11_new_vs_tgv,before,0.03850446428571429,25.97101449275362,0.04437119676793381,0.14285714285714285,0.19782430484837527,2980,10.0,20.0
v11_new_vs_tgv,before,0.03861607142857143,25.89595375722543,0.32443364520789164,0.14285714285714285,0.19825172071105046,2884,10.0,20.0
v11_new_vs_tgv,before,0.03872767857142857,25.821325648414984,0.3343475677516977,0.14285714285714285,0.1978156184587228,2982,10.0,20.0
v11_new_vs_tgv,before,0.038839285714285715,25.74712643678161,0.013413141284931165,0.14285714285714285,0.19760123472388125,3032,10.0,20.0
v11_new_vs_tgv,before,0.03895089285714286,25.673352435530084,0.13267267272183564,0.14285714285714285,0.1981609467848357,2904,10.0,20.0
v11_new_vs_tgv,before,0.0390625,25.6,0.1462396869261262,0.14285714285714285,0.1975253385684874,3050,10.0,20.0
v11_new_vs_tgv,before,0.03917410714285714,25.527065527065528,0.07551761785453849,0.14285714285714285,0.19784170365088652,2976,10.0,20.0
v11_new_vs_tgv,before,0.039285714285714285,25.454545454545457,0.13672235727718846,0.14285714285714285,0.1976097089758139,3030,10.0,20.0
v11_new_vs_tgv,before,0.03939732142857143,25.38243626062323,0.2945879526138743,0.14285714285714285,0.1977550552720954,2996,10.0,20.0
v11_new_vs_tgv,before,0.03950892857142857,25.310734463276837,0.22701813867808052,0.14285714285714285,0.19765220529146557,3020,10.0,20.0
v11_new_vs_tgv,before,0.03962053571428571,25.23943661971831,0.07359061520824534,0.14285714285714285,0.1975085631250675,3054,10.0,20.0
v11_new_vs_tgv,before,0.039732142857142855,25.168539325842698,0.2377446465172815,0.14285714285714285,0.19770347780800562,3008,10.0,20.0
v11_new_vs_tgv,before,0.03984375,25.098039215686278,0.31812582252030674,0.14285714285714285,0.19743347590385044,3072,10.0,20.0
v11_new_vs_tgv,before,0.03995535714285714,25.027932960893857,-0.05188056616626409,0.14285714285714285,0.19739204277139769,3082,10.0,20.0
v11_new_vs_tgv,before,0.04006696428571428,24.95821727019499,0.2823974542044469,0.14285714285714285,0.1976692624332035,3016,10.0,20.0
v11_new_vs_tgv,before,0.040178571428571425,24.888888888888893,0.004192491624047472,0.14285714285714285,0.19731796447605393,3100,10.0,20.0
v11_new_vs_tgv,before,0.04029017857142857,24.81994459833795,0.14210868221005382,0.14285714285714285,0.1974251732503782,3074,10.0,20.0
v11_new_vs_tgv,before,0.040401785714285716,24.75138121546961,0.3475629415528313,0.14285714285714285,0.19745010534200189,3068,10.0,20.0
v11_new_vs_tgv,before,0.04051339285714286,24.683195592286502,0.23965263305644388,0.14285714285714285,0.19736727869292328,3088,10.0,20.0
v11_new_vs_tgv,before,0.040625,24.615384615384613,0.1722851322533592,0.14285714285714285,0.1970358524551192,3170,10.0,20.0
v11_new_vs_tgv,before,0.040736607142857144,24.54794520547945,-0.17785627331449033,0.14285714285714285,0.197483461108339,3060,10.0,20.0
v11_new_vs_tgv,before,0.040848214285714286,24.48087431693989,-0.1360322291257408,0.14285714285714285,0.19717976864090656,3134,10.0,20.0
v11_new_vs_tgv,before,0.04095982142857143,24.4141689373297,-0.046426876362262906,0.14285714285714285,0.19701210252814472,3176,10.0,20.0
v11_new_vs_tgv,before,0.04107142857142857,24.347826086956523,0.14892718441856972,0.14285714285714285,0.19738378012086183,3084,10.0,20.0
v11_new_vs_tgv,before,0.041183035714285714,24.281842818428185,0.22104845755455846,0.14285714285714285,0.19695694455425367,3190,10.0,20.0
v11_new_vs_tgv,before,0.041294642857142856,24.216216216216218,0.02518288210866322,0.14285714285714285,0.1970755845534379,3160,10.0,20.0
v11_new_vs_tgv,before,0.04140625,24.150943396226417,-0.16737150713295115,0.14285714285714285,0.1970755845534379,3160,10.0,20.0
v11_new_vs_tgv,before,0.04151785714285714,24.086021505376344,0.32936995334922126,0.14285714285714285,0.19706762319057258,3162,10.0,20.0
v11_new_vs_tgv,before,0.041629464285714284,24.021447721179626,0.39735348023375383,0.14285714285714285,0.19698053952908048,3184,10.0,20.0
v11_new_vs_tgv,before,0.041741071428571426,23.9572192513369,0.40057051516902226,0.14285714285714285,0.19696480220931625,3188,10.0,20.0
v11_new_vs_tgv,before,0.04185267857142857,23.893333333333334,0.26268652809859944,0.14285714285714285,0.19690995197425074,3202,10.0,20.0
v11_new_vs_tgv,before,0.04196428571428571,23.829787234042556,-0.014987350430260763,0.14285714285714285,0.1966864592271897,3260,10.0,20.0
v11_new_vs_tgv,before,0.04207589285714285,23.766578249336874,0.0646530082655415,0.14285714285714285,0.19691776587158633,3200,10.0,20.0
v11_new_vs_tgv,before,0.042187499999999996,23.703703703703706,0.013140078241381697,0.14285714285714285,0.19692558703358493,3198,10.0,20.0
v11_new_vs_tgv,before,0.04229910714285714,23.641160949868077,0.27031615344041754,0.14285714285714285,0.19662584390434415,3276,10.0,20.0
v11_new_vs_tgv,before,0.04241071428571429,23.57894736842105,0.1670051751310417,0.14285714285714285,0.1967398616607217,3246,10.0,20.0
v11_new_vs_tgv,before,0.04252232142857143,23.517060367454068,0.08673522576219597,0.14285714285714285,0.1969334154715303,3196,10.0,20.0
v11_new_vs_tgv,before,0.04263392857142857,23.455497382198953,-0.0008799244247690711,0.14285714285714285,0.19662584390434415,3276,10.0,20.0
v11_new_vs_tgv,before,0.042745535714285715,23.39425587467363,0.30182804479282044,0.14285714285714285,0.19658818240465054,3286,10.0,20.0
v11_new_vs_tgv,before,0.04285714285714286,23.333333333333332,0.19033551032479212,0.14285714285714285,0.19656566720869945,3292,10.0,20.0
v11_new_vs_tgv,before,0.04296875,23.272727272727273,-0.14574224288016838,0.14285714285714285,0.19674751854137398,3244,10.0,20.0
v11_new_vs_tgv,before,0.04308035714285714,23.212435233160623,-0.26419263067023957,0.14285714285714285,0.19627841680223054,3370,10.0,20.0
v11_new_vs_tgv,before,0.043191964285714285,23.152454780361758,0.13508169918008484,0.14285714285714285,0.19665609640424975,3268,10.0,20.0
v11_new_vs_tgv,before,0.04330357142857143,23.09278350515464,0.2009370850502279,0.14285714285714285,0.1965506909503124,3296,10.0,20.0
v11_new_vs_tgv,before,0.04341517857142857,23.033419023136247,0.10881108691443427,0.14285714285714285,0.19635112163071453,3350,10.0,20.0
v11_new_vs_tgv,before,0.04352678571428571,22.974358974358974,0.016548856032959712,0.14285714285714285,0.19649105513285683,3312,10.0,20.0
v11_new_vs_tgv,before,0.043638392857142855,22.915601023017903,0.13714826806516092,0.14285714285714285,0.1965506909503124,3296,10.0,20.0
v11_new_vs_tgv,before,0.04375,22.857142857142858,0.2989563499089263,0.14285714285714285,0.19620635084804425,3390,10.0,20.0
v11_new_vs_tgv,before,0.04386160714285714,22.798982188295167,0.056120940807439984,0.14285714285714285,0.19627118161272125,3372,10.0,20.0
v11_new_vs_tgv,before,0.04397321428571428,22.741116751269036,0.1141355422486946,0.14285714285714285,0.19639505513636507,3338,10.0,20.0
v11_new_vs_tgv,before,0.044084821428571425,22.683544303797472,-0.060084346317177295,0.14285714285714285,0.19614203002159336,3408,10.0,20.0
v11_new_vs_tgv,before,0.04419642857142857,22.62626262626263,0.1071072728570354,0.14285714285714285,0.19628565838032241,3368,10.0,20.0
v11_new_vs_tgv,before,0.04430803571428571,22.569269521410583,-0.02659480619576841,0.14285714285714285,0.19630742154042707,3362,10.0,20.0
v11_new_vs_tgv,before,0.04441964285714286,22.51256281407035,-0.2340705027172276,0.14285714285714285,0.19604297333067175,3436,10.0,20.0
v11_new_vs_tgv,before,0.04453125,22.45614035087719,0.08932299221985586,0.14285714285714285,0.19624230455271754,3380,10.0,20.0
v11_new_vs_tgv,before,0.044642857142857144,22.4,0.22166383414012827,0.14285714285714285,0.19616341405099993,3402,10.0,20.0
v11_new_vs_tgv,before,0.044754464285714286,22.34413965087282,0.21706721038882074,0.14285714285714285,0.19608527866196232,3424,10.0,20.0
v11_new_vs_tgv,before,0.04486607142857143,22.28855721393035,0.05932725619022735,0.14285714285714285,0.19608527866196232,3424,10.0,20.0
v11_new_vs_tgv,before,0.04497767857142857,22.233250620347395,-0.08215331338009756,0.14285714285714285,0.19586903899227384,3486,10.0,20.0
v11_new_vs_tgv,before,0.045089285714285714,22.17821782178218,-0.03115298451854488,0.14285714285714285,0.19609942947499998,3420,10.0,20.0
v11_new_vs_tgv,before,0.045200892857142856,22.123456790123456,0.07705054500475073,0.14285714285714285,0.19598690683769954,3452,10.0,20.0
v11_new_vs_tgv,before,0.0453125,22.06896551724138,0.2898784768681674,0.14285714285714285,0.19578686266146458,3510,10.0,20.0
v11_new_vs_tgv,before,0.04542410714285714,22.014742014742016,0.058005057422474686,0.14285714285714285,0.195959018311031,3460,10.0,20.0
v11_new_vs_tgv,before,0.045535714285714284,21.96078431372549,-0.26240015919159976,0.14285714285714285,0.1959242922263356,3470,10.0,20.0
v11_new_vs_tgv,before,0.045647321428571426,21.90709046454768,0.06037973903535378,0.14285714285714285,0.1959312255268662,3468,10.0,20.0
v11_new_vs_tgv,before,0.04575892857142857,21.853658536585368,0.22064900960071687,0.14285714285714285,0.19578005236369755,3512,10.0,20.0
v11_new_vs_tgv,before,0.04587053571428571,21.800486618004868,-0.0007586694297828533,0.14285714285714285,0.1957460872064342,3522,10.0,20.0
v11_new_vs_tgv,before,0.04598214285714285,21.74757281553398,0.24456928929808996,0.14285714285714285,0.19567186631260183,3544,10.0,20.0
v11_new_vs_tgv,before,0.046093749999999996,21.69491525423729,0.10709867764702385,0.14285714285714285,0.19601489165878555,3444,10.0,20.0
v11_new_vs_tgv,before,0.04620535714285714,21.64251207729469,-0.03259868458747805,0.14285714285714285,0.19554526746979894,3582,10.0,20.0
v11_new_vs_tgv,before,0.04631696428571429,21.59036144578313,-0.0031328356817510346,0.14285714285714285,0.19557838863500912,3572,10.0,20.0
v11_new_vs_tgv,before,0.04642857142857143,21.538461538461537,0.07949613682961786,0.14285714285714285,0.19587592500046092,3484,10.0,20.0
v11_new_vs_tgv,before,0.04654017857142857,21.48681055155875,-0.062437114826300065,0.14285714285714285,0.19536229896004664,3638,10.0,20.0
v11_new_vs_tgv,before,0.046651785714285715,21.43540669856459,-0.15680553526968735,0.14285714285714285,0.19572577688551,3528,10.0,20.0
v11_new_vs_tgv,before,0.04676339285714286,21.384248210023866,0.11661229096006318,0.14285714285714285,0.19565844520659162,3548,10.0,20.0
v11_new_vs_tgv,before,0.046875,21.333333333333332,0.09854466286865679,0.14285714285714285,0.19540115234939126,3626,10.0,20.0
v11_new_vs_tgv,before,0.04698660714285714,21.282660332541568,0.04574908122539808,0.14285714285714285,0.19544672377293545,3612,10.0,20.0
v11_new_vs_tgv,before,0.047098214285714285,21.232227488151658,0.32501116668249597,0.14285714285714285,0.1954663349047849,3606,10.0,20.0
v11_new_vs_tgv,before,0.04720982142857143,21.182033096926716,0.33940047486480796,0.14285714285714285,0.1955651236363731,3576,10.0,20.0
v11_new_vs_tgv,before,0.04732142857142857,21.132075471698116,0.2660828094141548,0.14285714285714285,0.19534294368347277,3644,10.0,20.0
v11_new_vs_tgv,before,0.04743303571428571,21.08235294117647,0.08207632548831438,0.14285714285714285,0.19537522888070752,3634,10.0,20.0
v11_new_vs_tgv,before,0.047544642857142855,21.03286384976526,0.03536524250347879,0.14285714285714285,0.19549912822785603,3596,10.0,20.0
v11_new_vs_tgv,before,0.04765625,20.98360655737705,-0.14410341411566108,0.14285714285714285,0.19527876700452393,3664,10.0,20.0
v11_new_vs_tgv,before,0.04776785714285714,20.93457943925234,-0.1822371863304995,0.14285714285714285,0.19536229896004664,3638,10.0,20.0
v11_new_vs_tgv,before,0.04787946428571428,20.88578088578089,-0.17210985530906106,0.14285714285714285,0.1952532420597071,3672,10.0,20.0
v11_new_vs_tgv,before,0.047991071428571425,20.837209302325583,-0.036074295018779595,0.14285714285714285,0.19534294368347277,3644,10.0,20.0
v11_new_vs_tgv,before,0.04810267857142857,20.788863109048727,-0.017170179327737217,0.14285714285714285,0.1950209946989822,3746,10.0,20.0
v11_new_vs_tgv,before,0.04821428571428571,20.740740740740744,0.15305905033278938,0.14285714285714285,0.19530437499553316,3656,10.0,20.0
v11_new_vs_tgv,before,0.04832589285714286,20.69284064665127,0.012074694275920053,0.14285714285714285,0.19526599417946083,3668,10.0,20.0
v11_new_vs_tgv,before,0.0484375,20.64516129032258,0.2416085318391637,0.14285714285714285,0.19493488938335007,3774,10.0,20.0
v11_new_vs_tgv,before,0.048549107142857144,20.597701149425287,0.03229074382551488,0.14285714285714285,0.19539466351065476,3628,10.0,20.0
v11_new_vs_tgv,before,0.048660714285714286,20.55045871559633,-0.016645061347542348,0.14285714285714285,0.19489827749225433,3786,10.0,20.0
v11_new_vs_tgv,before,0.04877232142857143,20.503432494279178,-0.1792336928774295,0.14285714285714285,0.19506440733704855,3732,10.0,20.0
v11_new_vs_tgv,before,0.04888392857142857,20.45662100456621,-0.173212477205212,0.14285714285714285,0.19518979008893414,3692,10.0,20.0
v11_new_vs_tgv,before,0.048995535714285714,20.41002277904328,-0.006792212646866774,0.14285714285714285,0.19491046224945754,3782,10.0,20.0
v11_new_vs_tgv,before,0.049107142857142856,20.363636363636363,-0.2642512309859019,0.14285714285714285,0.19500246310468877,3752,10.0,20.0
v11_new_vs_tgv,before,0.04921875,20.317460317460316,-0.2762349207502412,0.14285714285714285,0.19499013318559666,3756,10.0,20.0
v11_new_vs_tgv,before,0.04933035714285714,20.271493212669682,-0.06409067950316635,0.14285714285714285,0.1948739653457362,3794,10.0,20.0
v11_new_vs_tgv,before,0.049441964285714284,20.225733634311513,0.13113473594766148,0.14285714285714285,0.19488003622703962,3792,10.0,20.0
v11_new_vs_tgv,before,0.049553571428571426,20.18018018018018,0.2066516875011368,0.14285714285714285,0.19489219229404334,3788,10.0,20.0
v11_new_vs_tgv,before,0.04966517857142857,20.134831460674157,-0.009460554706928387,0.14285714285714285,0.1950209946989822,3746,10.0,20.0
v11_new_vs_tgv,before,0.04977678571428571,20.08968609865471,-0.018677935165909293,0.14285714285714285,0.19475951592150462,3832,10.0,20.0
v11_new_vs_tgv,before,0.04988839285714285,20.04474272930649,0.11520624250268326,0.14285714285714285,0.19485578123579675,3800,10.0,20.0
v11_new_vs_tgv,before,0.049999999999999996,20.0,-0.8338648750143663,0.14285714285714285,0.8417399583909729,2,10.0,20.0
v11_new_vs_tgv,after,0.0,inf,0.7055889560541561,0.14285714285714285,0.7560610050770457,3,10.0,20.0
v11_new_vs_tgv,after,0.00011160714285714285,8960.0,0.9474164407894855,0.14285714285714285,0.5160568456025979,12,10.0,20.0
v11_new_vs_tgv,after,0.0002232142857142857,4480.0,0.8705650141179424,0.14285714285714285,0.43846389609946435,22,10.0,20.0
v11_new_vs_tgv,after,0.0003348214285714286,2986.6666666666665,0.9667481414635755,0.14285714285714285,0.41192739958594665,28,10.0,20.0
v11_new_vs_tgv,after,0.0004464285714285714,2240.0,0.977353462829513,0.14285714285714285,0.37684928940895107,40,10.0,20.0
v11_new_vs_tgv,after,0.0005580357142857143,1792.0,0.9888355350965253,0.14285714285714285,0.3572655453148874,50,10.0,20.0
v11_new_vs_tgv,after,0.0006696428571428571,1493.3333333333333,0.9933894837226015,0.14285714285714285,0.3607189084162777,48,10.0,20.0
v11_new_vs_tgv,after,0.0007812499999999999,1280.0,0.9938529758315057,0.14285714285714285,0.33301944154606616,68,10.0,20.0
v11_new_vs_tgv,after,0.0008928571428571428,1120.0,0.9934543212016298,0.14285714285714285,0.3308883459615167,70,10.0,20.0
v11_new_vs_tgv,after,0.0010044642857142856,995.5555555555557,0.9975577769292535,0.14285714285714285,0.32498105977643776,76,10.0,20.0
v11_new_vs_tgv,after,0.0011160714285714285,896.0,0.9978029819764075,0.14285714285714285,0.3120228149867766,92,10.0,20.0
v11_new_vs_tgv,after,0.0012276785714285714,814.5454545454546,0.997300937256824,0.14285714285714285,0.30307454563671804,106,10.0,20.0
v11_new_vs_tgv,after,0.0013392857142857143,746.6666666666666,0.9979404611372782,0.14285714285714285,0.309276869488276,96,10.0,20.0
v11_new_vs_tgv,after,0.0014508928571428572,689.2307692307692,0.9983435316499392,0.14285714285714285,0.297657677511583,116,10.0,20.0
v11_new_vs_tgv,after,0.0015624999999999999,640.0,0.9984984241217091,0.14285714285714285,0.28942028891226607,134,10.0,20.0
v11_new_vs_tgv,after,0.0016741071428571428,597.3333333333334,0.9971538299960153,0.14285714285714285,0.2956748612128594,120,10.0,20.0
v11_new_vs_tgv,after,0.0017857142857142857,560.0,0.9976945276489624,0.14285714285714285,0.28476380812712476,146,10.0,20.0
v11_new_vs_tgv,after,0.0018973214285714286,527.0588235294118,0.9973032003902869,0.14285714285714285,0.2812856424436456,156,10.0,20.0
v11_new_vs_tgv,after,0.0020089285714285712,497.7777777777778,0.9991663722874204,0.14285714285714285,0.28702018719502587,140,10.0,20.0
v11_new_vs_tgv,after,0.002120535714285714,471.5789473684211,0.9991516305627803,0.14285714285714285,0.2757709533720164,174,10.0,20.0
v11_new_vs_tgv,after,0.002232142857142857,448.0,0.9993762246794319,0.14285714285714285,0.27520913338899333,176,10.0,20.0
v11_new_vs_tgv,after,0.00234375,426.6666666666667,0.9991904954986078,0.14285714285714285,0.273051000260408,184,10.0,20.0
v11_new_vs_tgv,after,0.002455357142857143,407.2727272727273,0.9990154589138529,0.14285714285714285,0.2705369635786124,194,10.0,20.0
v11_new_vs_tgv,after,0.0025669642857142857,389.5652173913044,0.999384980600725,0.14285714285714285,0.269116846861646,200,10.0,20.0
v11_new_vs_tgv,after,0.0026785714285714286,373.3333333333333,0.9994413647081066,0.14285714285714285,0.26731663903915925,208,10.0,20.0
v11_new_vs_tgv,after,0.0027901785714285715,358.4,0.9990519588555964,0.14285714285714285,0.2668822084027434,210,10.0,20.0
v11_new_vs_tgv,after,0.0029017857142857144,344.6153846153846,0.9993801425511115,0.14285714285714285,0.26173150991010213,236,10.0,20.0
v11_new_vs_tgv,after,0.003013392857142857,331.8518518518519,0.9991496968623755,0.14285714285714285,0.2632250986856457,228,10.0,20.0
v11_new_vs_tgv,after,0.0031249999999999997,320.0,0.9987822273741574,0.14285714285714285,0.2613695641695868,238,10.0,20.0
v11_new_vs_tgv,after,0.0032366071428571426,308.96551724137936,0.9989036015114003,0.14285714285714285,0.2576597972433477,260,10.0,20.0
v11_new_vs_tgv,after,0.0033482142857142855,298.6666666666667,0.9982599201258248,0.14285714285714285,0.2586250244740691,254,10.0,20.0
v11_new_vs_tgv,after,0.0034598214285714284,289.03225806451616,0.9980886305457485,0.14285714285714285,0.25523709705862524,276,10.0,20.0
v11_new_vs_tgv,after,0.0035714285714285713,280.0,0.9975481289347666,0.14285714285714285,0.25582326430374547,272,10.0,20.0
v11_new_vs_tgv,after,0.003683035714285714,271.5151515151515,0.9983717860107403,0.14285714285714285,0.2527449491574839,294,10.0,20.0
v11_new_vs_tgv,after,0.003794642857142857,263.5294117647059,0.9988616142310237,0.14285714285714285,0.25410107451462977,284,10.0,20.0
v11_new_vs_tgv,after,0.00390625,256.0,0.9967419620176986,0.14285714285714285,0.2514544516681247,304,10.0,20.0
v11_new_vs_tgv,after,0.0040178571428571425,248.8888888888889,0.9967502466553622,0.14285714285714285,0.24928083583453234,322,10.0,20.0
v11_new_vs_tgv,after,0.004129464285714286,242.16216216216216,0.9969429530022549,0.14285714285714285,0.2514544516681247,304,10.0,20.0
v11_new_vs_tgv,after,0.004241071428571428,235.78947368421055,0.9955909868245719,0.14285714285714285,0.24905026945843273,324,10.0,20.0
v11_new_vs_tgv,after,0.004352678571428572,229.74358974358972,0.9942688408682582,0.14285714285714285,0.24582376798178943,354,10.0,20.0
v11_new_vs_tgv,after,0.004464285714285714,224.0,0.9966210810110212,0.14285714285714285,0.24770924671322134,336,10.0,20.0
v11_new_vs_tgv,after,0.004575892857142857,218.53658536585365,0.9935085683904016,0.14285714285714285,0.24643640318775006,348,10.0,20.0
v11_new_vs_tgv,after,0.0046875,213.33333333333334,0.9916521327814778,0.14285714285714285,0.24426173259637654,370,10.0,20.0
v11_new_vs_tgv,after,0.004799107142857142,208.37209302325584,0.9953543154712059,0.14285714285714285,0.24407341871811294,372,10.0,20.0
v11_new_vs_tgv,after,0.004910714285714286,203.63636363636365,0.9954791889850033,0.14285714285714285,0.24388657961491628,374,10.0,20.0
v11_new_vs_tgv,after,0.005022321428571428,199.11111111111114,0.9958701336756863,0.14285714285714285,0.24124866466885456,404,10.0,20.0
v11_new_vs_tgv,after,0.005133928571428571,194.7826086956522,0.9974531575137369,0.14285714285714285,0.24226832878047586,392,10.0,20.0
v11_new_vs_tgv,after,0.005245535714285714,190.63829787234044,0.9972846837441284,0.14285714285714285,0.2427954615022515,386,10.0,20.0
v11_new_vs_tgv,after,0.005357142857142857,186.66666666666666,0.9964885728928452,0.14285714285714285,0.23964416299559071,424,10.0,20.0
v11_new_vs_tgv,after,0.00546875,182.85714285714286,0.9950788395558862,0.14285714285714285,0.24027239659586974,416,10.0,20.0
v11_new_vs_tgv,after,0.005580357142857143,179.2,0.9928723513651647,0.14285714285714285,0.2388828626474958,434,10.0,20.0
v11_new_vs_tgv,after,0.0056919642857142854,175.68627450980392,0.9947548776763537,0.14285714285714285,0.2384383044776066,440,10.0,20.0
v11_new_vs_tgv,after,0.005803571428571429,172.3076923076923,0.9968879095704911,0.14285714285714285,0.23757528612232023,452,10.0,20.0
v11_new_vs_tgv,after,0.005915178571428571,169.05660377358492,0.9953590226306256,0.14285714285714285,0.23688135961430892,462,10.0,20.0
v11_new_vs_tgv,after,0.006026785714285714,165.92592592592595,0.9960011341270822,0.14285714285714285,0.23785919155913984,448,10.0,20.0
v11_new_vs_tgv,after,0.006138392857142857,162.9090909090909,0.9953612366249205,0.14285714285714285,0.23517586182327832,488,10.0,20.0
v11_new_vs_tgv,after,0.0062499999999999995,160.0,0.9971569684746837,0.14285714285714285,0.23607716377209612,474,10.0,20.0
v11_new_vs_tgv,after,0.006361607142857143,157.19298245614036,0.996994916644127,0.14285714285714285,0.23568617177506457,480,10.0,20.0
v11_new_vs_tgv,after,0.006473214285714285,154.48275862068968,0.9948525581063987,0.14285714285714285,0.23359868826190747,514,10.0,20.0
v11_new_vs_tgv,after,0.006584821428571429,151.864406779661,0.9930038448852133,0.14285714285714285,0.23348222347930858,516,10.0,20.0
v11_new_vs_tgv,after,0.006696428571428571,149.33333333333334,0.9941496361101647,0.14285714285714285,0.23467767886949623,496,10.0,20.0
v11_new_vs_tgv,after,0.006808035714285714,146.88524590163934,0.9948520375753538,0.14285714285714285,0.23246304055541317,534,10.0,20.0
v11_new_vs_tgv,after,0.006919642857142857,144.51612903225808,0.9956716677894525,0.14285714285714285,0.23191835858106052,544,10.0,20.0
v11_new_vs_tgv,after,0.00703125,142.22222222222223,0.9959302333451385,0.14285714285714285,0.23348222347930858,516,10.0,20.0
v11_new_vs_tgv,after,0.007142857142857143,140.0,0.9960705902743063,0.14285714285714285,0.23118003674182988,558,10.0,20.0
v11_new_vs_tgv,after,0.007254464285714285,137.84615384615387,0.9972477840780211,0.14285714285714285,0.23066911942921098,568,10.0,20.0
v11_new_vs_tgv,after,0.007366071428571428,135.75757575757575,0.9979527079503482,0.14285714285714285,0.23257377696061368,532,10.0,20.0
v11_new_vs_tgv,after,0.007477678571428571,133.7313432835821,0.9961748126935984,0.14285714285714285,0.22865956785210217,610,10.0,20.0
v11_new_vs_tgv,after,0.007589285714285714,131.76470588235296,0.993582000811978,0.14285714285714285,0.2300731936178756,580,10.0,20.0
v11_new_vs_tgv,after,0.007700892857142857,129.85507246376812,0.9953348009869112,0.14285714285714285,0.22987856279938831,584,10.0,20.0
v11_new_vs_tgv,after,0.0078125,128.0,0.993648763248639,0.14285714285714285,0.22847879956174852,614,10.0,20.0
v11_new_vs_tgv,after,0.007924107142857142,126.19718309859155,0.993344145912783,0.14285714285714285,0.22856896654528058,612,10.0,20.0
v11_new_vs_tgv,after,0.008035714285714285,124.44444444444446,0.9932988625915726,0.14285714285714285,0.22794672665157004,626,10.0,20.0
v11_new_vs_tgv,after,0.008147321428571429,122.73972602739725,0.9926624393944757,0.14285714285714285,0.22856896654528058,612,10.0,20.0
v11_new_vs_tgv,after,0.008258928571428572,121.08108108108108,0.9952362281053492,0.14285714285714285,0.22751466188342373,636,10.0,20.0
v11_new_vs_tgv,after,0.008370535714285714,119.46666666666667,0.9954126300773709,0.14285714285714285,0.22709247611069447,646,10.0,20.0
v11_new_vs_tgv,after,0.008482142857142856,117.89473684210527,0.9972730397635678,0.14285714285714285,0.2270091913293758,648,10.0,20.0
v11_new_vs_tgv,after,0.008593749999999999,116.36363636363637,0.9953431556153772,0.14285714285714285,0.22684375089361272,652,10.0,20.0
v11_new_vs_tgv,after,0.008705357142857143,114.87179487179486,0.9943822667568847,0.14285714285714285,0.22580365493397495,678,10.0,20.0
v11_new_vs_tgv,after,0.008816964285714286,113.41772151898735,0.9939042150466489,0.14285714285714285,0.22572608133433805,680,10.0,20.0
v11_new_vs_tgv,after,0.008928571428571428,112.0,0.9931223228775258,0.14285714285714285,0.22572608133433805,680,10.0,20.0
v11_new_vs_tgv,after,0.00904017857142857,110.61728395061729,0.9915739301844027,0.14285714285714285,0.2247472633332211,706,10.0,20.0
v11_new_vs_tgv,after,0.009151785714285715,109.26829268292683,0.9907455904259127,0.14285714285714285,0.2252675931499613,692,10.0,20.0
v11_new_vs_tgv,after,0.009263392857142857,107.95180722891567,0.9898670128697172,0.14285714285714285,0.22511735629687746,696,10.0,20.0
v11_new_vs_tgv,after,0.009375,106.66666666666667,0.9918617355856526,0.14285714285714285,0.22347634762040358,742,10.0,20.0
v11_new_vs_tgv,after,0.009486607142857142,105.41176470588236,0.9927489485290897,0.14285714285714285,0.22467416992987052,708,10.0,20.0
v11_new_vs_tgv,after,0.009598214285714285,104.18604651162792,0.994048378784668,0.14285714285714285,0.22280884262303868,762,10.0,20.0
v11_new_vs_tgv,after,0.009709821428571429,102.98850574712644,0.9875866483347334,0.14285714285714285,0.22368179007692848,736,10.0,20.0
v11_new_vs_tgv,after,0.009821428571428571,101.81818181818183,0.9849540085566586,0.14285714285714285,0.22287442635809016,760,10.0,20.0
v11_new_vs_tgv,after,0.009933035714285714,100.67415730337079,0.9914537592008629,0.14285714285714285,0.22229315058834048,778,10.0,20.0
v11_new_vs_tgv,after,0.010044642857142856,99.55555555555557,0.9916685981926666,0.14285714285714285,0.22261360373636063,768,10.0,20.0
v11_new_vs_tgv,after,0.01015625,98.46153846153845,0.9881341120951976,0.14285714285714285,0.22287442635809016,760,10.0,20.0
v11_new_vs_tgv,after,0.010267857142857143,97.3913043478261,0.9856465694436929,0.14285714285714285,0.22191652760781277,790,10.0,20.0
v11_new_vs_tgv,after,0.010379464285714285,96.34408602150538,0.9857457168942605,0.14285714285714285,0.2212474895498582,812,10.0,20.0
v11_new_vs_tgv,after,0.010491071428571428,95.31914893617022,0.9886202189447638,0.14285714285714285,0.2214876516950723,804,10.0,20.0
v11_new_vs_tgv,after,0.010602678571428572,94.3157894736842,0.9871786132187541,0.14285714285714285,0.22130720212890542,810,10.0,20.0
v11_new_vs_tgv,after,0.010714285714285714,93.33333333333333,0.9887375088524238,0.14285714285714285,0.2206620549790673,832,10.0,20.0
v11_new_vs_tgv,after,0.010825892857142857,92.37113402061856,0.9885846131515555,0.14285714285714285,0.2216090580540805,800,10.0,20.0
v11_new_vs_tgv,after,0.0109375,91.42857142857143,0.9907705133532451,0.14285714285714285,0.2198217694523472,862,10.0,20.0
v11_new_vs_tgv,after,0.011049107142857142,90.50505050505052,0.9911074949303994,0.14285714285714285,0.22020844574520457,848,10.0,20.0
v11_new_vs_tgv,after,0.011160714285714286,89.6,0.9858006183513173,0.14285714285714285,0.21928516426814687,882,10.0,20.0
v11_new_vs_tgv,after,0.011272321428571428,88.71287128712872,0.9788310351537011,0.14285714285714285,0.22077747178815657,828,10.0,20.0
v11_new_vs_tgv,after,0.011383928571428571,87.84313725490196,0.9787776637701734,0.14285714285714285,0.21955119748619267,872,10.0,20.0
v11_new_vs_tgv,after,0.011495535714285713,86.99029126213593,0.9783153497174372,0.14285714285714285,0.21856336410973248,910,10.0,20.0
v11_new_vs_tgv,after,0.011607142857142858,86.15384615384615,0.9779516552910573,0.14285714285714285,0.21965887440375706,868,10.0,20.0
v11_new_vs_tgv,after,0.01171875,85.33333333333333,0.9778396404139286,0.14285714285714285,0.21902354389357315,892,10.0,20.0
v11_new_vs_tgv,after,0.011830357142857142,84.52830188679246,0.9764916621679096,0.14285714285714285,0.2181654494608149,926,10.0,20.0
v11_new_vs_tgv,after,0.011941964285714285,83.73831775700936,0.9735331854707423,0.14285714285714285,0.21841294458748992,916,10.0,20.0
v11_new_vs_tgv,after,0.012053571428571427,82.96296296296298,0.9862340314727659,0.14285714285714285,0.21851306204381743,912,10.0,20.0
v11_new_vs_tgv,after,0.012165178571428572,82.20183486238533,0.9889739741977185,0.14285714285714285,0.21758723335053728,950,10.0,20.0
v11_new_vs_tgv,after,0.012276785714285714,81.45454545454545,0.9890456923006902,0.14285714285714285,0.21744603829804665,956,10.0,20.0
v11_new_vs_tgv,after,0.012388392857142856,80.72072072072072,0.9864350090349752,0.14285714285714285,0.21861382957564643,908,10.0,20.0
v11_new_vs_tgv,after,0.012499999999999999,80.0,0.9828334518116251,0.14285714285714285,0.21675920204107632,986,10.0,20.0
v11_new_vs_tgv,after,0.012611607142857143,79.29203539823008,0.9839810977886134,0.14285714285714285,0.21725980028494588,964,10.0,20.0
v11_new_vs_tgv,after,0.012723214285714286,78.59649122807018,0.9822012037542177,0.14285714285714285,0.21721359693608783,966,10.0,20.0
v11_new_vs_tgv,after,0.012834821428571428,77.91304347826087,0.9756224628497859,0.14285714285714285,0.21644914346158642,1000,10.0,20.0
v11_new_vs_tgv,after,0.01294642857142857,77.24137931034484,0.977689000028276,0.14285714285714285,0.21653707458648785,996,10.0,20.0
v11_new_vs_tgv,after,0.013058035714285715,76.58119658119658,0.9792469579898908,0.14285714285714285,0.21649304397049488,998,10.0,20.0
v11_new_vs_tgv,after,0.013169642857142857,75.9322033898305,0.9849254733809805,0.14285714285714285,0.21610254718236965,1016,10.0,20.0
v11_new_vs_tgv,after,0.01328125,75.29411764705883,0.98559577452326,0.14285714285714285,0.21618843703925994,1012,10.0,20.0
v11_new_vs_tgv,after,0.013392857142857142,74.66666666666667,0.9733027089447731,0.14285714285714285,0.21605978929178232,1018,10.0,20.0
v11_new_vs_tgv,after,0.013504464285714285,74.04958677685951,0.9771656829180828,0.14285714285714285,0.21551499634696136,1044,10.0,20.0
v11_new_vs_tgv,after,0.013616071428571429,73.44262295081967,0.982312794336176,0.14285714285714285,0.21568047213382657,1036,10.0,20.0
v11_new_vs_tgv,after,0.013727678571428571,72.84552845528455,0.9725406023799493,0.14285714285714285,0.21498988471428435,1070,10.0,20.0
v11_new_vs_tgv,after,0.013839285714285714,72.25806451612904,0.9720888457288747,0.14285714285714285,0.21543295911437524,1048,10.0,20.0
v11_new_vs_tgv,after,0.013950892857142856,71.68,0.9579214651194383,0.14285714285714285,0.2148713755575323,1076,10.0,20.0
v11_new_vs_tgv,after,0.0140625,71.11111111111111,0.9694667248137364,0.14285714285714285,0.21475383879638116,1082,10.0,20.0
v11_new_vs_tgv,after,0.014174107142857143,70.55118110236221,0.9788790639769065,0.14285714285714285,0.21471487366377726,1084,10.0,20.0
v11_new_vs_tgv,after,0.014285714285714285,70.0,0.980618104858434,0.14285714285714285,0.21459861283869502,1090,10.0,20.0
v11_new_vs_tgv,after,0.014397321428571428,69.45736434108528,0.9793499943407222,0.14285714285714285,0.21425543086377571,1108,10.0,20.0
v11_new_vs_tgv,after,0.01450892857142857,68.92307692307693,0.9546754951826922,0.14285714285714285,0.21456006915830092,1092,10.0,20.0
v11_new_vs_tgv,after,0.014620535714285714,68.3969465648855,0.9588960920269279,0.14285714285714285,0.21355728664025345,1146,10.0,20.0
v11_new_vs_tgv,after,0.014732142857142857,67.87878787878788,0.9780475612865855,0.14285714285714285,0.21366522853675965,1140,10.0,20.0
v11_new_vs_tgv,after,0.01484375,67.36842105263158,0.9656449509401588,0.14285714285714285,0.2143309783773013,1104,10.0,20.0
v11_new_vs_tgv,after,0.014955357142857142,66.86567164179105,0.96024985125236,0.14285714285714285,0.21279046829950965,1190,10.0,20.0
v11_new_vs_tgv,after,0.015066964285714286,66.37037037037037,0.9702343747536796,0.14285714285714285,0.21373765748018866,1136,10.0,20.0
v11_new_vs_tgv,after,0.015178571428571428,65.88235294117648,0.9667392517340689,0.14285714285714285,0.21352149146774207,1148,10.0,20.0
v11_new_vs_tgv,after,0.015290178571428571,65.4014598540146,0.9616535631786666,0.14285714285714285,0.21285843635360488,1186,10.0,20.0
v11_new_vs_tgv,after,0.015401785714285713,64.92753623188406,0.9596363031072334,0.14285714285714285,0.21282441002983377,1188,10.0,20.0
v11_new_vs_tgv,after,0.015513392857142856,64.46043165467627,0.9664668674175212,0.14285714285714285,0.21337922749072738,1156,10.0,20.0
v11_new_vs_tgv,after,0.015625,64.0,0.967427648034832,0.14285714285714285,0.212000361835817,1238,10.0,20.0
v11_new_vs_tgv,after,0.015736607142857142,63.54609929078014,0.9848985170842505,0.14285714285714285,0.2124887421904062,1208,10.0,20.0
v11_new_vs_tgv,after,0.015848214285714285,63.098591549295776,0.9862885257724345,0.14285714285714285,0.2127228372174348,1194,10.0,20.0
v11_new_vs_tgv,after,0.015959821428571427,62.65734265734266,0.9820173108571618,0.14285714285714285,0.2120323741059451,1236,10.0,20.0
v11_new_vs_tgv,after,0.01607142857142857,62.22222222222223,0.9747586051748142,0.14285714285714285,0.2120323741059451,1236,10.0,20.0
v11_new_vs_tgv,after,0.016183035714285712,61.79310344827587,0.9605698867789282,0.14285714285714285,0.21187307369980893,1246,10.0,20.0
v11_new_vs_tgv,after,0.016294642857142858,61.36986301369863,0.9584129861422508,0.14285714285714285,0.21216119331021152,1228,10.0,20.0
v11_new_vs_tgv,after,0.01640625,60.95238095238095,0.9472557100569108,0.14285714285714285,0.21159104545450594,1264,10.0,20.0
v11_new_vs_tgv,after,0.016517857142857143,60.54054054054054,0.9346809813539297,0.14285714285714285,0.21149835269259598,1270,10.0,20.0
v11_new_vs_tgv,after,0.016629464285714286,60.13422818791946,0.9506181976186554,0.14285714285714285,0.21177839816474361,1252,10.0,20.0
v11_new_vs_tgv,after,0.016741071428571428,59.733333333333334,0.935507679619129,0.14285714285714285,0.21134529561252643,1280,10.0,20.0
v11_new_vs_tgv,after,0.01685267857142857,59.337748344370866,0.953463019349973,0.14285714285714285,0.21054834880675766,1334,10.0,20.0
v11_new_vs_tgv,after,0.016964285714285713,58.94736842105264,0.9727216169918304,0.14285714285714285,0.21159104545450594,1264,10.0,20.0
v11_new_vs_tgv,after,0.017075892857142855,58.56209150326798,0.9778235089926864,0.14285714285714285,0.21080861501660042,1316,10.0,20.0
v11_new_vs_tgv,after,0.017187499999999998,58.18181818181819,0.9742161403579221,0.14285714285714285,0.2104912166657718,1338,10.0,20.0
v11_new_vs_tgv,after,0.017299107142857144,57.806451612903224,0.967265378587284,0.14285714285714285,0.2112241179090306,1288,10.0,20.0
v11_new_vs_tgv,after,0.017410714285714286,57.43589743589743,0.9604475116247302,0.14285714285714285,0.21009825045931166,1366,10.0,20.0
v11_new_vs_tgv,after,0.01752232142857143,57.07006369426752,0.9785971706729418,0.14285714285714285,0.21034948559464076,1348,10.0,20.0
v11_new_vs_tgv,after,0.01763392857142857,56.708860759493675,0.9542088222155306,0.14285714285714285,0.21046274528313325,1340,10.0,20.0
v11_new_vs_tgv,after,0.017745535714285714,56.35220125786164,0.9292625020272205,0.14285714285714285,0.2102651915533084,1354,10.0,20.0
v11_new_vs_tgv,after,0.017857142857142856,56.0,0.9298751386790981,0.14285714285714285,0.20979775932161346,1388,10.0,20.0
v11_new_vs_tgv,after,0.01796875,55.652173913043484,0.9578575760217356,0.14285714285714285,0.21001559151209073,1372,10.0,20.0
v11_new_vs_tgv,after,0.01808035714285714,55.308641975308646,0.9639711339508066,0.14285714285714285,0.20993346585157174,1378,10.0,20.0
v11_new_vs_tgv,after,0.018191964285714284,54.96932515337424,0.958014232640368,0.14285714285714285,0.20969023176701643,1396,10.0,20.0
v11_new_vs_tgv,after,0.01830357142857143,54.63414634146341,0.9512431932908672,0.14285714285714285,0.20974388120426476,1392,10.0,20.0
v11_new_vs_tgv,after,0.018415178571428572,54.303030303030305,0.9537710891432895,0.14285714285714285,0.20924322011539456,1430,10.0,20.0
v11_new_vs_tgv,after,0.018526785714285714,53.975903614457835,0.9371312555993704,0.14285714285714285,0.20937304795788578,1420,10.0,20.0
v11_new_vs_tgv,after,0.018638392857142857,53.65269461077845,0.9244559636132977,0.14285714285714285,0.20958361247909307,1404,10.0,20.0
v11_new_vs_tgv,after,0.01875,53.333333333333336,0.9348043935865489,0.14285714285714285,0.20908918974285123,1442,10.0,20.0
v11_new_vs_tgv,after,0.018861607142857142,53.01775147928994,0.9448760175463462,0.14285714285714285,0.2091147294392002,1440,10.0,20.0
v11_new_vs_tgv,after,0.018973214285714284,52.70588235294118,0.9533666761149989,0.14285714285714285,0.20878674915614567,1466,10.0,20.0
v11_new_vs_tgv,after,0.019084821428571427,52.397660818713454,0.9026388812649214,0.14285714285714285,0.20896227354363328,1452,10.0,20.0
v11_new_vs_tgv,after,0.01919642857142857,52.09302325581396,0.9059778393685599,0.14285714285714285,0.20861368932701757,1480,10.0,20.0
v11_new_vs_tgv,after,0.019308035714285715,51.79190751445086,0.8953949516143048,0.14285714285714285,0.20849155226945118,1490,10.0,20.0
v11_new_vs_tgv,after,0.019419642857142858,51.49425287356322,0.9244484185305265,0.14285714285714285,0.20886166870324252,1460,10.0,20.0
v11_new_vs_tgv,after,0.01953125,51.2,0.9321334280736208,0.14285714285714285,0.20832258514572422,1504,10.0,20.0
v11_new_vs_tgv,after,0.019642857142857142,50.909090909090914,0.8967267728169244,0.14285714285714285,0.20820331375489703,1514,10.0,20.0
v11_new_vs_tgv,after,0.019754464285714285,50.621468926553675,0.8935800928112336,0.14285714285714285,0.2080852033992908,1524,10.0,20.0
v11_new_vs_tgv,after,0.019866071428571427,50.337078651685395,0.8853069818692647,0.14285714285714285,0.20822707454226386,1512,10.0,20.0
v11_new_vs_tgv,after,0.01997767857142857,50.05586592178771,0.9011834572345582,0.14285714285714285,0.2076466470245122,1562,10.0,20.0
v11_new_vs_tgv,after,0.020089285714285712,49.777777777777786,0.9077649214575849,0.14285714285714285,0.20817959940754727,1516,10.0,20.0
v11_new_vs_tgv,after,0.020200892857142858,49.50276243093922,0.9451571695100758,0.14285714285714285,0.20817959940754727,1516,10.0,20.0
v11_new_vs_tgv,after,0.0203125,49.230769230769226,0.9480704626773409,0.14285714285714285,0.2071581805789342,1606,10.0,20.0
v11_new_vs_tgv,after,0.020424107142857143,48.96174863387978,0.927317196731479,0.14285714285714285,0.2078523911652866,1544,10.0,20.0
v11_new_vs_tgv,after,0.020535714285714286,48.69565217391305,0.9392681619678942,0.14285714285714285,0.20751142498562736,1574,10.0,20.0
v11_new_vs_tgv,after,0.020647321428571428,48.432432432432435,0.9723995006324293,0.14285714285714285,0.207311430402214,1592,10.0,20.0
v11_new_vs_tgv,after,0.02075892857142857,48.17204301075269,0.9708746260485475,0.14285714285714285,0.20766933369874285,1560,10.0,20.0
v11_new_vs_tgv,after,0.020870535714285713,47.9144385026738,0.9525849787693236,0.14285714285714285,0.2072455083727941,1598,10.0,20.0
v11_new_vs_tgv,after,0.020982142857142855,47.65957446808511,0.9293695585027648,0.14285714285714285,0.20679410702631273,1640,10.0,20.0
v11_new_vs_tgv,after,0.021093749999999998,47.40740740740741,0.9475744306903999,0.14285714285714285,0.2070931065498322,1612,10.0,20.0
v11_new_vs_tgv,after,0.021205357142857144,47.1578947368421,0.9436940503226798,0.14285714285714285,0.20733348626347292,1590,10.0,20.0
v11_new_vs_tgv,after,0.021316964285714286,46.910994764397905,0.9255932350193115,0.14285714285714285,0.2068363565335541,1636,10.0,20.0
v11_new_vs_tgv,after,0.02142857142857143,46.666666666666664,0.9266940692601848,0.14285714285714285,0.20646152179686691,1672,10.0,20.0
v11_new_vs_tgv,after,0.02154017857142857,46.424870466321245,0.9480956600094611,0.14285714285714285,0.20677303948480721,1642,10.0,20.0
v11_new_vs_tgv,after,0.021651785714285714,46.18556701030928,0.9619547420233533,0.14285714285714285,0.20654377883697478,1664,10.0,20.0
v11_new_vs_tgv,after,0.021763392857142856,45.94871794871795,0.965552019338082,0.14285714285714285,0.2069213164900138,1628,10.0,20.0
v11_new_vs_tgv,after,0.021875,45.714285714285715,0.960336428607239,0.14285714285714285,0.20615817865004304,1702,10.0,20.0
v11_new_vs_tgv,after,0.02198660714285714,45.48223350253807,0.971388932282016,0.14285714285714285,0.2063798459329584,1680,10.0,20.0
v11_new_vs_tgv,after,0.022098214285714284,45.25252525252526,0.9586579344022117,0.14285714285714285,0.20607862228912602,1710,10.0,20.0
v11_new_vs_tgv,after,0.02220982142857143,45.0251256281407,0.9477341965843624,0.14285714285714285,0.2060193161196826,1716,10.0,20.0
v11_new_vs_tgv,after,0.022321428571428572,44.8,0.9406559221696874,0.14285714285714285,0.2064206116472992,1676,10.0,20.0
v11_new_vs_tgv,after,0.022433035714285714,44.5771144278607,0.9177401486155982,0.14285714285714285,0.20568896146044316,1750,10.0,20.0
v11_new_vs_tgv,after,0.022544642857142857,44.35643564356436,0.9361311454914674,0.14285714285714285,0.20586265784981742,1732,10.0,20.0
v11_new_vs_tgv,after,0.02265625,44.13793103448276,0.9406367446918391,0.14285714285714285,0.20625840693654623,1692,10.0,20.0
v11_new_vs_tgv,after,0.022767857142857142,43.92156862745098,0.9357445999804695,0.14285714285714285,0.20561261066388095,1758,10.0,20.0
v11_new_vs_tgv,after,0.022879464285714284,43.707317073170735,0.9388732895250865,0.14285714285714285,0.20563165001517575,1756,10.0,20.0
v11_new_vs_tgv,after,0.022991071428571427,43.49514563106796,0.9283587718174601,0.14285714285714285,0.2059799491398533,1720,10.0,20.0
v11_new_vs_tgv,after,0.02310267857142857,43.28502415458938,0.951810067172333,0.14285714285714285,0.2050559530372921,1818,10.0,20.0
v11_new_vs_tgv,after,0.023214285714285715,43.07692307692307,0.9613288252043651,0.14285714285714285,0.20529377749698421,1792,10.0,20.0
v11_new_vs_tgv,after,0.023325892857142858,42.87081339712918,0.9611066792938701,0.14285714285714285,0.20578513067261447,1740,10.0,20.0
v11_new_vs_tgv,after,0.0234375,42.666666666666664,0.9704578224013971,0.14285714285714285,0.2049478815407546,1830,10.0,20.0
v11_new_vs_tgv,after,0.023549107142857142,42.464454976303315,0.9402688916088884,0.14285714285714285,0.2053308201973659,1788,10.0,20.0
v11_new_vs_tgv,after,0.023660714285714285,42.26415094339623,0.9459351903970465,0.14285714285714285,0.2051650873580342,1806,10.0,20.0
v11_new_vs_tgv,after,0.023772321428571427,42.06572769953052,0.9437291785634919,0.14285714285714285,0.20500178551890139,1824,10.0,20.0
v11_new_vs_tgv,after,0.02388392857142857,41.86915887850468,0.9158654862132645,0.14285714285714285,0.2050378677827802,1820,10.0,20.0
v11_new_vs_tgv,after,0.023995535714285712,41.674418604651166,0.9175186318753484,0.14285714285714285,0.20473485868990474,1854,10.0,20.0
v11_new_vs_tgv,after,0.024107142857142855,41.48148148148149,0.921834402099776,0.14285714285714285,0.20489423896779435,1836,10.0,20.0
v11_new_vs_tgv,after,0.02421875,41.29032258064516,0.916847023455323,0.14285714285714285,0.20482311852246032,1844,10.0,20.0
v11_new_vs_tgv,after,0.024330357142857143,41.10091743119266,0.896267241803096,0.14285714285714285,0.20428703415014268,1906,10.0,20.0
v11_new_vs_tgv,after,0.024441964285714286,40.91324200913242,0.90163495849704,0.14285714285714285,0.20485862143419345,1840,10.0,20.0
v11_new_vs_tgv,after,0.024553571428571428,40.72727272727273,0.9204464071070313,0.14285714285714285,0.20443997892001115,1888,10.0,20.0
v11_new_vs_tgv,after,0.02466517857142857,40.542986425339365,0.9404759727152092,0.14285714285714285,0.20432083629059994,1902,10.0,20.0
v11_new_vs_tgv,after,0.024776785714285713,40.36036036036036,0.9612524790501933,0.14285714285714285,0.20478772961770136,1848,10.0,20.0
v11_new_vs_tgv,after,0.024888392857142855,40.17937219730942,0.967842333810769,0.14285714285714285,0.20406985646203774,1932,10.0,20.0
v11_new_vs_tgv,after,0.024999999999999998,40.0,0.941022292672846,0.14285714285714285,0.20405333008241125,1934,10.0,20.0
v11_new_vs_tgv,after,0.02511160714285714,39.82222222222222,0.922912797174352,0.14285714285714285,0.20443997892001115,1888,10.0,20.0
v11_new_vs_tgv,after,0.025223214285714286,39.64601769911504,0.900712831798459,0.14285714285714285,0.20395470143415717,1946,10.0,20.0
v11_new_vs_tgv,after,0.02533482142857143,39.47136563876652,0.8915826092355601,0.14285714285714285,0.20380843789404254,1964,10.0,20.0
v11_new_vs_tgv,after,0.02544642857142857,39.29824561403509,0.8994182864220991,0.14285714285714285,0.20397107681264137,1944,10.0,20.0
v11_new_vs_tgv,after,0.025558035714285714,39.12663755458515,0.9085864664550987,0.14285714285714285,0.2038245910506852,1962,10.0,20.0
v11_new_vs_tgv,after,0.025669642857142856,38.95652173913044,0.9191390648944714,0.14285714285714285,0.20368008519926165,1980,10.0,20.0
v11_new_vs_tgv,after,0.02578125,38.78787878787879,0.9236980581714336,0.14285714285714285,0.20406985646203774,1932,10.0,20.0
v11_new_vs_tgv,after,0.02589285714285714,38.62068965517242,0.9478419255371072,0.14285714285714285,0.20360064332422378,1990,10.0,20.0
v11_new_vs_tgv,after,0.026004464285714284,38.4549356223176,0.945807455218264,0.14285714285714285,0.20345912978831718,2008,10.0,20.0
v11_new_vs_tgv,after,0.02611607142857143,38.29059829059829,0.940437622053206,0.14285714285714285,0.20380843789404254,1964,10.0,20.0
v11_new_vs_tgv,after,0.026227678571428572,38.12765957446808,0.9228136827629128,0.14285714285714285,0.20335035825347117,2022,10.0,20.0
v11_new_vs_tgv,after,0.026339285714285714,37.96610169491525,0.9385513489111788,0.14285714285714285,0.20333491064606968,2024,10.0,20.0
v11_new_vs_tgv,after,0.026450892857142857,37.80590717299578,0.9542579840632656,0.14285714285714285,0.20333491064606968,2024,10.0,20.0
v11_new_vs_tgv,after,0.0265625,37.64705882352941,0.9549574165512005,0.14285714285714285,0.20338132157581876,2018,10.0,20.0
v11_new_vs_tgv,after,0.026674107142857142,37.48953974895397,0.9457634663949257,0.14285714285714285,0.2030306380195964,2064,10.0,20.0
v11_new_vs_tgv,after,0.026785714285714284,37.333333333333336,0.9563693784655083,0.14285714285714285,0.2030156542404139,2066,10.0,20.0
v11_new_vs_tgv,after,0.026897321428571427,37.178423236514526,0.9590851613844678,0.14285714285714285,0.20352179142430754,2000,10.0,20.0
v11_new_vs_tgv,after,0.02700892857142857,37.02479338842976,0.9624784148187807,0.14285714285714285,0.20276417883135758,2100,10.0,20.0
v11_new_vs_tgv,after,0.027120535714285715,36.87242798353909,0.9297634354804813,0.14285714285714285,0.20280811620931277,2094,10.0,20.0
v11_new_vs_tgv,after,0.027232142857142858,36.721311475409834,0.9113400158064442,0.14285714285714285,0.20294105689975392,2076,10.0,20.0
v11_new_vs_tgv,after,0.02734375,36.57142857142857,0.9364641629640238,0.14285714285714285,0.20285224078709876,2088,10.0,20.0
v11_new_vs_tgv,after,0.027455357142857142,36.422764227642276,0.9069759453873397,0.14285714285714285,0.20251867322781997,2134,10.0,20.0
v11_new_vs_tgv,after,0.027566964285714285,36.2753036437247,0.9422355232333195,0.14285714285714285,0.20276417883135758,2100,10.0,20.0
v11_new_vs_tgv,after,0.027678571428571427,36.12903225806452,0.944683757334283,0.14285714285714285,0.20282280353622323,2092,10.0,20.0
v11_new_vs_tgv,after,0.02779017857142857,35.98393574297189,0.9016583807548809,0.14285714285714285,0.2024051399747265,2150,10.0,20.0
v11_new_vs_tgv,after,0.027901785714285712,35.84,0.8934346849314602,0.14285714285714285,0.2023910364655755,2152,10.0,20.0
v11_new_vs_tgv,after,0.028013392857142855,35.69721115537849,0.9442254302245928,0.14285714285714285,0.20294105689975392,2076,10.0,20.0
v11_new_vs_tgv,after,0.028125,35.55555555555556,0.9592926728195138,0.14285714285714285,0.20199031257847036,2210,10.0,20.0
v11_new_vs_tgv,after,0.028236607142857143,35.41501976284585,0.9456311633178391,0.14285714285714285,0.20256157441371295,2128,10.0,20.0
v11_new_vs_tgv,after,0.028348214285714286,35.275590551181104,0.9348146399699981,0.14285714285714285,0.20220944357269727,2178,10.0,20.0
v11_new_vs_tgv,after,0.028459821428571428,35.13725490196079,0.9454659072035347,0.14285714285714285,0.2020038700244288,2208,10.0,20.0
v11_new_vs_tgv,after,0.02857142857142857,35.0,0.949751767203436,0.14285714285714285,0.20227890442236768,2168,10.0,20.0
v11_new_vs_tgv,after,0.028683035714285713,34.86381322957199,0.9417376815031149,0.14285714285714285,0.20209928513740544,2194,10.0,20.0
v11_new_vs_tgv,after,0.028794642857142855,34.72868217054264,0.9126815442301787,0.14285714285714285,0.20219560817884408,2180,10.0,20.0
v11_new_vs_tgv,after,0.028906249999999998,34.5945945945946,0.9010579966468366,0.14285714285714285,0.2018157070765534,2236,10.0,20.0
v11_new_vs_tgv,after,0.02901785714285714,34.46153846153847,0.9173599929910276,0.14285714285714285,0.20212671273157043,2190,10.0,20.0
v11_new_vs_tgv,after,0.029129464285714286,34.32950191570881,0.9110078787917502,0.14285714285714285,0.20165718663427828,2260,10.0,20.0
v11_new_vs_tgv,after,0.02924107142857143,34.19847328244275,0.8959112488224558,0.14285714285714285,0.20197677333037697,2212,10.0,20.0
v11_new_vs_tgv,after,0.02935267857142857,34.06844106463878,0.7883098747397039,0.14285714285714285,0.20148825195988218,2286,10.0,20.0
v11_new_vs_tgv,after,0.029464285714285714,33.93939393939394,0.822643295891698,0.14285714285714285,0.20176258739613345,2244,10.0,20.0
v11_new_vs_tgv,after,0.029575892857142856,33.81132075471698,0.9228695221795855,0.14285714285714285,0.20165718663427828,2260,10.0,20.0
v11_new_vs_tgv,after,0.0296875,33.68421052631579,0.9280864612457409,0.14285714285714285,0.20130948318858632,2314,10.0,20.0
v11_new_vs_tgv,after,0.02979910714285714,33.55805243445693,0.9036803843089107,0.14285714285714285,0.20178911203700534,2240,10.0,20.0
v11_new_vs_tgv,after,0.029910714285714284,33.43283582089553,0.8799496697893041,0.14285714285714285,0.20133482448864679,2310,10.0,20.0
v11_new_vs_tgv,after,0.030022321428571426,33.30855018587361,0.892537697605324,0.14285714285714285,0.20150114550038942,2284,10.0,20.0
v11_new_vs_tgv,after,0.030133928571428572,33.18518518518518,0.9220458427078392,0.14285714285714285,0.20163100936456846,2264,10.0,20.0
v11_new_vs_tgv,after,0.030245535714285714,33.06273062730627,0.9109986983970815,0.14285714285714285,0.20093700504233267,2374,10.0,20.0
v11_new_vs_tgv,after,0.030357142857142857,32.94117647058824,0.9090930091871614,0.14285714285714285,0.20127159292996374,2320,10.0,20.0
v11_new_vs_tgv,after,0.03046875,32.820512820512825,0.9006653477122983,0.14285714285714285,0.2014240345538633,2296,10.0,20.0
v11_new_vs_tgv,after,0.030580357142857142,32.7007299270073,0.9424981640095569,0.14285714285714285,0.20091267051918305,2378,10.0,20.0
v11_new_vs_tgv,after,0.030691964285714284,32.581818181818186,0.9411469129594721,0.14285714285714285,0.20117125958839946,2336,10.0,20.0
v11_new_vs_tgv,after,0.030803571428571427,32.46376811594203,0.9283425667114189,0.14285714285714285,0.20117125958839946,2336,10.0,20.0
v11_new_vs_tgv,after,0.03091517857142857,32.34657039711192,0.8652922792578458,0.14285714285714285,0.20079190337726316,2398,10.0,20.0
v11_new_vs_tgv,after,0.03102678571428571,32.230215827338135,0.8322072083004144,0.14285714285714285,0.2008520992222212,2388,10.0,20.0
v11_new_vs_tgv,after,0.031138392857142858,32.11469534050179,0.8608928721914099,0.14285714285714285,0.20129683691159364,2316,10.0,20.0
v11_new_vs_tgv,after,0.03125,32.0,0.8357090984107829,0.14285714285714285,0.20060175498092978,2430,10.0,20.0
v11_new_vs_tgv,after,0.03136160714285714,31.88612099644128,0.8477740426764312,0.14285714285714285,0.2005899942187709,2432,10.0,20.0
v11_new_vs_tgv,after,0.031473214285714285,31.77304964539007,0.8969770978046756,0.14285714285714285,0.20091267051918305,2378,10.0,20.0
v11_new_vs_tgv,after,0.03158482142857143,31.66077738515901,0.8606863201510286,0.14285714285714285,0.2005899942187709,2432,10.0,20.0
v11_new_vs_tgv,after,0.03169642857142857,31.549295774647888,0.9172485540545604,0.14285714285714285,0.20073207911367105,2408,10.0,20.0
v11_new_vs_tgv,after,0.03180803571428571,31.438596491228072,0.942143763165682,0.14285714285714285,0.20043839988598003,2458,10.0,20.0
v11_new_vs_tgv,after,0.031919642857142855,31.32867132867133,0.9348428586604742,0.14285714285714285,0.20063712367957884,2424,10.0,20.0
v11_new_vs_tgv,after,0.03203125,31.219512195121954,0.9379047260217076,0.14285714285714285,0.2004037543659979,2464,10.0,20.0
v11_new_vs_tgv,after,0.03214285714285714,31.111111111111114,0.9152627340005491,0.14285714285714285,0.2003233998560821,2478,10.0,20.0
v11_new_vs_tgv,after,0.03225446428571428,31.00346020761246,0.8695695014467628,0.14285714285714285,0.20075596447473562,2404,10.0,20.0
v11_new_vs_tgv,after,0.032366071428571425,30.896551724137936,0.867393749244323,0.14285714285714285,0.2001759442030165,2504,10.0,20.0
v11_new_vs_tgv,after,0.03247767857142857,30.790378006872857,0.8637347739890342,0.14285714285714285,0.20011983450492699,2514,10.0,20.0
v11_new_vs_tgv,after,0.032589285714285716,30.684931506849313,0.8348593766102319,0.14285714285714285,0.20038072687575237,2468,10.0,20.0
v11_new_vs_tgv,after,0.03270089285714286,30.580204778156993,0.8547484324414777,0.14285714285714285,0.20022107212707113,2496,10.0,20.0
v11_new_vs_tgv,after,0.0328125,30.476190476190474,0.8646883577915061,0.14285714285714285,0.1999424885446575,2546,10.0,20.0
v11_new_vs_tgv,after,0.032924107142857144,30.372881355932204,0.8882609768552776,0.14285714285714285,0.2003577547434476,2472,10.0,20.0
v11_new_vs_tgv,after,0.033035714285714286,30.27027027027027,0.7956559086402092,0.14285714285714285,0.19992055302869258,2550,10.0,20.0
v11_new_vs_tgv,after,0.03314732142857143,30.16835016835017,0.8369889321946873,0.14285714285714285,0.19982247206699402,2568,10.0,20.0
v11_new_vs_tgv,after,0.03325892857142857,30.06711409395973,0.9012951985038251,0.14285714285714285,0.20022107212707113,2496,10.0,20.0
v11_new_vs_tgv,after,0.033370535714285714,29.96655518394649,0.8390955398172086,0.14285714285714285,0.19981163721274517,2570,10.0,20.0
v11_new_vs_tgv,after,0.033482142857142856,29.866666666666667,0.8167160557354679,0.14285714285714285,0.19969327465375333,2592,10.0,20.0
v11_new_vs_tgv,after,0.03359375,29.767441860465116,0.7614023736813151,0.14285714285714285,0.19999755197612662,2536,10.0,20.0
v11_new_vs_tgv,after,0.03370535714285714,29.668874172185433,0.7240644230963524,0.14285714285714285,0.19968258842376282,2594,10.0,20.0
v11_new_vs_tgv,after,0.033816964285714284,29.570957095709574,0.8296220526257152,0.14285714285714285,0.1997576502130963,2580,10.0,20.0
v11_new_vs_tgv,after,0.033928571428571426,29.47368421052632,0.8872084791009105,0.14285714285714285,0.19962934028121115,2604,10.0,20.0
v11_new_vs_tgv,after,0.03404017857142857,29.377049180327873,0.871965191921537,0.14285714285714285,0.19970397313874927,2590,10.0,20.0
v11_new_vs_tgv,after,0.03415178571428571,29.28104575163399,0.7165150155296454,0.14285714285714285,0.1995447720660188,2620,10.0,20.0
v11_new_vs_tgv,after,0.03426339285714285,29.185667752443,0.8047673478483879,0.14285714285714285,0.1995869599845832,2612,10.0,20.0
v11_new_vs_tgv,after,0.034374999999999996,29.090909090909093,0.8565544116656445,0.14285714285714285,0.19953425497473404,2622,10.0,20.0
v11_new_vs_tgv,after,0.034486607142857145,28.996763754045304,0.8093199254823683,0.14285714285714285,0.19923435045727056,2680,10.0,20.0
v11_new_vs_tgv,after,0.03459821428571429,28.903225806451612,0.7742878283809996,0.14285714285714285,0.19940897247414457,2646,10.0,20.0
v11_new_vs_tgv,after,0.03470982142857143,28.810289389067524,0.8167336751034607,0.14285714285714285,0.19948184772087152,2632,10.0,20.0
v11_new_vs_tgv,after,0.03482142857142857,28.717948717948715,0.8216168326635557,0.14285714285714285,0.19925472300409489,2676,10.0,20.0
v11_new_vs_tgv,after,0.034933035714285715,28.62619808306709,0.7693145392182579,0.14285714285714285,0.199163400800433,2694,10.0,20.0
v11_new_vs_tgv,after,0.03504464285714286,28.53503184713376,0.7407595720059821,0.14285714285714285,0.19929560413957997,2668,10.0,20.0
v11_new_vs_tgv,after,0.03515625,28.444444444444443,0.7654320178746877,0.14285714285714285,0.19923435045727056,2680,10.0,20.0
v11_new_vs_tgv,after,0.03526785714285714,28.354430379746837,0.8363060052361014,0.14285714285714285,0.199163400800433,2694,10.0,20.0
v11_new_vs_tgv,after,0.035379464285714285,28.26498422712934,0.9010229831625991,0.14285714285714285,0.19903307957272984,2720,10.0,20.0
v11_new_vs_tgv,after,0.03549107142857143,28.17610062893082,0.9038513418135113,0.14285714285714285,0.19923435045727056,2680,10.0,20.0
v11_new_vs_tgv,after,0.03560267857142857,28.087774294670847,0.8832421776131003,0.14285714285714285,0.1987296503731864,2782,10.0,20.0
v11_new_vs_tgv,after,0.03571428571428571,28.0,0.834546703703391,0.14285714285714285,0.19919374056785832,2688,10.0,20.0
v11_new_vs_tgv,after,0.035825892857142855,27.912772585669785,0.7693813297787476,0.14285714285714285,0.19897355378849282,2732,10.0,20.0
v11_new_vs_tgv,after,0.0359375,27.826086956521742,0.835584326855383,0.14285714285714285,0.19863390479962775,2802,10.0,20.0
v11_new_vs_tgv,after,0.03604910714285714,27.73993808049536,0.766732869845364,0.14285714285714285,0.19893408530849774,2740,10.0,20.0
v11_new_vs_tgv,after,0.03616071428571428,27.654320987654323,0.7478868290731912,0.14285714285714285,0.1989636705837003,2734,10.0,20.0
v11_new_vs_tgv,after,0.036272321428571425,27.56923076923077,0.7483987926357049,0.14285714285714285,0.1987779076146052,2772,10.0,20.0
v11_new_vs_tgv,after,0.03638392857142857,27.48466257668712,0.633226031113217,0.14285714285714285,0.1985674850051077,2816,10.0,20.0
v11_new_vs_tgv,after,0.036495535714285716,27.400611620795104,0.7911381046831222,0.14285714285714285,0.19880698630805718,2766,10.0,20.0
v11_new_vs_tgv,after,0.03660714285714286,27.317073170731707,0.7994769477917785,0.14285714285714285,0.19847344616835114,2836,10.0,20.0
v11_new_vs_tgv,after,0.03671875,27.23404255319149,0.847345093229558,0.14285714285714285,0.1985674850051077,2816,10.0,20.0
v11_new_vs_tgv,after,0.036830357142857144,27.151515151515152,0.8251642454752336,0.14285714285714285,0.1987296503731864,2782,10.0,20.0
v11_new_vs_tgv,after,0.036941964285714286,27.069486404833835,0.7456612323128474,0.14285714285714285,0.1983434350217766,2864,10.0,20.0
v11_new_vs_tgv,after,0.03705357142857143,26.987951807228917,0.7939970261664495,0.14285714285714285,0.19852975072299847,2824,10.0,20.0
v11_new_vs_tgv,after,0.03716517857142857,26.906906906906908,0.835552630341072,0.14285714285714285,0.19837113512849097,2858,10.0,20.0
v11_new_vs_tgv,after,0.037276785714285714,26.826347305389223,0.6582795530714094,0.14285714285714285,0.19847344616835114,2836,10.0,20.0
v11_new_vs_tgv,after,0.037388392857142856,26.746268656716417,0.728795394158854,0.14285714285714285,0.1984547565946868,2840,10.0,20.0
v11_new_vs_tgv,after,0.0375,26.666666666666668,0.6986147816728443,0.14285714285714285,0.19818808118118406,2898,10.0,20.0
v11_new_vs_tgv,after,0.03761160714285714,26.587537091988132,0.7935851528631317,0.14285714285714285,0.19843610609789097,2844,10.0,20.0
v11_new_vs_tgv,after,0.037723214285714284,26.50887573964497,0.7930717342915945,0.14285714285714285,0.19795564920134207,2950,10.0,20.0
v11_new_vs_tgv,after,0.037834821428571426,26.4306784660767,0.6959313440706102,0.14285714285714285,0.19830663541185475,2872,10.0,20.0
v11_new_vs_tgv,after,0.03794642857142857,26.35294117647059,0.6949634675903914,0.14285714285714285,0.1982882926807455,2876,10.0,20.0
v11_new_vs_tgv,after,0.03805803571428571,26.275659824046922,0.622509264475691,0.14285714285714285,0.19802651424106882,2934,10.0,20.0
v11_new_vs_tgv,after,0.03816964285714285,26.198830409356727,0.6566321746365027,0.14285714285714285,0.1981069271457448,2916,10.0,20.0
v11_new_vs_tgv,after,0.038281249999999996,26.12244897959184,0.6175265750605933,0.14285714285714285,0.1982152991985056,2892,10.0,20.0
v11_new_vs_tgv,after,0.03839285714285714,26.04651162790698,0.6427509036785896,0.14285714285714285,0.19793802214251247,2954,10.0,20.0
v11_new_vs_tgv,after,0.03850446428571429,25.97101449275362,0.7584436937697381,0.14285714285714285,0.19782430484837527,2980,10.0,20.0
v11_new_vs_tgv,after,0.03861607142857143,25.89595375722543,0.7440357011483173,0.14285714285714285,0.19825172071105046,2884,10.0,20.0
v11_new_vs_tgv,after,0.03872767857142857,25.821325648414984,0.6474791167906506,0.14285714285714285,0.1978156184587228,2982,10.0,20.0
v11_new_vs_tgv,after,0.038839285714285715,25.74712643678161,0.5869459949918824,0.14285714285714285,0.19760123472388125,3032,10.0,20.0
v11_new_vs_tgv,after,0.03895089285714286,25.673352435530084,0.5916604822215129,0.14285714285714285,0.1981609467848357,2904,10.0,20.0
v11_new_vs_tgv,after,0.0390625,25.6,0.7280236294119462,0.14285714285714285,0.1975253385684874,3050,10.0,20.0
v11_new_vs_tgv,after,0.03917410714285714,25.527065527065528,0.7208249956366377,0.14285714285714285,0.19784170365088652,2976,10.0,20.0
v11_new_vs_tgv,after,0.039285714285714285,25.454545454545457,0.43622740099863216,0.14285714285714285,0.1976097089758139,3030,10.0,20.0
v11_new_vs_tgv,after,0.03939732142857143,25.38243626062323,0.4536196162385207,0.14285714285714285,0.1977550552720954,2996,10.0,20.0
v11_new_vs_tgv,after,0.03950892857142857,25.310734463276837,0.4149892201276047,0.14285714285714285,0.19765220529146557,3020,10.0,20.0
v11_new_vs_tgv,after,0.03962053571428571,25.23943661971831,0.5843128190778589,0.14285714285714285,0.1975085631250675,3054,10.0,20.0
v11_new_vs_tgv,after,0.039732142857142855,25.168539325842698,0.5966967714635503,0.14285714285714285,0.19770347780800562,3008,10.0,20.0
v11_new_vs_tgv,after,0.03984375,25.098039215686278,0.7787010063081379,0.14285714285714285,0.19743347590385044,3072,10.0,20.0
v11_new_vs_tgv,after,0.03995535714285714,25.027932960893857,0.7248035811417549,0.14285714285714285,0.19739204277139769,3082,10.0,20.0
v11_new_vs_tgv,after,0.04006696428571428,24.95821727019499,0.6531236315978369,0.14285714285714285,0.1976692624332035,3016,10.0,20.0
v11_new_vs_tgv,after,0.040178571428571425,24.888888888888893,0.7544975599623068,0.14285714285714285,0.19731796447605393,3100,10.0,20.0
v11_new_vs_tgv,after,0.04029017857142857,24.81994459833795,0.7909779785928337,0.14285714285714285,0.1974251732503782,3074,10.0,20.0
v11_new_vs_tgv,after,0.040401785714285716,24.75138121546961,0.7911765793030399,0.14285714285714285,0.19745010534200189,3068,10.0,20.0
v11_new_vs_tgv,after,0.04051339285714286,24.683195592286502,0.6666176336674074,0.14285714285714285,0.19736727869292328,3088,10.0,20.0
v11_new_vs_tgv,after,0.040625,24.615384615384613,0.6794446642451385,0.14285714285714285,0.1970358524551192,3170,10.0,20.0
v11_new_vs_tgv,after,0.040736607142857144,24.54794520547945,0.693948889597647,0.14285714285714285,0.197483461108339,3060,10.0,20.0
v11_new_vs_tgv,after,0.040848214285714286,24.48087431693989,0.5720304924905437,0.14285714285714285,0.19717976864090656,3134,10.0,20.0
v11_new_vs_tgv,after,0.04095982142857143,24.4141689373297,0.5371809721213384,0.14285714285714285,0.19701210252814472,3176,10.0,20.0
v11_new_vs_tgv,after,0.04107142857142857,24.347826086956523,0.652481970021721,0.14285714285714285,0.19738378012086183,3084,10.0,20.0
v11_new_vs_tgv,after,0.041183035714285714,24.281842818428185,0.7599260720801794,0.14285714285714285,0.19695694455425367,3190,10.0,20.0
v11_new_vs_tgv,after,0.041294642857142856,24.216216216216218,0.8428783972647587,0.14285714285714285,0.1970755845534379,3160,10.0,20.0
v11_new_vs_tgv,after,0.04140625,24.150943396226417,0.7683700504947892,0.14285714285714285,0.1970755845534379,3160,10.0,20.0
v11_new_vs_tgv,after,0.04151785714285714,24.086021505376344,0.8135916441921074,0.14285714285714285,0.19706762319057258,3162,10.0,20.0
v11_new_vs_tgv,after,0.041629464285714284,24.021447721179626,0.8241765656080235,0.14285714285714285,0.19698053952908048,3184,10.0,20.0
v11_new_vs_tgv,after,0.041741071428571426,23.9572192513369,0.774324426015195,0.14285714285714285,0.19696480220931625,3188,10.0,20.0
v11_new_vs_tgv,after,0.04185267857142857,23.893333333333334,0.7221525523820223,0.14285714285714285,0.19690995197425074,3202,10.0,20.0
v11_new_vs_tgv,after,0.04196428571428571,23.829787234042556,0.5340008339554388,0.14285714285714285,0.1966864592271897,3260,10.0,20.0
v11_new_vs_tgv,after,0.04207589285714285,23.766578249336874,0.5498308051973124,0.14285714285714285,0.19691776587158633,3200,10.0,20.0
v11_new_vs_tgv,after,0.042187499999999996,23.703703703703706,0.5931442693950062,0.14285714285714285,0.19692558703358493,3198,10.0,20.0
v11_new_vs_tgv,after,0.04229910714285714,23.641160949868077,0.5457145124567535,0.14285714285714285,0.19662584390434415,3276,10.0,20.0
v11_new_vs_tgv,after,0.04241071428571429,23.57894736842105,0.6202654417007325,0.14285714285714285,0.1967398616607217,3246,10.0,20.0
v11_new_vs_tgv,after,0.04252232142857143,23.517060367454068,0.6479029230901167,0.14285714285714285,0.1969334154715303,3196,10.0,20.0
v11_new_vs_tgv,after,0.04263392857142857,23.455497382198953,0.6409741086947283,0.14285714285714285,0.19662584390434415,3276,10.0,20.0
v11_new_vs_tgv,after,0.042745535714285715,23.39425587467363,0.7752541484474798,0.14285714285714285,0.19658818240465054,3286,10.0,20.0
v11_new_vs_tgv,after,0.04285714285714286,23.333333333333332,0.8244427012344185,0.14285714285714285,0.19656566720869945,3292,10.0,20.0
v11_new_vs_tgv,after,0.04296875,23.272727272727273,0.7823218538064157,0.14285714285714285,0.19674751854137398,3244,10.0,20.0
v11_new_vs_tgv,after,0.04308035714285714,23.212435233160623,0.746521387736325,0.14285714285714285,0.19627841680223054,3370,10.0,20.0
v11_new_vs_tgv,after,0.043191964285714285,23.152454780361758,0.6283611931399445,0.14285714285714285,0.19665609640424975,3268,10.0,20.0
v11_new_vs_tgv,after,0.04330357142857143,23.09278350515464,0.6895095283396929,0.14285714285714285,0.1965506909503124,3296,10.0,20.0
v11_new_vs_tgv,after,0.04341517857142857,23.033419023136247,0.5494119559275096,0.14285714285714285,0.19635112163071453,3350,10.0,20.0
v11_new_vs_tgv,after,0.04352678571428571,22.974358974358974,0.5790693285480133,0.14285714285714285,0.19649105513285683,3312,10.0,20.0
v11_new_vs_tgv,after,0.043638392857142855,22.915601023017903,0.589000242100085,0.14285714285714285,0.1965506909503124,3296,10.0,20.0
v11_new_vs_tgv,after,0.04375,22.857142857142858,0.6092610854121409,0.14285714285714285,0.19620635084804425,3390,10.0,20.0
v11_new_vs_tgv,after,0.04386160714285714,22.798982188295167,0.542388809309915,0.14285714285714285,0.19627118161272125,3372,10.0,20.0
v11_new_vs_tgv,after,0.04397321428571428,22.741116751269036,0.5515338819200494,0.14285714285714285,0.19639505513636507,3338,10.0,20.0
v11_new_vs_tgv,after,0.044084821428571425,22.683544303797472,0.5892104340387135,0.14285714285714285,0.19614203002159336,3408,10.0,20.0
v11_new_vs_tgv,after,0.04419642857142857,22.62626262626263,0.5426700257652529,0.14285714285714285,0.19628565838032241,3368,10.0,20.0
v11_new_vs_tgv,after,0.04430803571428571,22.569269521410583,0.7494926514499965,0.14285714285714285,0.19630742154042707,3362,10.0,20.0
v11_new_vs_tgv,after,0.04441964285714286,22.51256281407035,0.8225023124069002,0.14285714285714285,0.19604297333067175,3436,10.0,20.0
v11_new_vs_tgv,after,0.04453125,22.45614035087719,0.7912037385207112,0.14285714285714285,0.19624230455271754,3380,10.0,20.0
v11_new_vs_tgv,after,0.044642857142857144,22.4,0.6294083680021566,0.14285714285714285,0.19616341405099993,3402,10.0,20.0
v11_new_vs_tgv,after,0.044754464285714286,22.34413965087282,0.4484194142296327,0.14285714285714285,0.19608527866196232,3424,10.0,20.0
v11_new_vs_tgv,after,0.04486607142857143,22.28855721393035,0.409201582159366,0.14285714285714285,0.19608527866196232,3424,10.0,20.0
v11_new_vs_tgv,after,0.04497767857142857,22.233250620347395,0.5770369000118346,0.14285714285714285,0.19586903899227384,3486,10.0,20.0
v11_new_vs_tgv,after,0.045089285714285714,22.17821782178218,0.5635025663295599,0.14285714285714285,0.19609942947499998,3420,10.0,20.0
v11_new_vs_tgv,after,0.045200892857142856,22.123456790123456,0.6101597263822314,0.14285714285714285,0.19598690683769954,3452,10.0,20.0
v11_new_vs_tgv,after,0.0453125,22.06896551724138,0.6088082611782908,0.14285714285714285,0.19578686266146458,3510,10.0,20.0
v11_new_vs_tgv,after,0.04542410714285714,22.014742014742016,0.7198997879353786,0.14285714285714285,0.195959018311031,3460,10.0,20.0
v11_new_vs_tgv,after,0.045535714285714284,21.96078431372549,0.7610500680938106,0.14285714285714285,0.1959242922263356,3470,10.0,20.0
v11_new_vs_tgv,after,0.045647321428571426,21.90709046454768,0.666207152645315,0.14285714285714285,0.1959312255268662,3468,10.0,20.0
v11_new_vs_tgv,after,0.04575892857142857,21.853658536585368,0.6360936298578115,0.14285714285714285,0.19578005236369755,3512,10.0,20.0
v11_new_vs_tgv,after,0.04587053571428571,21.800486618004868,0.5460827749460034,0.14285714285714285,0.1957460872064342,3522,10.0,20.0
v11_new_vs_tgv,after,0.04598214285714285,21.74757281553398,0.7262572827136246,0.14285714285714285,0.19567186631260183,3544,10.0,20.0
v11_new_vs_tgv,after,0.046093749999999996,21.69491525423729,0.7639964123302316,0.14285714285714285,0.19601489165878555,3444,10.0,20.0
v11_new_vs_tgv,after,0.04620535714285714,21.64251207729469,0.7308449652399023,0.14285714285714285,0.19554526746979894,3582,10.0,20.0
v11_new_vs_tgv,after,0.04631696428571429,21.59036144578313,0.7362145243320893,0.14285714285714285,0.19557838863500912,3572,10.0,20.0
v11_new_vs_tgv,after,0.04642857142857143,21.538461538461537,0.7931299642682249,0.14285714285714285,0.19587592500046092,3484,10.0,20.0
v11_new_vs_tgv,after,0.04654017857142857,21.48681055155875,0.816926026061845,0.14285714285714285,0.19536229896004664,3638,10.0,20.0
v11_new_vs_tgv,after,0.046651785714285715,21.43540669856459,0.7695563762009826,0.14285714285714285,0.19572577688551,3528,10.0,20.0
v11_new_vs_tgv,after,0.04676339285714286,21.384248210023866,0.6668301457574449,0.14285714285714285,0.19565844520659162,3548,10.0,20.0
v11_new_vs_tgv,after,0.046875,21.333333333333332,0.6732045776354758,0.14285714285714285,0.19540115234939126,3626,10.0,20.0
v11_new_vs_tgv,after,0.04698660714285714,21.282660332541568,0.6320114921425489,0.14285714285714285,0.19544672377293545,3612,10.0,20.0
v11_new_vs_tgv,after,0.047098214285714285,21.232227488151658,0.581674491051238,0.14285714285714285,0.1954663349047849,3606,10.0,20.0
v11_new_vs_tgv,after,0.04720982142857143,21.182033096926716,0.7419781498641385,0.14285714285714285,0.1955651236363731,3576,10.0,20.0
v11_new_vs_tgv,after,0.04732142857142857,21.132075471698116,0.6755147976316439,0.14285714285714285,0.19534294368347277,3644,10.0,20.0
v11_new_vs_tgv,after,0.04743303571428571,21.08235294117647,0.5955644721626571,0.14285714285714285,0.19537522888070752,3634,10.0,20.0
v11_new_vs_tgv,after,0.047544642857142855,21.03286384976526,0.6462560908088173,0.14285714285714285,0.19549912822785603,3596,10.0,20.0
v11_new_vs_tgv,after,0.04765625,20.98360655737705,0.7621702607460685,0.14285714285714285,0.19527876700452393,3664,10.0,20.0
v11_new_vs_tgv,after,0.04776785714285714,20.93457943925234,0.7538361185502298,0.14285714285714285,0.19536229896004664,3638,10.0,20.0
v11_new_vs_tgv,after,0.04787946428571428,20.88578088578089,0.7254787165098846,0.14285714285714285,0.1952532420597071,3672,10.0,20.0
v11_new_vs_tgv,after,0.047991071428571425,20.837209302325583,0.738112558922434,0.14285714285714285,0.19534294368347277,3644,10.0,20.0
v11_new_vs_tgv,after,0.04810267857142857,20.788863109048727,0.7525216786117253,0.14285714285714285,0.1950209946989822,3746,10.0,20.0
v11_new_vs_tgv,after,0.04821428571428571,20.740740740740744,0.7088594722738638,0.14285714285714285,0.19530437499553316,3656,10.0,20.0
v11_new_vs_tgv,after,0.04832589285714286,20.69284064665127,0.6387850686278046,0.14285714285714285,0.19526599417946083,3668,10.0,20.0
v11_new_vs_tgv,after,0.0484375,20.64516129032258,0.6417779518877559,0.14285714285714285,0.19493488938335007,3774,10.0,20.0
v11_new_vs_tgv,after,0.048549107142857144,20.597701149425287,0.6183525004429861,0.14285714285714285,0.19539466351065476,3628,10.0,20.0
v11_new_vs_tgv,after,0.048660714285714286,20.55045871559633,0.6589874591351088,0.14285714285714285,0.19489827749225433,3786,10.0,20.0
v11_new_vs_tgv,after,0.04877232142857143,20.503432494279178,0.6170692762137271,0.14285714285714285,0.19506440733704855,3732,10.0,20.0
v11_new_vs_tgv,after,0.04888392857142857,20.45662100456621,0.49400502021292875,0.14285714285714285,0.19518979008893414,3692,10.0,20.0
v11_new_vs_tgv,after,0.048995535714285714,20.41002277904328,0.24552055948106452,0.14285714285714285,0.19491046224945754,3782,10.0,20.0
v11_new_vs_tgv,after,0.049107142857142856,20.363636363636363,0.5142928131306841,0.14285714285714285,0.19500246310468877,3752,10.0,20.0
v11_new_vs_tgv,after,0.04921875,20.317460317460316,0.6356442889092186,0.14285714285714285,0.19499013318559666,3756,10.0,20.0
v11_new_vs_tgv,after,0.04933035714285714,20.271493212669682,0.6317518351268079,0.14285714285714285,0.1948739653457362,3794,10.0,20.0
v11_new_vs_tgv,after,0.049441964285714284,20.225733634311513,0.6689825312114783,0.14285714285714285,0.19488003622703962,3792,10.0,20.0
v11_new_vs_tgv,after,0.049553571428571426,20.18018018018018,0.5998998003177753,0.14285714285714285,0.19489219229404334,3788,10.0,20.0
v11_new_vs_tgv,after,0.04966517857142857,20.134831460674157,0.65838589929624,0.14285714285714285,0.1950209946989822,3746,10.0,20.0
v11_new_vs_tgv,after,0.04977678571428571,20.08968609865471,0.6190676748382525,0.14285714285714285,0.19475951592150462,3832,10.0,20.0
v11_new_vs_tgv,after,0.04988839285714285,20.04474272930649,0.6724655222833388,0.14285714285714285,0.19485578123579675,3800,10.0,20.0
v11_new_vs_tgv,after,0.049999999999999996,20.0,-0.5819588599031681,0.14285714285714285,0.8417399583909729,2,10.0,20.0
